{"request_id":"rcc-65202296855397cf220f685839687642","method":"GET","path":"/api/v1/query-policies","status":401,"duration_ms":0}
{"request_id":"rcc-d0fc2615128b1497a908dc94bff85dc8","method":"GET","path":"/api/v1/query-policies","status":401,"duration_ms":0}
{"request_id":"rcc-9de72744ac4f6a19252a959ebce4dd0a","method":"GET","path":"/api/v1/query-policies","status":401,"duration_ms":0}
{"request_id":"rcc-ad4092e7b2449d17c65c019311662e11","method":"GET","path":"/api/v1/auth/csrf","status":200,"duration_ms":8}
{"request_id":"rcc-40e627c2c8d258a3902b7df8e34fb243","method":"POST","path":"/api/v1/auth/register","status":201,"duration_ms":42}
{"request_id":"rcc-f70345560f84319ae7e0ca131075e6af","method":"GET","path":"/api/v1/auth/session","status":200,"duration_ms":1}
{"request_id":"rcc-812d54ec613e84b18030e9cbe4a97db4","method":"GET","path":"/api/v1/account-roles","status":200,"duration_ms":1}
{"request_id":"rcc-eb79b26bc37b07c43402bfc4e44f7ac7","method":"GET","path":"/api/v1/query-policies","status":200,"duration_ms":1}
{"request_id":"rcc-02dd644a270193480447e6dd0fdffbd1","method":"POST","path":"/api/v1/tables/:table_name/query","status":403,"duration_ms":1}
{"request_id":"rcc-ad4a333ecb3ee7c1949934b42e0acb5a","method":"GET","path":"/api/v1/auth/session","status":200,"duration_ms":1}
{"request_id":"rcc-86f1dc87c1f929530a84def89162515e","method":"POST","path":"/api/v1/tables/:table_name/query","status":200,"duration_ms":30}
{"request_id":"rcc-27dab7655eed750b34193b3404fbc103","method":"GET","path":"/api/v1/auth/session","status":200,"duration_ms":1}
{"request_id":"rcc-9a3a7406d7fe6f6b6a4b13217405da86","method":"POST","path":"/api/v1/auth/logout","status":204,"duration_ms":3}
{"request_id":"rcc-a139f753c012d0b6b7804d8b7d33b97e","method":"GET","path":"/api/v1/query-policies","status":401,"duration_ms":0}
{"request_id":"rcc-e67ddc007358cee19c83088051faf232","method":"GET","path":"/api/v1/auth/csrf","status":200,"duration_ms":7}
{"request_id":"rcc-1f3ac8c6c50aa9ff45bef5b761734dfc","method":"POST","path":"/api/v1/auth/register","status":201,"duration_ms":46}
{"request_id":"rcc-c82e2cab7a206e9169780cf5408aae5f","method":"GET","path":"/api/v1/auth/session","status":200,"duration_ms":0}
{"request_id":"rcc-81e5161160dfbabeedb3dfa3d911631b","method":"GET","path":"/api/v1/account-roles","status":200,"duration_ms":2}
{"request_id":"rcc-dd5e522df27441822944fdad299606e4","method":"GET","path":"/api/v1/auth/session","status":200,"duration_ms":1}
{"request_id":"rcc-067feb610b9efed3e2ab6a5a9e5b83ff","method":"PUT","path":"/api/v1/account-roles/:id","status":200,"duration_ms":11}
{"request_id":"rcc-adf73456b81715dcab68f01fbb50dba9","method":"GET","path":"/api/v1/auth/csrf","status":200,"duration_ms":5}
{"request_id":"rcc-f0670521413b37375f3ffd8405e1e4f8","method":"POST","path":"/api/v1/auth/register","status":201,"duration_ms":40}
{"request_id":"rcc-70c14b50b832e775c599f030b83cc9f1","method":"GET","path":"/api/v1/auth/session","status":200,"duration_ms":1}
{"request_id":"rcc-52a46108917965f1974d68b438ccd077","method":"GET","path":"/api/v1/account-roles","status":200,"duration_ms":1}
{"request_id":"rcc-1bb134dd5ad263c158d35d15ec94c3fa","method":"GET","path":"/api/v1/auth/session","status":200,"duration_ms":1}
{"request_id":"rcc-49f2e5eea9749b2684b33477a1451913","method":"PUT","path":"/api/v1/account-roles/:id","status":200,"duration_ms":11}
{"request_id":"rcc-3075b3b7c670dd731c9550bf993c7e5a","method":"GET","path":"/api/v1/auth/csrf","status":200,"duration_ms":5}
{"request_id":"rcc-310d2b6e6fc368f11f44e531fdc80cd9","method":"POST","path":"/api/v1/auth/register","status":201,"duration_ms":39}
{"request_id":"rcc-988c4eefe755585cb47bacfa28612271","method":"GET","path":"/api/v1/auth/session","status":200,"duration_ms":1}
{"request_id":"rcc-4a604fa9ae4f2fd6b0f98bc8d2c36b88","method":"GET","path":"/api/v1/account-roles","status":200,"duration_ms":1}
{"request_id":"rcc-e64b89ff64fcfbe4c29cdc88094ffafb","method":"GET","path":"/api/v1/auth/session","status":200,"duration_ms":1}
{"request_id":"rcc-890580a6c8b06123fa977a2b8c6ab39c","method":"GET","path":"/api/v1/table-policies/:table_name/release-templates","status":200,"duration_ms":2}
{"request_id":"rcc-d033f812bddc6494d954d0062ce910ed","method":"GET","path":"/api/v1/auth/session","status":200,"duration_ms":1}
{"request_id":"rcc-a4c21be8426e91f4bbf1266d2206eb7d","method":"PUT","path":"/api/v1/table-policies/:table_name/release-templates/:release_type","status":200,"duration_ms":10}
{"request_id":"rcc-51720b3feeee25e44853b95e57da6eb1","method":"GET","path":"/api/v1/auth/session","status":200,"duration_ms":1}
{"request_id":"rcc-059027d27319e57a0b546fbf5d6f9c3a","method":"GET","path":"/api/v1/auth/session","status":200,"duration_ms":1}
{"request_id":"rcc-3625fdef0e8dd56daa2ee08d8e763895","method":"POST","path":"/api/v1/approval-roles","status":201,"duration_ms":14}
{"request_id":"rcc-0c01ce826649da18b0cc0597f7c1bed6","method":"GET","path":"/api/v1/auth/session","status":200,"duration_ms":1}
{"request_id":"rcc-b04099cb8e3708bb2ba5e5b66f6eed75","method":"GET","path":"/api/v1/table-policies/:table_name/approval-roles","status":200,"duration_ms":4}
{"request_id":"rcc-4736f9c08fad10fe524e33c87613297c","method":"GET","path":"/api/v1/auth/session","status":200,"duration_ms":1}
{"request_id":"rcc-1f77de9e629dbf825c798ba3f577b08a","method":"PUT","path":"/api/v1/table-policies/:table_name/approval-roles","status":200,"duration_ms":16}
{"request_id":"rcc-415a258fff2b070ec8d1ac0212fe41b9","method":"GET","path":"/api/v1/auth/csrf","status":200,"duration_ms":5}
{"request_id":"rcc-a9c4ae3630798ebcaf9cea3f4f3a9ca3","method":"POST","path":"/api/v1/auth/register","status":201,"duration_ms":40}
{"request_id":"rcc-e8bfc9147e61ab6c655e15cb1f3628c6","method":"GET","path":"/api/v1/auth/session","status":200,"duration_ms":1}
{"request_id":"rcc-a93d2dc306f339a69713500bca96e08d","method":"GET","path":"/api/v1/account-roles","status":200,"duration_ms":1}
{"request_id":"rcc-172f0bb03cf28762773e3f5bf5d45333","method":"GET","path":"/api/v1/auth/session","status":200,"duration_ms":1}
{"request_id":"rcc-a8c51395cfff909a032a114211830452","method":"PUT","path":"/api/v1/account-roles/:id","status":200,"duration_ms":13}
{"request_id":"rcc-012d7a2ab7f1858d3b2432d2ac4c6c31","method":"GET","path":"/api/v1/auth/session","status":200,"duration_ms":2}
{"request_id":"rcc-21f0f0b428c9f14f1cfca0df04f56003","method":"POST","path":"/api/v1/tables/:table_name/query","status":200,"duration_ms":14}
{"request_id":"rcc-c51bacba2604e7f236adf8b37f7ec523","method":"GET","path":"/api/v1/auth/session","status":200,"duration_ms":1}
{"request_id":"rcc-14e27b04df5c26678f76b506ea9df820","method":"POST","path":"/api/v1/release-orders","status":201,"duration_ms":36}
{"request_id":"rcc-4eec73783881c66555c5a1e37f755c38","method":"GET","path":"/api/v1/auth/session","status":200,"duration_ms":1}
{"request_id":"rcc-ce73f2d747109c018c2096f2c325f719","method":"GET","path":"/api/v1/approval-notifications","status":200,"duration_ms":4}
{"request_id":"rcc-fb3e9c4eae1f38ac66a3fa1ae13e3f6f","method":"GET","path":"/api/v1/release-orders/:id","status":200,"duration_ms":14}
{"request_id":"rcc-ba85a179800ce90a4a9b9089dff4ca20","method":"GET","path":"/api/v1/table-field-policies/:table_name","status":200,"duration_ms":6}
{"request_id":"rcc-6d667324be72e5649395e841c7db2d3c","method":"GET","path":"/api/v1/release-orders/:id/details","status":200,"duration_ms":8}
{"request_id":"rcc-9fae1849c498e04a361707565257c456","method":"GET","path":"/api/v1/release-orders/:id/people","status":200,"duration_ms":19}
{"request_id":"rcc-7bd6b70d56a5cd408bb99afdae8fc6ae","method":"GET","path":"/api/v1/release-orders/:id/details","status":200,"duration_ms":5}
{"request_id":"rcc-56eab3ac6bfa1cf2122b4a16deae5421","method":"POST","path":"/api/v1/auth/activity","status":200,"duration_ms":8}
{"request_id":"rcc-b80e062c45ba330b419218024056f77f","method":"POST","path":"/api/v1/release-orders/:id/submit","status":200,"duration_ms":86}
{"request_id":"rcc-db617357b90988280394ee35c7d6bd21","method":"GET","path":"/api/v1/approval-notifications","status":200,"duration_ms":3}
{"request_id":"rcc-a653a6bf39b74c253ddff523e1f8d48b","method":"GET","path":"/api/v1/release-orders/:id","status":200,"duration_ms":11}
{"request_id":"rcc-b4b02b4fadb33e0c8b0188d4f9efec68","method":"GET","path":"/api/v1/release-orders/:id/people","status":200,"duration_ms":13}
{"request_id":"rcc-01d60e636d25af7e987310860206bdc7","method":"GET","path":"/api/v1/release-orders/:id/details","status":200,"duration_ms":6}
{"request_id":"rcc-afdda2259d17c6843a4a7f0b1502d671","method":"GET","path":"/api/v1/auth/session","status":200,"duration_ms":1}
{"request_id":"rcc-81a164c6f5d4d6113de82ef328307d3f","method":"GET","path":"/api/v1/approval-notifications","status":200,"duration_ms":3}
{"request_id":"rcc-e066387951c40d0219dd614b458657fb","method":"GET","path":"/api/v1/release-orders/:id","status":200,"duration_ms":12}
{"request_id":"rcc-afbc08e738ffbaba80f62332770cb804","method":"GET","path":"/api/v1/table-field-policies/:table_name","status":200,"duration_ms":6}
{"request_id":"rcc-6ead92b3ebd0bfed9397e85dc17e5bcd","method":"GET","path":"/api/v1/release-orders/:id/details","status":200,"duration_ms":8}
{"request_id":"rcc-ef7ea77d0919f816f44eda50f9ed96a2","method":"POST","path":"/api/v1/release-orders/:id/notification-read","status":200,"duration_ms":16}
{"request_id":"rcc-013bd090ff7333ac008b7d0747fa6ed1","method":"GET","path":"/api/v1/release-orders/:id/people","status":200,"duration_ms":19}
{"request_id":"rcc-f31d4e19cd3537a4139fbf7fc815d05a","method":"GET","path":"/api/v1/approval-notifications","status":200,"duration_ms":3}
{"request_id":"rcc-3a402c63fa3f5d1ba80a9b9f3623bbbc","method":"GET","path":"/api/v1/release-orders/:id/details","status":200,"duration_ms":6}
{"request_id":"rcc-c8256a627a9de8403075049203d068ab","method":"POST","path":"/api/v1/auth/activity","status":200,"duration_ms":9}
{"request_id":"rcc-bf987f45c99262a4b793a89b1052b889","method":"POST","path":"/api/v1/release-orders/:id/approve","status":200,"duration_ms":46}
{"request_id":"rcc-11214f10db6460f3ee38b42e1a3b4659","method":"GET","path":"/api/v1/approval-notifications","status":200,"duration_ms":4}
{"request_id":"rcc-7991b5cf3fa735d7c1f3858850c6ff69","method":"GET","path":"/api/v1/release-orders/:id","status":200,"duration_ms":13}
{"request_id":"rcc-34cf7b957b66ca2e0b0dfb3491fbad49","method":"GET","path":"/api/v1/release-orders/:id/people","status":200,"duration_ms":14}
{"request_id":"rcc-f03d58db565877f712e8922f1da10755","method":"GET","path":"/api/v1/release-orders/:id/details","status":200,"duration_ms":7}
{"request_id":"rcc-0b0fe7252e49ea81f72ed63ea8e72132","method":"GET","path":"/api/v1/auth/session","status":200,"duration_ms":2}
{"request_id":"rcc-c69a333681633541da2053631a7d334c","method":"GET","path":"/api/v1/approval-notifications","status":200,"duration_ms":3}
{"request_id":"rcc-f19e4cabc3120a86d5e5a09b0f090f35","method":"GET","path":"/api/v1/release-orders/:id","status":200,"duration_ms":12}
{"request_id":"rcc-79651a3800fc66bda405b5c0ba188cbb","method":"GET","path":"/api/v1/table-field-policies/:table_name","status":200,"duration_ms":6}
{"request_id":"rcc-444be4bbf0c605c4ac8f25d370edea92","method":"GET","path":"/api/v1/release-orders/:id/details","status":200,"duration_ms":8}
{"request_id":"rcc-0db6d97169bc50ec3c1707fd5787ca89","method":"GET","path":"/api/v1/release-orders/:id/people","status":200,"duration_ms":17}
{"request_id":"rcc-91523aacc97471030151d90e13c7f388","method":"GET","path":"/api/v1/release-orders/:id/details","status":200,"duration_ms":7}
{"request_id":"rcc-1d0ccf416939821c254350c2fee8a537","method":"POST","path":"/api/v1/auth/activity","status":200,"duration_ms":10}
{"request_id":"rcc-ab6984b6abedd892584ec3d0147cc67f","method":"POST","path":"/api/v1/release-orders/:id/execute","status":200,"duration_ms":105}
{"request_id":"rcc-a35b13877ba535dab7426883b3417f09","method":"GET","path":"/api/v1/approval-notifications","status":200,"duration_ms":3}
{"request_id":"rcc-c35a2afd86fe135f011e3b5591ad4348","method":"GET","path":"/api/v1/release-orders/:id","status":200,"duration_ms":11}
{"request_id":"rcc-c605953f9fe3f4910c7a26906d8b73d4","method":"GET","path":"/api/v1/release-orders/:id/people","status":200,"duration_ms":13}
{"request_id":"rcc-86db50017cc9aacb05850837a78016b3","method":"GET","path":"/api/v1/release-orders/:id/details","status":200,"duration_ms":7}
{"request_id":"rcc-2914f9238393cc2b1f63d9c616337e1e","method":"GET","path":"/api/v1/auth/session","status":200,"duration_ms":1}
{"request_id":"rcc-a98b49f479418174c43584370e465cf6","method":"POST","path":"/api/v1/tables/:table_name/query","status":200,"duration_ms":15}
{"request_id":"rcc-637f69d6c8bb28810ae10dc9141bd9d6","method":"GET","path":"/api/v1/release-orders/:id/details","status":200,"duration_ms":9}
{"request_id":"rcc-86a9000e0a55ea4b82d66baa97e5977c","method":"GET","path":"/api/v1/auth/session","status":200,"duration_ms":1}
{"request_id":"rcc-589b4c5573b5673b5879448437fc2b13","method":"GET","path":"/api/v1/release-orders/:id","status":200,"duration_ms":10}
{"request_id":"rcc-5462222d78d7b8b9d3a2f628b3f6b2b4","method":"GET","path":"/api/v1/auth/session","status":200,"duration_ms":1}
{"request_id":"rcc-2d4435e718dccd36f161ca8f3980f75b","method":"GET","path":"/api/v1/release-orders/:id/details","status":200,"duration_ms":6}
{"request_id":"rcc-651a497f2709afbd2b47be7e5b94978b","method":"GET","path":"/api/v1/release-orders/:id/details","status":200,"duration_ms":7}
{"request_id":"rcc-e6c7ba505a3eefe940a7d6d609fd3dfd","method":"POST","path":"/api/v1/release-orders/:id/complete","status":200,"duration_ms":38}
{"request_id":"rcc-b45c705b38e276a04fc27938a564818f","method":"GET","path":"/api/v1/approval-notifications","status":200,"duration_ms":2}
{"request_id":"rcc-a3feb9e14f2d2a652b51bb676be0f672","method":"GET","path":"/api/v1/release-orders/:id","status":200,"duration_ms":12}
{"request_id":"rcc-2b01a1071b670c3914bed7e573a2e278","method":"GET","path":"/api/v1/release-orders/:id/details","status":200,"duration_ms":8}
{"request_id":"rcc-5d63b6a59feeed9a400b2ae33852c281","method":"GET","path":"/api/v1/auth/session","status":200,"duration_ms":1}
{"request_id":"rcc-af56c38460c42f9c9e0381732dec10c1","method":"GET","path":"/api/v1/approval-notifications","status":200,"duration_ms":3}
{"request_id":"rcc-7985d35fbecded20f9e9aac86b37ce52","method":"GET","path":"/api/v1/release-orders/:id","status":200,"duration_ms":11}
{"request_id":"rcc-52381f56c4565e57018384072dad6923","method":"GET","path":"/api/v1/table-field-policies/:table_name","status":200,"duration_ms":6}
{"request_id":"rcc-cb23bcb9a97c7a8f34a84c7b9f9798c1","method":"GET","path":"/api/v1/release-orders/:id/details","status":200,"duration_ms":7}
{"request_id":"rcc-24d8fe832b614aefba0f26855b717f5f","method":"GET","path":"/api/v1/release-orders/:id/people","status":200,"duration_ms":14}
{"request_id":"rcc-a65d4d6ae35a838593c76f8a2429db86","method":"GET","path":"/api/v1/release-orders/:id/details","status":200,"duration_ms":8}
{"request_id":"rcc-8af62ed3839ced937d205fbe1cd46e23","method":"POST","path":"/api/v1/release-orders/:id/complete","status":200,"duration_ms":28}
{"request_id":"rcc-388d7648c1b0602772b7dff870db8345","method":"GET","path":"/api/v1/approval-notifications","status":200,"duration_ms":4}
{"request_id":"rcc-17f04234f0a28aab7979204f20575ef4","method":"GET","path":"/api/v1/auth/session","status":200,"duration_ms":1}
{"request_id":"rcc-0c6f7c2fac4663af0f534d2ca63e8975","method":"GET","path":"/api/v1/release-orders/:id","status":200,"duration_ms":14}
{"request_id":"rcc-20755de3585d5d6b4fd531b0eb1c26cb","method":"GET","path":"/api/v1/release-orders/:id/people","status":200,"duration_ms":16}
{"request_id":"rcc-cb0292fb217e8e95cf49d679f3aa5d9b","method":"POST","path":"/api/v1/tables/:table_name/query","status":200,"duration_ms":16}
{"request_id":"rcc-b7ad1209c97e443b4f3e281728277ca3","method":"GET","path":"/api/v1/auth/session","status":200,"duration_ms":1}
{"request_id":"rcc-5468ed63a89a5a9ec9d6f1f118dac80a","method":"GET","path":"/api/v1/release-orders/:id","status":200,"duration_ms":10}
{"request_id":"rcc-03a1799fa3e5061775ddb4247de6ade6","method":"GET","path":"/api/v1/auth/session","status":200,"duration_ms":1}
{"request_id":"rcc-32ad10e6378782ac76430685da0766da","method":"GET","path":"/api/v1/release-orders/:id/details","status":200,"duration_ms":6}
{"request_id":"rcc-ce19d336ceefca84d5e275ee621ff4ee","method":"GET","path":"/api/v1/auth/session","status":200,"duration_ms":1}
{"request_id":"rcc-93f6b9065f2b8989c4fd5a340a44ac6a","method":"GET","path":"/api/v1/auth/session","status":200,"duration_ms":2}
{"request_id":"rcc-d4179f75ac974d60de02c7d46d514cf6","method":"GET","path":"/api/v1/approval-notifications","status":200,"duration_ms":3}
{"request_id":"rcc-eb1b32040808c25bc63372484c5e5eb3","method":"GET","path":"/api/v1/release-orders/:id","status":200,"duration_ms":14}
{"request_id":"rcc-c0fe44b715609e92ef44dffa87ddf573","method":"GET","path":"/api/v1/table-field-policies/:table_name","status":200,"duration_ms":7}
{"request_id":"rcc-9967d890939c2fd3777b6736b6aeeba2","method":"GET","path":"/api/v1/release-orders/:id/details","status":200,"duration_ms":8}
{"request_id":"rcc-6d363af7b8414fe49f7b6be4b3e2d84c","method":"GET","path":"/api/v1/release-orders/:id/people","status":200,"duration_ms":17}
{"request_id":"rcc-c0253a4cca34953d43e9b6e53dfcc084","method":"POST","path":"/api/v1/release-orders/:id/notification-read","status":200,"duration_ms":28}
{"request_id":"rcc-9fb5bfbd2e70da6468fbe7bba0e3428e","method":"POST","path":"/api/v1/release-orders","status":201,"duration_ms":51}
{"request_id":"rcc-d7b51e7ba1125410f57c28bdc51d41ee","method":"GET","path":"/api/v1/approval-notifications","status":200,"duration_ms":2}
{"request_id":"rcc-ade8c1eea47b001369889f14d36f4679","method":"GET","path":"/api/v1/auth/session","status":200,"duration_ms":1}
{"request_id":"rcc-03a677098c477c9f2607b71f58d1c7e2","method":"GET","path":"/api/v1/approval-notifications","status":200,"duration_ms":2}
{"request_id":"rcc-1ca59b60817c6d360d178fa9da965213","method":"GET","path":"/api/v1/release-orders/:id","status":200,"duration_ms":16}
{"request_id":"rcc-7ffcbbdcacfc2bdae3725621c6e99df6","method":"GET","path":"/api/v1/table-field-policies/:table_name","status":200,"duration_ms":7}
{"request_id":"rcc-b4ce2e7006ddb15c900477436a3f1026","method":"GET","path":"/api/v1/release-orders/:id/details","status":200,"duration_ms":8}
{"request_id":"rcc-df124114a94ecb46c479a1ca7df3a023","method":"GET","path":"/api/v1/release-orders/:id/people","status":200,"duration_ms":17}
{"request_id":"rcc-d577702552258146370dfaa37771861a","method":"GET","path":"/api/v1/release-orders/:id/details","status":200,"duration_ms":9}
{"request_id":"rcc-3f6f1570fcb78146d814ac409e168384","method":"POST","path":"/api/v1/release-orders/:id/submit","status":200,"duration_ms":95}
{"request_id":"rcc-93556cf72eaed597aee1c51ef4361ebe","method":"GET","path":"/api/v1/approval-notifications","status":200,"duration_ms":3}
{"request_id":"rcc-6c8366b436ec79df9d7f8fe6f342cd1e","method":"GET","path":"/api/v1/release-orders/:id","status":200,"duration_ms":13}
{"request_id":"rcc-716661678154c54a814e023085f7bdd4","method":"GET","path":"/api/v1/release-orders/:id/people","status":200,"duration_ms":15}
{"request_id":"rcc-ecc5b7ed6e97175dbb3b24f108c8414f","method":"GET","path":"/api/v1/release-orders/:id/details","status":200,"duration_ms":7}
{"request_id":"rcc-61a77c306599dcd392b32b1521fef6f3","method":"GET","path":"/api/v1/auth/session","status":200,"duration_ms":1}
{"request_id":"rcc-ace93d0892c037bfad7f966b26ca773b","method":"GET","path":"/api/v1/approval-notifications","status":200,"duration_ms":3}
{"request_id":"rcc-078c734b6dd016db3243d084e6e10506","method":"GET","path":"/api/v1/release-orders/:id","status":200,"duration_ms":12}
{"request_id":"rcc-da7f15764bd38cd9b29a9268e25d27c0","method":"GET","path":"/api/v1/table-field-policies/:table_name","status":200,"duration_ms":8}
{"request_id":"rcc-3e69a107d46cd26349aef32eda56d78e","method":"GET","path":"/api/v1/release-orders/:id/details","status":200,"duration_ms":9}
{"request_id":"rcc-f9438af9f78d9136390345ae6e62c77e","method":"GET","path":"/api/v1/release-orders/:id/people","status":200,"duration_ms":14}
{"request_id":"rcc-dca37a2d3b68f9f05c4ad3ea08781882","method":"POST","path":"/api/v1/release-orders/:id/notification-read","status":200,"duration_ms":16}
{"request_id":"rcc-e9c98940244bdfc1cf2d3360a83709b8","method":"GET","path":"/api/v1/approval-notifications","status":200,"duration_ms":2}
{"request_id":"rcc-b99adf02ca018461c49e0da2f943567d","method":"GET","path":"/api/v1/release-orders/:id/details","status":200,"duration_ms":8}
{"request_id":"rcc-ac0a71861c3b61a8eec65ef4adc78376","method":"POST","path":"/api/v1/release-orders/:id/approve","status":200,"duration_ms":49}
{"request_id":"rcc-b2be080e25d5ea92b71f1558f830fbab","method":"GET","path":"/api/v1/approval-notifications","status":200,"duration_ms":3}
{"request_id":"rcc-79901935e38561b6c8c860ff991d2ae8","method":"GET","path":"/api/v1/release-orders/:id","status":200,"duration_ms":12}
{"request_id":"rcc-0030046a345bb95dfabf8b8e9c753033","method":"GET","path":"/api/v1/release-orders/:id/people","status":200,"duration_ms":14}
{"request_id":"rcc-f55e4625c563d34fcda607a7553ad646","method":"GET","path":"/api/v1/release-orders/:id/details","status":200,"duration_ms":8}
{"request_id":"rcc-853c32266e6b7ad5099a8e2873a43062","method":"GET","path":"/api/v1/auth/session","status":200,"duration_ms":1}
{"request_id":"rcc-cdce414881a48f89d5e63e2044beabe2","method":"GET","path":"/api/v1/approval-notifications","status":200,"duration_ms":3}
{"request_id":"rcc-dfaac649a6bdde166038f0087ec0af99","method":"GET","path":"/api/v1/release-orders/:id","status":200,"duration_ms":12}
{"request_id":"rcc-74d3321889d34913432c8c4ef09714f3","method":"GET","path":"/api/v1/table-field-policies/:table_name","status":200,"duration_ms":6}
{"request_id":"rcc-498a0db9da9250a799919cfdfe00aca4","method":"GET","path":"/api/v1/release-orders/:id/details","status":200,"duration_ms":8}
{"request_id":"rcc-285596a475c5b0e1d069695f59eb9f65","method":"GET","path":"/api/v1/release-orders/:id/people","status":200,"duration_ms":14}
{"request_id":"rcc-bcd16b002f1096475374d45221a60900","method":"GET","path":"/api/v1/release-orders/:id/details","status":200,"duration_ms":8}
{"request_id":"rcc-1abf5fbd4678c94fe9d7ca930f79fa07","method":"POST","path":"/api/v1/release-orders/:id/execute","status":200,"duration_ms":107}
{"request_id":"rcc-a92c361024e6395c8b0d2a941c10b3d7","method":"GET","path":"/api/v1/approval-notifications","status":200,"duration_ms":3}
{"request_id":"rcc-48a46436893d7655d3c29eb48c735f43","method":"GET","path":"/api/v1/release-orders/:id","status":200,"duration_ms":10}
{"request_id":"rcc-fed15ac1c76670b16d7172d889f42244","method":"GET","path":"/api/v1/release-orders/:id/people","status":200,"duration_ms":11}
{"request_id":"rcc-568478a5d51c0a1f53d4adb5804d3d1c","method":"GET","path":"/api/v1/release-orders/:id/details","status":200,"duration_ms":7}
{"request_id":"rcc-8ed3b2616770535770e07ee1ea3c8933","method":"GET","path":"/api/v1/auth/session","status":200,"duration_ms":2}
{"request_id":"rcc-371b7cb1f3c6221c4634adf93f5fa053","method":"GET","path":"/api/v1/approval-notifications","status":200,"duration_ms":3}
{"request_id":"rcc-316b93d6a8b1a01ea2d3ae97de59181c","method":"GET","path":"/api/v1/auth/session","status":200,"duration_ms":1}
{"request_id":"rcc-09597998268173d3c6883d2d8f37963e","method":"GET","path":"/api/v1/release-orders/:id","status":200,"duration_ms":12}
{"request_id":"rcc-3bd05ad23fa6769728d636c4f8f6e29a","method":"GET","path":"/api/v1/table-field-policies/:table_name","status":200,"duration_ms":7}
{"request_id":"rcc-fa93f5e115f1a744119f4c1ab0cf5e10","method":"GET","path":"/api/v1/release-orders/:id/details","status":200,"duration_ms":10}
{"request_id":"rcc-c500faf7a6c54a2d7bd26f585e2ffada","method":"POST","path":"/api/v1/tables/:table_name/query","status":200,"duration_ms":21}
{"request_id":"rcc-7ae0b6a35bb6bad6c4631dc1ddd54ce0","method":"POST","path":"/api/v1/release-orders/:id/notification-read","status":200,"duration_ms":16}
{"request_id":"rcc-3f45f67588112b4c1b11f410ee432c93","method":"GET","path":"/api/v1/release-orders/:id/people","status":200,"duration_ms":16}
{"request_id":"rcc-e7fc2eed15b7d7fe8a58b3a71a79f617","method":"GET","path":"/api/v1/approval-notifications","status":200,"duration_ms":3}
{"request_id":"rcc-27e03100d1c8e7fcd105f15726434104","method":"GET","path":"/api/v1/release-orders/:id","status":200,"duration_ms":10}
{"request_id":"rcc-f44d01634d92518a27606677569d6cf7","method":"POST","path":"/api/v1/release-orders/:id/quick-rollback/preview","status":200,"duration_ms":147}
{"request_id":"rcc-8e3b825872ff260d7aa93344ca2fbcca","method":"GET","path":"/api/v1/approval-notifications","status":200,"duration_ms":3}
{"request_id":"rcc-ea900f386c8ef496e4c2aed3072a88a2","method":"GET","path":"/api/v1/release-orders/:id","status":200,"duration_ms":12}
{"request_id":"rcc-a1c9ca5c63078b0fd2fb322b6bac0a4e","method":"GET","path":"/api/v1/release-orders/:id/people","status":200,"duration_ms":13}
{"request_id":"rcc-e5d7c02b3bee204c523de4d6aae0d40e","method":"GET","path":"/api/v1/release-orders/:id/details","status":200,"duration_ms":8}
{"request_id":"rcc-769bd9d8e5aa50ca1025aaaecbd0da8d","method":"GET","path":"/api/v1/auth/session","status":200,"duration_ms":2}
{"request_id":"rcc-6ac4acce1d7eeb63ea56ff6bc6b11299","method":"GET","path":"/api/v1/release-orders/:id","status":200,"duration_ms":9}
{"request_id":"rcc-0ddfbb37dfef876d53761ed9b8126bf7","method":"GET","path":"/api/v1/auth/session","status":200,"duration_ms":1}
{"request_id":"rcc-daa3cebd42488899764b2f5dea2ce963","method":"GET","path":"/api/v1/release-orders/:id/details","status":200,"duration_ms":5}
{"request_id":"rcc-1fd6b507dd544864e78d93d31ce55fc8","method":"GET","path":"/api/v1/auth/session","status":200,"duration_ms":1}
{"request_id":"rcc-4a11c191c883a780a43d5b005969a231","method":"POST","path":"/api/v1/tables/:table_name/query","status":200,"duration_ms":13}
{"request_id":"rcc-e63aeec922786c47763dd42e93e9df2a","method":"GET","path":"/api/v1/release-orders/:id","status":200,"duration_ms":13}
{"request_id":"rcc-e28b5e2216b59149f03e625c7970e0e5","method":"POST","path":"/api/v1/release-orders/:id/quick-rollback/preview","status":200,"duration_ms":132}
{"request_id":"rcc-1a452a31b506ff3995c4d719dab6b8b0","method":"GET","path":"/api/v1/approval-notifications","status":200,"duration_ms":4}
{"request_id":"rcc-7ce68a0423c82daa9fee137495671c14","method":"GET","path":"/api/v1/release-orders/:id","status":200,"duration_ms":16}
{"request_id":"rcc-8f33d0f9203b7573454f541b5b2aa5c0","method":"GET","path":"/api/v1/release-orders/:id/people","status":200,"duration_ms":17}
{"request_id":"rcc-5b2492ff546ef412dc10dbb89bff666f","method":"POST","path":"/api/v1/release-orders/:id/quick-rollback","status":200,"duration_ms":112}
{"request_id":"rcc-1d37a07f34a34c9c3ea50b80c36a458c","method":"GET","path":"/api/v1/approval-notifications","status":200,"duration_ms":2}
{"request_id":"rcc-42ebb631150833f14cef2f6a9c8b703c","method":"GET","path":"/api/v1/release-orders/:id","status":200,"duration_ms":12}
{"request_id":"rcc-2de39bbab10a7c17000ba89f5d49f616","method":"GET","path":"/api/v1/release-orders/:id/details","status":200,"duration_ms":6}
{"request_id":"rcc-122a45c1b609df3f10fbb423af6c5faf","method":"GET","path":"/api/v1/auth/session","status":200,"duration_ms":2}
{"request_id":"rcc-bf5d4bbe0fb5433d223d758de8af4eaa","method":"GET","path":"/api/v1/approval-notifications","status":200,"duration_ms":3}
{"request_id":"rcc-cf8fcc3f46f8b3ef94b01e6eb73f5d4a","method":"GET","path":"/api/v1/release-orders/:id","status":200,"duration_ms":12}
{"request_id":"rcc-c0053ad469b166249642e71c7a8bd41c","method":"GET","path":"/api/v1/table-field-policies/:table_name","status":200,"duration_ms":7}
{"request_id":"rcc-1d99e278d3750f5941f94d46bc165cab","method":"GET","path":"/api/v1/release-orders/:id/details","status":200,"duration_ms":8}
{"request_id":"rcc-9403d9da42092f83ba3248e75636d2a0","method":"GET","path":"/api/v1/release-orders/:id/people","status":200,"duration_ms":15}
{"request_id":"rcc-ddd5c9742837cb59ecb0e096af9d24ec","method":"GET","path":"/api/v1/release-orders/:id","status":200,"duration_ms":14}
{"request_id":"rcc-a980ae61402329a2d59a32083fb4bed9","method":"POST","path":"/api/v1/release-orders/:id/quick-rollback","status":200,"duration_ms":24}
{"request_id":"rcc-e4fb840e0e473aa2c483e883b813929b","method":"GET","path":"/api/v1/approval-notifications","status":200,"duration_ms":3}
{"request_id":"rcc-bb9c3a3c3f108fcdca1176f679c6b196","method":"GET","path":"/api/v1/release-orders/:id","status":200,"duration_ms":14}
{"request_id":"rcc-63ee1f5af4de0f0ddad01de1d7bacc17","method":"GET","path":"/api/v1/release-orders/:id/people","status":200,"duration_ms":15}
{"request_id":"rcc-f4c4ffca2f1be6b85fba88563ff49db1","method":"GET","path":"/api/v1/auth/session","status":200,"duration_ms":1}
{"request_id":"rcc-dc711ca0969aa93af10af0cd273fa285","method":"GET","path":"/api/v1/approval-notifications","status":200,"duration_ms":3}
{"request_id":"rcc-c3e9c12af93b499871d5d9cc92992d22","method":"GET","path":"/api/v1/release-orders/:id","status":200,"duration_ms":8}
{"request_id":"rcc-72ba5b8ea1b1c61fc6ae24ff1c603c84","method":"GET","path":"/api/v1/auth/session","status":200,"duration_ms":1}
{"request_id":"rcc-72cdc8c9dea0ef65c1fff47981fa1608","method":"GET","path":"/api/v1/release-orders/:id/details","status":200,"duration_ms":6}
{"request_id":"rcc-f10e295a3d95290beb65d32c48b4559c","method":"GET","path":"/api/v1/auth/session","status":200,"duration_ms":1}
{"request_id":"rcc-7b3e595b0e12b5233700f6cf396f7aee","method":"POST","path":"/api/v1/tables/:table_name/query","status":200,"duration_ms":13}
{"request_id":"rcc-86188ba9c933fc230a2937ea6bfdbb69","method":"GET","path":"/api/v1/auth/session","status":200,"duration_ms":1}
{"request_id":"rcc-5e3b6bb8edc97f5b2e4c0dbc65eadf37","method":"GET","path":"/api/v1/auth/session","status":200,"duration_ms":1}
{"request_id":"rcc-66fa3acd4aa602d6eaf9b4c8ae3d08fd","method":"GET","path":"/api/v1/auth/session","status":200,"duration_ms":1}
{"request_id":"rcc-e153ae944246cd6007e696aec5a4968e","method":"GET","path":"/api/v1/release-orders/:id","status":200,"duration_ms":10}
{"request_id":"rcc-fec4c5622d0068488ebababb4b9066f9","method":"GET","path":"/api/v1/auth/session","status":200,"duration_ms":1}
{"request_id":"rcc-7347656b777566575572cdbfaad9800d","method":"GET","path":"/api/v1/release-orders/:id/details","status":200,"duration_ms":6}
{"request_id":"rcc-a45eb271b136c0a78b73a1a06190a798","method":"GET","path":"/api/v1/auth/csrf","status":200,"duration_ms":7}
{"request_id":"rcc-e841614e798411e3408b9e0264524f09","method":"POST","path":"/api/v1/auth/register","status":201,"duration_ms":42}
{"request_id":"rcc-a2b723c75616be9a52ffa6e7112efe81","method":"GET","path":"/api/v1/auth/session","status":200,"duration_ms":1}
{"request_id":"rcc-19ce9676ba3bad7978b8cc4165e8002b","method":"GET","path":"/api/v1/account-roles","status":200,"duration_ms":1}
{"request_id":"rcc-198f6852c218a953af7cb64e7c87a55a","method":"GET","path":"/api/v1/auth/session","status":200,"duration_ms":0}
{"request_id":"rcc-2bb85a800f7a2ef432c7af2ba7b6a758","method":"PUT","path":"/api/v1/account-roles/:id","status":200,"duration_ms":10}
{"request_id":"rcc-4d7c9b5bf05ffa21fa237f8fcbac765d","method":"GET","path":"/api/v1/auth/session","status":200,"duration_ms":1}
{"request_id":"rcc-56346f24f840017d4576e6b98471af2b","method":"POST","path":"/api/v1/release-orders","status":201,"duration_ms":31}
{"request_id":"rcc-dafd137ad0a523c63c83d89dccb6cc18","method":"GET","path":"/api/v1/auth/session","status":200,"duration_ms":0}
{"request_id":"rcc-1a955afcc0b49d6baeb6d241f75387f2","method":"POST","path":"/api/v1/release-orders/:id/submit","status":200,"duration_ms":64}
{"request_id":"rcc-0de4c78d21654b9a073f481111d8fd92","method":"GET","path":"/api/v1/auth/session","status":200,"duration_ms":0}
{"request_id":"rcc-80502f25dff7104709dd79cd0a2bfca6","method":"GET","path":"/api/v1/release-orders/:id","status":200,"duration_ms":9}
{"request_id":"rcc-ff8a6d3e986e14d2e3d36dc14e9fd316","method":"GET","path":"/api/v1/auth/session","status":200,"duration_ms":1}
{"request_id":"rcc-3543024f896694786f9573253d97d7be","method":"POST","path":"/api/v1/release-orders/:id/approve","status":200,"duration_ms":28}
{"request_id":"rcc-872dfdd922d56100b7e088c1ed549378","method":"GET","path":"/api/v1/auth/session","status":200,"duration_ms":0}
{"request_id":"rcc-0c980b062ba26e968566f6a30eda1b80","method":"POST","path":"/api/v1/release-orders/:id/execute","status":200,"duration_ms":77}
{"request_id":"rcc-c4f1c236390d24b3e1630c3c08216661","method":"GET","path":"/api/v1/approval-notifications","status":200,"duration_ms":2}
{"request_id":"rcc-990c63b9aada758b7ab5a8b09e5d4adb","method":"GET","path":"/api/v1/release-orders","status":200,"duration_ms":17}
{"request_id":"rcc-17c92a547ac45137a2982d9b6b3e8e9e","method":"GET","path":"/api/v1/approval-notifications","status":200,"duration_ms":2}
{"request_id":"rcc-47f95e00706c2c671423b4e3d7bea2c9","method":"GET","path":"/api/v1/release-orders/:id","status":200,"duration_ms":11}
{"request_id":"rcc-2a6aef14471a7abae3de7acf7fcc610a","method":"GET","path":"/api/v1/table-field-policies/:table_name","status":200,"duration_ms":6}
{"request_id":"rcc-b87d44371f004d6e389e68a45d5a128d","method":"GET","path":"/api/v1/release-orders/:id/details","status":200,"duration_ms":8}
{"request_id":"rcc-865ca6fc8a7e137d00c594a260839cfd","method":"GET","path":"/api/v1/release-orders/:id/people","status":200,"duration_ms":14}
{"request_id":"rcc-d5256c375b87b20240fcc671767799b4","method":"GET","path":"/api/v1/release-orders/:id","status":200,"duration_ms":12}
{"request_id":"rcc-b285086ca5ab68f44284f47695fac8b0","method":"POST","path":"/api/v1/release-orders/:id/quick-rollback/preview","status":200,"duration_ms":149}
{"request_id":"rcc-5aeacb296ee3014498245fb3155f7fb1","method":"GET","path":"/api/v1/approval-notifications","status":200,"duration_ms":3}
{"request_id":"rcc-737e691088cdc2a73b9a8f6a5a768373","method":"GET","path":"/api/v1/release-orders/:id","status":200,"duration_ms":12}
{"request_id":"rcc-410fc961f3a6259b22003783e384f74b","method":"GET","path":"/api/v1/release-orders/:id/people","status":200,"duration_ms":14}
{"request_id":"rcc-c1aa4e36e495aa54bd3949475c03f095","method":"GET","path":"/api/v1/release-orders/:id/details","status":200,"duration_ms":10}
{"request_id":"rcc-2109d169d0aaa11102f29039305a8be4","method":"GET","path":"/api/v1/auth/session","status":200,"duration_ms":2}
{"request_id":"rcc-26102d00737834c9f214d815f9f7298b","method":"GET","path":"/api/v1/release-orders/:id","status":200,"duration_ms":12}
{"request_id":"rcc-f1f06437055dc3ca315f7f5d2284e00a","method":"GET","path":"/api/v1/auth/session","status":200,"duration_ms":1}
{"request_id":"rcc-a6f96f39d35af7b3c0013d03440be183","method":"POST","path":"/api/v1/release-orders/:id/complete","status":200,"duration_ms":36}
{"request_id":"rcc-c789a4c08411d14451165ade5861ab20","method":"GET","path":"/api/v1/auth/session","status":200,"duration_ms":1}
{"request_id":"rcc-a43e870bb586dfb72453cef7e3f79eef","method":"GET","path":"/api/v1/release-orders/:id","status":200,"duration_ms":9}
{"request_id":"rcc-45ce177ec8cf35a83e7a745c0ab165b4","method":"GET","path":"/api/v1/auth/session","status":200,"duration_ms":2}
{"request_id":"rcc-8265520af35c0b22a53ce33197f72d94","method":"GET","path":"/api/v1/release-orders/:id/details","status":200,"duration_ms":6}
{"request_id":"rcc-4d072d454e941a2d02c34b96747ab18b","method":"POST","path":"/api/v1/release-orders/:id/quick-rollback","status":409,"duration_ms":14}
{"request_id":"rcc-8520673813941bd6b01641db77aae6f8","method":"GET","path":"/api/v1/approval-notifications","status":200,"duration_ms":2}
{"request_id":"rcc-5eb5d7852fda9a2cb00869f22e9d3f0c","method":"GET","path":"/api/v1/release-orders/:id","status":200,"duration_ms":16}
{"request_id":"rcc-f5d2a2c0500e589af2dddee7327e32ca","method":"GET","path":"/api/v1/release-orders/:id/details","status":200,"duration_ms":9}
{"request_id":"rcc-07d4b8990005b73fe5a5837bd679fa74","method":"GET","path":"/api/v1/release-orders/:id","status":200,"duration_ms":10}
{"request_id":"rcc-8c8b3c6675a2521a7e4af7e7c78e8ec4","method":"GET","path":"/api/v1/release-orders/:id/details","status":200,"duration_ms":6}
{"request_id":"rcc-a99a405cb188fb2bec850d37b9ea045f","method":"GET","path":"/api/v1/auth/session","status":200,"duration_ms":1}
{"request_id":"rcc-cb6d30203c8c1cdb4cbeb5a78f902b31","method":"GET","path":"/api/v1/table-field-policies/:table_name","status":200,"duration_ms":6}
{"request_id":"rcc-b7d62d198003e13ac94db85c86eb1bfe","method":"GET","path":"/api/v1/release-orders/:id","status":200,"duration_ms":11}
{"request_id":"rcc-58e4b92a8466ad3fa6b6350bcd00c027","method":"GET","path":"/api/v1/auth/session","status":200,"duration_ms":1}
{"request_id":"rcc-0968afb120804392bab5a66ab0cb9747","method":"GET","path":"/api/v1/release-orders/:id/details","status":200,"duration_ms":6}
{"request_id":"rcc-1b264b616688b561d5c84f577471190a","method":"GET","path":"/api/v1/auth/session","status":200,"duration_ms":1}
{"request_id":"rcc-77f343c5dad8725308406a4f69d6ef51","method":"POST","path":"/api/v1/tables/:table_name/query","status":200,"duration_ms":16}
{"request_id":"rcc-29ac1f1a852caf50ce484b4f723707ea","method":"GET","path":"/api/v1/auth/csrf","status":200,"duration_ms":9}
{"request_id":"rcc-cc16ab5f012c0913cdc5f3a562467122","method":"POST","path":"/api/v1/auth/register","status":201,"duration_ms":55}
{"request_id":"rcc-57cfcf46990238e9ecd4274ce59df4d4","method":"GET","path":"/api/v1/auth/session","status":200,"duration_ms":1}
{"request_id":"rcc-5b32ba429707d004ce2e7a57fdd00dd8","method":"GET","path":"/api/v1/account-roles","status":200,"duration_ms":1}
{"request_id":"rcc-893a0680af0aedaae0ca6897ae44b4b3","method":"GET","path":"/api/v1/auth/session","status":200,"duration_ms":1}
{"request_id":"rcc-f0df66da52c3e3a26c27df7b6cf878b5","method":"PUT","path":"/api/v1/account-roles/:id","status":200,"duration_ms":12}
{"request_id":"rcc-129a1d8e4b66b18482af150b17b6a266","method":"GET","path":"/api/v1/auth/csrf","status":200,"duration_ms":5}
{"request_id":"rcc-80d5fcb1610b4cec078c8df43b035f8f","method":"POST","path":"/api/v1/auth/register","status":201,"duration_ms":39}
{"request_id":"rcc-07392e206bfd6173c71b1167ca102abd","method":"GET","path":"/api/v1/auth/session","status":200,"duration_ms":1}
{"request_id":"rcc-cae661e56f8896d677ffe941cce6d57e","method":"GET","path":"/api/v1/account-roles","status":200,"duration_ms":1}
{"request_id":"rcc-a7939487af0bb4293f1ceaf4db53380c","method":"GET","path":"/api/v1/auth/session","status":200,"duration_ms":1}
{"request_id":"rcc-5e270d8dae9ea55f696141ff822e2f3e","method":"PUT","path":"/api/v1/account-roles/:id","status":200,"duration_ms":13}
{"request_id":"rcc-3b7ddb6649d26d58deadb4a8b21b21ce","method":"GET","path":"/api/v1/auth/csrf","status":200,"duration_ms":5}
{"request_id":"rcc-96222673f3f8886421c92e437a3d7a11","method":"POST","path":"/api/v1/auth/register","status":201,"duration_ms":42}
{"request_id":"rcc-f25792465ad5341180ca223d0042febf","method":"GET","path":"/api/v1/auth/session","status":200,"duration_ms":1}
{"request_id":"rcc-7c8cc59725e2e2b13fd5adb358e8f42c","method":"GET","path":"/api/v1/account-roles","status":200,"duration_ms":1}
{"request_id":"rcc-ccdc5ef19824fee7d38ed6a793bd4303","method":"GET","path":"/api/v1/auth/session","status":200,"duration_ms":0}
{"request_id":"rcc-dff036c18ca614dcbb5831d01d69514f","method":"GET","path":"/api/v1/table-policies/:table_name/release-templates","status":200,"duration_ms":2}
{"request_id":"rcc-873d0de4b29cd1e04908717fd0d33182","method":"GET","path":"/api/v1/auth/session","status":200,"duration_ms":1}
{"request_id":"rcc-9e0ad7ce519c934ecaad7423957bb036","method":"PUT","path":"/api/v1/table-policies/:table_name/release-templates/:release_type","status":200,"duration_ms":10}
{"request_id":"rcc-04cc2bc8af2903a99f42a378c137fdaf","method":"GET","path":"/api/v1/auth/session","status":200,"duration_ms":1}
{"request_id":"rcc-1d8f8cf47d38164b58592592f0885848","method":"GET","path":"/api/v1/auth/session","status":200,"duration_ms":1}
{"request_id":"rcc-7e64929972cb20918851037f2ad0738a","method":"POST","path":"/api/v1/approval-roles","status":201,"duration_ms":12}
{"request_id":"rcc-f96bc914d5043ebddc034701e96e311b","method":"GET","path":"/api/v1/auth/session","status":200,"duration_ms":0}
{"request_id":"rcc-5df2c342623e90a5ccd268a5c27338be","method":"GET","path":"/api/v1/table-policies/:table_name/approval-roles","status":200,"duration_ms":3}
{"request_id":"rcc-c09c7a45d821cf43fb898f127ea2cc7a","method":"GET","path":"/api/v1/auth/session","status":200,"duration_ms":1}
{"request_id":"rcc-551240cc6296c944242f6b1a1e53c1d8","method":"PUT","path":"/api/v1/table-policies/:table_name/approval-roles","status":200,"duration_ms":17}
{"request_id":"rcc-b6833e472b8f7339226358b0c6abe8b1","method":"GET","path":"/api/v1/auth/csrf","status":200,"duration_ms":5}
{"request_id":"rcc-7409fc1f1d43bced42288786ce861b6c","method":"POST","path":"/api/v1/auth/register","status":201,"duration_ms":40}
{"request_id":"rcc-49ecac94529fd777c334c4b494b8d919","method":"GET","path":"/api/v1/auth/session","status":200,"duration_ms":0}
{"request_id":"rcc-727c179e09b49c8f10c6200aec7efb2c","method":"GET","path":"/api/v1/account-roles","status":200,"duration_ms":1}
{"request_id":"rcc-00beee93938c3f9233a1b735d79ae519","method":"GET","path":"/api/v1/auth/session","status":200,"duration_ms":1}
{"request_id":"rcc-cc16e4e3fcff54d1541ea6b3b579ad45","method":"PUT","path":"/api/v1/account-roles/:id","status":200,"duration_ms":13}
{"request_id":"rcc-985ebd388d37a961b2daeb63c2b3ea06","method":"GET","path":"/api/v1/auth/session","status":200,"duration_ms":2}
{"request_id":"rcc-82e12471120b29497e2c9a94aa329e6e","method":"POST","path":"/api/v1/tables/:table_name/query","status":200,"duration_ms":19}
{"request_id":"rcc-853552d859a7dec08cd73684493260c3","method":"GET","path":"/api/v1/auth/session","status":200,"duration_ms":1}
{"request_id":"rcc-43f160481611df10fc414dfb9eb1f928","method":"POST","path":"/api/v1/release-orders","status":201,"duration_ms":40}
{"request_id":"rcc-006d659da290dd9075789b3eab1a0786","method":"GET","path":"/api/v1/auth/session","status":200,"duration_ms":1}
{"request_id":"rcc-1ec578beea0d3b13ff7954049033f98f","method":"GET","path":"/api/v1/approval-notifications","status":200,"duration_ms":2}
{"request_id":"rcc-101f5da2f901093772981caf88de7fc5","method":"GET","path":"/api/v1/release-orders/:id","status":200,"duration_ms":13}
{"request_id":"rcc-170d3d6ba3dbba58133382aa3b044286","method":"GET","path":"/api/v1/table-field-policies/:table_name","status":200,"duration_ms":13}
{"request_id":"rcc-e2f54cd3298e5cf50696324e42dc7e29","method":"GET","path":"/api/v1/release-orders/:id/details","status":200,"duration_ms":16}
{"request_id":"rcc-520fca882e3e0e7c02a086948af0d8b9","method":"GET","path":"/api/v1/release-orders/:id/people","status":200,"duration_ms":26}
{"request_id":"rcc-a975bd7329b5e93c792f5ca3ad163b90","method":"POST","path":"/api/v1/auth/activity","status":200,"duration_ms":8}
{"request_id":"rcc-09156f0bb3a55bd578dfa714d4e479aa","method":"GET","path":"/api/v1/release-orders/:id/details","status":200,"duration_ms":8}
{"request_id":"rcc-329bc0acaeb53bc5aee59a70607d8f7c","method":"POST","path":"/api/v1/release-orders/:id/submit","status":200,"duration_ms":80}
{"request_id":"rcc-df11f2061041b01d3ea1cf66b2970168","method":"GET","path":"/api/v1/approval-notifications","status":200,"duration_ms":2}
{"request_id":"rcc-2bf4f47a1a7d7828be1a8a274888b5af","method":"GET","path":"/api/v1/release-orders/:id","status":200,"duration_ms":10}
{"request_id":"rcc-5e68feb44d519f8e95b62f0eee820645","method":"GET","path":"/api/v1/release-orders/:id/people","status":200,"duration_ms":11}
{"request_id":"rcc-641a1a8edede7c754ae1c40029c37e55","method":"GET","path":"/api/v1/release-orders/:id/details","status":200,"duration_ms":5}
{"request_id":"rcc-a4a4ca51ec99e5348d700a675a1163b9","method":"GET","path":"/api/v1/auth/session","status":200,"duration_ms":2}
{"request_id":"rcc-7f2ff41fc00b507d37c5e9f1c8dacfba","method":"GET","path":"/api/v1/approval-notifications","status":200,"duration_ms":4}
{"request_id":"rcc-f8052a0f876f0838b9f93d0edad3ab1e","method":"GET","path":"/api/v1/release-orders/:id","status":200,"duration_ms":14}
{"request_id":"rcc-dfef9547d3bcbf868726eb714e42d21f","method":"GET","path":"/api/v1/table-field-policies/:table_name","status":200,"duration_ms":9}
{"request_id":"rcc-ba14224d49f3c70fef84fad6b719f7a2","method":"GET","path":"/api/v1/release-orders/:id/details","status":200,"duration_ms":11}
{"request_id":"rcc-758efcec12ab8c234b71bff0f56c229b","method":"POST","path":"/api/v1/release-orders/:id/notification-read","status":200,"duration_ms":19}
{"request_id":"rcc-f603c171f2a7e253c4fb8a035eb4898f","method":"GET","path":"/api/v1/release-orders/:id/people","status":200,"duration_ms":22}
{"request_id":"rcc-7dd788f960c9b230500c71b297266e0e","method":"GET","path":"/api/v1/approval-notifications","status":200,"duration_ms":3}
{"request_id":"rcc-5a423041e30bffabda345154805f0a7a","method":"POST","path":"/api/v1/auth/activity","status":200,"duration_ms":9}
{"request_id":"rcc-8d70b5e9c189f867272c98c488443528","method":"GET","path":"/api/v1/release-orders/:id/details","status":200,"duration_ms":7}
{"request_id":"rcc-58096ec7e35295666781b4273f1ec631","method":"POST","path":"/api/v1/release-orders/:id/approve","status":200,"duration_ms":38}
{"request_id":"rcc-469253de37e490c193743fd2346953a5","method":"GET","path":"/api/v1/approval-notifications","status":200,"duration_ms":3}
{"request_id":"rcc-d12f982c015d145fff041d7306e30d6f","method":"GET","path":"/api/v1/release-orders/:id","status":200,"duration_ms":11}
{"request_id":"rcc-9b8a45d14d12a319fa6f92fa64aca70d","method":"GET","path":"/api/v1/release-orders/:id/people","status":200,"duration_ms":12}
{"request_id":"rcc-55bfb9a58179e81afdb3f4139d14c0b6","method":"GET","path":"/api/v1/release-orders/:id/details","status":200,"duration_ms":6}
{"request_id":"rcc-5d8d9de289f50180b0c8914a827a80fa","method":"GET","path":"/api/v1/auth/session","status":200,"duration_ms":2}
{"request_id":"rcc-9f4a24469839bc3219dda1ce97b0e2db","method":"GET","path":"/api/v1/approval-notifications","status":200,"duration_ms":5}
{"request_id":"rcc-affc72142781a83006d757c0f8616d77","method":"GET","path":"/api/v1/release-orders/:id","status":200,"duration_ms":11}
{"request_id":"rcc-760625932746418709389e3719b47ef1","method":"GET","path":"/api/v1/table-field-policies/:table_name","status":200,"duration_ms":8}
{"request_id":"rcc-3193664111aa7e5ce97eb81fa996ca48","method":"GET","path":"/api/v1/release-orders/:id/details","status":200,"duration_ms":8}
{"request_id":"rcc-6aa141a4b11be21c558286deef88486a","method":"GET","path":"/api/v1/release-orders/:id/people","status":200,"duration_ms":14}
{"request_id":"rcc-ddf5245ed2b68bfa4bcd15029579e453","method":"POST","path":"/api/v1/auth/activity","status":200,"duration_ms":9}
{"request_id":"rcc-20423273b466bf00d210f5fe18834adf","method":"GET","path":"/api/v1/release-orders/:id/details","status":200,"duration_ms":7}
{"request_id":"rcc-83c301e005a7c9565dc7106ccaeb13a4","method":"POST","path":"/api/v1/release-orders/:id/execute","status":200,"duration_ms":97}
{"request_id":"rcc-8894c33ace54bf3a358ac3f7e93808b1","method":"GET","path":"/api/v1/approval-notifications","status":200,"duration_ms":3}
{"request_id":"rcc-a474d0eabb0ba54a2eedcc880233e040","method":"GET","path":"/api/v1/release-orders/:id","status":200,"duration_ms":10}
{"request_id":"rcc-d06d371470e35138c3cf297c66098da7","method":"GET","path":"/api/v1/release-orders/:id/people","status":200,"duration_ms":11}
{"request_id":"rcc-6944a04334e5b2355a2b8e8f31c11e02","method":"GET","path":"/api/v1/release-orders/:id/details","status":200,"duration_ms":6}
{"request_id":"rcc-87d04483047ba91541c8d0085a4b7d7a","method":"GET","path":"/api/v1/auth/session","status":200,"duration_ms":1}
{"request_id":"rcc-e7fec7ebb26a33834cf9feb9bdcd099e","method":"POST","path":"/api/v1/tables/:table_name/query","status":200,"duration_ms":13}
{"request_id":"rcc-9339a68c7a3a30e6bdb85937a6c0a9bb","method":"GET","path":"/api/v1/release-orders/:id/details","status":200,"duration_ms":6}
{"request_id":"rcc-7eae673da98c66b98b7485ad325ccf51","method":"GET","path":"/api/v1/auth/session","status":200,"duration_ms":1}
{"request_id":"rcc-fe0c25a59d706a95d2a19d4c1d3b4918","method":"GET","path":"/api/v1/release-orders/:id","status":200,"duration_ms":10}
{"request_id":"rcc-58ec260188d81d8bb3e5071579ce2ac0","method":"GET","path":"/api/v1/auth/session","status":200,"duration_ms":1}
{"request_id":"rcc-267a8ad29ceb857246293f006313bd19","method":"GET","path":"/api/v1/release-orders/:id/details","status":200,"duration_ms":6}
{"request_id":"rcc-6c841f7a073e6c56a594eec66535d05e","method":"GET","path":"/api/v1/release-orders/:id/details","status":200,"duration_ms":7}
{"request_id":"rcc-0d69822d446276c1faad0774694c5287","method":"POST","path":"/api/v1/release-orders/:id/complete","status":200,"duration_ms":35}
{"request_id":"rcc-10625eb6c9b80cd6ba9abdf563a068f4","method":"GET","path":"/api/v1/approval-notifications","status":200,"duration_ms":2}
{"request_id":"rcc-889ad4857480cbe2a794302ad9fccb65","method":"GET","path":"/api/v1/release-orders/:id","status":200,"duration_ms":9}
{"request_id":"rcc-059c5c105048e26aea1feff07731c9fc","method":"GET","path":"/api/v1/release-orders/:id/details","status":200,"duration_ms":6}
{"request_id":"rcc-f1387866e2e4b84b651e8603738b02ca","method":"GET","path":"/api/v1/auth/session","status":200,"duration_ms":1}
{"request_id":"rcc-b514f9883f5d748ba2348dea8571916d","method":"GET","path":"/api/v1/approval-notifications","status":200,"duration_ms":3}
{"request_id":"rcc-0b6cd2c67c09e0c481dfe3e7b9d4cebf","method":"GET","path":"/api/v1/release-orders/:id","status":200,"duration_ms":12}
{"request_id":"rcc-4be344c2602bdfe62eac5a251c5e0fc5","method":"GET","path":"/api/v1/table-field-policies/:table_name","status":200,"duration_ms":6}
{"request_id":"rcc-d08e23c5372fdb9e478b1944c5254148","method":"GET","path":"/api/v1/release-orders/:id/details","status":200,"duration_ms":8}
{"request_id":"rcc-8e9355bb501681b5bdcad49be9f47389","method":"GET","path":"/api/v1/release-orders/:id/people","status":200,"duration_ms":13}
{"request_id":"rcc-312e28581d8d7f958b6394152d9734af","method":"GET","path":"/api/v1/release-orders/:id/details","status":200,"duration_ms":6}
{"request_id":"rcc-d3c7a2b5fc3837b3b2bc06c42763144f","method":"POST","path":"/api/v1/release-orders/:id/complete","status":200,"duration_ms":17}
{"request_id":"rcc-f480f7a05843a0fe53b17378bb23e8b8","method":"GET","path":"/api/v1/approval-notifications","status":200,"duration_ms":2}
{"request_id":"rcc-420af72d901fbaae7ba8b540965cdc53","method":"GET","path":"/api/v1/release-orders/:id","status":200,"duration_ms":12}
{"request_id":"rcc-619cd32182b71d8eb7ea26338f13be7f","method":"GET","path":"/api/v1/release-orders/:id/people","status":200,"duration_ms":13}
{"request_id":"rcc-000d5181f7936e427d6a14399149df99","method":"GET","path":"/api/v1/auth/session","status":200,"duration_ms":1}
{"request_id":"rcc-bf4813246540cb88caf550ef95c2a81e","method":"POST","path":"/api/v1/tables/:table_name/query","status":200,"duration_ms":13}
{"request_id":"rcc-11b48b24ebe61ef08a9dd3d8f5e42889","method":"GET","path":"/api/v1/auth/session","status":200,"duration_ms":1}
{"request_id":"rcc-3059852c7562b25ffa06fc8f7e4a6d44","method":"GET","path":"/api/v1/release-orders/:id","status":200,"duration_ms":10}
{"request_id":"rcc-e50410b9f67b0d27b8690d4931e7d077","method":"GET","path":"/api/v1/auth/session","status":200,"duration_ms":1}
{"request_id":"rcc-98325532e676efa147cf2fa92dbf59ae","method":"GET","path":"/api/v1/release-orders/:id/details","status":200,"duration_ms":5}
{"request_id":"rcc-9a4e00d077a4d3cb604d228b5b09b4e5","method":"GET","path":"/api/v1/auth/session","status":200,"duration_ms":1}
{"request_id":"rcc-ff9c0d827ec701f0d8662ab067108d7c","method":"GET","path":"/api/v1/auth/session","status":200,"duration_ms":3}
{"request_id":"rcc-38b07a9166401551b928f523f7d99229","method":"GET","path":"/api/v1/approval-notifications","status":200,"duration_ms":3}
{"request_id":"rcc-382aea3deaedd919a4b14bcc117c8fdc","method":"GET","path":"/api/v1/release-orders/:id","status":200,"duration_ms":11}
{"request_id":"rcc-0da98fe4c09d41be94809c96155e5eca","method":"GET","path":"/api/v1/table-field-policies/:table_name","status":200,"duration_ms":7}
{"request_id":"rcc-83ada3c51c02c7716af4573c0a00f719","method":"GET","path":"/api/v1/release-orders/:id/details","status":200,"duration_ms":8}
{"request_id":"rcc-049090d559bcbe0a778afbbcbcfb04f1","method":"GET","path":"/api/v1/release-orders/:id/people","status":200,"duration_ms":15}
{"request_id":"rcc-2d742485e6f17d65049d1bb2196c861e","method":"POST","path":"/api/v1/release-orders/:id/notification-read","status":200,"duration_ms":24}
{"request_id":"rcc-00cc902372d11e646e9d683893e1eb02","method":"POST","path":"/api/v1/release-orders","status":201,"duration_ms":54}
{"request_id":"rcc-e9087cb4f64c570001fcf23bac79364b","method":"GET","path":"/api/v1/approval-notifications","status":200,"duration_ms":1}
{"request_id":"rcc-0baa90877f0279cd9997733d3f665210","method":"GET","path":"/api/v1/auth/session","status":200,"duration_ms":1}
{"request_id":"rcc-0725b0c8a14d982ede2852c423bef539","method":"GET","path":"/api/v1/approval-notifications","status":200,"duration_ms":3}
{"request_id":"rcc-164c4b65398aa29c487b63c8af305d52","method":"GET","path":"/api/v1/release-orders/:id","status":200,"duration_ms":17}
{"request_id":"rcc-8164349e2b2631ea04e6b710a58a6a15","method":"GET","path":"/api/v1/table-field-policies/:table_name","status":200,"duration_ms":7}
{"request_id":"rcc-64bb6acacec8dbcd17afebd2688b9b55","method":"GET","path":"/api/v1/release-orders/:id/details","status":200,"duration_ms":8}
{"request_id":"rcc-fb713153cc138a3e37ef15119c981dae","method":"GET","path":"/api/v1/release-orders/:id/people","status":200,"duration_ms":19}
{"request_id":"rcc-992a9a70a0c3e35250b7079006caf737","method":"GET","path":"/api/v1/release-orders/:id/details","status":200,"duration_ms":7}
{"request_id":"rcc-890f82316423232182900cd898841c6f","method":"POST","path":"/api/v1/release-orders/:id/submit","status":200,"duration_ms":82}
{"request_id":"rcc-554cd46d8277537c0485143b94939b13","method":"GET","path":"/api/v1/approval-notifications","status":200,"duration_ms":2}
{"request_id":"rcc-d7f79e2657e7c0974ce291ce02655a49","method":"GET","path":"/api/v1/release-orders/:id","status":200,"duration_ms":10}
{"request_id":"rcc-9aefa82b80fa723450bc2a4c21dd6928","method":"GET","path":"/api/v1/release-orders/:id/people","status":200,"duration_ms":11}
{"request_id":"rcc-4750f5a8147645da0cd7fde152b912df","method":"GET","path":"/api/v1/release-orders/:id/details","status":200,"duration_ms":7}
{"request_id":"rcc-c80f4518ff55c5820308fe5c68a1b25d","method":"GET","path":"/api/v1/auth/session","status":200,"duration_ms":1}
{"request_id":"rcc-fce497e3a8be183d43afb2cd2da9d749","method":"GET","path":"/api/v1/approval-notifications","status":200,"duration_ms":3}
{"request_id":"rcc-36b4c740d2462a4042fee6a6f6170671","method":"GET","path":"/api/v1/release-orders/:id","status":200,"duration_ms":12}
{"request_id":"rcc-dd2ecdcf0755500eeb95fb9dbf5a30b1","method":"GET","path":"/api/v1/table-field-policies/:table_name","status":200,"duration_ms":6}
{"request_id":"rcc-be2aa4e6bc3a6c1d9c4d8424a673f27e","method":"GET","path":"/api/v1/release-orders/:id/details","status":200,"duration_ms":8}
{"request_id":"rcc-9e11db3bdae7df4de25c22b2b43c1b8f","method":"POST","path":"/api/v1/release-orders/:id/notification-read","status":200,"duration_ms":14}
{"request_id":"rcc-6fd9ec6eda5738d822e14e8ecba834a3","method":"GET","path":"/api/v1/release-orders/:id/people","status":200,"duration_ms":15}
{"request_id":"rcc-cd8df4b5b9678faba705879090dd7aa0","method":"GET","path":"/api/v1/approval-notifications","status":200,"duration_ms":3}
{"request_id":"rcc-637a025e92ba11efad9490aa077929a8","method":"GET","path":"/api/v1/release-orders/:id/details","status":200,"duration_ms":9}
{"request_id":"rcc-b916cc7824bf9d13f9672b8cb8ecdaf4","method":"POST","path":"/api/v1/release-orders/:id/approve","status":200,"duration_ms":36}
{"request_id":"rcc-af94dd748d6b16b6d109d302f5b05aae","method":"GET","path":"/api/v1/approval-notifications","status":200,"duration_ms":3}
{"request_id":"rcc-308f24a759b8332c81d7d7fb10a49cf5","method":"GET","path":"/api/v1/release-orders/:id","status":200,"duration_ms":11}
{"request_id":"rcc-36492b758ce6cc31a2366c74c02624eb","method":"GET","path":"/api/v1/release-orders/:id/people","status":200,"duration_ms":12}
{"request_id":"rcc-ea41239c0fbaacec271a6df395ac4d3b","method":"GET","path":"/api/v1/release-orders/:id/details","status":200,"duration_ms":7}
{"request_id":"rcc-857920c67791460e8199e336dec04926","method":"GET","path":"/api/v1/auth/session","status":200,"duration_ms":1}
{"request_id":"rcc-871786acec0116bae5399fd85afbc588","method":"GET","path":"/api/v1/approval-notifications","status":200,"duration_ms":4}
{"request_id":"rcc-401e60dba25f0be8d4210ad329385e96","method":"GET","path":"/api/v1/release-orders/:id","status":200,"duration_ms":12}
{"request_id":"rcc-579ffce0d166330002e146099194ecba","method":"GET","path":"/api/v1/table-field-policies/:table_name","status":200,"duration_ms":8}
{"request_id":"rcc-d476cb0cdba5e82f660a5ae2a5e8a21e","method":"GET","path":"/api/v1/release-orders/:id/details","status":200,"duration_ms":9}
{"request_id":"rcc-0e3ff1b632cf9b199d941abc826f23ab","method":"GET","path":"/api/v1/release-orders/:id/people","status":200,"duration_ms":16}
{"request_id":"rcc-af23d55b02bdf0d79f0cc804fcbdd846","method":"GET","path":"/api/v1/release-orders/:id/details","status":200,"duration_ms":8}
{"request_id":"rcc-384f072db9fd36f29ee84f8f11651ea9","method":"POST","path":"/api/v1/release-orders/:id/execute","status":200,"duration_ms":106}
{"request_id":"rcc-36e3f4ae036ac6b8ad627da042e44071","method":"GET","path":"/api/v1/approval-notifications","status":200,"duration_ms":3}
{"request_id":"rcc-e646fcf6450028e1be1237c5e66aa1f4","method":"GET","path":"/api/v1/release-orders/:id","status":200,"duration_ms":12}
{"request_id":"rcc-d6ba4f62f5f8863fe52127f24273bbb1","method":"GET","path":"/api/v1/release-orders/:id/people","status":200,"duration_ms":15}
{"request_id":"rcc-8430c35722eef536f3562301890c286a","method":"GET","path":"/api/v1/release-orders/:id/details","status":200,"duration_ms":6}
{"request_id":"rcc-a49b5bafe61c816d7aedcbe47dc4eb1d","method":"GET","path":"/api/v1/auth/session","status":200,"duration_ms":1}
{"request_id":"rcc-5cb350ed6d69809708521fbddfc93e29","method":"GET","path":"/api/v1/auth/session","status":200,"duration_ms":1}
{"request_id":"rcc-44d64c876f9ee6c020683d45d677b5e1","method":"GET","path":"/api/v1/approval-notifications","status":200,"duration_ms":2}
{"request_id":"rcc-238c3875f743d4aa78a5b17633abe730","method":"GET","path":"/api/v1/release-orders/:id","status":200,"duration_ms":11}
{"request_id":"rcc-30c6bd15cc3a37d1b40e234fb55160ac","method":"POST","path":"/api/v1/tables/:table_name/query","status":200,"duration_ms":18}
{"request_id":"rcc-72d521c79f84bc081d326c7708568882","method":"GET","path":"/api/v1/table-field-policies/:table_name","status":200,"duration_ms":7}
{"request_id":"rcc-2e3eadc188dc39be28b24961e9764662","method":"GET","path":"/api/v1/release-orders/:id/details","status":200,"duration_ms":9}
{"request_id":"rcc-fae2bba3133d74f842d7ffe6b9626f4d","method":"POST","path":"/api/v1/release-orders/:id/notification-read","status":200,"duration_ms":16}
{"request_id":"rcc-84f5e9f3f794018f169460e99c8d5a06","method":"GET","path":"/api/v1/release-orders/:id/people","status":200,"duration_ms":15}
{"request_id":"rcc-fcac7962cfc477d2dababb3d8d022141","method":"GET","path":"/api/v1/approval-notifications","status":200,"duration_ms":2}
{"request_id":"rcc-4d1c72912fae579166a9bc4bdb948501","method":"GET","path":"/api/v1/release-orders/:id","status":200,"duration_ms":11}
{"request_id":"rcc-0e9bfd739d509b8da99b9b4c0912fd2f","method":"POST","path":"/api/v1/release-orders/:id/quick-rollback/preview","status":200,"duration_ms":126}
{"request_id":"rcc-4c212ead1b76b0c970330ba4ee4bc46d","method":"GET","path":"/api/v1/approval-notifications","status":200,"duration_ms":2}
{"request_id":"rcc-55ee252b3924b30c3a7052f55820afa7","method":"GET","path":"/api/v1/release-orders/:id","status":200,"duration_ms":11}
{"request_id":"rcc-7c71362b0c0ba6cf8c7fb37c11fbfd62","method":"GET","path":"/api/v1/release-orders/:id/people","status":200,"duration_ms":12}
{"request_id":"rcc-5d696526e3209b1229b0d5d0ded90abd","method":"GET","path":"/api/v1/release-orders/:id/details","status":200,"duration_ms":6}
{"request_id":"rcc-d980a465c7e9b7b676ec737ab411556f","method":"GET","path":"/api/v1/auth/session","status":200,"duration_ms":1}
{"request_id":"rcc-ca7539152da67dd698bc982154a482e9","method":"GET","path":"/api/v1/release-orders/:id","status":200,"duration_ms":9}
{"request_id":"rcc-42df23f8935753983bf6d169eff5486b","method":"GET","path":"/api/v1/auth/session","status":200,"duration_ms":1}
{"request_id":"rcc-19ce829829ccd522f689d69b27415445","method":"GET","path":"/api/v1/release-orders/:id/details","status":200,"duration_ms":6}
{"request_id":"rcc-8eeaf96f12d5046606f801388c6d9342","method":"GET","path":"/api/v1/auth/session","status":200,"duration_ms":1}
{"request_id":"rcc-64bbdc4b7373770fc395dd7269c21338","method":"POST","path":"/api/v1/tables/:table_name/query","status":200,"duration_ms":13}
{"request_id":"rcc-d1fe7d059a08b7a4b5dd83a27640a756","method":"GET","path":"/api/v1/release-orders/:id","status":200,"duration_ms":11}
{"request_id":"rcc-34a93e52667de67d230551d2c5b2754c","method":"POST","path":"/api/v1/release-orders/:id/quick-rollback/preview","status":200,"duration_ms":119}
{"request_id":"rcc-fc8512c4b54438267b22f3cd281cbf6f","method":"GET","path":"/api/v1/approval-notifications","status":200,"duration_ms":3}
{"request_id":"rcc-760b788f478e43d106ca577d9bd0040c","method":"GET","path":"/api/v1/release-orders/:id","status":200,"duration_ms":12}
{"request_id":"rcc-78e54b0482224af8dab9863d4048b77e","method":"GET","path":"/api/v1/release-orders/:id/people","status":200,"duration_ms":13}
{"request_id":"rcc-6d009408b221f288cef1918d0fcf75f3","method":"POST","path":"/api/v1/release-orders/:id/quick-rollback","status":200,"duration_ms":104}
{"request_id":"rcc-e80f83feaed075025d9f029f0d8bfdd8","method":"GET","path":"/api/v1/approval-notifications","status":200,"duration_ms":2}
{"request_id":"rcc-5b99e720d5c882170b7e7bfedf28490f","method":"GET","path":"/api/v1/release-orders/:id","status":200,"duration_ms":9}
{"request_id":"rcc-98693d9410379d64bba8f62cdb7fe87c","method":"GET","path":"/api/v1/release-orders/:id/details","status":200,"duration_ms":5}
{"request_id":"rcc-369cc3dba11a229273b9e081a0c90260","method":"GET","path":"/api/v1/auth/session","status":200,"duration_ms":2}
{"request_id":"rcc-ce2ea71b730bc7cb56f34323f179036d","method":"GET","path":"/api/v1/approval-notifications","status":200,"duration_ms":4}
{"request_id":"rcc-61ae763d1655a3fbf2360cf229e7f133","method":"GET","path":"/api/v1/release-orders/:id","status":200,"duration_ms":13}
{"request_id":"rcc-1391f0b9078b2dd60f1ab596b5dd72d6","method":"GET","path":"/api/v1/table-field-policies/:table_name","status":200,"duration_ms":8}
{"request_id":"rcc-ae05e4bbb1634fc47de40cc013bd306f","method":"GET","path":"/api/v1/release-orders/:id/details","status":200,"duration_ms":9}
{"request_id":"rcc-6ec60dd128c6eb056eb8d696c35cda67","method":"GET","path":"/api/v1/release-orders/:id/people","status":200,"duration_ms":15}
{"request_id":"rcc-69e3087fb697bcea2c32f848bdb619b5","method":"GET","path":"/api/v1/release-orders/:id","status":200,"duration_ms":11}
{"request_id":"rcc-847b7649326841b3671dc1457305f4db","method":"POST","path":"/api/v1/release-orders/:id/quick-rollback","status":200,"duration_ms":24}
{"request_id":"rcc-2291c292689ba14e7e3d7331afc4164c","method":"GET","path":"/api/v1/approval-notifications","status":200,"duration_ms":3}
{"request_id":"rcc-1c2744664b4ad8fcc2ffed87960d803b","method":"GET","path":"/api/v1/release-orders/:id","status":200,"duration_ms":12}
{"request_id":"rcc-e5066ca98f35a5e668a8fbc5c267c3eb","method":"GET","path":"/api/v1/release-orders/:id/people","status":200,"duration_ms":13}
{"request_id":"rcc-518e36165758b6516f61850d7ac463c0","method":"GET","path":"/api/v1/auth/session","status":200,"duration_ms":1}
{"request_id":"rcc-fc29366804da03cad73f21a32bc02535","method":"GET","path":"/api/v1/approval-notifications","status":200,"duration_ms":2}
{"request_id":"rcc-c6ff7fd8f86fc8b727817e97781bc687","method":"GET","path":"/api/v1/release-orders/:id","status":200,"duration_ms":11}
{"request_id":"rcc-c90fe9e6c6b2ede57617f240c761ba9f","method":"GET","path":"/api/v1/auth/session","status":200,"duration_ms":1}
{"request_id":"rcc-302d5d07c4f2f45025aec42e2be7413d","method":"GET","path":"/api/v1/release-orders/:id/details","status":200,"duration_ms":7}
{"request_id":"rcc-9a744ace766a02318428d06fbcab8400","method":"GET","path":"/api/v1/auth/session","status":200,"duration_ms":1}
{"request_id":"rcc-1829cec6591cac06e02d7c81230f9838","method":"POST","path":"/api/v1/tables/:table_name/query","status":200,"duration_ms":16}
{"request_id":"rcc-d7bbe6e7868c6b0d10f01d18069bb912","method":"GET","path":"/api/v1/auth/session","status":200,"duration_ms":1}
{"request_id":"rcc-9ba28b241613a447a108c5380d51ec6c","method":"GET","path":"/api/v1/auth/session","status":200,"duration_ms":1}
{"request_id":"rcc-a3e2e4166cb5238c5a7af16d7205affb","method":"GET","path":"/api/v1/auth/session","status":200,"duration_ms":1}
{"request_id":"rcc-65cc089bc652d928a8c7b0c9bf4daf7c","method":"GET","path":"/api/v1/release-orders/:id","status":200,"duration_ms":9}
{"request_id":"rcc-52ee8db9ba6deb4e60d6fe77e1c771df","method":"GET","path":"/api/v1/auth/session","status":200,"duration_ms":1}
{"request_id":"rcc-1b540e6c2432f7283dd6a4ff4b28db5a","method":"GET","path":"/api/v1/release-orders/:id/details","status":200,"duration_ms":5}
{"request_id":"rcc-0bbaf22918072805af5d5b6a10aafb01","method":"GET","path":"/api/v1/auth/csrf","status":200,"duration_ms":7}
{"request_id":"rcc-62ad7a397e9393409aec0ffa083b357c","method":"POST","path":"/api/v1/auth/register","status":201,"duration_ms":41}
{"request_id":"rcc-7ecd10527038a92712f1ce6f102ea50f","method":"GET","path":"/api/v1/auth/session","status":200,"duration_ms":1}
{"request_id":"rcc-390c8cc8740580c9ce4ab2e6560c02b3","method":"GET","path":"/api/v1/account-roles","status":200,"duration_ms":1}
{"request_id":"rcc-c4e2ba456fd206845eb4db12570726d6","method":"GET","path":"/api/v1/auth/session","status":200,"duration_ms":0}
{"request_id":"rcc-ac51f03feeabb2b68f350e8e452ee975","method":"PUT","path":"/api/v1/account-roles/:id","status":200,"duration_ms":12}
{"request_id":"rcc-3c26055f02202b953ed6c94d27fca9c7","method":"GET","path":"/api/v1/auth/session","status":200,"duration_ms":1}
{"request_id":"rcc-045575fa3e44ea61ee98061233e02d53","method":"POST","path":"/api/v1/release-orders","status":201,"duration_ms":31}
{"request_id":"rcc-8849470da33d11d4585ee152ab424257","method":"GET","path":"/api/v1/auth/session","status":200,"duration_ms":0}
{"request_id":"rcc-ea51b2002bc88932e1387bad0fc90ac4","method":"POST","path":"/api/v1/release-orders/:id/submit","status":200,"duration_ms":68}
{"request_id":"rcc-5c17e9b8f54f9e75d5576cac1a2d1750","method":"GET","path":"/api/v1/auth/session","status":200,"duration_ms":1}
{"request_id":"rcc-e744eaa8436410f6660ed55a1d82a025","method":"GET","path":"/api/v1/release-orders/:id","status":200,"duration_ms":8}
{"request_id":"rcc-e08605e24f92e8ba904da2165bc41724","method":"GET","path":"/api/v1/auth/session","status":200,"duration_ms":0}
{"request_id":"rcc-4a2498b112104fce504721921d15ca0c","method":"POST","path":"/api/v1/release-orders/:id/approve","status":200,"duration_ms":30}
{"request_id":"rcc-719bd322dda20301aa03a5eafe11d075","method":"GET","path":"/api/v1/auth/session","status":200,"duration_ms":1}
{"request_id":"rcc-2a2f335f001adcad36abaa3b2e5eaa6d","method":"POST","path":"/api/v1/release-orders/:id/execute","status":200,"duration_ms":85}
{"request_id":"rcc-496a63c1ee5e8e0e4669e8265afa531d","method":"GET","path":"/api/v1/approval-notifications","status":200,"duration_ms":4}
{"request_id":"rcc-7a2b0ff903415fbefa8e48ba42e5d749","method":"GET","path":"/api/v1/release-orders","status":200,"duration_ms":34}
{"request_id":"rcc-9d23e711f84d44e7b28389b19d4d5094","method":"GET","path":"/api/v1/approval-notifications","status":200,"duration_ms":3}
{"request_id":"rcc-e9b1348d2f0f6d1cc32066ab674fdb76","method":"GET","path":"/api/v1/release-orders/:id","status":200,"duration_ms":12}
{"request_id":"rcc-5debb502a283ffdbebbc4e76792a5f75","method":"GET","path":"/api/v1/table-field-policies/:table_name","status":200,"duration_ms":6}
{"request_id":"rcc-5c9d1e6563e991c380cbfac0b724c01c","method":"GET","path":"/api/v1/release-orders/:id/details","status":200,"duration_ms":7}
{"request_id":"rcc-88263831d2a0f54d5a42c664fba717ab","method":"GET","path":"/api/v1/release-orders/:id/people","status":200,"duration_ms":14}
{"request_id":"rcc-75efd0af9965819a185685d99078e9c3","method":"GET","path":"/api/v1/release-orders/:id","status":200,"duration_ms":11}
{"request_id":"rcc-3346a9ab6db72ecaefb2cb1bee880ace","method":"POST","path":"/api/v1/release-orders/:id/quick-rollback/preview","status":200,"duration_ms":127}
{"request_id":"rcc-8c08b7b1189fa1b272af0cc9a8076092","method":"GET","path":"/api/v1/approval-notifications","status":200,"duration_ms":3}
{"request_id":"rcc-68ed183f785c662930459384fa70c626","method":"GET","path":"/api/v1/release-orders/:id","status":200,"duration_ms":10}
{"request_id":"rcc-a20695c14b4bf0c220ad9e57aca1605f","method":"GET","path":"/api/v1/release-orders/:id/people","status":200,"duration_ms":11}
{"request_id":"rcc-f1ba89b36cc586c4a90dc794a88a725d","method":"GET","path":"/api/v1/release-orders/:id/details","status":200,"duration_ms":6}
{"request_id":"rcc-0c864e15b65c130c1156017fd30ad0b9","method":"GET","path":"/api/v1/auth/session","status":200,"duration_ms":1}
{"request_id":"rcc-691f4a8293311583035249bb6e974c2f","method":"GET","path":"/api/v1/release-orders/:id","status":200,"duration_ms":10}
{"request_id":"rcc-d5ad057a9f62a514bee74a3e4c155c72","method":"GET","path":"/api/v1/auth/session","status":200,"duration_ms":1}
{"request_id":"rcc-4c82d4698ef49782a1312423e3211989","method":"POST","path":"/api/v1/release-orders/:id/complete","status":200,"duration_ms":33}
{"request_id":"rcc-f56b56af18c55658d80289e2c90c7569","method":"GET","path":"/api/v1/auth/session","status":200,"duration_ms":1}
{"request_id":"rcc-e835abdd3a4b594eafa551fdb134b63f","method":"GET","path":"/api/v1/release-orders/:id","status":200,"duration_ms":7}
{"request_id":"rcc-dce2e32958d97bf0065e643f345c404d","method":"GET","path":"/api/v1/auth/session","status":200,"duration_ms":1}
{"request_id":"rcc-c6246ee0f6fb58c5201c6af8a3dce265","method":"GET","path":"/api/v1/release-orders/:id/details","status":200,"duration_ms":5}
{"request_id":"rcc-c02d1cd0c2409f67de61b61f8ca9f488","method":"POST","path":"/api/v1/release-orders/:id/quick-rollback","status":409,"duration_ms":11}
{"request_id":"rcc-843092090a1b8dc6b353174a60ab4792","method":"GET","path":"/api/v1/approval-notifications","status":200,"duration_ms":2}
{"request_id":"rcc-63b28b35e4887756a149b4c090015e63","method":"GET","path":"/api/v1/release-orders/:id","status":200,"duration_ms":9}
{"request_id":"rcc-83de95880786a647738cb3e439dbc983","method":"GET","path":"/api/v1/release-orders/:id/details","status":200,"duration_ms":7}
{"request_id":"rcc-a7db746487d8b09ddd95142bb8f2265d","method":"GET","path":"/api/v1/release-orders/:id","status":200,"duration_ms":11}
{"request_id":"rcc-3be9aca49f7d4e005f83fcdc4c056556","method":"GET","path":"/api/v1/release-orders/:id/details","status":200,"duration_ms":6}
{"request_id":"rcc-635707246952e899f8ee5961c21845c3","method":"GET","path":"/api/v1/table-field-policies/:table_name","status":200,"duration_ms":5}
{"request_id":"rcc-ae7d0e94f831d7da1bd6544be006b6e1","method":"GET","path":"/api/v1/auth/session","status":200,"duration_ms":1}
{"request_id":"rcc-15d2628bb7782d31eee5ec781ae967af","method":"GET","path":"/api/v1/release-orders/:id","status":200,"duration_ms":10}
{"request_id":"rcc-84adf97422dab005e8bd88d21f5d27cf","method":"GET","path":"/api/v1/auth/session","status":200,"duration_ms":1}
{"request_id":"rcc-b05565ec3c3e3ab60f0a419b9cdf91c7","method":"GET","path":"/api/v1/release-orders/:id/details","status":200,"duration_ms":6}
{"request_id":"rcc-739e9460fac660cb550bd077cdafec5c","method":"GET","path":"/api/v1/auth/session","status":200,"duration_ms":1}
{"request_id":"rcc-5dd3c59aaec3254e563b429d91c78bee","method":"POST","path":"/api/v1/tables/:table_name/query","status":200,"duration_ms":14}
{"request_id":"rcc-58f6b3e7c0723406e8aa7ec03cc6897e","method":"GET","path":"/api/v1/auth/csrf","status":200,"duration_ms":8}
{"request_id":"rcc-92b85b18f04625a1cb62817cb80a8e05","method":"POST","path":"/api/v1/auth/register","status":201,"duration_ms":44}
{"request_id":"rcc-fd173c28a4176176093fc406255dfc79","method":"GET","path":"/api/v1/auth/session","status":200,"duration_ms":1}
{"request_id":"rcc-ef883437ead9d3be0faded6deb2f9c8c","method":"GET","path":"/api/v1/account-roles","status":200,"duration_ms":2}
{"request_id":"rcc-cd23f0c087a091eea86202e17d206797","method":"GET","path":"/api/v1/auth/session","status":200,"duration_ms":1}
{"request_id":"rcc-4196a687868a78fcfe511d316cd42f80","method":"PUT","path":"/api/v1/account-roles/:id","status":200,"duration_ms":13}
{"request_id":"rcc-21d35b1b13bc05f4d3a17388939b53b0","method":"GET","path":"/api/v1/auth/csrf","status":200,"duration_ms":8}
{"request_id":"rcc-417ac398cc9e45b6f7f7f3d86e727081","method":"POST","path":"/api/v1/auth/register","status":201,"duration_ms":43}
{"request_id":"rcc-f4d747b1dc82997abe717892d5a1488c","method":"GET","path":"/api/v1/auth/session","status":200,"duration_ms":1}
{"request_id":"rcc-c032ec0c6ea7c95353d9e6eab8527dbd","method":"GET","path":"/api/v1/account-roles","status":200,"duration_ms":1}
{"request_id":"rcc-3a400dad3a2038e63b022320636220ca","method":"GET","path":"/api/v1/auth/session","status":200,"duration_ms":1}
{"request_id":"rcc-3ff0118de7aab0727ac8267968041a0f","method":"PUT","path":"/api/v1/account-roles/:id","status":200,"duration_ms":13}
{"request_id":"rcc-689a1c185d4e8b02ac24af4283bd024d","method":"GET","path":"/api/v1/auth/csrf","status":200,"duration_ms":8}
{"request_id":"rcc-1a1e8e8e9e208d15910d3d0bcf3ff63c","method":"POST","path":"/api/v1/auth/register","status":201,"duration_ms":43}
{"request_id":"rcc-08241fd8ba214b48ad08e1a99c8a9484","method":"GET","path":"/api/v1/auth/session","status":200,"duration_ms":1}
{"request_id":"rcc-0fab68235495e7427939cdb81e9d5c4c","method":"GET","path":"/api/v1/account-roles","status":200,"duration_ms":1}
{"request_id":"rcc-0a9c76dd57aac5e8b75b0cf5a7b90b62","method":"GET","path":"/api/v1/auth/session","status":200,"duration_ms":1}
{"request_id":"rcc-42c3c5d65a05a01be6e6125633d291e0","method":"GET","path":"/api/v1/table-policies/:table_name/release-templates","status":200,"duration_ms":4}
{"request_id":"rcc-d532a92f6743d9d7a0b82e5f21255304","method":"GET","path":"/api/v1/auth/session","status":200,"duration_ms":1}
{"request_id":"rcc-ec469b0e53e6b9de6dc1b83a5477465c","method":"PUT","path":"/api/v1/table-policies/:table_name/release-templates/:release_type","status":200,"duration_ms":11}
{"request_id":"rcc-1b65dd8684335f70c92d04d740cc5e56","method":"GET","path":"/api/v1/auth/session","status":200,"duration_ms":1}
{"request_id":"rcc-bf2b13bb3b8ff434611c4e5bca4e164d","method":"GET","path":"/api/v1/auth/session","status":200,"duration_ms":1}
{"request_id":"rcc-0395750f327f9963003aa77fb31b82ba","method":"POST","path":"/api/v1/approval-roles","status":201,"duration_ms":17}
{"request_id":"rcc-7be8247b01f8a9ea4c11988d30e97972","method":"GET","path":"/api/v1/auth/session","status":200,"duration_ms":1}
{"request_id":"rcc-ab1cf351283dc38cd58c31e8b1b4e6cf","method":"GET","path":"/api/v1/table-policies/:table_name/approval-roles","status":200,"duration_ms":4}
{"request_id":"rcc-a4c76bf806caaac87c3b8f25f4dd9150","method":"GET","path":"/api/v1/auth/session","status":200,"duration_ms":1}
{"request_id":"rcc-6375f83df0aaf46ed3b37b55b45d1054","method":"PUT","path":"/api/v1/table-policies/:table_name/approval-roles","status":200,"duration_ms":21}
{"request_id":"rcc-db1cb3de07202178dca9fdeddbdea085","method":"GET","path":"/api/v1/auth/csrf","status":200,"duration_ms":7}
{"request_id":"rcc-2e714c38931a63f529c982a40a395e60","method":"POST","path":"/api/v1/auth/register","status":201,"duration_ms":44}
{"request_id":"rcc-dbc6364a82a67c55d9997dc658673652","method":"GET","path":"/api/v1/auth/session","status":200,"duration_ms":1}
{"request_id":"rcc-723b3b2ddb75fcb4828bb43141ad3c6f","method":"GET","path":"/api/v1/account-roles","status":200,"duration_ms":2}
{"request_id":"rcc-b1f48540513ad6cb2ce2fb3110ac7e48","method":"GET","path":"/api/v1/auth/session","status":200,"duration_ms":1}
{"request_id":"rcc-4fe1dd7e705abce02526cea5bb6e52ac","method":"PUT","path":"/api/v1/account-roles/:id","status":200,"duration_ms":13}
{"request_id":"rcc-c807439dcb51750894c1c13b4868ab90","method":"GET","path":"/api/v1/auth/session","status":200,"duration_ms":1}
{"request_id":"rcc-163a5cceac410c3c071897423d44184f","method":"POST","path":"/api/v1/tables/:table_name/query","status":200,"duration_ms":14}
{"request_id":"rcc-2a0984880841276e20f91bd65de89844","method":"GET","path":"/api/v1/auth/session","status":200,"duration_ms":1}
{"request_id":"rcc-83a01118a5572dc5bedc0d455fa9b094","method":"POST","path":"/api/v1/release-orders","status":201,"duration_ms":32}
{"request_id":"rcc-5c6583e5fac83bdd5b86cdb501bd4118","method":"GET","path":"/api/v1/auth/session","status":200,"duration_ms":2}
{"request_id":"rcc-75cbba34afbf3b27516ad20dfb64cc96","method":"GET","path":"/api/v1/approval-notifications","status":200,"duration_ms":3}
{"request_id":"rcc-fa5a0ea2d1bb7c6c46e7891eb12abf0e","method":"GET","path":"/api/v1/release-orders/:id","status":200,"duration_ms":18}
{"request_id":"rcc-70bf81206d8d02bf1d95b164bc927896","method":"GET","path":"/api/v1/release-orders/:id/details","status":200,"duration_ms":9}
{"request_id":"rcc-30bdbf7e5469da62a9efa51a2aa00376","method":"GET","path":"/api/v1/table-field-policies/:table_name","status":200,"duration_ms":6}
{"request_id":"rcc-04b7670607fff204beacabab02c1a530","method":"GET","path":"/api/v1/release-orders/:id/people","status":200,"duration_ms":15}
{"request_id":"rcc-0120883ea49fbbf902dba5ed39380e0c","method":"GET","path":"/api/v1/release-orders/:id/details","status":200,"duration_ms":6}
{"request_id":"rcc-161dad8107955aa3cf6de0162bcf5d83","method":"POST","path":"/api/v1/auth/activity","status":200,"duration_ms":11}
{"request_id":"rcc-d6ff2225ef308d4d53b78762ba7886d4","method":"POST","path":"/api/v1/release-orders/:id/submit","status":200,"duration_ms":100}
{"request_id":"rcc-12043bb1b0b1669e2becabfbc1b3b9e0","method":"GET","path":"/api/v1/approval-notifications","status":200,"duration_ms":2}
{"request_id":"rcc-8a980c9348903cb48c3372aaefa1b9e7","method":"GET","path":"/api/v1/release-orders/:id","status":200,"duration_ms":11}
{"request_id":"rcc-07ed26ca8fcd57556c1949b2bfee86a7","method":"GET","path":"/api/v1/release-orders/:id/people","status":200,"duration_ms":9}
{"request_id":"rcc-26afcf5c2d4260cc4e78c1070a1344b3","method":"GET","path":"/api/v1/release-orders/:id/details","status":200,"duration_ms":5}
{"request_id":"rcc-02d2ea18302d482b16739bf628b78821","method":"GET","path":"/api/v1/auth/session","status":200,"duration_ms":1}
{"request_id":"rcc-2c7f5bd3798cdf4f779d4d837c603df8","method":"GET","path":"/api/v1/approval-notifications","status":200,"duration_ms":4}
{"request_id":"rcc-a5aa27ce4861bc9475baf853c671b64e","method":"GET","path":"/api/v1/release-orders/:id","status":200,"duration_ms":11}
{"request_id":"rcc-76a5b620f2d834474622e16ee6f00614","method":"GET","path":"/api/v1/release-orders/:id/details","status":200,"duration_ms":9}
{"request_id":"rcc-3b5217ba2a4e79b0c32d03443baa0ae8","method":"GET","path":"/api/v1/table-field-policies/:table_name","status":200,"duration_ms":9}
{"request_id":"rcc-278e3eef7027e82dcb69a695bc819c10","method":"POST","path":"/api/v1/release-orders/:id/notification-read","status":200,"duration_ms":14}
{"request_id":"rcc-7a40e78c2048bfab855d87ef7852b18b","method":"GET","path":"/api/v1/release-orders/:id/people","status":200,"duration_ms":14}
{"request_id":"rcc-852c8ecdb8bb4b0cee403f0df2658168","method":"GET","path":"/api/v1/approval-notifications","status":200,"duration_ms":2}
{"request_id":"rcc-ea5fe494f48921b285fec3f7fe29489b","method":"GET","path":"/api/v1/release-orders/:id/details","status":200,"duration_ms":7}
{"request_id":"rcc-b6dfda43a323ec922c9a663b02894a75","method":"POST","path":"/api/v1/auth/activity","status":200,"duration_ms":8}
{"request_id":"rcc-3a2070287c6bcf41e506db5695cad459","method":"POST","path":"/api/v1/release-orders/:id/approve","status":200,"duration_ms":43}
{"request_id":"rcc-0d5bc3b64614022c85c92df048cee33e","method":"GET","path":"/api/v1/approval-notifications","status":200,"duration_ms":2}
{"request_id":"rcc-6fa473ca8c9d231b2d8f3502d532ca61","method":"GET","path":"/api/v1/release-orders/:id","status":200,"duration_ms":13}
{"request_id":"rcc-13538e0a80d1d9aba6871f087851b769","method":"GET","path":"/api/v1/release-orders/:id/people","status":200,"duration_ms":15}
{"request_id":"rcc-d7ca6f44b33161015d820beb1c0b0637","method":"GET","path":"/api/v1/release-orders/:id/details","status":200,"duration_ms":7}
{"request_id":"rcc-75ae9f27e3589a5173a39b960c6fbb3d","method":"GET","path":"/api/v1/auth/session","status":200,"duration_ms":1}
{"request_id":"rcc-22604072e16a99a64583b837fce0dac7","method":"GET","path":"/api/v1/approval-notifications","status":200,"duration_ms":2}
{"request_id":"rcc-5612388430a827a1e63f456f9b39b010","method":"GET","path":"/api/v1/release-orders/:id","status":200,"duration_ms":9}
{"request_id":"rcc-fc501e2f8f1cd5fbe73536ca5260fede","method":"GET","path":"/api/v1/release-orders/:id/details","status":200,"duration_ms":5}
{"request_id":"rcc-3e758913f218db51f390bc05dd57c5e6","method":"GET","path":"/api/v1/table-field-policies/:table_name","status":200,"duration_ms":7}
{"request_id":"rcc-1607d53c355dbbf0a57c97c01e6529b6","method":"GET","path":"/api/v1/release-orders/:id/people","status":200,"duration_ms":11}
{"request_id":"rcc-bf44cd5f60d20d4d2ef6774851c51994","method":"GET","path":"/api/v1/release-orders/:id/details","status":200,"duration_ms":10}
{"request_id":"rcc-7d8e2546a23873193a698411d8e0333e","method":"POST","path":"/api/v1/auth/activity","status":200,"duration_ms":8}
{"request_id":"rcc-a40f66f188db88fe02ff323e1d4fcf37","method":"POST","path":"/api/v1/release-orders/:id/execute","status":200,"duration_ms":123}
{"request_id":"rcc-a8e3681f769c4225478afbecf13730e4","method":"GET","path":"/api/v1/approval-notifications","status":200,"duration_ms":3}
{"request_id":"rcc-264828e2d3b33b6c9f766a658b346164","method":"GET","path":"/api/v1/release-orders/:id","status":200,"duration_ms":15}
{"request_id":"rcc-8d37c01a92aa268a5b119edf493d8c91","method":"GET","path":"/api/v1/release-orders/:id/people","status":200,"duration_ms":14}
{"request_id":"rcc-8799d04dfd1ed732efed28ee50f73cd1","method":"GET","path":"/api/v1/release-orders/:id/details","status":200,"duration_ms":6}
{"request_id":"rcc-c5c4b4888490b613991df05aa8bcf9f1","method":"GET","path":"/api/v1/auth/session","status":200,"duration_ms":1}
{"request_id":"rcc-530482372309eae72dfc6650e5b0f59c","method":"POST","path":"/api/v1/tables/:table_name/query","status":200,"duration_ms":16}
{"request_id":"rcc-a95cd2baaeeb4c4df5366b4b02e77b6d","method":"GET","path":"/api/v1/release-orders/:id/details","status":200,"duration_ms":5}
{"request_id":"rcc-36e476ab61b79af045a5390441da46a7","method":"GET","path":"/api/v1/auth/session","status":200,"duration_ms":3}
{"request_id":"rcc-0f3cfca536a55d4fdeaf777ea17ec3ad","method":"GET","path":"/api/v1/release-orders/:id","status":200,"duration_ms":13}
{"request_id":"rcc-05d55d31b37a9bf25fa0686a80ba10b1","method":"GET","path":"/api/v1/auth/session","status":200,"duration_ms":1}
{"request_id":"rcc-4bead52714248ae0052e235f6f5b204b","method":"GET","path":"/api/v1/release-orders/:id/details","status":200,"duration_ms":5}
{"request_id":"rcc-dec028d6e129d06d6cc7aa6b1d6bc3bb","method":"GET","path":"/api/v1/release-orders/:id/details","status":200,"duration_ms":8}
{"request_id":"rcc-b7f8ef130c8cc35129d20a5e659f9099","method":"POST","path":"/api/v1/release-orders/:id/complete","status":200,"duration_ms":43}
{"request_id":"rcc-61420b6e58d91ed1cc2a56b454ceb1b9","method":"GET","path":"/api/v1/approval-notifications","status":200,"duration_ms":3}
{"request_id":"rcc-d727c27738c0bfd0f30873832b5f403e","method":"GET","path":"/api/v1/release-orders/:id","status":200,"duration_ms":8}
{"request_id":"rcc-4885c6ecf76e0aca181c432b10b364f4","method":"GET","path":"/api/v1/release-orders/:id/details","status":200,"duration_ms":6}
{"request_id":"rcc-b051106044359a89aeb989c3e0b92bb6","method":"GET","path":"/api/v1/auth/session","status":200,"duration_ms":2}
{"request_id":"rcc-20dc301553d7d132d13e1837bd55f121","method":"GET","path":"/api/v1/approval-notifications","status":200,"duration_ms":2}
{"request_id":"rcc-d311a13bd3d20fbb479489dabb439c41","method":"GET","path":"/api/v1/release-orders/:id","status":200,"duration_ms":10}
{"request_id":"rcc-eab5a2bad09516acde122f69f63ee988","method":"GET","path":"/api/v1/release-orders/:id/details","status":200,"duration_ms":8}
{"request_id":"rcc-84c070259d1ef38ace42cd8bf6fdfd6e","method":"GET","path":"/api/v1/table-field-policies/:table_name","status":200,"duration_ms":5}
{"request_id":"rcc-901b65ac4b8c3748a258576ef165968a","method":"GET","path":"/api/v1/release-orders/:id/people","status":200,"duration_ms":10}
{"request_id":"rcc-03328835dd3b9e3558ab35bb2d3a83a8","method":"GET","path":"/api/v1/release-orders/:id/details","status":200,"duration_ms":8}
{"request_id":"rcc-fe541186661c497fa4c86fab65649e04","method":"POST","path":"/api/v1/release-orders/:id/complete","status":200,"duration_ms":19}
{"request_id":"rcc-3aa0bfd46521a4d12f61b1e29da73c96","method":"GET","path":"/api/v1/approval-notifications","status":200,"duration_ms":2}
{"request_id":"rcc-891363d4e7ae4b16ce29ddaa31550124","method":"GET","path":"/api/v1/release-orders/:id","status":200,"duration_ms":10}
{"request_id":"rcc-e0129e185a60032bf07b41e928f8b5e7","method":"GET","path":"/api/v1/release-orders/:id/people","status":200,"duration_ms":11}
{"request_id":"rcc-24ccad96b410d783553b9f56c78597b6","method":"GET","path":"/api/v1/auth/session","status":200,"duration_ms":1}
{"request_id":"rcc-331d6f384c686b4844ebe05c2ba77132","method":"POST","path":"/api/v1/tables/:table_name/query","status":200,"duration_ms":20}
{"request_id":"rcc-79ec02a34e1c53b9481f750019bb0c55","method":"GET","path":"/api/v1/auth/session","status":200,"duration_ms":2}
{"request_id":"rcc-a00c568b17a9d27792cadf0e9bcc8f50","method":"GET","path":"/api/v1/release-orders/:id","status":200,"duration_ms":7}
{"request_id":"rcc-9f66e6f03ab8101d10136606132eac98","method":"GET","path":"/api/v1/auth/session","status":200,"duration_ms":1}
{"request_id":"rcc-9dce0a3c77592d2cbafa880a5645715c","method":"GET","path":"/api/v1/release-orders/:id/details","status":200,"duration_ms":6}
{"request_id":"rcc-51ddf23f43e528882f09cdeec5704497","method":"GET","path":"/api/v1/auth/session","status":200,"duration_ms":1}
{"request_id":"rcc-dd00575fa2e292d704aff63b929edf7a","method":"GET","path":"/api/v1/approval-notifications","status":200,"duration_ms":2}
{"request_id":"rcc-772776b2a622d6f943a1b5ba18be5d07","method":"GET","path":"/api/v1/release-orders/:id","status":200,"duration_ms":13}
{"request_id":"rcc-df0656d0c6b705571fd3b12576c5e3e5","method":"GET","path":"/api/v1/auth/session","status":200,"duration_ms":2}
{"request_id":"rcc-3fccfb9f59f50c770096861583b4983e","method":"GET","path":"/api/v1/release-orders/:id/details","status":200,"duration_ms":8}
{"request_id":"rcc-2b8563fd204b78bd37678cb3226d0f1f","method":"GET","path":"/api/v1/table-field-policies/:table_name","status":200,"duration_ms":8}
{"request_id":"rcc-86976a9f114dc202344fe76e545dd8bd","method":"POST","path":"/api/v1/release-orders/:id/notification-read","status":200,"duration_ms":16}
{"request_id":"rcc-1df978297a95a2122bf533159e76b04c","method":"GET","path":"/api/v1/release-orders/:id/people","status":200,"duration_ms":14}
{"request_id":"rcc-2da3c8d6ebd66afc4bfa5234810ec24d","method":"GET","path":"/api/v1/approval-notifications","status":200,"duration_ms":2}
{"request_id":"rcc-6ccd23cb7d572f47c5720e7a8075a788","method":"POST","path":"/api/v1/release-orders","status":201,"duration_ms":55}
{"request_id":"rcc-5acec14f5038b56e15ffad9d48b9cd3f","method":"GET","path":"/api/v1/auth/session","status":200,"duration_ms":1}
{"request_id":"rcc-7f8128f83b1cada1a7ca7a6964230b35","method":"GET","path":"/api/v1/approval-notifications","status":200,"duration_ms":2}
{"request_id":"rcc-f43cd0bb4496dc4b426e5be3babd9c12","method":"GET","path":"/api/v1/release-orders/:id","status":200,"duration_ms":17}
{"request_id":"rcc-03f8d2066a7370e53d1a96ef4c52277c","method":"GET","path":"/api/v1/release-orders/:id/details","status":200,"duration_ms":7}
{"request_id":"rcc-4cf7dd8aaa0b30ac2dfd7d7e4731b81b","method":"GET","path":"/api/v1/table-field-policies/:table_name","status":200,"duration_ms":6}
{"request_id":"rcc-2e36623ff1fc6505ada0735f41c84a47","method":"GET","path":"/api/v1/release-orders/:id/people","status":200,"duration_ms":18}
{"request_id":"rcc-566dc7d81479ba8cdc998ed33e6e8a70","method":"GET","path":"/api/v1/release-orders/:id/details","status":200,"duration_ms":9}
{"request_id":"rcc-06a8ce73215b1e66e958bf48051cf8b2","method":"POST","path":"/api/v1/release-orders/:id/submit","status":200,"duration_ms":102}
{"request_id":"rcc-de9f875ac94534031c7903b66a859992","method":"GET","path":"/api/v1/approval-notifications","status":200,"duration_ms":2}
{"request_id":"rcc-1706c338a80e2ae2d7be2870558039c1","method":"GET","path":"/api/v1/release-orders/:id","status":200,"duration_ms":9}
{"request_id":"rcc-02b0add7e8beafcd2c7f72ef2c0c35e8","method":"GET","path":"/api/v1/release-orders/:id/people","status":200,"duration_ms":10}
{"request_id":"rcc-b35d92650070f5d226960e087c72bca4","method":"GET","path":"/api/v1/release-orders/:id/details","status":200,"duration_ms":6}
{"request_id":"rcc-5697f31396cf7c262ed619dfb729249a","method":"GET","path":"/api/v1/auth/session","status":200,"duration_ms":1}
{"request_id":"rcc-be97fef1b8a6ab9e69e1483b2372bfc5","method":"GET","path":"/api/v1/approval-notifications","status":200,"duration_ms":3}
{"request_id":"rcc-23fa6b44219233ba9c68235c30b96716","method":"GET","path":"/api/v1/release-orders/:id","status":200,"duration_ms":12}
{"request_id":"rcc-e8dfe93b0ea195959285d8b23bbf1c6b","method":"GET","path":"/api/v1/release-orders/:id/details","status":200,"duration_ms":7}
{"request_id":"rcc-7a0531e765215e8d6879fe2620be5944","method":"POST","path":"/api/v1/release-orders/:id/notification-read","status":200,"duration_ms":13}
{"request_id":"rcc-18f15d1c9d3897bc7e9ec560d201e860","method":"GET","path":"/api/v1/table-field-policies/:table_name","status":200,"duration_ms":5}
{"request_id":"rcc-cfcefd058ae0927bccdfd5052d892b42","method":"GET","path":"/api/v1/release-orders/:id/people","status":200,"duration_ms":12}
{"request_id":"rcc-1f96453fafb8bd9f166139ec955d0e16","method":"GET","path":"/api/v1/approval-notifications","status":200,"duration_ms":3}
{"request_id":"rcc-e984b6872615b4648e7c41d75456e276","method":"GET","path":"/api/v1/release-orders/:id/details","status":200,"duration_ms":8}
{"request_id":"rcc-2a147b158d851cdc0d67a1284bc8f0e6","method":"POST","path":"/api/v1/release-orders/:id/approve","status":200,"duration_ms":36}
{"request_id":"rcc-6ed65dba1f40aaa6a548dc28e9261854","method":"GET","path":"/api/v1/approval-notifications","status":200,"duration_ms":1}
{"request_id":"rcc-5207fdf791f473980e32f1e5223792c7","method":"GET","path":"/api/v1/release-orders/:id","status":200,"duration_ms":13}
{"request_id":"rcc-ec34cf70e451fbb71cbf4cd7b1ade236","method":"GET","path":"/api/v1/release-orders/:id/people","status":200,"duration_ms":13}
{"request_id":"rcc-1c7b9d2d68538b878e38b922a134d4ae","method":"GET","path":"/api/v1/release-orders/:id/details","status":200,"duration_ms":5}
{"request_id":"rcc-d30d7c9a8afe5028bc64812e4358884f","method":"GET","path":"/api/v1/auth/session","status":200,"duration_ms":1}
{"request_id":"rcc-ccf48d436986efd5c2125e886a4bb8c4","method":"GET","path":"/api/v1/approval-notifications","status":200,"duration_ms":2}
{"request_id":"rcc-918d2284274a739755b6e5786f370a9a","method":"GET","path":"/api/v1/release-orders/:id","status":200,"duration_ms":8}
{"request_id":"rcc-28ba8989541ec308829a1eae12ca9e66","method":"GET","path":"/api/v1/release-orders/:id/details","status":200,"duration_ms":6}
{"request_id":"rcc-2172fb3727950622ea064b483149f7cc","method":"GET","path":"/api/v1/table-field-policies/:table_name","status":200,"duration_ms":7}
{"request_id":"rcc-a62ad76ebee849e7e4f74d0dede582d2","method":"GET","path":"/api/v1/release-orders/:id/people","status":200,"duration_ms":13}
{"request_id":"rcc-a716b7cd087b3d4a3d80c7c0db7bb2dc","method":"GET","path":"/api/v1/release-orders/:id/details","status":200,"duration_ms":11}
{"request_id":"rcc-c0acbe50a89f78ac28331f9e68b6111b","method":"POST","path":"/api/v1/release-orders/:id/execute","status":200,"duration_ms":116}
{"request_id":"rcc-266cc523a17194daa429bea32c944615","method":"GET","path":"/api/v1/approval-notifications","status":200,"duration_ms":2}
{"request_id":"rcc-a4d794109a73820acff0aff35487353b","method":"GET","path":"/api/v1/release-orders/:id","status":200,"duration_ms":11}
{"request_id":"rcc-02bef450945fddc7743780abd1689c39","method":"GET","path":"/api/v1/release-orders/:id/people","status":200,"duration_ms":13}
{"request_id":"rcc-a0c20e31bfa3f9812a79b59a83a52311","method":"GET","path":"/api/v1/release-orders/:id/details","status":200,"duration_ms":6}
{"request_id":"rcc-8270ba6c34fbd91fe35febe1b18f26a1","method":"GET","path":"/api/v1/auth/session","status":200,"duration_ms":1}
{"request_id":"rcc-b1b9f347b629daa431b34fb758a680f7","method":"GET","path":"/api/v1/approval-notifications","status":200,"duration_ms":2}
{"request_id":"rcc-61146b0de8947ee6297ef0cccf486f39","method":"GET","path":"/api/v1/release-orders/:id","status":200,"duration_ms":9}
{"request_id":"rcc-be963317acf47e6da13e9e11202d9279","method":"GET","path":"/api/v1/auth/session","status":200,"duration_ms":1}
{"request_id":"rcc-38f2a8666809af51425d9ee1b0fd9454","method":"POST","path":"/api/v1/tables/:table_name/query","status":200,"duration_ms":15}
{"request_id":"rcc-5c845b3109c331804aeba30c125b1024","method":"GET","path":"/api/v1/release-orders/:id/details","status":200,"duration_ms":7}
{"request_id":"rcc-bd2cee9ae4de74c4b5e747c7c3ad1726","method":"POST","path":"/api/v1/release-orders/:id/notification-read","status":200,"duration_ms":14}
{"request_id":"rcc-f5407921421c1f3c082b3875b6699f7d","method":"GET","path":"/api/v1/table-field-policies/:table_name","status":200,"duration_ms":6}
{"request_id":"rcc-b70297a1ff8dc9c54cfc2cafb08e1d79","method":"GET","path":"/api/v1/release-orders/:id/people","status":200,"duration_ms":11}
{"request_id":"rcc-db46bae25fb57b8ebeaf4f9e6261fb3a","method":"GET","path":"/api/v1/approval-notifications","status":200,"duration_ms":3}
{"request_id":"rcc-50d9693f9f485f4fdc39c28ab5288ea4","method":"GET","path":"/api/v1/release-orders/:id","status":200,"duration_ms":11}
{"request_id":"rcc-55fbf566509ca1774fa93c2554e2ab14","method":"POST","path":"/api/v1/release-orders/:id/quick-rollback/preview","status":200,"duration_ms":137}
{"request_id":"rcc-307a4b4d877ed8da3fa26b8b01a4b277","method":"GET","path":"/api/v1/approval-notifications","status":200,"duration_ms":2}
{"request_id":"rcc-abd19e9c293e3edaaa56cc0271b738a7","method":"GET","path":"/api/v1/release-orders/:id","status":200,"duration_ms":10}
{"request_id":"rcc-0d444b62de679a2597e757e65434b3d8","method":"GET","path":"/api/v1/release-orders/:id/people","status":200,"duration_ms":9}
{"request_id":"rcc-45aeed2f5cda662daedea659f7bfa925","method":"GET","path":"/api/v1/release-orders/:id/details","status":200,"duration_ms":6}
{"request_id":"rcc-19c65e9a22728964c00da45ed74d391c","method":"GET","path":"/api/v1/release-orders/:id","status":200,"duration_ms":12}
{"request_id":"rcc-0f6ba59225814d09835ba060b264e643","method":"GET","path":"/api/v1/auth/session","status":200,"duration_ms":1}
{"request_id":"rcc-51ccc50a34c0ebcbb3c07583fe42ff08","method":"GET","path":"/api/v1/release-orders/:id","status":200,"duration_ms":10}
{"request_id":"rcc-3fd8236a560026828a8155e6e7820bdd","method":"GET","path":"/api/v1/auth/session","status":200,"duration_ms":1}
{"request_id":"rcc-f9fdc6a8f1a336e3e711bb53b7dac08e","method":"GET","path":"/api/v1/release-orders/:id/details","status":200,"duration_ms":6}
{"request_id":"rcc-88c818c7dc87fc3b4741dc8e0c11c7cb","method":"GET","path":"/api/v1/auth/session","status":200,"duration_ms":1}
{"request_id":"rcc-609a1916c812f526674c1cf2c1010b80","method":"POST","path":"/api/v1/tables/:table_name/query","status":200,"duration_ms":15}
{"request_id":"rcc-39e37c922d76597f7fa6e3e908075d29","method":"GET","path":"/api/v1/release-orders/:id","status":200,"duration_ms":13}
{"request_id":"rcc-6de05482426167153b79d56d32fbafe7","method":"POST","path":"/api/v1/release-orders/:id/quick-rollback/preview","status":200,"duration_ms":144}
{"request_id":"rcc-b8ab83ea1649bc15ff75a20b0434a824","method":"GET","path":"/api/v1/approval-notifications","status":200,"duration_ms":3}
{"request_id":"rcc-082c5f98119bd984bf2cce06b987fabb","method":"GET","path":"/api/v1/release-orders/:id","status":200,"duration_ms":12}
{"request_id":"rcc-4198b3e6aab8ba9f100e0b08d21a70d7","method":"GET","path":"/api/v1/release-orders/:id/people","status":200,"duration_ms":12}
{"request_id":"rcc-40f381d9b2b26109d759fc3a70934632","method":"POST","path":"/api/v1/release-orders/:id/quick-rollback","status":200,"duration_ms":123}
{"request_id":"rcc-e7fa9777871f4b25efbe48c739ffeb99","method":"GET","path":"/api/v1/approval-notifications","status":200,"duration_ms":2}
{"request_id":"rcc-ba23764f5fb525d8be2c1d9070a7746e","method":"GET","path":"/api/v1/release-orders/:id","status":200,"duration_ms":12}
{"request_id":"rcc-cba21df33b8f7903fa8f863034830545","method":"GET","path":"/api/v1/release-orders/:id/details","status":200,"duration_ms":5}
{"request_id":"rcc-0664f89714198b2b0a2348aa1119a60b","method":"GET","path":"/api/v1/auth/session","status":200,"duration_ms":1}
{"request_id":"rcc-f1391ec91a63aac976a575323341968b","method":"GET","path":"/api/v1/approval-notifications","status":200,"duration_ms":2}
{"request_id":"rcc-5a6aedb63920d6ebaf9846eb4fbb9d6e","method":"GET","path":"/api/v1/release-orders/:id","status":200,"duration_ms":10}
{"request_id":"rcc-edbd3c3513979e585d60c13adf288b52","method":"GET","path":"/api/v1/release-orders/:id/details","status":200,"duration_ms":6}
{"request_id":"rcc-c82309df217edceedcf19fc6e04207ab","method":"GET","path":"/api/v1/table-field-policies/:table_name","status":200,"duration_ms":6}
{"request_id":"rcc-b2d72d3350d68403f438696bb2c729dd","method":"GET","path":"/api/v1/release-orders/:id/people","status":200,"duration_ms":11}
{"request_id":"rcc-d7bf3acf97664c9c6629a088dd0d9a7c","method":"GET","path":"/api/v1/release-orders/:id","status":200,"duration_ms":8}
{"request_id":"rcc-c0afb769c6422336c4c7a33263b17e09","method":"POST","path":"/api/v1/release-orders/:id/quick-rollback","status":200,"duration_ms":19}
{"request_id":"rcc-dfe6993dd8e9cd35f08549c329e58ec3","method":"GET","path":"/api/v1/approval-notifications","status":200,"duration_ms":2}
{"request_id":"rcc-c3140f63e0fb8b360394e246d6e847b3","method":"GET","path":"/api/v1/release-orders/:id","status":200,"duration_ms":12}
{"request_id":"rcc-806aad0535c258828f7e8b230c11ccb4","method":"GET","path":"/api/v1/release-orders/:id/people","status":200,"duration_ms":12}
{"request_id":"rcc-b38892050bb71a23c86c50435a15b413","method":"GET","path":"/api/v1/auth/session","status":200,"duration_ms":1}
{"request_id":"rcc-31d5db7677554771dcaceccf2263269a","method":"GET","path":"/api/v1/release-orders/:id","status":200,"duration_ms":9}
{"request_id":"rcc-c5b610833d55a66942341160d2dff267","method":"GET","path":"/api/v1/auth/session","status":200,"duration_ms":1}
{"request_id":"rcc-4f703550a0e9a8747952281c71c0e945","method":"GET","path":"/api/v1/approval-notifications","status":200,"duration_ms":2}
{"request_id":"rcc-6b95b2b381a3854aee319687e35ec140","method":"GET","path":"/api/v1/release-orders/:id/details","status":200,"duration_ms":6}
{"request_id":"rcc-c30980e47e8053a9f0205b297740b272","method":"GET","path":"/api/v1/auth/session","status":200,"duration_ms":0}
{"request_id":"rcc-26c10d5f374aadc76297b5fd58ccb0d0","method":"POST","path":"/api/v1/tables/:table_name/query","status":200,"duration_ms":19}
{"request_id":"rcc-0f345416bbc565f88992a5449c9a07ea","method":"GET","path":"/api/v1/auth/session","status":200,"duration_ms":1}
{"request_id":"rcc-0af8c267fef356cca68c014b7e89b966","method":"GET","path":"/api/v1/auth/session","status":200,"duration_ms":1}
{"request_id":"rcc-3f8dc76c2c305deaf6415baed96b2502","method":"GET","path":"/api/v1/auth/session","status":200,"duration_ms":1}
{"request_id":"rcc-c69f4b8a6ee61372b2f78acb1e1c1d3a","method":"GET","path":"/api/v1/release-orders/:id","status":200,"duration_ms":8}
{"request_id":"rcc-24df859397ba6171e7e0c7c639b8d7ab","method":"GET","path":"/api/v1/auth/session","status":200,"duration_ms":1}
{"request_id":"rcc-9083a7e7854b079d2ecf6fdf554383e0","method":"GET","path":"/api/v1/release-orders/:id/details","status":200,"duration_ms":5}
{"request_id":"rcc-0762a7d83c43291cf639b2f04df07a09","method":"GET","path":"/api/v1/auth/csrf","status":200,"duration_ms":8}
{"request_id":"rcc-83e1060dcc4fbd4e6398c37248da7e3a","method":"POST","path":"/api/v1/auth/register","status":201,"duration_ms":40}
{"request_id":"rcc-65cf7b33ccb64ce7119ca07241608435","method":"GET","path":"/api/v1/auth/session","status":200,"duration_ms":0}
{"request_id":"rcc-c1f81e22247177f4151469b5f2f690e7","method":"GET","path":"/api/v1/account-roles","status":200,"duration_ms":1}
{"request_id":"rcc-6dfb60620277fa8694aab1b82cbfdf4f","method":"GET","path":"/api/v1/auth/session","status":200,"duration_ms":1}
{"request_id":"rcc-3881d4c4d1ca4e0d89b2f659b57a8fb4","method":"PUT","path":"/api/v1/account-roles/:id","status":200,"duration_ms":13}
{"request_id":"rcc-27ddd8ddc5dcf530decde127eccb2518","method":"GET","path":"/api/v1/auth/session","status":200,"duration_ms":1}
{"request_id":"rcc-5c6af02b54a1cfc2cd7a55c28841cb2b","method":"POST","path":"/api/v1/release-orders","status":201,"duration_ms":32}
{"request_id":"rcc-d347d8fad31688d8dea6f4ed00a07b05","method":"GET","path":"/api/v1/auth/session","status":200,"duration_ms":1}
{"request_id":"rcc-f142be7e0a8da928642dd7580132c67e","method":"POST","path":"/api/v1/release-orders/:id/submit","status":200,"duration_ms":69}
{"request_id":"rcc-343380041fa107ba7050bbaa77cd82d7","method":"GET","path":"/api/v1/auth/session","status":200,"duration_ms":0}
{"request_id":"rcc-9acef520186133abf68163148c708b51","method":"GET","path":"/api/v1/release-orders/:id","status":200,"duration_ms":8}
{"request_id":"rcc-acc464e7267a89d2e1e849d5bdf38602","method":"GET","path":"/api/v1/auth/session","status":200,"duration_ms":1}
{"request_id":"rcc-9151b530f1998fda40540afab3d75393","method":"POST","path":"/api/v1/release-orders/:id/approve","status":200,"duration_ms":26}
{"request_id":"rcc-8ea9a52ccf0f66aff4eb6ed9cc5fbdf9","method":"GET","path":"/api/v1/auth/session","status":200,"duration_ms":0}
{"request_id":"rcc-30884beb5221d7279d482c5fe378ba90","method":"POST","path":"/api/v1/release-orders/:id/execute","status":200,"duration_ms":77}
{"request_id":"rcc-71e8142c697354f240ae805693258fe1","method":"GET","path":"/api/v1/approval-notifications","status":200,"duration_ms":2}
{"request_id":"rcc-dbfc65dd38d90b7dc4479fd3910c1ac3","method":"GET","path":"/api/v1/release-orders","status":200,"duration_ms":60}
{"request_id":"rcc-fef41f3d75141732f8550ba617d38287","method":"GET","path":"/api/v1/approval-notifications","status":200,"duration_ms":3}
{"request_id":"rcc-1ebbaccfa86d48512738c388656d2b40","method":"GET","path":"/api/v1/release-orders/:id","status":200,"duration_ms":14}
{"request_id":"rcc-c01770cf3d00698b999301875d609645","method":"GET","path":"/api/v1/table-field-policies/:table_name","status":200,"duration_ms":6}
{"request_id":"rcc-998b03091f467319721f38e0ef775a1b","method":"GET","path":"/api/v1/release-orders/:id/details","status":200,"duration_ms":8}
{"request_id":"rcc-5ba0169dd87bc889db5a6a6fd0b72afe","method":"GET","path":"/api/v1/release-orders/:id/people","status":200,"duration_ms":14}
{"request_id":"rcc-ff36b8e0e4ab1f1ca7ab011e048ff96f","method":"GET","path":"/api/v1/release-orders/:id","status":200,"duration_ms":13}
{"request_id":"rcc-f2e948296c6cdac1490256ab50f76c42","method":"POST","path":"/api/v1/release-orders/:id/quick-rollback/preview","status":200,"duration_ms":155}
{"request_id":"rcc-b26fd2cb3092a6161a4e6f1a78a75b91","method":"GET","path":"/api/v1/approval-notifications","status":200,"duration_ms":6}
{"request_id":"rcc-15e51577e39f316357adbb12dfd63fb0","method":"GET","path":"/api/v1/release-orders/:id","status":200,"duration_ms":11}
{"request_id":"rcc-5b7c510c151f8bf6efc595152a86fc68","method":"GET","path":"/api/v1/release-orders/:id/people","status":200,"duration_ms":12}
{"request_id":"rcc-3dd8be5a4b73ca1a959585c7cbf75d9e","method":"GET","path":"/api/v1/release-orders/:id/details","status":200,"duration_ms":5}
{"request_id":"rcc-cf3d42ac26b3e12441b5c5c3595ee50b","method":"GET","path":"/api/v1/auth/session","status":200,"duration_ms":2}
{"request_id":"rcc-f660f5ccfaa59f2f28e929a91048665b","method":"GET","path":"/api/v1/release-orders/:id","status":200,"duration_ms":20}
{"request_id":"rcc-ad91289ef12b837a87b032ec8b9a4a51","method":"GET","path":"/api/v1/auth/session","status":200,"duration_ms":1}
{"request_id":"rcc-5aef08fb1328c6e307420b199fe1775e","method":"POST","path":"/api/v1/release-orders/:id/complete","status":200,"duration_ms":38}
{"request_id":"rcc-bcb9973b52aa786e8595b58315f0bcc2","method":"GET","path":"/api/v1/auth/session","status":200,"duration_ms":3}
{"request_id":"rcc-904ec089168c615ce682842460162b4c","method":"GET","path":"/api/v1/release-orders/:id","status":200,"duration_ms":13}
{"request_id":"rcc-f80b36964ed2ed7628e715312f8b46ae","method":"GET","path":"/api/v1/auth/session","status":200,"duration_ms":3}
{"request_id":"rcc-71d9e33b695bfce701baa97429e2064d","method":"GET","path":"/api/v1/release-orders/:id/details","status":200,"duration_ms":6}
{"request_id":"rcc-143ccfbf8ed9569d2626da2e1e73248b","method":"POST","path":"/api/v1/release-orders/:id/quick-rollback","status":409,"duration_ms":13}
{"request_id":"rcc-a5c338ce7334ec04aaaf746a82ecbc6e","method":"GET","path":"/api/v1/approval-notifications","status":200,"duration_ms":3}
{"request_id":"rcc-21c045555bc8126101bf4becfea1eb8a","method":"GET","path":"/api/v1/release-orders/:id","status":200,"duration_ms":10}
{"request_id":"rcc-ff8efa499e1a03e939f87cd86678b38d","method":"GET","path":"/api/v1/release-orders/:id/details","status":200,"duration_ms":7}
{"request_id":"rcc-00b3a506b30defa9db85c5eab33c813b","method":"GET","path":"/api/v1/release-orders/:id","status":200,"duration_ms":15}
{"request_id":"rcc-f719eed601a51a2f2793f45536836a78","method":"GET","path":"/api/v1/release-orders/:id/details","status":200,"duration_ms":6}
{"request_id":"rcc-adc1eef26256c46778eb928873e7616c","method":"GET","path":"/api/v1/table-field-policies/:table_name","status":200,"duration_ms":6}
{"request_id":"rcc-98f6604dcd0f1478bf0ae26670f9c9cf","method":"GET","path":"/api/v1/auth/session","status":200,"duration_ms":1}
{"request_id":"rcc-8cc7e6aa50d77f3432be382a64900f68","method":"GET","path":"/api/v1/release-orders/:id","status":200,"duration_ms":14}
{"request_id":"rcc-c33fc7ff18de1ed691303fbe34b88c5b","method":"GET","path":"/api/v1/auth/session","status":200,"duration_ms":1}
{"request_id":"rcc-eabc5a2975ae83d6273571ca8a9a24af","method":"GET","path":"/api/v1/release-orders/:id/details","status":200,"duration_ms":11}
{"request_id":"rcc-9b2cba6c86143d520b5f208dc83acc03","method":"GET","path":"/api/v1/auth/session","status":200,"duration_ms":1}
{"request_id":"rcc-c8d5b6338ac9260a37fd34e185d20e5a","method":"POST","path":"/api/v1/tables/:table_name/query","status":200,"duration_ms":14}
