=== RUN   TestRevocationRejectsNewRequestsButAllowsAuthenticatedWriteToFinish
2026/09/11 15:40:08 github.com/testcontainers/testcontainers-go - Connected to docker: 
  Server Version: 29.5.2
  API Version: 1.54
  Operating System: Ubuntu 24.04.4 LTS
  Total Memory: 3904 MB
  Testcontainers for Go Version: v0.44.0
  Resolved Docker Host: unix:///Users/asher/.colima/default/docker.sock
  Resolved Docker Socket Path: /Users/asher/.colima/default/docker.sock
  Test SessionID: bf3e480acb13138cdcf7f8f282c0974d619f9c7909f296c05c2a07d0f09d2eb4
  Test ProcessID: 18602fcc-16c0-4dc3-897b-6a4d04c8b8da
2026/09/11 15:40:08 🐳 Creating container for image mysql:8.4
2026/09/11 15:40:08 ✅ Container created: 1fb1dbf01377
2026/09/11 15:40:08 🐳 Starting container: 1fb1dbf01377
2026/09/11 15:40:08 ✅ Container started: 1fb1dbf01377
2026/09/11 15:40:08 ⏳ Waiting for container id 1fb1dbf01377 image: mysql:8.4. Waiting for: all of: [log message "port: 3306  MySQL Community Server"]
2026/09/11 15:40:15 🔔 Container is ready: 1fb1dbf01377
{"request_id":"rcc-17bb0b5fff0f369255540d82ec432921","method":"GET","path":"/api/v1/auth/csrf","status":200,"duration_ms":5}
{"request_id":"rcc-bf0b666d0c6686bd704a42cd93661da3","method":"POST","path":"/api/v1/auth/register","status":201,"duration_ms":46}
{"request_id":"rcc-6c1cf39d46348f6f30826859cc58f32f","method":"GET","path":"/api/v1/auth/csrf","status":200,"duration_ms":5}
{"request_id":"rcc-86be2756a2fa03c0981df864d9b66f4f","method":"POST","path":"/api/v1/auth/login","status":200,"duration_ms":54}
{"request_id":"rcc-d3e5c7ab823ad13cf964ef6c8223d6b2","method":"POST","path":"/api/v1/table-policies","status":201,"duration_ms":15}
{"request_id":"rcc-3241deadfdb255ca97e7898495038c8e","method":"GET","path":"/api/v1/table-policies/:table_name","status":200,"duration_ms":1}
{"request_id":"rcc-45b29e981fdf8e218d6b7fd19363b2c2","method":"POST","path":"/api/v1/table-policies/:table_name/enable","status":200,"duration_ms":12}
{"request_id":"rcc-f3e22d9d4fdc86cacfb66379f9dc5dca","method":"GET","path":"/api/v1/table-policies/:table_name/release-templates","status":200,"duration_ms":2}
{"request_id":"rcc-3f9e0cbe37e781cffb7cf9be2dd5d126","method":"PUT","path":"/api/v1/table-policies/:table_name/release-templates/:release_type","status":200,"duration_ms":8}
{"request_id":"rcc-bd14519c6e3f7e73ac473c1cfae81979","method":"GET","path":"/api/v1/auth/csrf","status":200,"duration_ms":4}
{"request_id":"rcc-156218cd5b785c5d27bd95190668d467","method":"POST","path":"/api/v1/auth/register","status":201,"duration_ms":44}
{"request_id":"rcc-fdf1d1d7815400291fc2dcc99c82a65a","method":"GET","path":"/api/v1/auth/csrf","status":200,"duration_ms":4}
{"request_id":"rcc-1547d1b78ed71e9107d849ab08a7da3c","method":"POST","path":"/api/v1/auth/register","status":201,"duration_ms":42}
{"request_id":"rcc-3629659d196290a4b10007180c3c55d8","method":"POST","path":"/api/v1/release-orders","status":201,"duration_ms":24}
{"request_id":"rcc-362b9e6e45f2541aab3004c93937fadb","method":"POST","path":"/api/v1/approval-roles","status":201,"duration_ms":15}
{"request_id":"rcc-494e314f394bc842b7faf2db475edb35","method":"GET","path":"/api/v1/table-policies/:table_name/approval-roles","status":200,"duration_ms":6}
{"request_id":"rcc-a64585231bafe40cbbccaf687582c1dc","method":"PUT","path":"/api/v1/table-policies/:table_name/approval-roles","status":200,"duration_ms":18}
{"request_id":"rcc-0744e093a490d87c93c5ae883b7f201d","method":"POST","path":"/api/v1/release-orders/:id/submit","status":200,"duration_ms":67}
{"request_id":"rcc-2df3d081f1ad90f101ee82b88c0297b2","method":"GET","path":"/api/v1/release-orders/:id","status":200,"duration_ms":6}
{"request_id":"rcc-4e8d68e6126c8556564fcb4e4c57abfb","method":"POST","path":"/api/v1/release-orders/:id/approve","status":200,"duration_ms":25}
    business_auth_integration_test.go:550: revocation connection 13 waits for publication connection 10
{"request_id":"rcc-fe6402ed4c39026d1997e9e51491c96c","method":"POST","path":"/api/v1/auth/logout-all","status":204,"duration_ms":90}
{"request_id":"rcc-b279f46fb6866f3892a8156aca8d1cab","method":"POST","path":"/api/v1/release-orders/:id/execute","status":200,"duration_ms":109}
{"request_id":"rcc-24c682ae088197abf242510794c69536","method":"POST","path":"/api/v1/release-orders/:id/execute","status":401,"duration_ms":0}
{"request_id":"rcc-f7fdb066dd030e36051e11d46611b271","method":"GET","path":"/api/v1/auth/csrf","status":200,"duration_ms":5}
{"request_id":"rcc-a0360583430f0956e73b961ebcb4f6fa","method":"POST","path":"/api/v1/auth/login","status":200,"duration_ms":52}
{"request_id":"rcc-c1df3399dfde91a46c907c070ae8f415","method":"POST","path":"/api/v1/tables/:table_name/query","status":200,"duration_ms":11}
2026/09/11 15:40:16 🐳 Stopping container: 1fb1dbf01377
2026/09/11 15:40:18 ✅ Container stopped: 1fb1dbf01377
2026/09/11 15:40:18 🐳 Terminating container: 1fb1dbf01377
2026/09/11 15:40:18 🚫 Container terminated: 1fb1dbf01377
--- PASS: TestRevocationRejectsNewRequestsButAllowsAuthenticatedWriteToFinish (10.17s)
=== RUN   TestNotificationCenterSubmittedViewsExcludeUnsubmittedDrafts
2026/09/11 15:40:18 🐳 Creating container for image mysql:8.4
2026/09/11 15:40:18 ✅ Container created: d5d5d795f659
2026/09/11 15:40:18 🐳 Starting container: d5d5d795f659
2026/09/11 15:40:18 ✅ Container started: d5d5d795f659
2026/09/11 15:40:18 ⏳ Waiting for container id d5d5d795f659 image: mysql:8.4. Waiting for: all of: [log message "port: 3306  MySQL Community Server"]
2026/09/11 15:40:24 🔔 Container is ready: d5d5d795f659
{"request_id":"rcc-ace7c07a40e66f8de3d4b025b7a77c52","method":"GET","path":"/api/v1/auth/csrf","status":200,"duration_ms":5}
{"request_id":"rcc-e1b34a4dab22fcebdec09c808ad8f82b","method":"POST","path":"/api/v1/auth/register","status":201,"duration_ms":42}
{"request_id":"rcc-1012b6f4f35c86c6ccf90226f234c8cd","method":"GET","path":"/api/v1/auth/csrf","status":200,"duration_ms":5}
{"request_id":"rcc-68e3eb4c5c1b4ea9b1765a48613cfb49","method":"POST","path":"/api/v1/auth/login","status":200,"duration_ms":50}
{"request_id":"rcc-8de06516a5e09630dea9c93de7904662","method":"GET","path":"/api/v1/table-policies/:table_name/release-templates","status":200,"duration_ms":2}
{"request_id":"rcc-6dbf49b85cba5b1def3650a387818689","method":"PUT","path":"/api/v1/table-policies/:table_name/release-templates/:release_type","status":200,"duration_ms":8}
{"request_id":"rcc-119a32996adb74aa9cc1203a6e48b3f3","method":"GET","path":"/api/v1/auth/csrf","status":200,"duration_ms":4}
{"request_id":"rcc-50709af078b811508e51edc3f18c5675","method":"POST","path":"/api/v1/auth/register","status":201,"duration_ms":43}
{"request_id":"rcc-467d13d1030760c54e87b1c143d6b18e","method":"GET","path":"/api/v1/auth/csrf","status":200,"duration_ms":4}
{"request_id":"rcc-16a9f981c5dfb9ef3e9d0b9b4fc0acd6","method":"POST","path":"/api/v1/auth/register","status":201,"duration_ms":43}
{"request_id":"rcc-493ddd8010b79f906fd501fddcdc55a5","method":"PUT","path":"/api/v1/account-roles/:id","status":200,"duration_ms":10}
{"request_id":"rcc-8299c1dd1bd2ada93b13ee3566a2d8ed","method":"POST","path":"/api/v1/approval-roles","status":201,"duration_ms":13}
{"request_id":"rcc-3296d98f3a6cd01b901431906afe0804","method":"GET","path":"/api/v1/table-policies/:table_name/approval-roles","status":200,"duration_ms":3}
{"request_id":"rcc-63d0c7be63bc50771044c5d1d22736f5","method":"PUT","path":"/api/v1/table-policies/:table_name/approval-roles","status":200,"duration_ms":14}
{"request_id":"rcc-3f618614729d07becb4da0b969ecc058","method":"POST","path":"/api/v1/release-orders","status":201,"duration_ms":29}
{"request_id":"rcc-fa50aff73de583a75dabc385e2da06a8","method":"POST","path":"/api/v1/release-orders","status":201,"duration_ms":29}
{"request_id":"rcc-7ae4885d8d156a1100230f9e699724e9","method":"POST","path":"/api/v1/release-orders/:id/cancel","status":200,"duration_ms":16}
{"request_id":"rcc-f5db58f8e00dbf25aa2022436f07f60c","method":"POST","path":"/api/v1/release-orders","status":201,"duration_ms":27}
{"request_id":"rcc-24a4713ae1174c3cf3d00898a7912f50","method":"POST","path":"/api/v1/release-orders/:id/submit","status":200,"duration_ms":68}
{"request_id":"rcc-59d29c185c4c1e9d8c75ec6a7ed18b65","method":"POST","path":"/api/v1/release-orders","status":201,"duration_ms":32}
{"request_id":"rcc-947f1bfd3856b799f48a89287dc4e2a8","method":"POST","path":"/api/v1/release-orders/:id/submit","status":200,"duration_ms":64}
{"request_id":"rcc-8de22b887ec80fbf611baa9dcc106599","method":"POST","path":"/api/v1/release-orders/:id/cancel","status":200,"duration_ms":21}
{"request_id":"rcc-3c87ded88d7922715e60f582c00d4260","method":"POST","path":"/api/v1/release-orders","status":201,"duration_ms":27}
{"request_id":"rcc-9b71616295abc6fb3767dbd47ecebf81","method":"POST","path":"/api/v1/release-orders/:id/submit","status":200,"duration_ms":62}
{"request_id":"rcc-8cbe604bb53094ed73eb5bc384098f99","method":"GET","path":"/api/v1/release-orders","status":200,"duration_ms":13}
{"request_id":"rcc-67ee61d1de55ca4e6a016c34580b677c","method":"GET","path":"/api/v1/release-orders","status":200,"duration_ms":12}
{"request_id":"rcc-baa0c00906d949831efab6cd754ed446","method":"GET","path":"/api/v1/release-orders","status":200,"duration_ms":5}
{"request_id":"rcc-be88f9d6dc1f556a62873d4a9b7a762f","method":"GET","path":"/api/v1/release-orders","status":200,"duration_ms":3}
{"request_id":"rcc-bdb9e38a7cb2274caf38d27db7bbb078","method":"GET","path":"/api/v1/release-orders","status":200,"duration_ms":12}
{"request_id":"rcc-10f7da9f7ba984280a28cf96a37666cd","method":"GET","path":"/api/v1/release-orders","status":200,"duration_ms":12}
2026/09/11 15:40:26 🐳 Stopping container: d5d5d795f659
2026/09/11 15:40:28 ✅ Container stopped: d5d5d795f659
2026/09/11 15:40:28 🐳 Terminating container: d5d5d795f659
2026/09/11 15:40:28 🚫 Container terminated: d5d5d795f659
--- PASS: TestNotificationCenterSubmittedViewsExcludeUnsubmittedDrafts (9.74s)
=== RUN   TestNotificationCenterCurrentEligibilityAndDurableHandledHistory
2026/09/11 15:40:28 🐳 Creating container for image mysql:8.4
2026/09/11 15:40:28 ✅ Container created: 4a5ab3681bcb
2026/09/11 15:40:28 🐳 Starting container: 4a5ab3681bcb
2026/09/11 15:40:28 ✅ Container started: 4a5ab3681bcb
2026/09/11 15:40:28 ⏳ Waiting for container id 4a5ab3681bcb image: mysql:8.4. Waiting for: all of: [log message "port: 3306  MySQL Community Server"]
2026/09/11 15:40:34 🔔 Container is ready: 4a5ab3681bcb
{"request_id":"rcc-3845e8418d8af8ee67e40c79426ca7b6","method":"GET","path":"/api/v1/auth/csrf","status":200,"duration_ms":5}
{"request_id":"rcc-73a4fd71b0fc1792e88bb05d1725c71f","method":"POST","path":"/api/v1/auth/register","status":201,"duration_ms":43}
{"request_id":"rcc-59da25980ccd103e41c45e0b9faf9fe8","method":"GET","path":"/api/v1/auth/csrf","status":200,"duration_ms":5}
{"request_id":"rcc-b387630a5ba0ef38902fb6bbe20b37d5","method":"POST","path":"/api/v1/auth/login","status":200,"duration_ms":53}
{"request_id":"rcc-5b2348a6088c041e6bbf9663eec1819b","method":"GET","path":"/api/v1/table-policies/:table_name/release-templates","status":200,"duration_ms":2}
{"request_id":"rcc-d9eabf32e810ed6dbce481328a0331b6","method":"PUT","path":"/api/v1/table-policies/:table_name/release-templates/:release_type","status":200,"duration_ms":8}
{"request_id":"rcc-7603e4e5fb93b379f37b0f0d21211904","method":"GET","path":"/api/v1/table-policies/:table_name/release-templates","status":200,"duration_ms":2}
{"request_id":"rcc-4f3544ebb22319ab5c454d7a322b22ec","method":"PUT","path":"/api/v1/table-policies/:table_name/release-templates/:release_type","status":200,"duration_ms":8}
{"request_id":"rcc-dd8dbb6fda0b3ceeec8b7db4a4accaca","method":"GET","path":"/api/v1/auth/csrf","status":200,"duration_ms":5}
{"request_id":"rcc-159f65567805c146704a1db7cc272b18","method":"POST","path":"/api/v1/auth/register","status":201,"duration_ms":41}
{"request_id":"rcc-578c679395d84f3c84f9e579984ddf96","method":"GET","path":"/api/v1/auth/csrf","status":200,"duration_ms":4}
{"request_id":"rcc-bddb69ec47ac058939255c4145503163","method":"POST","path":"/api/v1/auth/register","status":201,"duration_ms":44}
{"request_id":"rcc-2b7c9443f9e3f779d6ec796f7514c4aa","method":"GET","path":"/api/v1/auth/csrf","status":200,"duration_ms":6}
{"request_id":"rcc-ad22f484c01f31770c276ad414a0db05","method":"POST","path":"/api/v1/auth/register","status":201,"duration_ms":42}
{"request_id":"rcc-8c061d67f2f26ca8314b91f4cc0b4e3c","method":"PUT","path":"/api/v1/account-roles/:id","status":200,"duration_ms":14}
{"request_id":"rcc-adf72e8dbda94cf3737fbfa01c6b16ed","method":"POST","path":"/api/v1/approval-roles","status":201,"duration_ms":13}
{"request_id":"rcc-04f2c9addc9a13ebc36b67581d46528a","method":"POST","path":"/api/v1/approval-roles","status":201,"duration_ms":12}
{"request_id":"rcc-3078224b38785b77c36e2f81e7608203","method":"POST","path":"/api/v1/approval-roles","status":201,"duration_ms":12}
{"request_id":"rcc-5ab308b5ef435d543c0e62536e7677a6","method":"GET","path":"/api/v1/table-policies/:table_name/approval-roles","status":200,"duration_ms":2}
{"request_id":"rcc-23ded532e657a27b7dfe9c3228b404cb","method":"PUT","path":"/api/v1/table-policies/:table_name/approval-roles","status":200,"duration_ms":19}
{"request_id":"rcc-8ca331a90cc1c683741467b3d58985b9","method":"GET","path":"/api/v1/table-policies/:table_name/approval-roles","status":200,"duration_ms":2}
{"request_id":"rcc-df408bc3b13149cea846ffc09189535a","method":"PUT","path":"/api/v1/table-policies/:table_name/approval-roles","status":200,"duration_ms":15}
{"request_id":"rcc-0dcc48d31df89b9e3a77eafd576016fd","method":"POST","path":"/api/v1/release-orders","status":201,"duration_ms":52}
{"request_id":"rcc-60ef1211701a62873a487c176a1f238d","method":"POST","path":"/api/v1/release-orders/:id/submit","status":200,"duration_ms":129}
{"request_id":"rcc-17c6c25ad04a10d3b81621214143e25d","method":"GET","path":"/api/v1/release-orders","status":200,"duration_ms":10}
{"request_id":"rcc-373026ae0f1777bf6390a391df3aae2e","method":"GET","path":"/api/v1/release-orders/:id","status":200,"duration_ms":13}
{"request_id":"rcc-da5ced6ff32b05288d2a4087626fd2b6","method":"GET","path":"/api/v1/release-orders","status":200,"duration_ms":13}
{"request_id":"rcc-d1498e9b84463da7706d4617646843f6","method":"GET","path":"/api/v1/release-orders","status":200,"duration_ms":13}
{"request_id":"rcc-06c3dfeacb265b5eafc36e30781921eb","method":"GET","path":"/api/v1/release-orders/:id","status":200,"duration_ms":15}
{"request_id":"rcc-c8cf813acbc9872a4ee16927743f8af9","method":"POST","path":"/api/v1/release-orders/:id/approve","status":200,"duration_ms":52}
{"request_id":"rcc-1336a59576f0a90d17b4df612e11dc87","method":"GET","path":"/api/v1/release-orders","status":200,"duration_ms":11}
{"request_id":"rcc-7afd5a4703031906256af0197991cd04","method":"GET","path":"/api/v1/release-orders","status":200,"duration_ms":13}
{"request_id":"rcc-b76a6d5de9e6abb892a4b725058b2c19","method":"GET","path":"/api/v1/release-orders","status":200,"duration_ms":13}
{"request_id":"rcc-bed6d5aa0c349c9738fd96e12d502f62","method":"GET","path":"/api/v1/release-orders","status":200,"duration_ms":3}
{"request_id":"rcc-4afbf7c96489bb5ccf83fdc1705741be","method":"PUT","path":"/api/v1/approval-roles/:id","status":200,"duration_ms":32}
{"request_id":"rcc-2f6395350b563e016fa5b43f974cd8ec","method":"GET","path":"/api/v1/release-orders","status":200,"duration_ms":10}
{"request_id":"rcc-d5106b59cb6ba60e3df62c3af71bc121","method":"GET","path":"/api/v1/release-orders","status":200,"duration_ms":10}
{"request_id":"rcc-1e345cbc1fe93ae34965f745d83f41fd","method":"GET","path":"/api/v1/release-orders","status":200,"duration_ms":14}
{"request_id":"rcc-4e47d37a096faa6ce1f619617cba300c","method":"PUT","path":"/api/v1/approval-roles/:id","status":200,"duration_ms":32}
{"request_id":"rcc-84b2e20fc6ee707d337e475dc701dcd7","method":"GET","path":"/api/v1/release-orders","status":200,"duration_ms":10}
{"request_id":"rcc-98ffc8a382b29eae9d9775488f9d4c52","method":"GET","path":"/api/v1/release-orders","status":200,"duration_ms":13}
{"request_id":"rcc-439b929646044ccbc043d12fdb6d3b42","method":"GET","path":"/api/v1/release-orders/:id","status":200,"duration_ms":12}
{"request_id":"rcc-6d9baac19b073627b90c3a59e6ad8e27","method":"POST","path":"/api/v1/release-orders/:id/approve","status":200,"duration_ms":47}
{"request_id":"rcc-2f285deabe091ce9eff4b41fbd3acf6e","method":"GET","path":"/api/v1/release-orders","status":200,"duration_ms":13}
{"request_id":"rcc-71b4b885d5c76820e6d8831d92a632f0","method":"PUT","path":"/api/v1/approval-roles/:id","status":200,"duration_ms":17}
{"request_id":"rcc-49704a94df71ec482ea7748a2b650795","method":"PUT","path":"/api/v1/approval-roles/:id","status":200,"duration_ms":13}
{"request_id":"rcc-b58badd11ee2bacb8dbb699d2585b813","method":"PUT","path":"/api/v1/approval-roles/:id","status":200,"duration_ms":15}
{"request_id":"rcc-3d65c7247da1da145f1823166680f6f5","method":"GET","path":"/api/v1/release-orders","status":200,"duration_ms":9}
{"request_id":"rcc-0425370ff75e38d8bb56ea4521a001f7","method":"GET","path":"/api/v1/release-orders","status":200,"duration_ms":2}
{"request_id":"rcc-102eb5e2956f37562978a7b074a47011","method":"PUT","path":"/api/v1/approval-roles/:id","status":200,"duration_ms":18}
{"request_id":"rcc-3bca93fe917424bea0940aa16752bd17","method":"POST","path":"/api/v1/release-orders","status":201,"duration_ms":50}
{"request_id":"rcc-d5b8b82b5f958e91e22c02a66bf08325","method":"POST","path":"/api/v1/release-orders/:id/submit","status":200,"duration_ms":127}
{"request_id":"rcc-e27e867aea69a09d0fb068457b381c06","method":"GET","path":"/api/v1/release-orders/:id","status":200,"duration_ms":12}
{"request_id":"rcc-bd5410b71d66507cbe88be960181f6ec","method":"POST","path":"/api/v1/release-orders/:id/reject","status":200,"duration_ms":56}
{"request_id":"rcc-b2914f0757c0fd0f58153f9001aa0e74","method":"PUT","path":"/api/v1/approval-roles/:id","status":200,"duration_ms":19}
{"request_id":"rcc-490f7fa9ded1e099bd80f0fc85f5a777","method":"GET","path":"/api/v1/release-orders","status":200,"duration_ms":9}
{"request_id":"rcc-d51288c7b7aa40b7f1884c5941418c46","method":"GET","path":"/api/v1/release-orders","status":200,"duration_ms":11}
{"request_id":"rcc-302394a73f22c066c7f4eb1183fcd847","method":"GET","path":"/api/v1/release-orders","status":200,"duration_ms":3}
{"request_id":"rcc-16c2118263ba43e7a978da4c9c7b5559","method":"GET","path":"/api/v1/release-orders","status":200,"duration_ms":13}
2026/09/11 15:40:37 🐳 Stopping container: 4a5ab3681bcb
2026/09/11 15:40:38 ✅ Container stopped: 4a5ab3681bcb
2026/09/11 15:40:38 🐳 Terminating container: 4a5ab3681bcb
2026/09/11 15:40:38 🚫 Container terminated: 4a5ab3681bcb
--- PASS: TestNotificationCenterCurrentEligibilityAndDurableHandledHistory (9.80s)
=== RUN   TestNotificationCenterFiltersBeforePaginationAndProtectsIdentity
2026/09/11 15:40:38 🐳 Creating container for image mysql:8.4
2026/09/11 15:40:38 ✅ Container created: de3829e5277a
2026/09/11 15:40:38 🐳 Starting container: de3829e5277a
2026/09/11 15:40:38 ✅ Container started: de3829e5277a
2026/09/11 15:40:38 ⏳ Waiting for container id de3829e5277a image: mysql:8.4. Waiting for: all of: [log message "port: 3306  MySQL Community Server"]
2026/09/11 15:40:44 🔔 Container is ready: de3829e5277a
{"request_id":"rcc-d4314bc0e5bdd2d3d808d0cefabda6e4","method":"GET","path":"/api/v1/auth/csrf","status":200,"duration_ms":5}
{"request_id":"rcc-f9da61671782415358ed1fc8a3b82fd4","method":"POST","path":"/api/v1/auth/register","status":201,"duration_ms":44}
{"request_id":"rcc-d09ae8ebd0413102a1a861245484a5aa","method":"GET","path":"/api/v1/auth/csrf","status":200,"duration_ms":5}
{"request_id":"rcc-fdc5ca52016b0434bd39aab101f0c209","method":"POST","path":"/api/v1/auth/login","status":200,"duration_ms":49}
{"request_id":"rcc-11a1cf503391af5dcd75bba4b57ba057","method":"GET","path":"/api/v1/table-policies/:table_name/release-templates","status":200,"duration_ms":2}
{"request_id":"rcc-c42c51dcba2a5f21ec8ffa809a8e9f93","method":"PUT","path":"/api/v1/table-policies/:table_name/release-templates/:release_type","status":200,"duration_ms":8}
{"request_id":"rcc-5e1660054aa0f55e5d98b0de2f270e12","method":"GET","path":"/api/v1/auth/csrf","status":200,"duration_ms":5}
{"request_id":"rcc-68ac5bef73c2f63acf36a04789a0e12f","method":"POST","path":"/api/v1/auth/register","status":201,"duration_ms":42}
{"request_id":"rcc-2d2273de68ff2d56813d068bed582e3a","method":"GET","path":"/api/v1/auth/csrf","status":200,"duration_ms":4}
{"request_id":"rcc-48fd098d1af703d116479b588510dd36","method":"POST","path":"/api/v1/auth/register","status":201,"duration_ms":42}
{"request_id":"rcc-50f92671dca0d41c111f89e0e50cc7fd","method":"POST","path":"/api/v1/approval-roles","status":201,"duration_ms":13}
{"request_id":"rcc-2d818371f616ed2cd85d2ef78c0785d5","method":"GET","path":"/api/v1/table-policies/:table_name/approval-roles","status":200,"duration_ms":3}
{"request_id":"rcc-021632bbe2c3ceccdf28b2be0d8d25af","method":"PUT","path":"/api/v1/table-policies/:table_name/approval-roles","status":200,"duration_ms":14}
{"request_id":"rcc-3a15929f167dd9890b64689b148a1bb5","method":"POST","path":"/api/v1/release-orders","status":201,"duration_ms":28}
{"request_id":"rcc-beeb4cc9615b06476630f6d9af2e735e","method":"POST","path":"/api/v1/release-orders/:id/submit","status":200,"duration_ms":72}
{"request_id":"rcc-617946b92647a9bd68a8eafbcb34affa","method":"POST","path":"/api/v1/approval-roles","status":201,"duration_ms":19}
{"request_id":"rcc-fa64ad2895f4f7ac95945525b00019fe","method":"GET","path":"/api/v1/table-policies/:table_name/approval-roles","status":200,"duration_ms":5}
{"request_id":"rcc-350967e876ccbe8769736d7f95db7497","method":"PUT","path":"/api/v1/table-policies/:table_name/approval-roles","status":200,"duration_ms":16}
{"request_id":"rcc-496ce4e465dacd27ec47f38117637673","method":"POST","path":"/api/v1/release-orders","status":201,"duration_ms":31}
{"request_id":"rcc-8947c4bb130f8e017d8a2358689c7a1a","method":"POST","path":"/api/v1/release-orders/:id/submit","status":200,"duration_ms":63}
{"request_id":"rcc-4c9f3691734c4621056cd199ca1f025a","method":"POST","path":"/api/v1/approval-roles","status":201,"duration_ms":22}
{"request_id":"rcc-b1b7a04444a20b9aaf11e5e53a98a269","method":"GET","path":"/api/v1/table-policies/:table_name/approval-roles","status":200,"duration_ms":5}
{"request_id":"rcc-eeb7bcd661db28ee5853d813782c8517","method":"PUT","path":"/api/v1/table-policies/:table_name/approval-roles","status":200,"duration_ms":18}
{"request_id":"rcc-ed78f97df53711b00288a60153633ba1","method":"POST","path":"/api/v1/release-orders","status":201,"duration_ms":27}
{"request_id":"rcc-5139967227a0bc6a456d6d272575e655","method":"POST","path":"/api/v1/release-orders/:id/submit","status":200,"duration_ms":63}
{"request_id":"rcc-7cf81fd4361b2fa91cbbbc53bab4c2d6","method":"POST","path":"/api/v1/approval-roles","status":201,"duration_ms":30}
{"request_id":"rcc-43b93d2b6dfc8e19f927811adf4e6dac","method":"GET","path":"/api/v1/table-policies/:table_name/approval-roles","status":200,"duration_ms":5}
{"request_id":"rcc-4072732aaab212a489c8746a36208cf4","method":"PUT","path":"/api/v1/table-policies/:table_name/approval-roles","status":200,"duration_ms":19}
{"request_id":"rcc-db4ce28815877579cd642352deae714e","method":"POST","path":"/api/v1/release-orders","status":201,"duration_ms":27}
{"request_id":"rcc-8ea8fdea8c65ecd6f1db3cb699cb174c","method":"POST","path":"/api/v1/release-orders/:id/submit","status":200,"duration_ms":66}
{"request_id":"rcc-ce9d4418a0f91ec3013cca01b3a4a343","method":"POST","path":"/api/v1/approval-roles","status":201,"duration_ms":35}
{"request_id":"rcc-b47e3692cafaa5b0062effcf1deda190","method":"GET","path":"/api/v1/table-policies/:table_name/approval-roles","status":200,"duration_ms":5}
{"request_id":"rcc-4adbee6a2aaf75425113d818046185d0","method":"PUT","path":"/api/v1/table-policies/:table_name/approval-roles","status":200,"duration_ms":18}
{"request_id":"rcc-8abec0bf4caf94e6a669934a6616c412","method":"POST","path":"/api/v1/release-orders","status":201,"duration_ms":28}
{"request_id":"rcc-825f8db0b6caf998c834e0fd77f158da","method":"POST","path":"/api/v1/release-orders/:id/submit","status":200,"duration_ms":63}
{"request_id":"rcc-e6cdc5668f17b4030bea4d99b453662e","method":"POST","path":"/api/v1/approval-roles","status":201,"duration_ms":45}
{"request_id":"rcc-2a7d601763704f5dc176e27d07313c71","method":"GET","path":"/api/v1/table-policies/:table_name/approval-roles","status":200,"duration_ms":5}
{"request_id":"rcc-4c69ff1c3b6794d091496388e177ee4c","method":"PUT","path":"/api/v1/table-policies/:table_name/approval-roles","status":200,"duration_ms":16}
{"request_id":"rcc-a0732d1a3583f34a35504bdb613edc54","method":"POST","path":"/api/v1/release-orders","status":201,"duration_ms":27}
{"request_id":"rcc-091905418d212781c72125c22378b88c","method":"POST","path":"/api/v1/release-orders/:id/submit","status":200,"duration_ms":63}
{"request_id":"rcc-be6ac1d0318a5d75c83b9f7939479d45","method":"POST","path":"/api/v1/approval-roles","status":201,"duration_ms":48}
{"request_id":"rcc-794c8926dc491e9da7859e921b375fff","method":"GET","path":"/api/v1/table-policies/:table_name/approval-roles","status":200,"duration_ms":6}
{"request_id":"rcc-2d080f375ad83cfcaf2a35f8448cf074","method":"PUT","path":"/api/v1/table-policies/:table_name/approval-roles","status":200,"duration_ms":18}
{"request_id":"rcc-4a98a8625a69203368a30d6f263cd750","method":"POST","path":"/api/v1/release-orders","status":201,"duration_ms":29}
{"request_id":"rcc-a78f2be38ebffff5e1ca4400d12c8412","method":"POST","path":"/api/v1/release-orders/:id/submit","status":200,"duration_ms":64}
{"request_id":"rcc-5f66ff8cfe98ac4c20a06f40733fee59","method":"POST","path":"/api/v1/approval-roles","status":201,"duration_ms":54}
{"request_id":"rcc-4e7adf9a6dcd89a7caaff55c94e6e655","method":"GET","path":"/api/v1/table-policies/:table_name/approval-roles","status":200,"duration_ms":5}
{"request_id":"rcc-8059dd3472694cd5f5e58aa364d98774","method":"PUT","path":"/api/v1/table-policies/:table_name/approval-roles","status":200,"duration_ms":18}
{"request_id":"rcc-2ea0c99b4c5ff1e1c4fab2085fa70423","method":"POST","path":"/api/v1/release-orders","status":201,"duration_ms":27}
{"request_id":"rcc-a4dca337d5966b92585b6b76778350db","method":"POST","path":"/api/v1/release-orders/:id/submit","status":200,"duration_ms":60}
{"request_id":"rcc-b06271ac1a4d36d744de7f03f6bc5267","method":"POST","path":"/api/v1/approval-roles","status":201,"duration_ms":60}
{"request_id":"rcc-e20f89131a2e3c0c6c8761c8377cfbdf","method":"GET","path":"/api/v1/table-policies/:table_name/approval-roles","status":200,"duration_ms":5}
{"request_id":"rcc-7d0c945ecafd3eb005f73483d5e9b25d","method":"PUT","path":"/api/v1/table-policies/:table_name/approval-roles","status":200,"duration_ms":17}
{"request_id":"rcc-9b9f3fd1504661f8ffbdffa6199975c8","method":"POST","path":"/api/v1/release-orders","status":201,"duration_ms":28}
{"request_id":"rcc-2f131ade899f48c9b244db22720d4baa","method":"POST","path":"/api/v1/release-orders/:id/submit","status":200,"duration_ms":64}
{"request_id":"rcc-e082aff4aca071e26a1b61cc52de7594","method":"POST","path":"/api/v1/approval-roles","status":201,"duration_ms":83}
{"request_id":"rcc-3a13c051540fa642e77b3005056b21df","method":"GET","path":"/api/v1/table-policies/:table_name/approval-roles","status":200,"duration_ms":5}
{"request_id":"rcc-e0f22551a71b9c7cf98d16c8eae47d44","method":"PUT","path":"/api/v1/table-policies/:table_name/approval-roles","status":200,"duration_ms":22}
{"request_id":"rcc-e8b464ae71068dbc94cc9dbe13029554","method":"POST","path":"/api/v1/release-orders","status":201,"duration_ms":30}
{"request_id":"rcc-df63ce3fcd3474099e0064a85dfabdca","method":"POST","path":"/api/v1/release-orders/:id/submit","status":200,"duration_ms":63}
{"request_id":"rcc-078f55923b826200b03296ef075d1d54","method":"PUT","path":"/api/v1/approval-roles/:id","status":200,"duration_ms":80}
{"request_id":"rcc-562da2512bc3fdcbb8bfd517cfdc2159","method":"PUT","path":"/api/v1/approval-roles/:id","status":200,"duration_ms":81}
{"request_id":"rcc-2e8310ea5d590c2cca56cb95336c5302","method":"GET","path":"/api/v1/release-orders","status":200,"duration_ms":55}
{"request_id":"rcc-9d28d617c4a5c4b8e586acf87881a177","method":"GET","path":"/api/v1/release-orders","status":200,"duration_ms":20}
{"request_id":"rcc-dc589c5d8ab78c14379e0df1c346ed20","method":"GET","path":"/api/v1/release-orders","status":200,"duration_ms":9}
{"request_id":"rcc-0e734251709106081e7b5c9df1a8de36","method":"GET","path":"/api/v1/release-orders","status":200,"duration_ms":0}
{"request_id":"rcc-50df84b4b7cdccaf61e9a3671a3da22a","method":"GET","path":"/api/v1/release-orders","status":200,"duration_ms":3}
{"request_id":"rcc-75491465f92199b88950179fb7101f86","method":"GET","path":"/api/v1/release-orders","status":422,"duration_ms":1}
{"request_id":"rcc-225385e538d39f5aa842a313788cda6d","method":"GET","path":"/api/v1/release-orders","status":200,"duration_ms":3}
{"request_id":"rcc-1df7469caab96093355bff7027d93c51","method":"GET","path":"/api/v1/release-orders","status":422,"duration_ms":0}
{"request_id":"rcc-2c46c58c93d1868f221646e7e9050ae1","method":"GET","path":"/api/v1/release-orders","status":422,"duration_ms":1}
{"request_id":"rcc-19c907d47f62adeedda220d6d8dc582c","method":"GET","path":"/api/v1/release-orders","status":422,"duration_ms":1}
{"request_id":"rcc-154621839bbe9afbef6d326a9175f298","method":"GET","path":"/api/v1/release-orders","status":422,"duration_ms":1}
{"request_id":"rcc-8240499fe2d0de333db5156924009658","method":"GET","path":"/api/v1/release-orders","status":401,"duration_ms":0}
2026/09/11 15:40:47 🐳 Stopping container: de3829e5277a
2026/09/11 15:40:50 ✅ Container stopped: de3829e5277a
2026/09/11 15:40:50 🐳 Terminating container: de3829e5277a
2026/09/11 15:40:50 🚫 Container terminated: de3829e5277a
--- PASS: TestNotificationCenterFiltersBeforePaginationAndProtectsIdentity (12.01s)
=== RUN   TestNotificationCenterRejectsIncompatibleHistoryAndDirectoryFailure
2026/09/11 15:40:50 🐳 Creating container for image mysql:8.4
2026/09/11 15:40:50 ✅ Container created: 1425e339f638
2026/09/11 15:40:50 🐳 Starting container: 1425e339f638
2026/09/11 15:40:50 ✅ Container started: 1425e339f638
2026/09/11 15:40:50 ⏳ Waiting for container id 1425e339f638 image: mysql:8.4. Waiting for: all of: [log message "port: 3306  MySQL Community Server"]
2026/09/11 15:40:57 🔔 Container is ready: 1425e339f638
{"request_id":"rcc-bdd60a966392f66939e93f137d1eaf03","method":"GET","path":"/api/v1/auth/csrf","status":200,"duration_ms":6}
{"request_id":"rcc-5fa5d666a1542f1f88fc28f66583b7d7","method":"POST","path":"/api/v1/auth/register","status":201,"duration_ms":43}
{"request_id":"rcc-79ac3e34f3fac03e13c89b05397378ff","method":"GET","path":"/api/v1/auth/csrf","status":200,"duration_ms":5}
{"request_id":"rcc-c2cb5986ed8a627b73836c21655834de","method":"POST","path":"/api/v1/auth/login","status":200,"duration_ms":51}
{"request_id":"rcc-2f015a91f0b67ec823ed6c7a8e3a5a61","method":"GET","path":"/api/v1/table-policies/:table_name/release-templates","status":200,"duration_ms":2}
{"request_id":"rcc-dd8e22dd8363491897b58ebf39251a91","method":"PUT","path":"/api/v1/table-policies/:table_name/release-templates/:release_type","status":200,"duration_ms":8}
{"request_id":"rcc-e532c660ffc9a2cba2d4ac9d12d8f84d","method":"GET","path":"/api/v1/auth/csrf","status":200,"duration_ms":5}
{"request_id":"rcc-47524335788b2119123454f582a27810","method":"POST","path":"/api/v1/auth/register","status":201,"duration_ms":41}
{"request_id":"rcc-b49f8b90a43f5971d323c042f24e285d","method":"POST","path":"/api/v1/approval-roles","status":201,"duration_ms":12}
{"request_id":"rcc-240732a6c30e242a8e12d4cf9b544f55","method":"GET","path":"/api/v1/table-policies/:table_name/approval-roles","status":200,"duration_ms":3}
{"request_id":"rcc-6e0a3e1b9a9e6a2b5e730f34a16e76ab","method":"PUT","path":"/api/v1/table-policies/:table_name/approval-roles","status":200,"duration_ms":15}
{"request_id":"rcc-5521d3e2ff0f01a5bd2e60d5e8787c79","method":"POST","path":"/api/v1/release-orders","status":201,"duration_ms":29}
{"request_id":"rcc-c9d1ca649112aca54a59f44d51896b83","method":"POST","path":"/api/v1/release-orders/:id/submit","status":200,"duration_ms":63}
{"request_id":"rcc-57be803ccaa9455bc287b22d42647c0d","method":"GET","path":"/api/v1/release-orders/:id","status":200,"duration_ms":6}
{"request_id":"rcc-c0ded54a21deba0d6f21667d14de6715","method":"GET","path":"/api/v1/release-orders","status":503,"duration_ms":2}
{"request_id":"rcc-d74102af3ad6147a50e2654fa3838108","method":"GET","path":"/api/v1/release-orders","status":503,"duration_ms":2}
{"request_id":"rcc-0786d8a67b4ba6a00c9d144f889b5a8d","method":"GET","path":"/api/v1/release-orders","status":503,"duration_ms":2}
{"request_id":"rcc-811fe564dbe981ed6aa52d90b4231288","method":"POST","path":"/api/v1/release-orders","status":201,"duration_ms":28}
{"request_id":"rcc-b56f33c3153aee4432d992fcf40feb3e","method":"POST","path":"/api/v1/release-orders/:id/submit","status":200,"duration_ms":66}
{"request_id":"rcc-40c873fa65322652b266485c331cd2a6","method":"GET","path":"/api/v1/release-orders","status":503,"duration_ms":5}
{"request_id":"rcc-604a63ed42e5cd85eaf9717f76182383","method":"GET","path":"/api/v1/release-orders","status":200,"duration_ms":10}
2026/09/11 15:40:58 🐳 Stopping container: 1425e339f638
2026/09/11 15:40:59 ✅ Container stopped: 1425e339f638
2026/09/11 15:40:59 🐳 Terminating container: 1425e339f638
2026/09/11 15:40:59 🚫 Container terminated: 1425e339f638
--- PASS: TestNotificationCenterRejectsIncompatibleHistoryAndDirectoryFailure (9.68s)
=== RUN   TestReleaseSubmitFreezesIntent
2026/09/11 15:40:59 🐳 Creating container for image mysql:8.4
2026/09/11 15:40:59 ✅ Container created: 48fd05b2bcb3
2026/09/11 15:40:59 🐳 Starting container: 48fd05b2bcb3
2026/09/11 15:40:59 ✅ Container started: 48fd05b2bcb3
2026/09/11 15:40:59 ⏳ Waiting for container id 48fd05b2bcb3 image: mysql:8.4. Waiting for: all of: [log message "port: 3306  MySQL Community Server"]
2026/09/11 15:41:06 🔔 Container is ready: 48fd05b2bcb3
{"request_id":"rcc-f3d3a04d1353d2e27a15c5d0522c349d","method":"GET","path":"/api/v1/auth/csrf","status":200,"duration_ms":5}
{"request_id":"rcc-41aa152016e30f2475f90723d855cab1","method":"POST","path":"/api/v1/auth/register","status":201,"duration_ms":44}
{"request_id":"rcc-b472bc0343911c7c1bd2fa574ba45695","method":"GET","path":"/api/v1/auth/csrf","status":200,"duration_ms":4}
{"request_id":"rcc-e91b1a6fe299a7c01863abceb947cc8e","method":"POST","path":"/api/v1/auth/login","status":200,"duration_ms":51}
{"request_id":"rcc-f93f7900d5775f8483d1ff64eba40836","method":"GET","path":"/api/v1/table-policies/:table_name/release-templates","status":200,"duration_ms":2}
{"request_id":"rcc-02f527ad48323ebcc9d54fc1330b7458","method":"PUT","path":"/api/v1/table-policies/:table_name/release-templates/:release_type","status":200,"duration_ms":8}
{"request_id":"rcc-f2b63a5e9816c8b7f5bc94cec345a41d","method":"GET","path":"/api/v1/auth/csrf","status":200,"duration_ms":5}
{"request_id":"rcc-0c073e691e9ac0d5d70d274e271dafd1","method":"POST","path":"/api/v1/auth/register","status":201,"duration_ms":41}
{"request_id":"rcc-029cc49369f06beb20caab06395729d7","method":"POST","path":"/api/v1/approval-roles","status":201,"duration_ms":13}
{"request_id":"rcc-c5605f10955b175981bcae65580bfeed","method":"GET","path":"/api/v1/table-policies/:table_name/approval-roles","status":200,"duration_ms":3}
{"request_id":"rcc-8958b6ea47c78aba97ca05063345ee52","method":"PUT","path":"/api/v1/table-policies/:table_name/approval-roles","status":200,"duration_ms":14}
{"request_id":"rcc-a745b19854c7b25a013d3316131f0ba2","method":"POST","path":"/api/v1/release-orders","status":201,"duration_ms":31}
{"request_id":"rcc-e283aee7aae01fe7a6b3566ce163da69","method":"POST","path":"/api/v1/release-orders/:id/submit","status":200,"duration_ms":67}
{"request_id":"rcc-7c9d32e03b6f406440191f1ec2c3b190","method":"PUT","path":"/api/v1/release-orders/:id","status":422,"duration_ms":6}
{"request_id":"rcc-9f8e7f198509ac62053a036f83da9e1f","method":"POST","path":"/api/v1/tables/:table_name/query","status":200,"duration_ms":18}
2026/09/11 15:41:07 🐳 Stopping container: 48fd05b2bcb3
2026/09/11 15:41:08 ✅ Container stopped: 48fd05b2bcb3
2026/09/11 15:41:08 🐳 Terminating container: 48fd05b2bcb3
2026/09/11 15:41:08 🚫 Container terminated: 48fd05b2bcb3
--- PASS: TestReleaseSubmitFreezesIntent (8.84s)
=== RUN   TestReleaseApprovalCurrentRolesAndHistory
2026/09/11 15:41:08 🐳 Creating container for image mysql:8.4
2026/09/11 15:41:08 ✅ Container created: 761105aabd68
2026/09/11 15:41:08 🐳 Starting container: 761105aabd68
2026/09/11 15:41:08 ✅ Container started: 761105aabd68
2026/09/11 15:41:08 ⏳ Waiting for container id 761105aabd68 image: mysql:8.4. Waiting for: all of: [log message "port: 3306  MySQL Community Server"]
2026/09/11 15:41:14 🔔 Container is ready: 761105aabd68
{"request_id":"rcc-4aad16748b93a1f15a02c46f14699d54","method":"GET","path":"/api/v1/auth/csrf","status":200,"duration_ms":7}
{"request_id":"rcc-0a37e0e0266c06a805d1d01a79a36ce2","method":"POST","path":"/api/v1/auth/register","status":201,"duration_ms":48}
{"request_id":"rcc-7e60f6bf0dfa1a5e43cccf59129f4306","method":"GET","path":"/api/v1/auth/csrf","status":200,"duration_ms":6}
{"request_id":"rcc-135975ea0dc515b6b7645d190e37d88d","method":"POST","path":"/api/v1/auth/login","status":200,"duration_ms":52}
{"request_id":"rcc-53cc3fa77053f97bb390de9e96a2d26f","method":"GET","path":"/api/v1/table-policies/:table_name/release-templates","status":200,"duration_ms":2}
{"request_id":"rcc-8bb1fb7048ffee6d34b1d68c4fed9238","method":"PUT","path":"/api/v1/table-policies/:table_name/release-templates/:release_type","status":200,"duration_ms":8}
{"request_id":"rcc-92eecafa22a6dfc985cf94b209cd1e2b","method":"GET","path":"/api/v1/auth/csrf","status":200,"duration_ms":4}
{"request_id":"rcc-0f571afc804b050bcca8153846445816","method":"POST","path":"/api/v1/auth/register","status":201,"duration_ms":40}
{"request_id":"rcc-c4977a50765805c87c065a2606e2a775","method":"GET","path":"/api/v1/auth/csrf","status":200,"duration_ms":5}
{"request_id":"rcc-425926fed74d7ce90b9ca780bd83e6d7","method":"POST","path":"/api/v1/auth/register","status":201,"duration_ms":44}
{"request_id":"rcc-d06e31c841a719efbf2ddaabbdb5b095","method":"POST","path":"/api/v1/approval-roles","status":201,"duration_ms":13}
{"request_id":"rcc-6adc5e1eb58b923dfcf67a0dd1a702d8","method":"GET","path":"/api/v1/table-policies/:table_name/approval-roles","status":200,"duration_ms":2}
{"request_id":"rcc-90c52b1549e09ea74ed1de7f32d60a77","method":"PUT","path":"/api/v1/table-policies/:table_name/approval-roles","status":200,"duration_ms":14}
{"request_id":"rcc-43d61a1c1ba24d3d88d5f8e0e8c039e5","method":"POST","path":"/api/v1/release-orders","status":201,"duration_ms":28}
{"request_id":"rcc-7e6bb1f01a35851b08aedc9b32657212","method":"POST","path":"/api/v1/release-orders/:id/submit","status":200,"duration_ms":63}
{"request_id":"rcc-715de7ac06fce2c3831c243774a01238","method":"GET","path":"/api/v1/release-orders/:id","status":200,"duration_ms":7}
{"request_id":"rcc-39dc7f76e035c4a43ab3334e0d69803e","method":"POST","path":"/api/v1/release-orders/:id/approve","status":403,"duration_ms":8}
{"request_id":"rcc-ca26f3803dd68b126e7be37ff98ddae2","method":"POST","path":"/api/v1/release-orders/:id/approve","status":403,"duration_ms":9}
{"request_id":"rcc-f747c8500f746899c78c5708566fba2f","method":"PUT","path":"/api/v1/approval-roles/:id","status":200,"duration_ms":21}
{"request_id":"rcc-a9c0e0a894be08c14b4a34ed1c93cd5c","method":"GET","path":"/api/v1/release-orders/:id","status":200,"duration_ms":6}
{"request_id":"rcc-19ca6e7da4ad8a7ec47ee6fcb2fcfc5c","method":"GET","path":"/api/v1/release-orders/:id","status":200,"duration_ms":10}
{"request_id":"rcc-f0f72c0c4ead2de7607136bd5925d809","method":"POST","path":"/api/v1/release-orders/:id/approve","status":422,"duration_ms":10}
{"request_id":"rcc-65152bd8b41895bacdd5626f4c07ce00","method":"GET","path":"/api/v1/release-orders/:id","status":200,"duration_ms":6}
{"request_id":"rcc-2bb998ea297a9ad2956f29514c0b6384","method":"POST","path":"/api/v1/release-orders/:id/reject","status":422,"duration_ms":8}
{"request_id":"rcc-bd2e5b00d924d155fb3c17e77aa4d9de","method":"POST","path":"/api/v1/release-orders/:id/approve","status":200,"duration_ms":25}
{"request_id":"rcc-ecc5cc447220505f5966de9485b5100b","method":"POST","path":"/api/v1/release-orders/:id/approve","status":200,"duration_ms":14}
{"request_id":"rcc-fabcbae03ae228404da09bbbded02658","method":"POST","path":"/api/v1/release-orders/:id/approve","status":409,"duration_ms":4}
{"request_id":"rcc-43ed4376995f5b822c8d7cc7a45966da","method":"PUT","path":"/api/v1/approval-roles/:id","status":200,"duration_ms":19}
{"request_id":"rcc-32f03c23d7d7bf8e516c54cdc74c5a81","method":"POST","path":"/api/v1/release-orders/:id/approve","status":403,"duration_ms":8}
{"request_id":"rcc-7ce992670339e9582663f6b9d0f49ceb","method":"GET","path":"/api/v1/release-orders/:id","status":200,"duration_ms":8}
{"request_id":"rcc-fb3061cfd01ecae4c37f5687824573f3","method":"GET","path":"/api/v1/release-orders/:id/details","status":200,"duration_ms":5}
{"request_id":"rcc-d2ce88fbe1ded57ccf48a2ea1bd93a73","method":"POST","path":"/api/v1/release-orders/:id/cancel","status":200,"duration_ms":23}
{"request_id":"rcc-cfdf5771f454c22527fabd0ea3b38db8","method":"PUT","path":"/api/v1/approval-roles/:id","status":200,"duration_ms":15}
{"request_id":"rcc-407938932301cfa95762b488a5923825","method":"POST","path":"/api/v1/release-orders/:id/approve","status":200,"duration_ms":15}
{"request_id":"rcc-592b892a0dacc129ddd854fbb95f937c","method":"GET","path":"/api/v1/release-orders/:id","status":200,"duration_ms":6}
{"request_id":"rcc-1b56bf17bff963c5c60f812b65e4627a","method":"GET","path":"/api/v1/release-orders/:id/details","status":200,"duration_ms":4}
2026/09/11 15:41:16 🐳 Stopping container: 761105aabd68
2026/09/11 15:41:18 ✅ Container stopped: 761105aabd68
2026/09/11 15:41:18 🐳 Terminating container: 761105aabd68
2026/09/11 15:41:18 🚫 Container terminated: 761105aabd68
--- PASS: TestReleaseApprovalCurrentRolesAndHistory (9.85s)
=== RUN   TestReleaseWorkflowAtomicityAndCompetition
2026/09/11 15:41:18 🐳 Creating container for image mysql:8.4
2026/09/11 15:41:18 ✅ Container created: 194fe4f3a636
2026/09/11 15:41:18 🐳 Starting container: 194fe4f3a636
2026/09/11 15:41:18 ✅ Container started: 194fe4f3a636
2026/09/11 15:41:18 ⏳ Waiting for container id 194fe4f3a636 image: mysql:8.4. Waiting for: all of: [log message "port: 3306  MySQL Community Server"]
2026/09/11 15:41:24 🔔 Container is ready: 194fe4f3a636
{"request_id":"rcc-26b8db40d5d59096d3472b1bfd804117","method":"GET","path":"/api/v1/auth/csrf","status":200,"duration_ms":5}
{"request_id":"rcc-f704dd0396aeeda9eaec75ce7d3cd3ea","method":"POST","path":"/api/v1/auth/register","status":201,"duration_ms":41}
{"request_id":"rcc-5ffaa01ddaa1b79a6894b6d644bbf622","method":"GET","path":"/api/v1/auth/csrf","status":200,"duration_ms":4}
{"request_id":"rcc-a7ba7113d4dafb8b050f1d745901d3ed","method":"POST","path":"/api/v1/auth/login","status":200,"duration_ms":51}
{"request_id":"rcc-70d5eed355f221fb14d742dae170eca6","method":"GET","path":"/api/v1/table-policies/:table_name/release-templates","status":200,"duration_ms":2}
{"request_id":"rcc-47ff6f4cac862fc62c3e2d268c715bbc","method":"PUT","path":"/api/v1/table-policies/:table_name/release-templates/:release_type","status":200,"duration_ms":8}
{"request_id":"rcc-f17cd4d003fca6b40f77758808cc8bf8","method":"GET","path":"/api/v1/auth/csrf","status":200,"duration_ms":5}
{"request_id":"rcc-8602cb8b9b1810245581779a3a1f513a","method":"POST","path":"/api/v1/auth/register","status":201,"duration_ms":43}
{"request_id":"rcc-5c7013c1573be93023cf794a5e66600a","method":"POST","path":"/api/v1/approval-roles","status":201,"duration_ms":13}
{"request_id":"rcc-5707e23d926ff47738cbfaa368dcbf5b","method":"GET","path":"/api/v1/table-policies/:table_name/approval-roles","status":200,"duration_ms":3}
{"request_id":"rcc-fe982ab6f7bfc9e72cead3e7683b6237","method":"PUT","path":"/api/v1/table-policies/:table_name/approval-roles","status":200,"duration_ms":14}
{"request_id":"rcc-bf44c3bde134d3ee0a73e350590e1663","method":"POST","path":"/api/v1/release-orders","status":201,"duration_ms":32}
{"request_id":"rcc-0883546995c0106590043b9358db0258","method":"POST","path":"/api/v1/release-orders/:id/submit","status":503,"duration_ms":62}
{"request_id":"rcc-7cd6c823d22e1dbbabf9a2f829ace961","method":"GET","path":"/api/v1/release-orders/:id","status":200,"duration_ms":10}
{"request_id":"rcc-02c207ba6b3050a2692197e573224d76","method":"GET","path":"/api/v1/release-orders/:id/details","status":200,"duration_ms":4}
{"request_id":"rcc-54c63f6cd4db45de479d63482fdd4955","method":"POST","path":"/api/v1/release-orders/:id/submit","status":200,"duration_ms":72}
{"request_id":"rcc-cabdc7265635d7e74d792a838a505344","method":"GET","path":"/api/v1/release-orders/:id","status":200,"duration_ms":6}
{"request_id":"rcc-0f89f0d837b0b3621bb86513c85c2e41","method":"POST","path":"/api/v1/release-orders/:id/cancel","status":200,"duration_ms":25}
{"request_id":"rcc-31224f73c311270f8bf1cfaf30d80ba3","method":"POST","path":"/api/v1/release-orders/:id/approve","status":409,"duration_ms":26}
{"request_id":"rcc-64a4eb0ed243d20ee8b0da5cd944d6e8","method":"POST","path":"/api/v1/release-orders/:id/reject","status":409,"duration_ms":33}
{"request_id":"rcc-ee85c9849584adc082d0421d95658a3a","method":"GET","path":"/api/v1/release-orders/:id","status":200,"duration_ms":6}
{"request_id":"rcc-dab046fb71181ebd2b80b92a69d9964c","method":"GET","path":"/api/v1/release-orders/:id/details","status":200,"duration_ms":3}
{"request_id":"rcc-9c5d0b4563ef33b24a9e699085fe7d16","method":"POST","path":"/api/v1/tables/:table_name/query","status":200,"duration_ms":12}
2026/09/11 15:41:26 🐳 Stopping container: 194fe4f3a636
2026/09/11 15:41:27 ✅ Container stopped: 194fe4f3a636
2026/09/11 15:41:27 🐳 Terminating container: 194fe4f3a636
2026/09/11 15:41:27 🚫 Container terminated: 194fe4f3a636
--- PASS: TestReleaseWorkflowAtomicityAndCompetition (8.85s)
=== RUN   TestReleaseSubmitRevalidatesBaselineAndRules
2026/09/11 15:41:27 🐳 Creating container for image mysql:8.4
2026/09/11 15:41:27 ✅ Container created: f6d9646afc59
2026/09/11 15:41:27 🐳 Starting container: f6d9646afc59
2026/09/11 15:41:27 ✅ Container started: f6d9646afc59
2026/09/11 15:41:27 ⏳ Waiting for container id f6d9646afc59 image: mysql:8.4. Waiting for: all of: [log message "port: 3306  MySQL Community Server"]
2026/09/11 15:41:33 🔔 Container is ready: f6d9646afc59
{"request_id":"rcc-3d7001eab1dd3b87f8616e5f11a2826d","method":"GET","path":"/api/v1/auth/csrf","status":200,"duration_ms":5}
{"request_id":"rcc-14ced8da1e6241a86ce4bfef920861f3","method":"POST","path":"/api/v1/auth/register","status":201,"duration_ms":41}
{"request_id":"rcc-92954c9279003e05b3cb1cd09aeb1ef3","method":"GET","path":"/api/v1/auth/csrf","status":200,"duration_ms":5}
{"request_id":"rcc-8ad547760ae1fb6fad944cb724ff79ce","method":"POST","path":"/api/v1/auth/login","status":200,"duration_ms":51}
{"request_id":"rcc-38161adb2197b19aebbc2c9230fc0edd","method":"GET","path":"/api/v1/table-policies/:table_name/release-templates","status":200,"duration_ms":2}
{"request_id":"rcc-12d109f855f88cb69f03e1b06af2e5b4","method":"PUT","path":"/api/v1/table-policies/:table_name/release-templates/:release_type","status":200,"duration_ms":8}
{"request_id":"rcc-69182e5cdafa2b411ab011943e18a8a2","method":"POST","path":"/api/v1/release-orders","status":201,"duration_ms":27}
{"request_id":"rcc-82b6adb603a798f54aab5c2f2c48639c","method":"GET","path":"/api/v1/table-policies/:table_name","status":200,"duration_ms":1}
{"request_id":"rcc-fe63edf056958046db9e99178d7fd11e","method":"POST","path":"/api/v1/table-policies/:table_name/disable","status":200,"duration_ms":7}
{"request_id":"rcc-827a22d568ba66e01d447fa261d6bdc7","method":"POST","path":"/api/v1/release-orders/:id/submit","status":403,"duration_ms":28}
{"request_id":"rcc-57d5e916cc2ed1d2e825f54a82566d9b","method":"GET","path":"/api/v1/table-policies/:table_name","status":200,"duration_ms":1}
{"request_id":"rcc-1a7c4df13649a15d862345c33b6aa214","method":"POST","path":"/api/v1/table-policies/:table_name/enable","status":200,"duration_ms":13}
{"request_id":"rcc-720ab1e28cd06a6a5c5b3bcce7ad33c1","method":"POST","path":"/api/v1/release-orders/:id/submit","status":409,"duration_ms":38}
{"request_id":"rcc-d3dcbc0077e9bc6e039c49c3b1ebc11b","method":"GET","path":"/api/v1/release-orders/:id","status":200,"duration_ms":5}
{"request_id":"rcc-21d79c06352b634089c570ea6da6898f","method":"GET","path":"/api/v1/release-orders/:id/details","status":200,"duration_ms":3}
2026/09/11 15:41:35 🐳 Stopping container: f6d9646afc59
2026/09/11 15:41:36 ✅ Container stopped: f6d9646afc59
2026/09/11 15:41:36 🐳 Terminating container: f6d9646afc59
2026/09/11 15:41:36 🚫 Container terminated: f6d9646afc59
--- PASS: TestReleaseSubmitRevalidatesBaselineAndRules (8.88s)
=== RUN   TestReleaseCompletionRetainsKnownTargets
2026/09/11 15:41:36 🐳 Creating container for image mysql:8.4
2026/09/11 15:41:36 ✅ Container created: bc77e75cbb5a
2026/09/11 15:41:36 🐳 Starting container: bc77e75cbb5a
2026/09/11 15:41:36 ✅ Container started: bc77e75cbb5a
2026/09/11 15:41:36 ⏳ Waiting for container id bc77e75cbb5a image: mysql:8.4. Waiting for: all of: [log message "port: 3306  MySQL Community Server"]
2026/09/11 15:41:42 🔔 Container is ready: bc77e75cbb5a
{"request_id":"rcc-ed523b3f07ea8814750b1965546f4b8c","method":"GET","path":"/api/v1/auth/csrf","status":200,"duration_ms":5}
{"request_id":"rcc-87b1b66ad0fb696d3caa74c3048533e1","method":"POST","path":"/api/v1/auth/register","status":201,"duration_ms":43}
{"request_id":"rcc-e77c6b77de370b1852c7750bbbbe8ae8","method":"GET","path":"/api/v1/auth/csrf","status":200,"duration_ms":5}
{"request_id":"rcc-6124d725fb685bafe8f524559f1a52ad","method":"POST","path":"/api/v1/auth/login","status":200,"duration_ms":51}
{"request_id":"rcc-924a5b69ccb23f35e2a5f54b227895ae","method":"GET","path":"/api/v1/table-policies/:table_name/release-templates","status":200,"duration_ms":2}
{"request_id":"rcc-6872e7da663de767a6b5536bca27c72b","method":"PUT","path":"/api/v1/table-policies/:table_name/release-templates/:release_type","status":200,"duration_ms":8}
{"request_id":"rcc-c8b0ea9a1b76bc04045c50ef01644ebd","method":"GET","path":"/api/v1/auth/csrf","status":200,"duration_ms":5}
{"request_id":"rcc-7cada1c27b3ccfba9d9ba4a2913795dd","method":"POST","path":"/api/v1/auth/register","status":201,"duration_ms":42}
{"request_id":"rcc-d23e123fac5efd3a3272b5b518e82c9a","method":"POST","path":"/api/v1/release-orders","status":201,"duration_ms":27}
{"request_id":"rcc-c14fcb749b1bc616e3eac0584dba46c5","method":"POST","path":"/api/v1/approval-roles","status":201,"duration_ms":13}
{"request_id":"rcc-c6ca5a3b7169b80ecd0fc031f599c0ed","method":"GET","path":"/api/v1/table-policies/:table_name/approval-roles","status":200,"duration_ms":2}
{"request_id":"rcc-018dc44cd92d4991e3661fbadd0f7ac5","method":"PUT","path":"/api/v1/table-policies/:table_name/approval-roles","status":200,"duration_ms":14}
{"request_id":"rcc-b9f349ec3e1e00df4e191d84f57091af","method":"POST","path":"/api/v1/release-orders/:id/submit","status":200,"duration_ms":70}
{"request_id":"rcc-c77530e8e7eac4e9b036790db52e4ad2","method":"GET","path":"/api/v1/release-orders/:id","status":200,"duration_ms":6}
{"request_id":"rcc-6ba7204d1cf7c7a8366c042ada752dd5","method":"POST","path":"/api/v1/release-orders/:id/approve","status":200,"duration_ms":25}
{"request_id":"rcc-f2ca9ce142f86337b884a45328e3c4bf","method":"POST","path":"/api/v1/release-orders/:id/execute","status":200,"duration_ms":83}
{"request_id":"rcc-99f1f1f6615dfe654d57bf41d1af1154","method":"POST","path":"/api/v1/release-orders","status":409,"duration_ms":21}
{"request_id":"rcc-516d1909f2bd4f11a662662fc1540b21","method":"POST","path":"/api/v1/release-orders","status":201,"duration_ms":31}
{"request_id":"rcc-19e44cdbbb922e201a99f12e573414c1","method":"POST","path":"/api/v1/approval-roles","status":201,"duration_ms":12}
{"request_id":"rcc-65671dbf204510b6ecdb24329f0a572d","method":"GET","path":"/api/v1/table-policies/:table_name/approval-roles","status":200,"duration_ms":5}
{"request_id":"rcc-ac9c3c937bd493ecd18fada5e1290e43","method":"PUT","path":"/api/v1/table-policies/:table_name/approval-roles","status":200,"duration_ms":17}
{"request_id":"rcc-9871dd8848582a4df6584493d9e89131","method":"POST","path":"/api/v1/release-orders/:id/submit","status":200,"duration_ms":68}
{"request_id":"rcc-91ffe67c01ea200a94052829ea71e13e","method":"GET","path":"/api/v1/release-orders/:id","status":200,"duration_ms":6}
{"request_id":"rcc-b04cb75315f45199ae85612bb4322d90","method":"POST","path":"/api/v1/release-orders/:id/approve","status":200,"duration_ms":27}
{"request_id":"rcc-6c11dfcf5666e1cf890c31a5925e9292","method":"POST","path":"/api/v1/release-orders/:id/execute","status":200,"duration_ms":80}
{"request_id":"rcc-6e59daca510ead7166027039095536e1","method":"POST","path":"/api/v1/tables/:table_name/query","status":200,"duration_ms":10}
2026/09/11 15:41:44 🐳 Stopping container: bc77e75cbb5a
2026/09/11 15:41:45 ✅ Container stopped: bc77e75cbb5a
2026/09/11 15:41:45 🐳 Terminating container: bc77e75cbb5a
2026/09/11 15:41:45 🚫 Container terminated: bc77e75cbb5a
--- PASS: TestReleaseCompletionRetainsKnownTargets (9.74s)
=== RUN   TestReleaseCompletionRolesConcurrencyAndReplay
2026/09/11 15:41:45 🐳 Creating container for image mysql:8.4
2026/09/11 15:41:45 ✅ Container created: ae2ac76715ef
2026/09/11 15:41:45 🐳 Starting container: ae2ac76715ef
2026/09/11 15:41:46 ✅ Container started: ae2ac76715ef
2026/09/11 15:41:46 ⏳ Waiting for container id ae2ac76715ef image: mysql:8.4. Waiting for: all of: [log message "port: 3306  MySQL Community Server"]
2026/09/11 15:41:52 🔔 Container is ready: ae2ac76715ef
{"request_id":"rcc-af2cbb1d6c6ee5371a15083c41b3d00d","method":"GET","path":"/api/v1/auth/csrf","status":200,"duration_ms":5}
{"request_id":"rcc-8870adfb60e6988e86acf1fd3afe5c90","method":"POST","path":"/api/v1/auth/register","status":201,"duration_ms":44}
{"request_id":"rcc-4a4144fcc8de881dc6e687dd6f14a436","method":"GET","path":"/api/v1/auth/csrf","status":200,"duration_ms":4}
{"request_id":"rcc-a2784b35069d8e0718cddf6697b3622d","method":"POST","path":"/api/v1/auth/login","status":200,"duration_ms":48}
{"request_id":"rcc-ca818f96dc6ba6476222fa8d35edfed9","method":"GET","path":"/api/v1/table-policies/:table_name/release-templates","status":200,"duration_ms":2}
{"request_id":"rcc-2d4c5a50b19ebafc2efd06c1acb5711d","method":"PUT","path":"/api/v1/table-policies/:table_name/release-templates/:release_type","status":200,"duration_ms":8}
{"request_id":"rcc-8fde6fc8ff38953d6e0b65072833a122","method":"GET","path":"/api/v1/auth/csrf","status":200,"duration_ms":5}
{"request_id":"rcc-71d4a1dec01429170057b2e1fdddb00a","method":"POST","path":"/api/v1/auth/register","status":201,"duration_ms":44}
{"request_id":"rcc-0fb8760cf8029567dcc5a6785e981f48","method":"POST","path":"/api/v1/release-orders","status":201,"duration_ms":28}
{"request_id":"rcc-810847a545fc7f009af5cd06c5839273","method":"POST","path":"/api/v1/approval-roles","status":201,"duration_ms":16}
{"request_id":"rcc-169bb3733fa81a7de29444a565400b6b","method":"GET","path":"/api/v1/table-policies/:table_name/approval-roles","status":200,"duration_ms":4}
{"request_id":"rcc-6a4ecd4c254732c307b0a0dcdfb44606","method":"PUT","path":"/api/v1/table-policies/:table_name/approval-roles","status":200,"duration_ms":17}
{"request_id":"rcc-4b35d82cfdbcce50d0a84c1db87a6e05","method":"POST","path":"/api/v1/release-orders/:id/submit","status":200,"duration_ms":72}
{"request_id":"rcc-9fa3b4f307040c1c78e2153c7385351b","method":"GET","path":"/api/v1/release-orders/:id","status":200,"duration_ms":7}
{"request_id":"rcc-616acd6b2bead8b36796edc9477c030d","method":"POST","path":"/api/v1/release-orders/:id/approve","status":200,"duration_ms":34}
{"request_id":"rcc-086e96e105e2a522debbd52b9cfec4d8","method":"POST","path":"/api/v1/release-orders/:id/complete","status":422,"duration_ms":9}
{"request_id":"rcc-9ed6d17623f388f4de9420302e82f191","method":"POST","path":"/api/v1/release-orders/:id/execute","status":200,"duration_ms":83}
{"request_id":"rcc-2e904438494363b859181509c1714593","method":"GET","path":"/api/v1/auth/csrf","status":200,"duration_ms":5}
{"request_id":"rcc-6b0ea3e3493ba40c21a0f82e13315ea8","method":"POST","path":"/api/v1/auth/register","status":201,"duration_ms":44}
{"request_id":"rcc-a060f2771c40fbf01cf8461b17946852","method":"POST","path":"/api/v1/release-orders/:id/complete","status":403,"duration_ms":1}
{"request_id":"rcc-14351b64c8ad0ce92b1392c423f9686e","method":"GET","path":"/api/v1/release-orders/:id","status":200,"duration_ms":7}
{"request_id":"rcc-a87cc320d45f912ca51dc4ad6e4791cc","method":"GET","path":"/api/v1/release-orders/:id/details","status":200,"duration_ms":4}
{"request_id":"rcc-74a0e0a32eedba23390ac62a72f006f2","method":"PUT","path":"/api/v1/account-roles/:id","status":200,"duration_ms":10}
{"request_id":"rcc-1f6bc87494a81cb52a43cf556545bec9","method":"POST","path":"/api/v1/release-orders/:id/complete","status":403,"duration_ms":0}
{"request_id":"rcc-68e2e8a43e9dfb5bd176b7ec37c593aa","method":"GET","path":"/api/v1/release-orders/:id","status":200,"duration_ms":6}
{"request_id":"rcc-31a24d7479d7c7d875eb0b4454edabda","method":"GET","path":"/api/v1/release-orders/:id/details","status":200,"duration_ms":3}
{"request_id":"rcc-dbfc2bb4e46e4d0a1980e31b638b0d9b","method":"PUT","path":"/api/v1/account-roles/:id","status":200,"duration_ms":12}
{"request_id":"rcc-88ad11a660e2e18d23960507eb6bc7f4","method":"POST","path":"/api/v1/release-orders/:id/complete","status":409,"duration_ms":7}
{"request_id":"rcc-82458a1dee3ccff2484152a787995d9d","method":"POST","path":"/api/v1/release-orders/:id/complete","status":409,"duration_ms":26}
{"request_id":"rcc-171ee7c1c78a6c2a89b3f1a284a4dfdd","method":"POST","path":"/api/v1/release-orders/:id/complete","status":200,"duration_ms":27}
{"request_id":"rcc-2ab0e1919ef17606308a884c06fb2dc0","method":"POST","path":"/api/v1/release-orders/:id/complete","status":200,"duration_ms":14}
{"request_id":"rcc-9207f12ccf42a1db8cb050e348789f6d","method":"POST","path":"/api/v1/release-orders/:id/complete","status":409,"duration_ms":4}
{"request_id":"rcc-e67e7f594ab6e5c391116d5eebf97003","method":"POST","path":"/api/v1/release-orders/:id/complete","status":422,"duration_ms":6}
{"request_id":"rcc-02cf0c2c19b4d7e79ab8060e194732d6","method":"GET","path":"/api/v1/release-orders/:id","status":200,"duration_ms":6}
{"request_id":"rcc-288f546f027a424a0957108619b0a637","method":"GET","path":"/api/v1/release-orders/:id/details","status":200,"duration_ms":4}
{"request_id":"rcc-59853ecc1e737f6cb7b912229c48a6ed","method":"PUT","path":"/api/v1/account-roles/:id","status":200,"duration_ms":10}
{"request_id":"rcc-2cd32bad8ead355a667a55edd55dbf0d","method":"POST","path":"/api/v1/release-orders/:id/complete","status":403,"duration_ms":0}
2026/09/11 15:41:54 🐳 Stopping container: ae2ac76715ef
2026/09/11 15:41:55 ✅ Container stopped: ae2ac76715ef
2026/09/11 15:41:55 🐳 Terminating container: ae2ac76715ef
2026/09/11 15:41:55 🚫 Container terminated: ae2ac76715ef
--- PASS: TestReleaseCompletionRolesConcurrencyAndReplay (9.86s)
=== RUN   TestReleaseCompletionPersistenceFailureIsAtomic
2026/09/11 15:41:55 🐳 Creating container for image mysql:8.4
2026/09/11 15:41:55 ✅ Container created: e4d43195bdaa
2026/09/11 15:41:55 🐳 Starting container: e4d43195bdaa
2026/09/11 15:41:55 ✅ Container started: e4d43195bdaa
2026/09/11 15:41:55 ⏳ Waiting for container id e4d43195bdaa image: mysql:8.4. Waiting for: all of: [log message "port: 3306  MySQL Community Server"]
2026/09/11 15:42:02 🔔 Container is ready: e4d43195bdaa
{"request_id":"rcc-519c51f049aba98b4723e83989179782","method":"GET","path":"/api/v1/auth/csrf","status":200,"duration_ms":5}
{"request_id":"rcc-8ad69594af5e7dba4ace9c89c6ac6813","method":"POST","path":"/api/v1/auth/register","status":201,"duration_ms":44}
{"request_id":"rcc-4914131f7b30936b9b4d31a526fa4034","method":"GET","path":"/api/v1/auth/csrf","status":200,"duration_ms":5}
{"request_id":"rcc-5893008c10a43e526acf82c7a0fd1a71","method":"POST","path":"/api/v1/auth/login","status":200,"duration_ms":50}
{"request_id":"rcc-409de8561711e966c8bf91b96c0b618f","method":"GET","path":"/api/v1/table-policies/:table_name/release-templates","status":200,"duration_ms":2}
{"request_id":"rcc-1b28dad22235704d019ec96fdda9d361","method":"PUT","path":"/api/v1/table-policies/:table_name/release-templates/:release_type","status":200,"duration_ms":9}
{"request_id":"rcc-3cb2f67a63f3f6160981649570aed698","method":"GET","path":"/api/v1/auth/csrf","status":200,"duration_ms":4}
{"request_id":"rcc-1910be7d7dd674a48ea5b2189c9d47b4","method":"POST","path":"/api/v1/auth/register","status":201,"duration_ms":39}
{"request_id":"rcc-dff4a7131e84ed35bbdfe212cfc0d5b5","method":"POST","path":"/api/v1/release-orders","status":201,"duration_ms":29}
{"request_id":"rcc-1246cedeb07e38e676f03c4e7e321cfd","method":"POST","path":"/api/v1/approval-roles","status":201,"duration_ms":20}
{"request_id":"rcc-8748488cdd152d22df6458057b512daa","method":"GET","path":"/api/v1/table-policies/:table_name/approval-roles","status":200,"duration_ms":4}
{"request_id":"rcc-c4d5ef179df9774290e32f3110b897e1","method":"PUT","path":"/api/v1/table-policies/:table_name/approval-roles","status":200,"duration_ms":17}
{"request_id":"rcc-c955088d03b5be0c6834fad693b45143","method":"POST","path":"/api/v1/release-orders/:id/submit","status":200,"duration_ms":74}
{"request_id":"rcc-bb6b8195549168758b3cae1d0f1f3705","method":"GET","path":"/api/v1/release-orders/:id","status":200,"duration_ms":7}
{"request_id":"rcc-87ac823db4dd33539fb96c414d495f7d","method":"POST","path":"/api/v1/release-orders/:id/approve","status":200,"duration_ms":27}
{"request_id":"rcc-698d04e1ea1b990b9af1f334223f57ea","method":"POST","path":"/api/v1/release-orders/:id/execute","status":200,"duration_ms":83}
{"request_id":"rcc-ad02894963e7dd5b6d1880179879cff2","method":"POST","path":"/api/v1/release-orders","status":409,"duration_ms":21}
{"request_id":"rcc-185735f8a6134bf95262cff0b3f8e01c","method":"GET","path":"/api/v1/release-orders/:id","status":200,"duration_ms":7}
=== RUN   TestReleaseCompletionPersistenceFailureIsAtomic/rcc_approval_notifications
{"request_id":"rcc-ae9f564f195697a21259578409c4fd45","method":"POST","path":"/api/v1/release-orders/:id/complete","status":503,"duration_ms":16}
{"request_id":"rcc-895229fd33f889270c9fc3156c3e68f6","method":"GET","path":"/api/v1/release-orders/:id","status":200,"duration_ms":7}
{"request_id":"rcc-6ea6b41b0c87b472ee8e00dad87b5708","method":"GET","path":"/api/v1/release-orders/:id/details","status":200,"duration_ms":4}
{"request_id":"rcc-4f0526219d32df65792a6c7ed73e4dec","method":"GET","path":"/api/v1/release-orders/:id","status":200,"duration_ms":6}
{"request_id":"rcc-8b5aea56d57d2ddf5a97b85a0eb2d78c","method":"POST","path":"/api/v1/release-orders","status":409,"duration_ms":22}
{"request_id":"rcc-075391c15ba8c03c542290cbc23a67f4","method":"POST","path":"/api/v1/tables/:table_name/query","status":200,"duration_ms":10}
=== RUN   TestReleaseCompletionPersistenceFailureIsAtomic/rcc_release_targets
{"request_id":"rcc-02e76a149c793041b3829f0bc236df4b","method":"POST","path":"/api/v1/release-orders/:id/complete","status":503,"duration_ms":8}
{"request_id":"rcc-b6a575d82cdcc4e0c044505118951f55","method":"GET","path":"/api/v1/release-orders/:id","status":200,"duration_ms":7}
{"request_id":"rcc-c8e4bc3f69fe6c41a624c6a51371e75d","method":"GET","path":"/api/v1/release-orders/:id/details","status":200,"duration_ms":3}
{"request_id":"rcc-b809bcc400ea2a2d0897950b2d46e969","method":"GET","path":"/api/v1/release-orders/:id","status":200,"duration_ms":7}
{"request_id":"rcc-c569599fa89cc9d7c82e324e975e1944","method":"POST","path":"/api/v1/release-orders","status":409,"duration_ms":24}
{"request_id":"rcc-f82947262d0e5941abffb9d6bee7b137","method":"POST","path":"/api/v1/tables/:table_name/query","status":200,"duration_ms":10}
=== RUN   TestReleaseCompletionPersistenceFailureIsAtomic/rcc_release_orders
{"request_id":"rcc-ae846e52953a5dff086c6274fcd7122d","method":"POST","path":"/api/v1/release-orders/:id/complete","status":503,"duration_ms":12}
{"request_id":"rcc-2c5c3de575c1aa87670ad3539cc8dd03","method":"GET","path":"/api/v1/release-orders/:id","status":200,"duration_ms":7}
{"request_id":"rcc-812d763d7e4c548402dc663219d9a553","method":"GET","path":"/api/v1/release-orders/:id/details","status":200,"duration_ms":4}
{"request_id":"rcc-284d95ede4561f87065c933895f35957","method":"GET","path":"/api/v1/release-orders/:id","status":200,"duration_ms":8}
{"request_id":"rcc-87414db06f57f658f1d83a8b7f0a90a1","method":"POST","path":"/api/v1/release-orders","status":409,"duration_ms":25}
{"request_id":"rcc-6cee0b1c0ec33ac83e7dbfd91e9b2291","method":"POST","path":"/api/v1/tables/:table_name/query","status":200,"duration_ms":10}
=== RUN   TestReleaseCompletionPersistenceFailureIsAtomic/rcc_release_requests
{"request_id":"rcc-a5061849c9395506d65d2356aa3ffe68","method":"POST","path":"/api/v1/release-orders/:id/complete","status":503,"duration_ms":17}
{"request_id":"rcc-cae189c59b2bb4d400d5e303f27a5a35","method":"GET","path":"/api/v1/release-orders/:id","status":200,"duration_ms":6}
{"request_id":"rcc-2998c289199364992206dbaf1e4e89ed","method":"GET","path":"/api/v1/release-orders/:id/details","status":200,"duration_ms":3}
{"request_id":"rcc-4d51a4137bbc5db313fa884cb062b3d5","method":"GET","path":"/api/v1/release-orders/:id","status":200,"duration_ms":7}
{"request_id":"rcc-c06eb025d39c1005abbd6c9c11ecd7d0","method":"POST","path":"/api/v1/release-orders","status":409,"duration_ms":25}
{"request_id":"rcc-ce41566945a5b245a9f92d95a06a88ee","method":"POST","path":"/api/v1/tables/:table_name/query","status":200,"duration_ms":10}
{"request_id":"rcc-f56f44625998ccd7b89ebce5e021994c","method":"POST","path":"/api/v1/release-orders/:id/complete","status":200,"duration_ms":26}
{"request_id":"rcc-f09341be6960972505faa46952fa8b31","method":"GET","path":"/api/v1/release-orders/:id","status":200,"duration_ms":6}
{"request_id":"rcc-28208e3f31e08ef0689b53add6ff7ddc","method":"POST","path":"/api/v1/release-orders","status":201,"duration_ms":35}
2026/09/11 15:42:04 🐳 Stopping container: e4d43195bdaa
2026/09/11 15:42:05 ✅ Container stopped: e4d43195bdaa
2026/09/11 15:42:05 🐳 Terminating container: e4d43195bdaa
2026/09/11 15:42:05 🚫 Container terminated: e4d43195bdaa
--- PASS: TestReleaseCompletionPersistenceFailureIsAtomic (9.76s)
    --- PASS: TestReleaseCompletionPersistenceFailureIsAtomic/rcc_approval_notifications (0.07s)
    --- PASS: TestReleaseCompletionPersistenceFailureIsAtomic/rcc_release_targets (0.07s)
    --- PASS: TestReleaseCompletionPersistenceFailureIsAtomic/rcc_release_orders (0.07s)
    --- PASS: TestReleaseCompletionPersistenceFailureIsAtomic/rcc_release_requests (0.08s)
=== RUN   TestMultitableCopyCompetesForEveryTargetAndLinksBothOrders
2026/09/11 15:42:05 🐳 Creating container for image mysql:8.4
2026/09/11 15:42:05 ✅ Container created: 622c499eca27
2026/09/11 15:42:05 🐳 Starting container: 622c499eca27
2026/09/11 15:42:05 ✅ Container started: 622c499eca27
2026/09/11 15:42:05 ⏳ Waiting for container id 622c499eca27 image: mysql:8.4. Waiting for: all of: [log message "port: 3306  MySQL Community Server"]
2026/09/11 15:42:10 🔔 Container is ready: 622c499eca27
{"request_id":"rcc-0445c557d8856af243e57bbfb4beb090","method":"GET","path":"/api/v1/auth/csrf","status":200,"duration_ms":5}
{"request_id":"rcc-137c352526b232913b339ed72ab13f23","method":"POST","path":"/api/v1/auth/register","status":201,"duration_ms":44}
{"request_id":"rcc-2b9a19fb07f811eb87432092c44e9bc0","method":"GET","path":"/api/v1/auth/csrf","status":200,"duration_ms":5}
{"request_id":"rcc-3a02472aea1d3622901d982eb5d56ee6","method":"POST","path":"/api/v1/auth/login","status":200,"duration_ms":51}
{"request_id":"rcc-89b885c3365e7e4eb2410053b5c5e725","method":"GET","path":"/api/v1/table-policies/:table_name/release-templates","status":200,"duration_ms":2}
{"request_id":"rcc-5c6585069deb4f64ef3dc70c5f6b615b","method":"PUT","path":"/api/v1/table-policies/:table_name/release-templates/:release_type","status":200,"duration_ms":8}
{"request_id":"rcc-f2f374aeda4ef11ee51868ebb5f20836","method":"GET","path":"/api/v1/table-policies/:table_name","status":200,"duration_ms":1}
{"request_id":"rcc-fd70322be7ef01dcff35ce8588bb3b29","method":"GET","path":"/api/v1/table-policies/:table_name","status":200,"duration_ms":1}
{"request_id":"rcc-0e440ec0b32e80f08184fb3e6713f80a","method":"PUT","path":"/api/v1/table-policies/:table_name","status":200,"duration_ms":17}
{"request_id":"rcc-c852e75229c981dfff746e82fdf60a63","method":"GET","path":"/api/v1/table-policies/:table_name/release-templates","status":200,"duration_ms":2}
{"request_id":"rcc-e29859be72afe40a4aca5fb14d3d8c12","method":"PUT","path":"/api/v1/table-policies/:table_name/release-templates/:release_type","status":200,"duration_ms":8}
{"request_id":"rcc-bbbd562c55cf728c79dac5796a1e6a26","method":"GET","path":"/api/v1/table-policies/:table_name","status":200,"duration_ms":1}
{"request_id":"rcc-4330e2949eafe701d361872a0c1a99a9","method":"GET","path":"/api/v1/table-policies/:table_name","status":200,"duration_ms":1}
{"request_id":"rcc-ffd370e84c9cddeee5748a02271ec8c6","method":"PUT","path":"/api/v1/table-policies/:table_name","status":200,"duration_ms":16}
{"request_id":"rcc-3d066fadbfd6bac9f4b23523fa738cfd","method":"GET","path":"/api/v1/auth/csrf","status":200,"duration_ms":5}
{"request_id":"rcc-0b4cc83a45df0f46935acf63ed96cc44","method":"POST","path":"/api/v1/auth/register","status":201,"duration_ms":44}
{"request_id":"rcc-87293d716e77ecf7ba19408ef053072b","method":"GET","path":"/api/v1/auth/csrf","status":200,"duration_ms":6}
{"request_id":"rcc-0ddff6ed86fc604a8fab5dd7cdffa91a","method":"POST","path":"/api/v1/auth/register","status":201,"duration_ms":46}
{"request_id":"rcc-fd27681b9e3a25f6a1c1afcabb8c0437","method":"GET","path":"/api/v1/auth/csrf","status":200,"duration_ms":5}
{"request_id":"rcc-67efbe7840c39a04637da1224f8e7103","method":"POST","path":"/api/v1/auth/register","status":201,"duration_ms":44}
{"request_id":"rcc-6ec1fbf3ae2d1bad99c4b59b5424d061","method":"PUT","path":"/api/v1/account-roles/:id","status":200,"duration_ms":11}
{"request_id":"rcc-9519e1b799ff885c47a8806041fde35f","method":"PUT","path":"/api/v1/account-roles/:id","status":200,"duration_ms":10}
{"request_id":"rcc-39a3b0f9fda8e3f068b13ca0bfaac176","method":"PUT","path":"/api/v1/account-roles/:id","status":200,"duration_ms":11}
{"request_id":"rcc-974e484566259991f1f4d76e76241ec3","method":"POST","path":"/api/v1/release-orders","status":201,"duration_ms":55}
{"request_id":"rcc-09f67c5762fef57747aa4cdbc3d6573d","method":"POST","path":"/api/v1/release-orders/:id/cancel","status":200,"duration_ms":24}
{"request_id":"rcc-3fbcc4f467c644a0211f511f8dc8bb7a","method":"POST","path":"/api/v1/release-orders","status":201,"duration_ms":30}
{"request_id":"rcc-fb667796a4fe3ce5d3c9dd19a9cef052","method":"POST","path":"/api/v1/release-orders/:id/copy","status":409,"duration_ms":50}
{"request_id":"rcc-c060774c2da1c5f212396b07d1a8b392","method":"POST","path":"/api/v1/release-orders/:id/cancel","status":200,"duration_ms":17}
{"request_id":"rcc-2c3f45a8e063852b9e6db0e010671565","method":"POST","path":"/api/v1/release-orders/:id/copy","status":201,"duration_ms":58}
{"request_id":"rcc-139cce93307454088e7037ded7b4fbb2","method":"POST","path":"/api/v1/release-orders/:id/copy","status":201,"duration_ms":11}
{"request_id":"rcc-f7843d2bd31f3db501e1c665e109eda0","method":"GET","path":"/api/v1/release-orders/:id","status":200,"duration_ms":6}
{"request_id":"rcc-a320877c38a94644e7c83ebd761e9452","method":"GET","path":"/api/v1/release-orders/:id/details","status":200,"duration_ms":5}
2026/09/11 15:42:12 🐳 Stopping container: 622c499eca27
2026/09/11 15:42:14 ✅ Container stopped: 622c499eca27
2026/09/11 15:42:14 🐳 Terminating container: 622c499eca27
2026/09/11 15:42:14 🚫 Container terminated: 622c499eca27
--- PASS: TestMultitableCopyCompetesForEveryTargetAndLinksBothOrders (8.71s)
=== RUN   TestMultitableReprepareTransfersChangedTargetsAtomically
2026/09/11 15:42:14 🐳 Creating container for image mysql:8.4
2026/09/11 15:42:14 ✅ Container created: 70bd50aeb1ad
2026/09/11 15:42:14 🐳 Starting container: 70bd50aeb1ad
2026/09/11 15:42:14 ✅ Container started: 70bd50aeb1ad
2026/09/11 15:42:14 ⏳ Waiting for container id 70bd50aeb1ad image: mysql:8.4. Waiting for: all of: [log message "port: 3306  MySQL Community Server"]
2026/09/11 15:42:20 🔔 Container is ready: 70bd50aeb1ad
{"request_id":"rcc-7a428e929c23ad67d675a22249a74610","method":"GET","path":"/api/v1/auth/csrf","status":200,"duration_ms":6}
{"request_id":"rcc-91e990906e66c849ccb6f53c17448fa6","method":"POST","path":"/api/v1/auth/register","status":201,"duration_ms":42}
{"request_id":"rcc-2505a488dc2c373afbe62659d3b8865c","method":"GET","path":"/api/v1/auth/csrf","status":200,"duration_ms":5}
{"request_id":"rcc-e5ced00e02d76224aa481a4b6bce2c22","method":"POST","path":"/api/v1/auth/login","status":200,"duration_ms":51}
{"request_id":"rcc-7f5c81e3750a6fe289e69397fcd36ebc","method":"GET","path":"/api/v1/table-policies/:table_name/release-templates","status":200,"duration_ms":2}
{"request_id":"rcc-fd2508c6467b04c0f24b61a0273f7633","method":"PUT","path":"/api/v1/table-policies/:table_name/release-templates/:release_type","status":200,"duration_ms":8}
{"request_id":"rcc-5a54e9f8ce2720af062a5f67d8c2d916","method":"GET","path":"/api/v1/table-policies/:table_name","status":200,"duration_ms":1}
{"request_id":"rcc-f1d031e5abf23a45c0b68019aaeb1dbb","method":"GET","path":"/api/v1/table-policies/:table_name","status":200,"duration_ms":1}
{"request_id":"rcc-cd26abc74956f5d5f0100007af5bf3c4","method":"PUT","path":"/api/v1/table-policies/:table_name","status":200,"duration_ms":16}
{"request_id":"rcc-220726d35121ae44ca0aa3def857b6dd","method":"GET","path":"/api/v1/table-policies/:table_name/release-templates","status":200,"duration_ms":2}
{"request_id":"rcc-a2fe258d346d537288ad29ad7908e00c","method":"PUT","path":"/api/v1/table-policies/:table_name/release-templates/:release_type","status":200,"duration_ms":7}
{"request_id":"rcc-e22a079c6fe334ee06361e87df2eae40","method":"GET","path":"/api/v1/table-policies/:table_name","status":200,"duration_ms":1}
{"request_id":"rcc-65001da2a59de1e2c996839e65add94e","method":"GET","path":"/api/v1/table-policies/:table_name","status":200,"duration_ms":1}
{"request_id":"rcc-308f9cf8b7032dd830c199b59f387289","method":"PUT","path":"/api/v1/table-policies/:table_name","status":200,"duration_ms":16}
{"request_id":"rcc-054205b79327f7694444271ef7e04654","method":"GET","path":"/api/v1/auth/csrf","status":200,"duration_ms":5}
{"request_id":"rcc-843613fc3343ad1ae631fe89fc12796a","method":"POST","path":"/api/v1/auth/register","status":201,"duration_ms":43}
{"request_id":"rcc-fe5f76a6470d94f885caf4f42252761d","method":"GET","path":"/api/v1/auth/csrf","status":200,"duration_ms":5}
{"request_id":"rcc-8d3b841b6177097f47bcd25fc7393bb7","method":"POST","path":"/api/v1/auth/register","status":201,"duration_ms":43}
{"request_id":"rcc-d2e2d7c44b61246544aeefc822eb7268","method":"PUT","path":"/api/v1/account-roles/:id","status":200,"duration_ms":9}
{"request_id":"rcc-a5d5dddacdffe1612676a5bb49b6d87f","method":"POST","path":"/api/v1/approval-roles","status":201,"duration_ms":13}
{"request_id":"rcc-4cbeeb5c840a6802eb5c4a62aff816a4","method":"GET","path":"/api/v1/table-policies/:table_name/approval-roles","status":200,"duration_ms":2}
{"request_id":"rcc-0d810912e8c3fdebb6f0b346c72ef828","method":"PUT","path":"/api/v1/table-policies/:table_name/approval-roles","status":200,"duration_ms":14}
{"request_id":"rcc-4c1958ec1e4b731c97af15691501512a","method":"GET","path":"/api/v1/table-policies/:table_name/approval-roles","status":200,"duration_ms":2}
{"request_id":"rcc-bd47679097cac79d87471b9a7096381d","method":"PUT","path":"/api/v1/table-policies/:table_name/approval-roles","status":200,"duration_ms":14}
{"request_id":"rcc-1d25c49068acf3a7e0ed5a8ffd63e368","method":"POST","path":"/api/v1/release-orders","status":201,"duration_ms":56}
{"request_id":"rcc-3eecbcba436f9797e3cf07f1decd2a4e","method":"POST","path":"/api/v1/release-orders/:id/submit","status":200,"duration_ms":119}
{"request_id":"rcc-46ea1acbfbead59809ef38c99362a228","method":"GET","path":"/api/v1/release-orders/:id","status":200,"duration_ms":6}
{"request_id":"rcc-9a18e981dc4d5cff040cc8bca4600bd3","method":"POST","path":"/api/v1/release-orders/:id/approve","status":200,"duration_ms":26}
{"request_id":"rcc-16cf3d0aa09585e0c6373e51894857db","method":"POST","path":"/api/v1/release-orders/preview","status":200,"duration_ms":27}
{"request_id":"rcc-32ef1973b0712f7e9e1e65f656c85029","method":"GET","path":"/api/v1/release-orders/:id","status":200,"duration_ms":9}
{"request_id":"rcc-5de4457bb420d966eb40b6b36f68f11c","method":"GET","path":"/api/v1/release-orders/:id/details","status":200,"duration_ms":5}
{"request_id":"rcc-569633f9934b7abecb6ae1e252a9a610","method":"POST","path":"/api/v1/release-orders/:id/reprepare","status":503,"duration_ms":59}
{"request_id":"rcc-7e9d1c146a89f33a214b1664cf625fbf","method":"GET","path":"/api/v1/release-orders/:id","status":200,"duration_ms":7}
{"request_id":"rcc-f0ed0368e2a913cf39fcddf53093c30d","method":"GET","path":"/api/v1/release-orders/:id/details","status":200,"duration_ms":4}
    release_copy_reprepare_multitable_integration_test.go:280: contender connection 13 waits for authorization lock held by open reprepare connection 9
{"request_id":"rcc-eeb3af321b317a9cffe00f6d17c5c21c","method":"POST","path":"/api/v1/release-orders/:id/reprepare","status":201,"duration_ms":101}
{"request_id":"rcc-f524afe3bbcdf9ee813dc2d67af30f16","method":"POST","path":"/api/v1/release-orders","status":409,"duration_ms":65}
{"request_id":"rcc-0a92b6a56aefc3138a72f1160fc8d894","method":"POST","path":"/api/v1/release-orders/:id/reprepare","status":201,"duration_ms":19}
{"request_id":"rcc-1434a9ad58da4f8201561a5af20f54fc","method":"GET","path":"/api/v1/release-orders/:id","status":200,"duration_ms":8}
{"request_id":"rcc-02b7c123bd2fe1ba049787ae076c2a7b","method":"GET","path":"/api/v1/release-orders/:id/details","status":200,"duration_ms":5}
{"request_id":"rcc-eb46d11b25e37904092008755b94d16d","method":"POST","path":"/api/v1/release-orders/:id/submit","status":200,"duration_ms":118}
{"request_id":"rcc-64ae06a0a210fddb12aa9abb83e3bc34","method":"POST","path":"/api/v1/release-orders/:id/approve","status":403,"duration_ms":7}
{"request_id":"rcc-35be74ca16a3ff2a2dba577fad19bfbc","method":"GET","path":"/api/v1/release-orders/:id","status":200,"duration_ms":6}
{"request_id":"rcc-0aaeb2a6ff7a9ce1b90ef3e55c7029a1","method":"POST","path":"/api/v1/release-orders/:id/approve","status":200,"duration_ms":25}
{"request_id":"rcc-36103a34be66a47372654ed5fb8bd96f","method":"POST","path":"/api/v1/release-orders","status":201,"duration_ms":36}
{"request_id":"rcc-7635007992819a79e8e67e76c9c6d9bf","method":"POST","path":"/api/v1/release-orders","status":409,"duration_ms":26}
2026/09/11 15:42:22 🐳 Stopping container: 70bd50aeb1ad
2026/09/11 15:42:23 ✅ Container stopped: 70bd50aeb1ad
2026/09/11 15:42:23 🐳 Terminating container: 70bd50aeb1ad
2026/09/11 15:42:23 🚫 Container terminated: 70bd50aeb1ad
--- PASS: TestMultitableReprepareTransfersChangedTargetsAtomically (9.71s)
=== RUN   TestReleaseEmergencyAC012SwitchReplacesWholeDraft
2026/09/11 15:42:23 🐳 Creating container for image mysql:8.4
2026/09/11 15:42:23 ✅ Container created: ea0fd07b1afd
2026/09/11 15:42:23 🐳 Starting container: ea0fd07b1afd
2026/09/11 15:42:24 ✅ Container started: ea0fd07b1afd
2026/09/11 15:42:24 ⏳ Waiting for container id ea0fd07b1afd image: mysql:8.4. Waiting for: all of: [log message "port: 3306  MySQL Community Server"]
2026/09/11 15:42:30 🔔 Container is ready: ea0fd07b1afd
{"request_id":"rcc-e398509bfc129fe5819b0477698e7e54","method":"GET","path":"/api/v1/auth/csrf","status":200,"duration_ms":8}
{"request_id":"rcc-65ba393f370385c2dada34a3de710a58","method":"POST","path":"/api/v1/auth/register","status":201,"duration_ms":59}
{"request_id":"rcc-d4dbed7f24a92fb3bbd296d652f71c8a","method":"GET","path":"/api/v1/auth/csrf","status":200,"duration_ms":12}
{"request_id":"rcc-7631205b76597d569996ab69725a2656","method":"POST","path":"/api/v1/auth/login","status":200,"duration_ms":150}
{"request_id":"rcc-378de410925824279d966a2fc22af6a9","method":"POST","path":"/api/v1/query-policies","status":201,"duration_ms":12}
{"request_id":"rcc-2778ee4163330880cdf2482d267a6eeb","method":"POST","path":"/api/v1/query-policies/:code/activate","status":200,"duration_ms":41}
{"request_id":"rcc-797c44323b7a865f52dce648386744e1","method":"POST","path":"/api/v1/mutation-policies","status":201,"duration_ms":29}
{"request_id":"rcc-4d6881a7dc88c7618664cac514cd3a4a","method":"POST","path":"/api/v1/mutation-policies/:code/activate","status":200,"duration_ms":69}
{"request_id":"rcc-3d03d85da78e86481154a251c5284953","method":"POST","path":"/api/v1/table-policies","status":201,"duration_ms":159}
{"request_id":"rcc-c5e90e131487084f1d7edd725f28fcdd","method":"POST","path":"/api/v1/table-policies/:table_name/enable","status":200,"duration_ms":73}
{"request_id":"rcc-3ba7122b37937b160725e3b46625a05d","method":"POST","path":"/api/v1/table-policies","status":201,"duration_ms":148}
{"request_id":"rcc-2ee95992f535dd5a3274abe98cfa7b0d","method":"POST","path":"/api/v1/table-policies/:table_name/enable","status":200,"duration_ms":68}
{"request_id":"rcc-27d1536c5c121caac26cc1f18e08dc35","method":"POST","path":"/api/v1/release-templates","status":201,"duration_ms":41}
{"request_id":"rcc-184c0bf50c95baf85499caa5fc8bf74c","method":"GET","path":"/api/v1/table-policies/:table_name/release-templates","status":200,"duration_ms":8}
{"request_id":"rcc-1cd1d13e2a2e9c620fcc5b94a6a420eb","method":"PUT","path":"/api/v1/table-policies/:table_name/release-templates/:release_type","status":200,"duration_ms":43}
{"request_id":"rcc-79f31b82832bee9068a34ede860afca2","method":"GET","path":"/api/v1/table-policies/:table_name/release-templates","status":200,"duration_ms":8}
{"request_id":"rcc-fbe9c49644faa34dbc15f59fbaec3b6a","method":"PUT","path":"/api/v1/table-policies/:table_name/release-templates/:release_type","status":200,"duration_ms":17}
{"request_id":"rcc-4ac2886ebb316255743c4bab5e70a135","method":"POST","path":"/api/v1/release-orders","status":201,"duration_ms":63}
{"request_id":"rcc-b840315a1c42c86a924c98f5775c1d81","method":"PUT","path":"/api/v1/release-orders/:id","status":200,"duration_ms":32}
{"request_id":"rcc-e17e1c3c6ba031a049e5d747d440536f","method":"PUT","path":"/api/v1/release-orders/:id","status":200,"duration_ms":15}
{"request_id":"rcc-962ffaebdd3d4af53621182fbaf3c822","method":"PUT","path":"/api/v1/release-orders/:id","status":409,"duration_ms":10}
{"request_id":"rcc-5e31845cbf3cb5b870828e24418e7bbc","method":"PUT","path":"/api/v1/release-orders/:id","status":200,"duration_ms":31}
2026/09/11 15:42:34 🐳 Stopping container: ea0fd07b1afd
2026/09/11 15:42:35 ✅ Container stopped: ea0fd07b1afd
2026/09/11 15:42:35 🐳 Terminating container: ea0fd07b1afd
2026/09/11 15:42:35 🚫 Container terminated: ea0fd07b1afd
--- PASS: TestReleaseEmergencyAC012SwitchReplacesWholeDraft (11.86s)
=== RUN   TestReleaseEmergencyAC015SubmitNeedsReasonAndDoesNotPublish
2026/09/11 15:42:35 🐳 Creating container for image mysql:8.4
2026/09/11 15:42:35 ✅ Container created: f836fd3d9ddc
2026/09/11 15:42:35 🐳 Starting container: f836fd3d9ddc
2026/09/11 15:42:35 ✅ Container started: f836fd3d9ddc
2026/09/11 15:42:35 ⏳ Waiting for container id f836fd3d9ddc image: mysql:8.4. Waiting for: all of: [log message "port: 3306  MySQL Community Server"]
2026/09/11 15:42:43 🔔 Container is ready: f836fd3d9ddc
{"request_id":"rcc-cdfbaee4454909176bb7b4376ddc159e","method":"GET","path":"/api/v1/auth/csrf","status":200,"duration_ms":9}
{"request_id":"rcc-ff42eee71a73a00285564bc1e8807837","method":"POST","path":"/api/v1/auth/register","status":201,"duration_ms":46}
{"request_id":"rcc-9ccf0f9ebcf3fddd0114fbcba71daa49","method":"GET","path":"/api/v1/auth/csrf","status":200,"duration_ms":6}
{"request_id":"rcc-f857c9fab54a2058ad3c6574d04b7ef7","method":"POST","path":"/api/v1/auth/login","status":200,"duration_ms":65}
{"request_id":"rcc-1dbf162983326c742b0b1a67e187117b","method":"POST","path":"/api/v1/query-policies","status":201,"duration_ms":4}
{"request_id":"rcc-a66f59f6d1617c8380ca6600562fdf52","method":"POST","path":"/api/v1/query-policies/:code/activate","status":200,"duration_ms":6}
{"request_id":"rcc-0f3277b57b62b47c869b5b285faca3f4","method":"POST","path":"/api/v1/mutation-policies","status":201,"duration_ms":4}
{"request_id":"rcc-34366fa2731a30ef32a0e03b99770e3d","method":"POST","path":"/api/v1/mutation-policies/:code/activate","status":200,"duration_ms":5}
{"request_id":"rcc-b15eabd7084755c0e16928163cd599ba","method":"POST","path":"/api/v1/table-policies","status":201,"duration_ms":17}
{"request_id":"rcc-0dac33cf1c9e0dc1facf9ad624dc2ef5","method":"POST","path":"/api/v1/table-policies/:table_name/enable","status":200,"duration_ms":16}
{"request_id":"rcc-0a160a1e58b46f435e093c2f2d597fef","method":"POST","path":"/api/v1/table-policies","status":201,"duration_ms":18}
{"request_id":"rcc-ff759eacce06a59487c819979411af54","method":"POST","path":"/api/v1/table-policies/:table_name/enable","status":200,"duration_ms":15}
{"request_id":"rcc-2d30595fa561adfbad5ba908f3dbf189","method":"POST","path":"/api/v1/release-templates","status":201,"duration_ms":8}
{"request_id":"rcc-9f3898d0fac55ab0925dacfff46c769d","method":"GET","path":"/api/v1/auth/csrf","status":200,"duration_ms":6}
{"request_id":"rcc-3c2f55acf20e84790c28631972ba3849","method":"POST","path":"/api/v1/auth/register","status":201,"duration_ms":52}
{"request_id":"rcc-e9a75bbe47bb03dc99681f6e84b4fb0c","method":"PUT","path":"/api/v1/account-roles/:id","status":200,"duration_ms":16}
{"request_id":"rcc-cfd6ba325b276fbc3ddf5e731e5200ac","method":"POST","path":"/api/v1/release-orders","status":201,"duration_ms":52}
{"request_id":"rcc-e16f7dae3edb212ff019b31df08424ff","method":"POST","path":"/api/v1/release-orders/:id/submit","status":422,"duration_ms":99}
{"request_id":"rcc-23550c32cf6bb8bdd7f951c07fd38606","method":"POST","path":"/api/v1/release-orders/:id/submit","status":422,"duration_ms":85}
{"request_id":"rcc-4d8b0b471b2e6db323646c449e9feca9","method":"POST","path":"/api/v1/release-orders/:id/submit","status":422,"duration_ms":86}
{"request_id":"rcc-6bc080547754cf61c1a442989e3b9542","method":"GET","path":"/api/v1/release-orders/:id","status":200,"duration_ms":4}
{"request_id":"rcc-f238162ee37b0ad0e316dcadc6454661","method":"POST","path":"/api/v1/release-orders/:id/submit","status":200,"duration_ms":96}
{"request_id":"rcc-475f0d03561bf4007f35100bc9eb24c4","method":"POST","path":"/api/v1/tables/:table_name/query","status":200,"duration_ms":9}
{"request_id":"rcc-407420569f3c04dc93ffed08b11971a6","method":"POST","path":"/api/v1/tables/:table_name/query","status":200,"duration_ms":7}
{"request_id":"rcc-326c96bd44d607eaae33f8b96a720387","method":"GET","path":"/api/v1/release-orders","status":200,"duration_ms":4}
{"request_id":"rcc-3fec798c3fdc91016d7384f283eac8e3","method":"POST","path":"/api/v1/release-orders/:id/submit","status":200,"duration_ms":14}
{"request_id":"rcc-9025a3245653dab8f5ebcda2474f30cd","method":"PUT","path":"/api/v1/release-orders/:id","status":422,"duration_ms":9}
2026/09/11 15:42:45 🐳 Stopping container: f836fd3d9ddc
2026/09/11 15:42:46 ✅ Container stopped: f836fd3d9ddc
2026/09/11 15:42:46 🐳 Terminating container: f836fd3d9ddc
2026/09/11 15:42:46 🚫 Container terminated: f836fd3d9ddc
--- PASS: TestReleaseEmergencyAC015SubmitNeedsReasonAndDoesNotPublish (11.12s)
=== RUN   TestReleaseEmergencyAC016PublisherPermissionIsCurrent
2026/09/11 15:42:46 🐳 Creating container for image mysql:8.4
2026/09/11 15:42:46 ✅ Container created: b840f034e55c
2026/09/11 15:42:46 🐳 Starting container: b840f034e55c
2026/09/11 15:42:47 ✅ Container started: b840f034e55c
2026/09/11 15:42:47 ⏳ Waiting for container id b840f034e55c image: mysql:8.4. Waiting for: all of: [log message "port: 3306  MySQL Community Server"]
2026/09/11 15:42:54 🔔 Container is ready: b840f034e55c
{"request_id":"rcc-464c54af7792e481f6aed1c0aae7bb34","method":"GET","path":"/api/v1/auth/csrf","status":200,"duration_ms":7}
{"request_id":"rcc-55c1636faf578a107b7a8c3b25c9b89d","method":"POST","path":"/api/v1/auth/register","status":201,"duration_ms":47}
{"request_id":"rcc-b10a04681a36f465104b8d4046370f5a","method":"GET","path":"/api/v1/auth/csrf","status":200,"duration_ms":7}
{"request_id":"rcc-846ab80be51d22cf0464f9a43f5fb218","method":"POST","path":"/api/v1/auth/login","status":200,"duration_ms":53}
{"request_id":"rcc-1fc19b364fc0c2cf6a79d8e0af23db08","method":"POST","path":"/api/v1/query-policies","status":201,"duration_ms":4}
{"request_id":"rcc-53ea98802d38dfd76179a155657a58b3","method":"POST","path":"/api/v1/query-policies/:code/activate","status":200,"duration_ms":5}
{"request_id":"rcc-81caa939701c1236868b562dfcff1e76","method":"POST","path":"/api/v1/mutation-policies","status":201,"duration_ms":3}
{"request_id":"rcc-71acdd9d3dc55b7ecb672e81305f1a1f","method":"POST","path":"/api/v1/mutation-policies/:code/activate","status":200,"duration_ms":5}
{"request_id":"rcc-12a62aa386df449424f12e9131d1dc7c","method":"POST","path":"/api/v1/table-policies","status":201,"duration_ms":16}
{"request_id":"rcc-3d28cc332e86c860de7a9c5a6918b386","method":"POST","path":"/api/v1/table-policies/:table_name/enable","status":200,"duration_ms":14}
{"request_id":"rcc-c58635e63d3c6fa28092997de58a5cb3","method":"POST","path":"/api/v1/table-policies","status":201,"duration_ms":15}
{"request_id":"rcc-4508e02e1280c5b37cc0cd7b9f5c8842","method":"POST","path":"/api/v1/table-policies/:table_name/enable","status":200,"duration_ms":14}
{"request_id":"rcc-51090a3324a1afd0782e08d0e948c332","method":"POST","path":"/api/v1/release-templates","status":201,"duration_ms":6}
{"request_id":"rcc-c406315e100f020ccc872c0244a8915a","method":"GET","path":"/api/v1/auth/csrf","status":200,"duration_ms":5}
{"request_id":"rcc-6cc42fc8a21d97b3c7ed521194f3a323","method":"POST","path":"/api/v1/auth/register","status":201,"duration_ms":45}
{"request_id":"rcc-194c32c287fd7c4d308d20d754d46cde","method":"PUT","path":"/api/v1/account-roles/:id","status":200,"duration_ms":12}
{"request_id":"rcc-16e344a12db6c2a9026ec0e31a14f192","method":"POST","path":"/api/v1/release-orders","status":201,"duration_ms":36}
{"request_id":"rcc-d73638f29f19a11e7208478c4c094fcb","method":"POST","path":"/api/v1/release-orders/:id/submit","status":200,"duration_ms":92}
{"request_id":"rcc-eb975f76cde88f7b20ca979b630b4b63","method":"POST","path":"/api/v1/release-orders/:id/execute","status":403,"duration_ms":0}
{"request_id":"rcc-4b39f51c327503aafc873408a0461502","method":"PUT","path":"/api/v1/account-roles/:id","status":200,"duration_ms":10}
{"request_id":"rcc-9763a4c83500ab08887f9b20179242a8","method":"GET","path":"/api/v1/release-orders/:id","status":200,"duration_ms":4}
{"request_id":"rcc-809010c8992091cc87d31a3d64f31a1b","method":"PUT","path":"/api/v1/account-roles/:id","status":200,"duration_ms":10}
{"request_id":"rcc-a8c73b98c801ae3d75d3de79d15225a7","method":"POST","path":"/api/v1/release-orders/:id/execute","status":403,"duration_ms":1}
{"request_id":"rcc-298fe5bc2a30c992b919dbfc6ab7ffe6","method":"PUT","path":"/api/v1/account-roles/:id","status":200,"duration_ms":11}
{"request_id":"rcc-70067b6754074bb58dce58e7fdb6d172","method":"POST","path":"/api/v1/release-orders/:id/execute","status":200,"duration_ms":137}
{"request_id":"rcc-bc18eef7062ed8ac0e3f93b1471c32b7","method":"PUT","path":"/api/v1/account-roles/:id","status":200,"duration_ms":9}
{"request_id":"rcc-7655de9d8c2283ec4cd70c326d35959e","method":"POST","path":"/api/v1/release-orders/:id/execute","status":403,"duration_ms":1}
{"request_id":"rcc-0242a49b6a6fb89fd2c424d8bd682bd8","method":"PUT","path":"/api/v1/account-roles/:id","status":200,"duration_ms":11}
{"request_id":"rcc-2733fd4aeebb6bf42fbb96b29b642413","method":"POST","path":"/api/v1/release-orders/:id/execute","status":200,"duration_ms":13}
2026/09/11 15:42:56 🐳 Stopping container: b840f034e55c
2026/09/11 15:42:57 ✅ Container stopped: b840f034e55c
2026/09/11 15:42:57 🐳 Terminating container: b840f034e55c
2026/09/11 15:42:57 🚫 Container terminated: b840f034e55c
--- PASS: TestReleaseEmergencyAC016PublisherPermissionIsCurrent (10.96s)
=== RUN   TestReleaseEmergencyAC017AC018WholeOrderExecutionAndCompletion
2026/09/11 15:42:57 🐳 Creating container for image mysql:8.4
2026/09/11 15:42:57 ✅ Container created: 7497a5189b32
2026/09/11 15:42:57 🐳 Starting container: 7497a5189b32
2026/09/11 15:42:58 ✅ Container started: 7497a5189b32
2026/09/11 15:42:58 ⏳ Waiting for container id 7497a5189b32 image: mysql:8.4. Waiting for: all of: [log message "port: 3306  MySQL Community Server"]
2026/09/11 15:43:04 🔔 Container is ready: 7497a5189b32
{"request_id":"rcc-6a3238bfc0a4132fc0f0e49f672ce6ef","method":"GET","path":"/api/v1/auth/csrf","status":200,"duration_ms":6}
{"request_id":"rcc-29927c3bf4457bd0dd91d3a4b5e162ad","method":"POST","path":"/api/v1/auth/register","status":201,"duration_ms":44}
{"request_id":"rcc-ee4605906ff012bcf0ac492b9236f816","method":"GET","path":"/api/v1/auth/csrf","status":200,"duration_ms":5}
{"request_id":"rcc-18e248b233bf38733a4351cd76cef96b","method":"POST","path":"/api/v1/auth/login","status":200,"duration_ms":50}
{"request_id":"rcc-194f495ab755151c7b66383cb4162ea5","method":"GET","path":"/api/v1/table-policies/:table_name/release-templates","status":200,"duration_ms":2}
{"request_id":"rcc-dbe1da5e899a74954ea4a63c868cbaaf","method":"PUT","path":"/api/v1/table-policies/:table_name/release-templates/:release_type","status":200,"duration_ms":8}
{"request_id":"rcc-d31ea05680cd7ac6021fa623cc295123","method":"GET","path":"/api/v1/table-policies/:table_name/release-templates","status":200,"duration_ms":2}
{"request_id":"rcc-02c301a626ba385f38b3941ce3333d7c","method":"PUT","path":"/api/v1/table-policies/:table_name/release-templates/:release_type","status":200,"duration_ms":8}
{"request_id":"rcc-0693aa968248a5021ee683a595cdbe01","method":"POST","path":"/api/v1/release-orders","status":201,"duration_ms":41}
{"request_id":"rcc-7d37afb8597f367f5f2bf1f83cfb5c14","method":"POST","path":"/api/v1/release-orders/:id/submit","status":200,"duration_ms":92}
=== RUN   TestReleaseEmergencyAC017AC018WholeOrderExecutionAndCompletion/execution_failure_rolls_back_all_tables_and_request_result
{"request_id":"rcc-4f22f28bb5b48568d5053c248cfb3959","method":"POST","path":"/api/v1/release-orders/:id/execute","status":503,"duration_ms":132}
{"request_id":"rcc-56e5576dc7c0efaa47df79141bc7d6c0","method":"POST","path":"/api/v1/tables/:table_name/query","status":200,"duration_ms":11}
{"request_id":"rcc-ba6af91200b803c4a7486cd337f2677b","method":"POST","path":"/api/v1/tables/:table_name/query","status":200,"duration_ms":10}
{"request_id":"rcc-23b126b42701bc004336ccf06ae28e51","method":"GET","path":"/api/v1/release-orders/:id","status":200,"duration_ms":5}
{"request_id":"rcc-4011f41561060beaa8bdad492bb430d8","method":"POST","path":"/api/v1/release-orders/:id/execute","status":200,"duration_ms":131}
{"request_id":"rcc-8beec101d2a1419686cf6771c30980b7","method":"POST","path":"/api/v1/tables/:table_name/query","status":200,"duration_ms":10}
{"request_id":"rcc-540ac28a29815d6694c87d2215293bf2","method":"POST","path":"/api/v1/release-orders","status":409,"duration_ms":24}
{"request_id":"rcc-986c83b551c392176c55ceba0de11d2b","method":"POST","path":"/api/v1/release-orders/:id/quick-rollback/preview","status":200,"duration_ms":97}
{"request_id":"rcc-444ac663381ec1fa444bec72c285b4f9","method":"POST","path":"/api/v1/release-orders/:id/complete","status":200,"duration_ms":23}
{"request_id":"rcc-dd9daf7da1b61b505168f99ccc30a6f9","method":"POST","path":"/api/v1/tables/:table_name/query","status":200,"duration_ms":10}
{"request_id":"rcc-b54611d02571f97fc57e322dcd07c0ab","method":"POST","path":"/api/v1/release-orders/:id/quick-rollback/preview","status":422,"duration_ms":5}
{"request_id":"rcc-49508efcb6278ff53acdb47bd4e95230","method":"POST","path":"/api/v1/release-orders","status":201,"duration_ms":28}
{"request_id":"rcc-bde540e7055288f0f4112580f779b0f1","method":"POST","path":"/api/v1/release-orders/:id/execute","status":200,"duration_ms":11}
{"request_id":"rcc-17cc80d631fb3766debe1a0c97ab974e","method":"GET","path":"/api/v1/release-orders/:id","status":200,"duration_ms":4}
2026/09/11 15:43:06 🐳 Stopping container: 7497a5189b32
2026/09/11 15:43:07 ✅ Container stopped: 7497a5189b32
2026/09/11 15:43:07 🐳 Terminating container: 7497a5189b32
2026/09/11 15:43:07 🚫 Container terminated: 7497a5189b32
--- PASS: TestReleaseEmergencyAC017AC018WholeOrderExecutionAndCompletion (9.89s)
    --- PASS: TestReleaseEmergencyAC017AC018WholeOrderExecutionAndCompletion/execution_failure_rolls_back_all_tables_and_request_result (0.16s)
=== RUN   TestReleaseEmergencyAC023SwitchFailureAndOriginalResults
2026/09/11 15:43:07 🐳 Creating container for image mysql:8.4
2026/09/11 15:43:07 ✅ Container created: 90723f1251b1
2026/09/11 15:43:07 🐳 Starting container: 90723f1251b1
2026/09/11 15:43:07 ✅ Container started: 90723f1251b1
2026/09/11 15:43:07 ⏳ Waiting for container id 90723f1251b1 image: mysql:8.4. Waiting for: all of: [log message "port: 3306  MySQL Community Server"]
2026/09/11 15:43:13 🔔 Container is ready: 90723f1251b1
{"request_id":"rcc-9571a0a63e3a03e4a1d256bc3b179752","method":"GET","path":"/api/v1/auth/csrf","status":200,"duration_ms":7}
{"request_id":"rcc-8cf1147dea851f6ab30d730e8a65d658","method":"POST","path":"/api/v1/auth/register","status":201,"duration_ms":43}
{"request_id":"rcc-eff8968eb0078425ee7963ce6d2c3a12","method":"GET","path":"/api/v1/auth/csrf","status":200,"duration_ms":5}
{"request_id":"rcc-f42b980033182f2d1d5394989a42557e","method":"POST","path":"/api/v1/auth/login","status":200,"duration_ms":52}
{"request_id":"rcc-937aa8dbdfc0503371b79f20c04fbd62","method":"POST","path":"/api/v1/query-policies","status":201,"duration_ms":4}
{"request_id":"rcc-df29fcf7908a5335ea40ca6f249fe88b","method":"POST","path":"/api/v1/query-policies/:code/activate","status":200,"duration_ms":4}
{"request_id":"rcc-95a5bc94d54cf7b82e443fe567694a14","method":"POST","path":"/api/v1/mutation-policies","status":201,"duration_ms":3}
{"request_id":"rcc-3485f8f690f2affd41befb70f25d6436","method":"POST","path":"/api/v1/mutation-policies/:code/activate","status":200,"duration_ms":5}
{"request_id":"rcc-ee64f271f5b0db583ae8b76ff2325bdc","method":"POST","path":"/api/v1/table-policies","status":201,"duration_ms":14}
{"request_id":"rcc-37f9dd505ea03edbbe079b0ac8b318f0","method":"POST","path":"/api/v1/table-policies/:table_name/enable","status":200,"duration_ms":12}
{"request_id":"rcc-f092b0da5d8c9bf2a4be052b03eaf536","method":"POST","path":"/api/v1/table-policies","status":201,"duration_ms":14}
{"request_id":"rcc-a8e5deb580db4e14b2ab9748fe8f16d8","method":"POST","path":"/api/v1/table-policies/:table_name/enable","status":200,"duration_ms":13}
{"request_id":"rcc-004a1f079915051b7f3eca62c87e833e","method":"POST","path":"/api/v1/release-templates","status":201,"duration_ms":5}
{"request_id":"rcc-93c360b5406430a428f4192af1a4351d","method":"GET","path":"/api/v1/table-policies/:table_name/release-templates","status":200,"duration_ms":2}
{"request_id":"rcc-b494a9ae46a671de53d1a67029c1d2c8","method":"PUT","path":"/api/v1/table-policies/:table_name/release-templates/:release_type","status":200,"duration_ms":7}
{"request_id":"rcc-7b0203a763ae458227c31fd90c2bd2a3","method":"GET","path":"/api/v1/table-policies/:table_name/release-templates","status":200,"duration_ms":2}
{"request_id":"rcc-6ecb7f7629cbcc2e82da5e2114912a8e","method":"PUT","path":"/api/v1/table-policies/:table_name/release-templates/:release_type","status":200,"duration_ms":8}
{"request_id":"rcc-da69fa7cd5ed565277c22cf1ead17522","method":"POST","path":"/api/v1/release-orders","status":201,"duration_ms":38}
{"request_id":"rcc-114bdbcfb23ba854d42d8b1d08c85772","method":"PUT","path":"/api/v1/release-orders/:id","status":503,"duration_ms":8}
{"request_id":"rcc-222b3a4cdb234e58d3272ef7acef0a8f","method":"GET","path":"/api/v1/release-orders/:id","status":200,"duration_ms":6}
{"request_id":"rcc-cfb3e06f6440c170ecd1394e13c903fb","method":"POST","path":"/api/v1/release-orders","status":503,"duration_ms":20}
{"request_id":"rcc-4ff2df4cd017b50452728ce9a8a72a48","method":"PUT","path":"/api/v1/release-orders/:id","status":503,"duration_ms":11}
{"request_id":"rcc-1ec53a3133a31c341bfac2323cc8ed5d","method":"GET","path":"/api/v1/release-orders/:id","status":200,"duration_ms":5}
{"request_id":"rcc-51ebd4af14bf1ff3636eafd16b56029e","method":"PUT","path":"/api/v1/release-orders/:id","status":503,"duration_ms":13}
{"request_id":"rcc-c69cf34742b6e01d875f459c21b02353","method":"GET","path":"/api/v1/release-orders/:id","status":200,"duration_ms":6}
{"request_id":"rcc-b4f089629c9c7ffde38de60a91a2dac5","method":"PUT","path":"/api/v1/release-orders/:id","status":200,"duration_ms":19}
{"request_id":"rcc-7318bca320466d15f21ce761c84d112d","method":"POST","path":"/api/v1/release-orders/:id/submit","status":503,"duration_ms":85}
{"request_id":"rcc-721eb21826d0e9b5d59cd177635751c8","method":"GET","path":"/api/v1/release-orders/:id","status":200,"duration_ms":4}
{"request_id":"rcc-d201108954d14fece32f448f00bc4192","method":"POST","path":"/api/v1/release-orders/:id/submit","status":200,"duration_ms":83}
{"request_id":"rcc-98e976a2715347a2a1f00c8907b5886a","method":"PUT","path":"/api/v1/release-templates/:code","status":200,"duration_ms":7}
{"request_id":"rcc-1f4a4c51c39a8e31f88121a0c565a920","method":"PUT","path":"/api/v1/release-orders/:id","status":200,"duration_ms":9}
{"request_id":"rcc-cf7ca9a11a2352d112ec4a55f0391c87","method":"POST","path":"/api/v1/release-orders/:id/submit","status":200,"duration_ms":9}
{"request_id":"rcc-f03d6a06f2fa12a8bbe6d02c4abf4f2e","method":"POST","path":"/api/v1/release-orders/:id/submit","status":409,"duration_ms":3}
2026/09/11 15:43:15 🐳 Stopping container: 90723f1251b1
2026/09/11 15:43:17 ✅ Container stopped: 90723f1251b1
2026/09/11 15:43:17 🐳 Terminating container: 90723f1251b1
2026/09/11 15:43:17 🚫 Container terminated: 90723f1251b1
--- PASS: TestReleaseEmergencyAC023SwitchFailureAndOriginalResults (9.74s)
=== RUN   TestReleaseEmergencyAC012SwitchAndSubmitCompetition
2026/09/11 15:43:17 🐳 Creating container for image mysql:8.4
2026/09/11 15:43:17 ✅ Container created: 6e909c579ad5
2026/09/11 15:43:17 🐳 Starting container: 6e909c579ad5
2026/09/11 15:43:17 ✅ Container started: 6e909c579ad5
2026/09/11 15:43:17 ⏳ Waiting for container id 6e909c579ad5 image: mysql:8.4. Waiting for: all of: [log message "port: 3306  MySQL Community Server"]
2026/09/11 15:43:23 🔔 Container is ready: 6e909c579ad5
{"request_id":"rcc-daf03801962ad758148a81ed7b4695ae","method":"GET","path":"/api/v1/auth/csrf","status":200,"duration_ms":8}
{"request_id":"rcc-822a244d95f8040f86a1fd99a60e572e","method":"POST","path":"/api/v1/auth/register","status":201,"duration_ms":43}
{"request_id":"rcc-b41d700ed56d1af6dd60953d98686097","method":"GET","path":"/api/v1/auth/csrf","status":200,"duration_ms":5}
{"request_id":"rcc-5c80f2182031cbb5badd20bb531738af","method":"POST","path":"/api/v1/auth/login","status":200,"duration_ms":51}
{"request_id":"rcc-117d1a81eee4d490dada35014c5d6f46","method":"POST","path":"/api/v1/query-policies","status":201,"duration_ms":4}
{"request_id":"rcc-302ed155fd4ac03971141cda5ef87e58","method":"POST","path":"/api/v1/query-policies/:code/activate","status":200,"duration_ms":4}
{"request_id":"rcc-b7dc2d278fef78caf4c22c5425d88720","method":"POST","path":"/api/v1/mutation-policies","status":201,"duration_ms":3}
{"request_id":"rcc-4e6d100dbfdde74cb357b48f9a324227","method":"POST","path":"/api/v1/mutation-policies/:code/activate","status":200,"duration_ms":5}
{"request_id":"rcc-4a69a40cb87ff3efac880e9bbeadd80b","method":"POST","path":"/api/v1/table-policies","status":201,"duration_ms":15}
{"request_id":"rcc-ca70436e3f9a88a1b732b2e0a129a8fd","method":"POST","path":"/api/v1/table-policies/:table_name/enable","status":200,"duration_ms":13}
{"request_id":"rcc-736bfac956b35cbe45a3d2a7b09cab39","method":"POST","path":"/api/v1/table-policies","status":201,"duration_ms":13}
{"request_id":"rcc-9855bf9a38100578d471910f35a82e5b","method":"POST","path":"/api/v1/table-policies/:table_name/enable","status":200,"duration_ms":13}
{"request_id":"rcc-bfb0b4120cc8156b882962ccf9736d70","method":"POST","path":"/api/v1/release-templates","status":201,"duration_ms":6}
{"request_id":"rcc-19c1e92a41be84bec47b72929cadb746","method":"GET","path":"/api/v1/table-policies/:table_name/release-templates","status":200,"duration_ms":2}
{"request_id":"rcc-f0412f627acc6761c3ffd529c18ed20f","method":"PUT","path":"/api/v1/table-policies/:table_name/release-templates/:release_type","status":200,"duration_ms":7}
{"request_id":"rcc-a7ae38e5468a7e2d9a90e8d8ba57499c","method":"GET","path":"/api/v1/table-policies/:table_name/release-templates","status":200,"duration_ms":2}
{"request_id":"rcc-b82b6f33a0c4a4c912b59f7c2a741141","method":"PUT","path":"/api/v1/table-policies/:table_name/release-templates/:release_type","status":200,"duration_ms":8}
{"request_id":"rcc-c2694757f23dea853e794e278c1e13e2","method":"GET","path":"/api/v1/auth/csrf","status":200,"duration_ms":5}
{"request_id":"rcc-035202df9b886b77ca184c9d55441293","method":"POST","path":"/api/v1/auth/register","status":201,"duration_ms":42}
{"request_id":"rcc-ed3f42476bef0c729b02381b33a5b641","method":"POST","path":"/api/v1/approval-roles","status":201,"duration_ms":12}
{"request_id":"rcc-7fa778c4545623297c6e31d2f538672e","method":"GET","path":"/api/v1/table-policies/:table_name/approval-roles","status":200,"duration_ms":2}
{"request_id":"rcc-6f042b35d51bd5b3941d52d069876558","method":"PUT","path":"/api/v1/table-policies/:table_name/approval-roles","status":200,"duration_ms":15}
{"request_id":"rcc-40284497158807177492c462ab26e03c","method":"GET","path":"/api/v1/table-policies/:table_name/approval-roles","status":200,"duration_ms":3}
{"request_id":"rcc-20664a11c5cd3d19318eeec101b19ecf","method":"PUT","path":"/api/v1/table-policies/:table_name/approval-roles","status":200,"duration_ms":14}
=== RUN   TestReleaseEmergencyAC012SwitchAndSubmitCompetition/switch_wins
{"request_id":"rcc-63c672d43072bc5b757a90d7240ee09a","method":"POST","path":"/api/v1/release-orders","status":201,"duration_ms":41}
{"request_id":"rcc-19ab5fc56d7ab605e2e0cd9f1a2815d6","method":"PUT","path":"/api/v1/release-orders/:id","status":200,"duration_ms":38}
{"request_id":"rcc-5f8acf467f18bc3a17943f840cb337a2","method":"POST","path":"/api/v1/release-orders/:id/submit","status":409,"duration_ms":28}
{"request_id":"rcc-5e8bbe711955e90ec808a2eb71d67558","method":"GET","path":"/api/v1/release-orders/:id","status":200,"duration_ms":4}
=== RUN   TestReleaseEmergencyAC012SwitchAndSubmitCompetition/submit_wins
{"request_id":"rcc-f632889e3299f8f7b7cbad666919d6ac","method":"POST","path":"/api/v1/release-orders","status":201,"duration_ms":42}
{"request_id":"rcc-15fc5e0cb5cdefaa58ac20ef6de8faf3","method":"PUT","path":"/api/v1/release-orders/:id","status":409,"duration_ms":29}
{"request_id":"rcc-b322e631122992aa8169800456c03e0d","method":"POST","path":"/api/v1/release-orders/:id/submit","status":200,"duration_ms":120}
{"request_id":"rcc-2f05b4d95ca6a83b0a9cc10d46ae3e2e","method":"GET","path":"/api/v1/release-orders/:id","status":200,"duration_ms":11}
2026/09/11 15:43:25 🐳 Stopping container: 6e909c579ad5
2026/09/11 15:43:27 ✅ Container stopped: 6e909c579ad5
2026/09/11 15:43:27 🐳 Terminating container: 6e909c579ad5
2026/09/11 15:43:27 🚫 Container terminated: 6e909c579ad5
--- PASS: TestReleaseEmergencyAC012SwitchAndSubmitCompetition (9.68s)
    --- PASS: TestReleaseEmergencyAC012SwitchAndSubmitCompetition/switch_wins (0.10s)
    --- PASS: TestReleaseEmergencyAC012SwitchAndSubmitCompetition/submit_wins (0.18s)
=== RUN   TestReleaseEmergencyPendingConsumersAndDerivedDrafts
2026/09/11 15:43:27 🐳 Creating container for image mysql:8.4
2026/09/11 15:43:27 ✅ Container created: 24d637a9d3c3
2026/09/11 15:43:27 🐳 Starting container: 24d637a9d3c3
2026/09/11 15:43:27 ✅ Container started: 24d637a9d3c3
2026/09/11 15:43:27 ⏳ Waiting for container id 24d637a9d3c3 image: mysql:8.4. Waiting for: all of: [log message "port: 3306  MySQL Community Server"]
2026/09/11 15:43:33 🔔 Container is ready: 24d637a9d3c3
{"request_id":"rcc-dd4bccdf411c99cfcbc7ba8b7df0ba1b","method":"GET","path":"/api/v1/auth/csrf","status":200,"duration_ms":6}
{"request_id":"rcc-f37548c1d3f83ae4ff55d35e040964e9","method":"POST","path":"/api/v1/auth/register","status":201,"duration_ms":45}
{"request_id":"rcc-4c7109977bc996e38039b528acf9e11e","method":"GET","path":"/api/v1/auth/csrf","status":200,"duration_ms":5}
{"request_id":"rcc-d1df8cceb54aa520a728b50c527194e1","method":"POST","path":"/api/v1/auth/login","status":200,"duration_ms":54}
{"request_id":"rcc-5180eb62b96012b8fd9029e13c9b3264","method":"POST","path":"/api/v1/query-policies","status":201,"duration_ms":4}
{"request_id":"rcc-d8cfa91b94190833ad9dc4ab0e558680","method":"POST","path":"/api/v1/query-policies/:code/activate","status":200,"duration_ms":4}
{"request_id":"rcc-65f989174a9c9a2e3b222f3a9a7efded","method":"POST","path":"/api/v1/mutation-policies","status":201,"duration_ms":3}
{"request_id":"rcc-b5c14cc281c9333f19cea6931bd3aa1b","method":"POST","path":"/api/v1/mutation-policies/:code/activate","status":200,"duration_ms":6}
{"request_id":"rcc-3cbf8711f49854d3f5c647ada76311d9","method":"POST","path":"/api/v1/table-policies","status":201,"duration_ms":17}
{"request_id":"rcc-57c410f0f756b23fa270976720e836ca","method":"POST","path":"/api/v1/table-policies/:table_name/enable","status":200,"duration_ms":14}
{"request_id":"rcc-bb4ec3f1b26e0cb62248a571e32ef25f","method":"POST","path":"/api/v1/table-policies","status":201,"duration_ms":15}
{"request_id":"rcc-75c6c8e4a5a1628d838470c19e9bdf8b","method":"POST","path":"/api/v1/table-policies/:table_name/enable","status":200,"duration_ms":15}
{"request_id":"rcc-f922581e6ee27643ccc87e9f2ed0174d","method":"POST","path":"/api/v1/release-templates","status":201,"duration_ms":6}
{"request_id":"rcc-74226beff5c7f33af875700dfa5abb52","method":"POST","path":"/api/v1/release-orders","status":201,"duration_ms":36}
{"request_id":"rcc-495e4be6e48ad1e2fa84233cfa27f780","method":"POST","path":"/api/v1/release-orders/:id/submit","status":200,"duration_ms":101}
{"request_id":"rcc-6cc2616e38ec954ea76e44912382d7d3","method":"GET","path":"/api/v1/release-orders","status":200,"duration_ms":3}
{"request_id":"rcc-1485c91d08d1ff33ba2e815ce8062886","method":"POST","path":"/api/v1/release-orders/:id/reprepare","status":201,"duration_ms":55}
{"request_id":"rcc-99c5ce112d7a9e28f0d4e1f4726e1edd","method":"GET","path":"/api/v1/release-orders/:id","status":200,"duration_ms":4}
{"request_id":"rcc-51353165d763dccbf48299355a952b7b","method":"POST","path":"/api/v1/release-orders/:id/submit","status":200,"duration_ms":312}
{"request_id":"rcc-1bbd8cf88665a417113e27f779688f30","method":"POST","path":"/api/v1/release-orders/:id/cancel","status":200,"duration_ms":111}
{"request_id":"rcc-2f57bbb816ac2ee5f1b1a7d887a7f775","method":"POST","path":"/api/v1/release-orders/:id/copy","status":201,"duration_ms":303}
2026/09/11 15:43:35 🐳 Stopping container: 24d637a9d3c3
2026/09/11 15:43:36 ✅ Container stopped: 24d637a9d3c3
2026/09/11 15:43:36 🐳 Terminating container: 24d637a9d3c3
2026/09/11 15:43:37 🚫 Container terminated: 24d637a9d3c3
--- PASS: TestReleaseEmergencyPendingConsumersAndDerivedDrafts (9.88s)
=== RUN   TestReleaseEmergencyReasonOnlyAcceptedBySubmit
2026/09/11 15:43:37 🐳 Creating container for image mysql:8.4
2026/09/11 15:43:37 ✅ Container created: 1e0b2e321fa6
2026/09/11 15:43:37 🐳 Starting container: 1e0b2e321fa6
2026/09/11 15:43:37 ✅ Container started: 1e0b2e321fa6
2026/09/11 15:43:37 ⏳ Waiting for container id 1e0b2e321fa6 image: mysql:8.4. Waiting for: all of: [log message "port: 3306  MySQL Community Server"]
2026/09/11 15:43:45 🔔 Container is ready: 1e0b2e321fa6
{"request_id":"rcc-af418640213b8767fd32f01b028860a4","method":"GET","path":"/api/v1/auth/csrf","status":200,"duration_ms":10}
{"request_id":"rcc-7524f540deecc3d67c51ea07835a4f7c","method":"POST","path":"/api/v1/auth/register","status":201,"duration_ms":51}
{"request_id":"rcc-d8eabe03de11cfc90487fc0adf536dbb","method":"GET","path":"/api/v1/auth/csrf","status":200,"duration_ms":7}
{"request_id":"rcc-a3226a74224d05bb8b565afb809b4a51","method":"POST","path":"/api/v1/auth/login","status":200,"duration_ms":63}
{"request_id":"rcc-e2752de8aa1cadbc7155b2a66cd967a8","method":"POST","path":"/api/v1/release-orders","status":201,"duration_ms":13}
{"request_id":"rcc-22f2204c270591b90557e176726206c3","method":"POST","path":"/api/v1/release-orders/:id/execute","status":400,"duration_ms":0}
{"request_id":"rcc-cb3ab3dbc5ab856e29ba13afe98d1355","method":"POST","path":"/api/v1/release-orders/:id/complete","status":400,"duration_ms":1}
{"request_id":"rcc-2208dfcf4661ed4b6e2594cc160fb503","method":"POST","path":"/api/v1/release-orders/:id/quick-rollback/preview","status":400,"duration_ms":1}
2026/09/11 15:43:46 🐳 Stopping container: 1e0b2e321fa6
2026/09/11 15:43:47 ✅ Container stopped: 1e0b2e321fa6
2026/09/11 15:43:47 🐳 Terminating container: 1e0b2e321fa6
2026/09/11 15:43:47 🚫 Container terminated: 1e0b2e321fa6
--- PASS: TestReleaseEmergencyReasonOnlyAcceptedBySubmit (10.64s)
=== RUN   TestConfirmedReleaseFailureHistoryPreservesOriginalRetry
2026/09/11 15:43:47 🐳 Creating container for image mysql:8.4
2026/09/11 15:43:47 ✅ Container created: fed87db24236
2026/09/11 15:43:47 🐳 Starting container: fed87db24236
2026/09/11 15:43:47 ✅ Container started: fed87db24236
2026/09/11 15:43:47 ⏳ Waiting for container id fed87db24236 image: mysql:8.4. Waiting for: all of: [log message "port: 3306  MySQL Community Server"]
2026/09/11 15:43:54 🔔 Container is ready: fed87db24236
{"request_id":"rcc-5773d7c8b5e2ebac3b2d11744e7b56ba","method":"GET","path":"/api/v1/auth/csrf","status":200,"duration_ms":6}
{"request_id":"rcc-b937f94fd428abaed7a4ba10a8ca6642","method":"POST","path":"/api/v1/auth/register","status":201,"duration_ms":44}
{"request_id":"rcc-0a6ec4bc729632342b98fbf70d0ba199","method":"GET","path":"/api/v1/auth/csrf","status":200,"duration_ms":6}
{"request_id":"rcc-34afea848d6c599350d506d1257a0f62","method":"POST","path":"/api/v1/auth/login","status":200,"duration_ms":53}
{"request_id":"rcc-8e2cf526356ffa71cc5bdb875dbd2516","method":"GET","path":"/api/v1/table-policies/:table_name/release-templates","status":200,"duration_ms":2}
{"request_id":"rcc-2cf32712dff3610ea2ae82c984c7ddb9","method":"PUT","path":"/api/v1/table-policies/:table_name/release-templates/:release_type","status":200,"duration_ms":8}
{"request_id":"rcc-ff0af47bfef9bfa006cc06307aa79a88","method":"GET","path":"/api/v1/auth/csrf","status":200,"duration_ms":5}
{"request_id":"rcc-78e99535c94c9552131ad2aca85c87b8","method":"POST","path":"/api/v1/auth/register","status":201,"duration_ms":43}
{"request_id":"rcc-50db8b3d2ca06266f5acae89fbafaeec","method":"POST","path":"/api/v1/release-orders","status":201,"duration_ms":32}
{"request_id":"rcc-589ea4c485a5dc5ac5946700370367f0","method":"POST","path":"/api/v1/approval-roles","status":201,"duration_ms":14}
{"request_id":"rcc-d2da80052fcb1b52dea6c38ff85242e5","method":"GET","path":"/api/v1/table-policies/:table_name/approval-roles","status":200,"duration_ms":3}
{"request_id":"rcc-83259376789f6a0d6bc550c51c83e591","method":"PUT","path":"/api/v1/table-policies/:table_name/approval-roles","status":200,"duration_ms":17}
{"request_id":"rcc-a145c50b7c41c43a083bc5a55a4f4479","method":"POST","path":"/api/v1/release-orders/:id/submit","status":200,"duration_ms":74}
{"request_id":"rcc-717a3a4bf015cc42d64c9cb77a58ba28","method":"GET","path":"/api/v1/release-orders/:id","status":200,"duration_ms":7}
{"request_id":"rcc-31d9a04b2540a1e0cb9fe46fddf433ca","method":"POST","path":"/api/v1/release-orders/:id/approve","status":200,"duration_ms":27}
{"request_id":"rcc-665663b7b9d3ea82798db455217cffb5","method":"GET","path":"/api/v1/release-orders/:id","status":200,"duration_ms":7}
{"request_id":"rcc-ce2431f252f0188ff9606e7327a08072","method":"POST","path":"/api/v1/release-orders/:id/execute","status":409,"duration_ms":70}
{"request_id":"rcc-36ae7a1e4275e28fcc060d52eca5217d","method":"GET","path":"/api/v1/release-orders/:id","status":200,"duration_ms":9}
{"request_id":"rcc-31519fdf3726ca3d027e3e20ae03b578","method":"GET","path":"/api/v1/release-orders/:id/details","status":200,"duration_ms":4}
{"request_id":"rcc-a116898c1ede5a5b046445d1beb7c18f","method":"POST","path":"/api/v1/release-orders/:id/execute","status":409,"duration_ms":4}
{"request_id":"rcc-58c5bb1a77c4af65be84bcf13186307d","method":"GET","path":"/api/v1/release-orders/:id","status":200,"duration_ms":9}
{"request_id":"rcc-586aace9c9b18b6e2cecbfce24a57bb1","method":"POST","path":"/api/v1/release-orders/:id/execute","status":200,"duration_ms":89}
{"request_id":"rcc-b89b36ee3eb88606cc278128fd4534f1","method":"GET","path":"/api/v1/release-orders/:id","status":200,"duration_ms":7}
{"request_id":"rcc-e9f501600e4a4b064fc5c1d6a2059f3d","method":"POST","path":"/api/v1/release-orders/:id/execute","status":200,"duration_ms":19}
{"request_id":"rcc-f248844e97e3be02576bf2e350c92c57","method":"GET","path":"/api/v1/release-orders/:id","status":200,"duration_ms":10}
{"request_id":"rcc-8f5e3724e1d7ef13c74bc9f8d141e794","method":"POST","path":"/api/v1/release-orders/:id/execute","status":409,"duration_ms":5}
2026/09/11 15:43:56 🐳 Stopping container: fed87db24236
2026/09/11 15:43:57 ✅ Container stopped: fed87db24236
2026/09/11 15:43:57 🐳 Terminating container: fed87db24236
2026/09/11 15:43:57 🚫 Container terminated: fed87db24236
--- PASS: TestConfirmedReleaseFailureHistoryPreservesOriginalRetry (10.16s)
=== RUN   TestReleaseFailureHistoryUnavailableDoesNotLeaveBusinessWrites
2026/09/11 15:43:57 🐳 Creating container for image mysql:8.4
2026/09/11 15:43:57 ✅ Container created: 9e92037b0688
2026/09/11 15:43:57 🐳 Starting container: 9e92037b0688
2026/09/11 15:43:58 ✅ Container started: 9e92037b0688
2026/09/11 15:43:58 ⏳ Waiting for container id 9e92037b0688 image: mysql:8.4. Waiting for: all of: [log message "port: 3306  MySQL Community Server"]
2026/09/11 15:44:04 🔔 Container is ready: 9e92037b0688
{"request_id":"rcc-168f23bde134c8599d1f63118301e5c2","method":"GET","path":"/api/v1/auth/csrf","status":200,"duration_ms":6}
{"request_id":"rcc-898996591b9556af45fca3a60b2bed96","method":"POST","path":"/api/v1/auth/register","status":201,"duration_ms":45}
{"request_id":"rcc-3d860e6fa69922acaa8b596365c187bc","method":"GET","path":"/api/v1/auth/csrf","status":200,"duration_ms":4}
{"request_id":"rcc-bd1b304213826cc97940197e83d8fc1b","method":"POST","path":"/api/v1/auth/login","status":200,"duration_ms":54}
{"request_id":"rcc-88173b4c22b70aaca3415b0676a0a2f7","method":"GET","path":"/api/v1/table-policies/:table_name/release-templates","status":200,"duration_ms":2}
{"request_id":"rcc-ce17c8685097567ab390da40a7706d23","method":"PUT","path":"/api/v1/table-policies/:table_name/release-templates/:release_type","status":200,"duration_ms":9}
{"request_id":"rcc-b8a4d3a2472546b3268a1e7a6ead65df","method":"GET","path":"/api/v1/auth/csrf","status":200,"duration_ms":5}
{"request_id":"rcc-4528fc80074ab5fcacb843f7632189a8","method":"POST","path":"/api/v1/auth/register","status":201,"duration_ms":44}
{"request_id":"rcc-d28cc927e339a2e2c63d7c0586540ea4","method":"POST","path":"/api/v1/release-orders","status":201,"duration_ms":31}
{"request_id":"rcc-495f125c11fdcf64a6ebb748395b7318","method":"POST","path":"/api/v1/approval-roles","status":201,"duration_ms":17}
{"request_id":"rcc-30fc4e3fc215c313dcc19b54f219a27e","method":"GET","path":"/api/v1/table-policies/:table_name/approval-roles","status":200,"duration_ms":4}
{"request_id":"rcc-2f17be64d076483b0f38b84c4ea86a53","method":"PUT","path":"/api/v1/table-policies/:table_name/approval-roles","status":200,"duration_ms":23}
{"request_id":"rcc-685af38316ed3f5e6d358249d6da9839","method":"POST","path":"/api/v1/release-orders/:id/submit","status":200,"duration_ms":76}
{"request_id":"rcc-4e545f0849e6bea9d5381fc05127080e","method":"GET","path":"/api/v1/release-orders/:id","status":200,"duration_ms":7}
{"request_id":"rcc-e5868b43458320cea406b79ead5985c7","method":"POST","path":"/api/v1/release-orders/:id/approve","status":200,"duration_ms":27}
{"request_id":"rcc-b06a4b2e96d181c8fdc6887f46f6de8b","method":"POST","path":"/api/v1/release-orders/:id/execute","status":503,"duration_ms":80}
{"request_id":"rcc-fd4c59c9eb20cf6802afeecc99adb901","method":"GET","path":"/api/v1/release-orders/:id","status":200,"duration_ms":8}
{"request_id":"rcc-63ea98c64936fe8e04f6b59aad904d45","method":"GET","path":"/api/v1/release-orders/:id/details","status":200,"duration_ms":3}
{"request_id":"rcc-bcdfe93659c9923aaada4ddb1ce8d71d","method":"POST","path":"/api/v1/release-orders/:id/execute","status":200,"duration_ms":85}
2026/09/11 15:44:06 🐳 Stopping container: 9e92037b0688
2026/09/11 15:44:07 ✅ Container stopped: 9e92037b0688
2026/09/11 15:44:07 🐳 Terminating container: 9e92037b0688
2026/09/11 15:44:07 🚫 Container terminated: 9e92037b0688
--- PASS: TestReleaseFailureHistoryUnavailableDoesNotLeaveBusinessWrites (9.79s)
=== RUN   TestReleaseFailureAuditPreservesConcurrentCancellation
2026/09/11 15:44:07 🐳 Creating container for image mysql:8.4
2026/09/11 15:44:07 ✅ Container created: b38498a44cc4
2026/09/11 15:44:07 🐳 Starting container: b38498a44cc4
2026/09/11 15:44:07 ✅ Container started: b38498a44cc4
2026/09/11 15:44:07 ⏳ Waiting for container id b38498a44cc4 image: mysql:8.4. Waiting for: all of: [log message "port: 3306  MySQL Community Server"]
2026/09/11 15:44:13 🔔 Container is ready: b38498a44cc4
{"request_id":"rcc-15908ccf6ef1b6b81d3a423d8a05d8ef","method":"GET","path":"/api/v1/auth/csrf","status":200,"duration_ms":5}
{"request_id":"rcc-94e559f8d8311a2e140178a8ee4c026d","method":"POST","path":"/api/v1/auth/register","status":201,"duration_ms":45}
{"request_id":"rcc-8ea0f1735cd3edd0de73bdc062d403cb","method":"GET","path":"/api/v1/auth/csrf","status":200,"duration_ms":7}
{"request_id":"rcc-1ad362b96a49fa48f0afaee1657ab0bf","method":"POST","path":"/api/v1/auth/login","status":200,"duration_ms":52}
{"request_id":"rcc-9c46716902bfe08bbdf4ba6e9fabf238","method":"GET","path":"/api/v1/table-policies/:table_name/release-templates","status":200,"duration_ms":2}
{"request_id":"rcc-b809bcbcfd57b08bca3f2347431fc676","method":"PUT","path":"/api/v1/table-policies/:table_name/release-templates/:release_type","status":200,"duration_ms":8}
{"request_id":"rcc-d85d2f1a529ba92e1f650ceda8b483aa","method":"GET","path":"/api/v1/auth/csrf","status":200,"duration_ms":5}
{"request_id":"rcc-c2ec1df89f12fe9b2e217b1307418277","method":"POST","path":"/api/v1/auth/register","status":201,"duration_ms":43}
{"request_id":"rcc-7c0518a64daa0886071aa88ad2e8cace","method":"POST","path":"/api/v1/release-orders","status":201,"duration_ms":28}
{"request_id":"rcc-938ab4866d64e877cc853a3e8f1c45c5","method":"POST","path":"/api/v1/approval-roles","status":201,"duration_ms":12}
{"request_id":"rcc-e823203890d89da999fd1b0dac3c3b0b","method":"GET","path":"/api/v1/table-policies/:table_name/approval-roles","status":200,"duration_ms":3}
{"request_id":"rcc-3ad4d77b01b8f2a4e80923a69388b12a","method":"PUT","path":"/api/v1/table-policies/:table_name/approval-roles","status":200,"duration_ms":14}
{"request_id":"rcc-5d915ed36c7efde7ef1088e608b178c0","method":"POST","path":"/api/v1/release-orders/:id/submit","status":200,"duration_ms":69}
{"request_id":"rcc-f25d29ead92e8a4b12a2ffb2adc00a6f","method":"GET","path":"/api/v1/release-orders/:id","status":200,"duration_ms":6}
{"request_id":"rcc-5d988cb1a158fa3e047301746a826b5f","method":"POST","path":"/api/v1/release-orders/:id/approve","status":200,"duration_ms":27}
{"request_id":"rcc-d96dc4438b1962f39facaf67ae1a9417","method":"GET","path":"/api/v1/release-orders/:id","status":200,"duration_ms":7}
{"request_id":"rcc-a410576183a0c9807a2354c781ee39a8","method":"GET","path":"/api/v1/release-orders/:id","status":200,"duration_ms":7}
{"request_id":"rcc-e0eb73578ed300ad89846691bb9e44ac","method":"GET","path":"/api/v1/auth/csrf","status":200,"duration_ms":6}
{"request_id":"rcc-bdc2ff4fbfe62b2104ca9c7e18c55e86","method":"POST","path":"/api/v1/auth/register","status":201,"duration_ms":42}
{"request_id":"rcc-71317edae04892ed1c851cb43af63cad","method":"PUT","path":"/api/v1/account-roles/:id","status":200,"duration_ms":9}
    release_failure_retry_integration_test.go:197: cancellation connection 13 waits for publication connection 10 authorization lock
{"request_id":"rcc-e9dc652fa0b01a68416bcd97d4dc5baf","method":"POST","path":"/api/v1/release-orders/:id/execute","status":409,"duration_ms":106}
{"request_id":"rcc-db6ce146930ccf6e4b611a0dd0e41e70","method":"POST","path":"/api/v1/release-orders/:id/cancel","status":200,"duration_ms":108}
{"request_id":"rcc-4f32550aa9261314660bd64dc16e322f","method":"GET","path":"/api/v1/release-orders/:id","status":200,"duration_ms":6}
{"request_id":"rcc-3c4b56b605f741ae90dd0404bd8c14c1","method":"GET","path":"/api/v1/release-orders/:id/details","status":200,"duration_ms":3}
{"request_id":"rcc-66434f69399f902ad18a1be4933f15b9","method":"GET","path":"/api/v1/release-orders/:id","status":200,"duration_ms":8}
{"request_id":"rcc-c4b93dbe8252efc8888203079b1c6493","method":"GET","path":"/api/v1/release-orders/:id","status":200,"duration_ms":9}
2026/09/11 15:44:16 🐳 Stopping container: b38498a44cc4
2026/09/11 15:44:17 ✅ Container stopped: b38498a44cc4
2026/09/11 15:44:17 🐳 Terminating container: b38498a44cc4
2026/09/11 15:44:17 🚫 Container terminated: b38498a44cc4
--- PASS: TestReleaseFailureAuditPreservesConcurrentCancellation (9.87s)
=== RUN   TestReleaseFlowCurrentAuthorizationAfterWaitingForMaintenance
2026/09/11 15:44:17 🐳 Creating container for image mysql:8.4
2026/09/11 15:44:17 ✅ Container created: d7f64c1812be
2026/09/11 15:44:17 🐳 Starting container: d7f64c1812be
2026/09/11 15:44:17 ✅ Container started: d7f64c1812be
2026/09/11 15:44:17 ⏳ Waiting for container id d7f64c1812be image: mysql:8.4. Waiting for: all of: [log message "port: 3306  MySQL Community Server"]
2026/09/11 15:44:23 🔔 Container is ready: d7f64c1812be
{"request_id":"rcc-75cb86468531f3cddf86be361cbd556f","method":"GET","path":"/api/v1/auth/csrf","status":200,"duration_ms":6}
{"request_id":"rcc-5b34254eb808986e9fc49b177c15f369","method":"POST","path":"/api/v1/auth/register","status":201,"duration_ms":47}
{"request_id":"rcc-4de79471f50653f1f94f087d1d058b96","method":"GET","path":"/api/v1/auth/csrf","status":200,"duration_ms":5}
{"request_id":"rcc-286dfff1e1ffc572deb651c4c8e9f1d9","method":"POST","path":"/api/v1/auth/login","status":200,"duration_ms":53}
{"request_id":"rcc-9d1c5d78d818e6f086e7e55b747d69db","method":"POST","path":"/api/v1/query-policies","status":201,"duration_ms":3}
{"request_id":"rcc-fde29377b5295ef3b33a8924a3feadd1","method":"POST","path":"/api/v1/query-policies/:code/activate","status":200,"duration_ms":4}
{"request_id":"rcc-0a39eea70ccdba9fe65af4a19f221209","method":"POST","path":"/api/v1/mutation-policies","status":201,"duration_ms":3}
{"request_id":"rcc-763d121994e6b91e88ad5b57e88c0925","method":"POST","path":"/api/v1/mutation-policies/:code/activate","status":200,"duration_ms":4}
{"request_id":"rcc-54ddc21a08420946812fab8dcd95873d","method":"POST","path":"/api/v1/table-policies","status":201,"duration_ms":14}
{"request_id":"rcc-fe485086a3578b245171614e67c0f1a1","method":"POST","path":"/api/v1/table-policies/:table_name/enable","status":200,"duration_ms":12}
{"request_id":"rcc-2ca8f2ac4b6b10db335264c0c08eb209","method":"POST","path":"/api/v1/table-policies","status":201,"duration_ms":13}
{"request_id":"rcc-65e79a73d8cef3c567aafb9ab9244a48","method":"POST","path":"/api/v1/table-policies/:table_name/enable","status":200,"duration_ms":12}
{"request_id":"rcc-61201bebc18063430d007e31dad010a6","method":"POST","path":"/api/v1/release-templates","status":201,"duration_ms":6}
{"request_id":"rcc-26e0d974e2ec4a6ad6d009b4526fb9a5","method":"GET","path":"/api/v1/table-policies/:table_name/release-templates","status":200,"duration_ms":2}
{"request_id":"rcc-9e7726151db9fed8c33ee2a8919a6ea0","method":"PUT","path":"/api/v1/table-policies/:table_name/release-templates/:release_type","status":200,"duration_ms":8}
{"request_id":"rcc-955655e34e6dc3a14d728b0077bff989","method":"GET","path":"/api/v1/table-policies/:table_name/release-templates","status":200,"duration_ms":2}
{"request_id":"rcc-699ec2c9ee99588de2a57a56f34f4fa5","method":"PUT","path":"/api/v1/table-policies/:table_name/release-templates/:release_type","status":200,"duration_ms":7}
{"request_id":"rcc-75a5b487a21c700b4c50a272db3a0ba0","method":"POST","path":"/api/v1/release-orders","status":201,"duration_ms":33}
{"request_id":"rcc-fe6c16bd7a811ddbbccdeec3701470b0","method":"POST","path":"/api/v1/release-orders/:id/cancel","status":200,"duration_ms":16}
=== RUN   TestReleaseFlowCurrentAuthorizationAfterWaitingForMaintenance/create
{"request_id":"rcc-f98d2fef751fb62aece0239fe2ee8299","method":"GET","path":"/api/v1/auth/csrf","status":200,"duration_ms":5}
{"request_id":"rcc-332c76e41b086d681b5fa0c139891855","method":"POST","path":"/api/v1/auth/register","status":201,"duration_ms":42}
{"request_id":"rcc-3649e3dbd5bc41e54646ccb3b65c7ba5","method":"PUT","path":"/api/v1/account-roles/:id","status":200,"duration_ms":9}
{"request_id":"rcc-ca5ef9c0e1a7e02e77ce1652945e8246","method":"POST","path":"/api/v1/release-orders","status":403,"duration_ms":24}
{"request_id":"rcc-f453aa9c58aa63fd38588ad74aaf6693","method":"POST","path":"/api/v1/release-orders","status":401,"duration_ms":1}
{"request_id":"rcc-5d540c6e466e95471d8cd71726fdf9ed","method":"GET","path":"/api/v1/release-orders","status":200,"duration_ms":3}
=== RUN   TestReleaseFlowCurrentAuthorizationAfterWaitingForMaintenance/copy
{"request_id":"rcc-ebdaa7d93c15d5298690bc5799b10ace","method":"GET","path":"/api/v1/auth/csrf","status":200,"duration_ms":5}
{"request_id":"rcc-ff6e354b401f04d421f8200d0749358d","method":"POST","path":"/api/v1/auth/register","status":201,"duration_ms":48}
{"request_id":"rcc-6f36e112dcf027b346ed9e8cae73b632","method":"PUT","path":"/api/v1/account-roles/:id","status":200,"duration_ms":10}
{"request_id":"rcc-942ac5f9e5e70f01605e2c9bf2600d50","method":"POST","path":"/api/v1/release-orders/:id/copy","status":403,"duration_ms":21}
{"request_id":"rcc-dc938dcca52dd4d7c38e5079f8744a2a","method":"POST","path":"/api/v1/release-orders/:id/copy","status":401,"duration_ms":1}
{"request_id":"rcc-4ae9afcb8d3770572944e0e94ae9570f","method":"GET","path":"/api/v1/release-orders","status":200,"duration_ms":2}
=== RUN   TestReleaseFlowCurrentAuthorizationAfterWaitingForMaintenance/replay
{"request_id":"rcc-b2c3c6808113851526bc1915d305e508","method":"GET","path":"/api/v1/auth/csrf","status":200,"duration_ms":5}
{"request_id":"rcc-ba21389e250a0451836c0920dc1ca791","method":"POST","path":"/api/v1/auth/register","status":201,"duration_ms":44}
{"request_id":"rcc-a263cc65968012fed0a1ad6fcca05a67","method":"PUT","path":"/api/v1/account-roles/:id","status":200,"duration_ms":9}
{"request_id":"rcc-5d16d4440eb1ec99ee88ef526643c348","method":"POST","path":"/api/v1/release-orders","status":201,"duration_ms":36}
{"request_id":"rcc-cdad93de379d520ff6f6ba2c39d024df","method":"POST","path":"/api/v1/release-orders","status":403,"duration_ms":18}
{"request_id":"rcc-93c06f53e059c820a74e2d6faa29934d","method":"POST","path":"/api/v1/release-orders","status":401,"duration_ms":0}
{"request_id":"rcc-3fbfe7f206194f02c9dd708729157300","method":"GET","path":"/api/v1/release-orders","status":200,"duration_ms":5}
2026/09/11 15:44:28 🐳 Stopping container: d7f64c1812be
2026/09/11 15:44:29 ✅ Container stopped: d7f64c1812be
2026/09/11 15:44:29 🐳 Terminating container: d7f64c1812be
2026/09/11 15:44:29 🚫 Container terminated: d7f64c1812be
--- PASS: TestReleaseFlowCurrentAuthorizationAfterWaitingForMaintenance (11.88s)
    --- PASS: TestReleaseFlowCurrentAuthorizationAfterWaitingForMaintenance/create (1.42s)
    --- PASS: TestReleaseFlowCurrentAuthorizationAfterWaitingForMaintenance/copy (0.12s)
    --- PASS: TestReleaseFlowCurrentAuthorizationAfterWaitingForMaintenance/replay (0.15s)
=== RUN   TestReleaseFlowAC022ConcurrentTemplateAndAssociationSnapshots
2026/09/11 15:44:29 🐳 Creating container for image mysql:8.4
2026/09/11 15:44:29 ✅ Container created: 269d6e0bf6ce
2026/09/11 15:44:29 🐳 Starting container: 269d6e0bf6ce
2026/09/11 15:44:29 ✅ Container started: 269d6e0bf6ce
2026/09/11 15:44:29 ⏳ Waiting for container id 269d6e0bf6ce image: mysql:8.4. Waiting for: all of: [log message "port: 3306  MySQL Community Server"]
2026/09/11 15:44:36 🔔 Container is ready: 269d6e0bf6ce
{"request_id":"rcc-4f499d09dcdfaef97020924303e7701a","method":"GET","path":"/api/v1/auth/csrf","status":200,"duration_ms":7}
{"request_id":"rcc-a74bd9a8428f1a5e6ff917988fb355b1","method":"POST","path":"/api/v1/auth/register","status":201,"duration_ms":45}
{"request_id":"rcc-1075639a3074927af36b02fe1b835c8c","method":"GET","path":"/api/v1/auth/csrf","status":200,"duration_ms":5}
{"request_id":"rcc-9386223d5328164c62dc28cdc250b7bb","method":"POST","path":"/api/v1/auth/login","status":200,"duration_ms":51}
{"request_id":"rcc-c1c8bfa2c6b69a4bed031275205f35c1","method":"POST","path":"/api/v1/query-policies","status":201,"duration_ms":3}
{"request_id":"rcc-517fd6240ceb321ef690dc1febfc1e01","method":"POST","path":"/api/v1/query-policies/:code/activate","status":200,"duration_ms":4}
{"request_id":"rcc-5003714229353da0372a157f7fbcf123","method":"POST","path":"/api/v1/mutation-policies","status":201,"duration_ms":2}
{"request_id":"rcc-9790c067912e02f0e8336ef8321c48e9","method":"POST","path":"/api/v1/mutation-policies/:code/activate","status":200,"duration_ms":4}
{"request_id":"rcc-a9dca08f54136a0b78beafafa57560fd","method":"POST","path":"/api/v1/table-policies","status":201,"duration_ms":14}
{"request_id":"rcc-da10ce6e960c959e83ac95b1c5688d9e","method":"POST","path":"/api/v1/table-policies/:table_name/enable","status":200,"duration_ms":12}
{"request_id":"rcc-e142f300f7561d463936dbeeb157a0c5","method":"POST","path":"/api/v1/table-policies","status":201,"duration_ms":14}
{"request_id":"rcc-1d4c7272b93c5b056fd206527e39a8e1","method":"POST","path":"/api/v1/table-policies/:table_name/enable","status":200,"duration_ms":13}
{"request_id":"rcc-4bb0e58bf71c55ca6d4ce06cf6ce9308","method":"POST","path":"/api/v1/release-templates","status":201,"duration_ms":5}
{"request_id":"rcc-a2a2ef6500515fecc9a0c0237b007d21","method":"GET","path":"/api/v1/table-policies/:table_name/release-templates","status":200,"duration_ms":2}
{"request_id":"rcc-673e68481d701eebd1f578253eed7123","method":"PUT","path":"/api/v1/table-policies/:table_name/release-templates/:release_type","status":200,"duration_ms":7}
{"request_id":"rcc-abe534261f5f0b54c8f6460daa9df589","method":"GET","path":"/api/v1/table-policies/:table_name/release-templates","status":200,"duration_ms":2}
{"request_id":"rcc-df380b70fffc02d6abeebe9adf5686bb","method":"PUT","path":"/api/v1/table-policies/:table_name/release-templates/:release_type","status":200,"duration_ms":7}
=== RUN   TestReleaseFlowAC022ConcurrentTemplateAndAssociationSnapshots/template_update_commits_while_draft_retains_complete_old_snapshot
{"request_id":"rcc-cc215fe3a1b8474098821892accca2c5","method":"PUT","path":"/api/v1/release-templates/:code","status":200,"duration_ms":53}
{"request_id":"rcc-44efa2eaa03caf51a819ce352fd03c8a","method":"POST","path":"/api/v1/release-orders","status":201,"duration_ms":50}
{"request_id":"rcc-b089637bd16cebe5d10b154f6c03e286","method":"POST","path":"/api/v1/release-orders","status":201,"duration_ms":9}
{"request_id":"rcc-4b4ddc9fdbdb8aca8856a2971f04b5a7","method":"POST","path":"/api/v1/release-orders","status":409,"duration_ms":3}
{"request_id":"rcc-54f9f2bc56581e97ea9a791a73a20cfc","method":"GET","path":"/api/v1/release-orders/:id","status":200,"duration_ms":6}
{"request_id":"rcc-b59ce4afa23ac6787531a26bda3b2c9a","method":"POST","path":"/api/v1/release-orders","status":201,"duration_ms":50}
=== RUN   TestReleaseFlowAC022ConcurrentTemplateAndAssociationSnapshots/association_switch_precedes_waiting_draft_as_one_snapshot
{"request_id":"rcc-16168c69cfdd6923b0b7a88163a69a55","method":"PUT","path":"/api/v1/table-policies/:table_name/release-templates/:release_type","status":200,"duration_ms":29}
{"request_id":"rcc-a9eaa5182490ded50ba4279220b808b1","method":"POST","path":"/api/v1/release-orders","status":201,"duration_ms":44}
{"request_id":"rcc-bdd1e153bf587bd95f199f9bc6f02640","method":"GET","path":"/api/v1/table-policies/:table_name/release-templates","status":200,"duration_ms":2}
{"request_id":"rcc-adcbb3d8a39dbad115bd48fd50c7b9ae","method":"PUT","path":"/api/v1/table-policies/:table_name/release-templates/:release_type","status":200,"duration_ms":8}
{"request_id":"rcc-8602bc15412d6209ad0a43cb828aaebb","method":"POST","path":"/api/v1/release-orders","status":201,"duration_ms":9}
    release_flow_concurrency_integration_test.go:168: complete snapshot retained with alpha default_standard_v1@1 / association 2
2026/09/11 15:44:38 🐳 Stopping container: 269d6e0bf6ce
2026/09/11 15:44:38 ✅ Container stopped: 269d6e0bf6ce
2026/09/11 15:44:38 🐳 Terminating container: 269d6e0bf6ce
2026/09/11 15:44:38 🚫 Container terminated: 269d6e0bf6ce
--- PASS: TestReleaseFlowAC022ConcurrentTemplateAndAssociationSnapshots (9.52s)
    --- PASS: TestReleaseFlowAC022ConcurrentTemplateAndAssociationSnapshots/template_update_commits_while_draft_retains_complete_old_snapshot (0.15s)
    --- PASS: TestReleaseFlowAC022ConcurrentTemplateAndAssociationSnapshots/association_switch_precedes_waiting_draft_as_one_snapshot (0.08s)
=== RUN   TestReleaseFlowStorageFailuresKeepDraftAndOriginalResultAtomic
2026/09/11 15:44:38 🐳 Creating container for image mysql:8.4
2026/09/11 15:44:38 ✅ Container created: dffd43a1077c
2026/09/11 15:44:38 🐳 Starting container: dffd43a1077c
2026/09/11 15:44:39 ✅ Container started: dffd43a1077c
2026/09/11 15:44:39 ⏳ Waiting for container id dffd43a1077c image: mysql:8.4. Waiting for: all of: [log message "port: 3306  MySQL Community Server"]
2026/09/11 15:44:45 🔔 Container is ready: dffd43a1077c
{"request_id":"rcc-bb7076bc78daf632b785767989da451c","method":"GET","path":"/api/v1/auth/csrf","status":200,"duration_ms":7}
{"request_id":"rcc-e4b02bab2a6ec06f52f6bc82348714b1","method":"POST","path":"/api/v1/auth/register","status":201,"duration_ms":45}
{"request_id":"rcc-4ecedfa774467885ccbef57a88d5aaf8","method":"GET","path":"/api/v1/auth/csrf","status":200,"duration_ms":5}
{"request_id":"rcc-914b08eb498f52fd774cbac4a55ad942","method":"POST","path":"/api/v1/auth/login","status":200,"duration_ms":50}
{"request_id":"rcc-d74a2aaa10df6f5fc6b578465c71e44f","method":"POST","path":"/api/v1/query-policies","status":201,"duration_ms":3}
{"request_id":"rcc-144049d89617b69691cd7b1d347ed8a5","method":"POST","path":"/api/v1/query-policies/:code/activate","status":200,"duration_ms":4}
{"request_id":"rcc-fe66913a6640c50f7849a9ec1f756801","method":"POST","path":"/api/v1/mutation-policies","status":201,"duration_ms":2}
{"request_id":"rcc-bae935fc1145ae0c9a1bc6244e672fff","method":"POST","path":"/api/v1/mutation-policies/:code/activate","status":200,"duration_ms":5}
{"request_id":"rcc-532cf9a2a032a80245a782f1d52ae0a3","method":"POST","path":"/api/v1/table-policies","status":201,"duration_ms":15}
{"request_id":"rcc-5ab70d9dc2ffb07f904e0a3547796705","method":"POST","path":"/api/v1/table-policies/:table_name/enable","status":200,"duration_ms":12}
{"request_id":"rcc-fe11bfb0291a0eac149421e31eb0f6ad","method":"POST","path":"/api/v1/table-policies","status":201,"duration_ms":13}
{"request_id":"rcc-ce79326f49a936ae4167a12e21fa256f","method":"POST","path":"/api/v1/table-policies/:table_name/enable","status":200,"duration_ms":13}
{"request_id":"rcc-b3ff83325147f28e3fd2af7de3b936c8","method":"POST","path":"/api/v1/release-templates","status":201,"duration_ms":6}
{"request_id":"rcc-a7e0cc06899f41721eb2ffdaeb9a5263","method":"GET","path":"/api/v1/table-policies/:table_name/release-templates","status":200,"duration_ms":2}
{"request_id":"rcc-e93fc467a580e1a8a8336d3c9b74a9dc","method":"PUT","path":"/api/v1/table-policies/:table_name/release-templates/:release_type","status":200,"duration_ms":7}
{"request_id":"rcc-6114cbd53af47d1f38b38735a0ee91fb","method":"POST","path":"/api/v1/release-orders","status":201,"duration_ms":35}
{"request_id":"rcc-31b70057c46a01c75c29081238864b30","method":"GET","path":"/api/v1/table-policies/:table_name/release-templates","status":200,"duration_ms":2}
{"request_id":"rcc-cee62d4681b956a9bf6d5a6bb872cf1a","method":"PUT","path":"/api/v1/table-policies/:table_name/release-templates/:release_type","status":200,"duration_ms":8}
{"request_id":"rcc-a57d89e18cbbe8c6d35f274c1abf7e72","method":"PUT","path":"/api/v1/release-orders/:id","status":503,"duration_ms":9}
{"request_id":"rcc-d1cba0d5342b6fb2b9311453e01de433","method":"GET","path":"/api/v1/release-orders/:id","status":200,"duration_ms":6}
{"request_id":"rcc-26d87966ff30504639e42d029489228e","method":"PUT","path":"/api/v1/release-orders/:id","status":503,"duration_ms":12}
{"request_id":"rcc-8dc20a2ba4b23bee89c0f9629a04b945","method":"PUT","path":"/api/v1/release-orders/:id","status":503,"duration_ms":12}
{"request_id":"rcc-719f3e0e72fa16e104e1e1ea668fe21c","method":"GET","path":"/api/v1/release-orders/:id","status":200,"duration_ms":6}
{"request_id":"rcc-5e5373295aa3e2b62df577d32f57be48","method":"PUT","path":"/api/v1/release-orders/:id","status":200,"duration_ms":18}
{"request_id":"rcc-aa9d6440a4b10f1212b1b3c8860660c0","method":"GET","path":"/api/v1/release-orders/:id","status":200,"duration_ms":6}
{"request_id":"rcc-33b1b642611911e788a3e7cd83aa7eea","method":"PUT","path":"/api/v1/release-orders/:id","status":200,"duration_ms":11}
{"request_id":"rcc-56c2e3daff3c54eab31907529a339239","method":"PUT","path":"/api/v1/release-orders/:id","status":409,"duration_ms":4}
2026/09/11 15:44:46 🐳 Stopping container: dffd43a1077c
2026/09/11 15:44:47 ✅ Container stopped: dffd43a1077c
2026/09/11 15:44:47 🐳 Terminating container: dffd43a1077c
2026/09/11 15:44:47 🚫 Container terminated: dffd43a1077c
--- PASS: TestReleaseFlowStorageFailuresKeepDraftAndOriginalResultAtomic (8.77s)
=== RUN   TestReleaseFlowAC009PersistsIndependentTablesBeforeFirstRead
2026/09/11 15:44:47 🐳 Creating container for image mysql:8.4
2026/09/11 15:44:47 ✅ Container created: bff633f34e72
2026/09/11 15:44:47 🐳 Starting container: bff633f34e72
2026/09/11 15:44:47 ✅ Container started: bff633f34e72
2026/09/11 15:44:47 ⏳ Waiting for container id bff633f34e72 image: mysql:8.4. Waiting for: all of: [log message "port: 3306  MySQL Community Server"]
2026/09/11 15:44:53 🔔 Container is ready: bff633f34e72
{"request_id":"rcc-079dac26aa9acd2d21c9a7667c9a2494","method":"GET","path":"/api/v1/auth/csrf","status":200,"duration_ms":8}
{"request_id":"rcc-6c3e7897b767ab6954554cd1e9d201e1","method":"POST","path":"/api/v1/auth/register","status":201,"duration_ms":43}
{"request_id":"rcc-714512647bc51185a5a4473121089c7c","method":"GET","path":"/api/v1/auth/csrf","status":200,"duration_ms":5}
{"request_id":"rcc-89a70bf4b2841336e11276221cea3859","method":"POST","path":"/api/v1/auth/login","status":200,"duration_ms":51}
{"request_id":"rcc-94281b95d5a9c5b0e9674873b65327cd","method":"POST","path":"/api/v1/query-policies","status":201,"duration_ms":4}
{"request_id":"rcc-786197c2acfb532f8d4db4c6afb87ffa","method":"POST","path":"/api/v1/query-policies/:code/activate","status":200,"duration_ms":4}
{"request_id":"rcc-5298bcb1b668cd64506ee42e47aea077","method":"POST","path":"/api/v1/mutation-policies","status":201,"duration_ms":3}
{"request_id":"rcc-f13d53d1c3b5adc55ef8b7b5b872e588","method":"POST","path":"/api/v1/mutation-policies/:code/activate","status":200,"duration_ms":4}
{"request_id":"rcc-294071f9a8862777c328c20e11d35b0a","method":"POST","path":"/api/v1/table-policies","status":201,"duration_ms":14}
{"request_id":"rcc-f463ba330a2550265a9078961bee679f","method":"POST","path":"/api/v1/table-policies/:table_name/enable","status":200,"duration_ms":13}
{"request_id":"rcc-7a5a2361da0323f7d0a4571f2816d153","method":"POST","path":"/api/v1/table-policies","status":201,"duration_ms":13}
{"request_id":"rcc-0f1fd6ad9b879a6025340d941fc99f92","method":"POST","path":"/api/v1/table-policies/:table_name/enable","status":200,"duration_ms":12}
{"request_id":"rcc-d788623d5cfcb85296b74e968847070a","method":"POST","path":"/api/v1/release-templates","status":201,"duration_ms":6}
{"request_id":"rcc-5c0ea38905fabf804e7e7708f64a009f","method":"GET","path":"/api/v1/table-policies/:table_name/release-templates","status":200,"duration_ms":2}
{"request_id":"rcc-eeef8ea84b34d281b045a5c9dba2111f","method":"PUT","path":"/api/v1/table-policies/:table_name/release-templates/:release_type","status":200,"duration_ms":7}
{"request_id":"rcc-5e73ab092695977f403f7fca8828b7a6","method":"GET","path":"/api/v1/table-policies/:table_name/release-templates","status":200,"duration_ms":2}
{"request_id":"rcc-7539125594ee0cf548304fd1c42ebf58","method":"PUT","path":"/api/v1/table-policies/:table_name/release-templates/:release_type","status":200,"duration_ms":8}
{"request_id":"rcc-ead1f148ffdee8e95451349108fc0df6","method":"POST","path":"/api/v1/release-orders","status":201,"duration_ms":34}
{"request_id":"rcc-ff6c214db76811923c81acb96ea8a71a","method":"PUT","path":"/api/v1/release-templates/:code","status":200,"duration_ms":6}
{"request_id":"rcc-20d7dd2e9835ba873262c7c468f55e2c","method":"GET","path":"/api/v1/table-policies/:table_name/release-templates","status":200,"duration_ms":2}
{"request_id":"rcc-1359f21e3fb4b888acc9180179842e56","method":"PUT","path":"/api/v1/table-policies/:table_name/release-templates/:release_type","status":200,"duration_ms":7}
{"request_id":"rcc-b01f15df27acadd056a869d20c8c68c7","method":"GET","path":"/api/v1/release-orders/:id","status":200,"duration_ms":5}
{"request_id":"rcc-a88d1a842837aeac60708a6723881a13","method":"GET","path":"/api/v1/release-orders/:id","status":200,"duration_ms":5}
2026/09/11 15:44:55 🐳 Stopping container: bff633f34e72
2026/09/11 15:44:56 ✅ Container stopped: bff633f34e72
2026/09/11 15:44:56 🐳 Terminating container: bff633f34e72
2026/09/11 15:44:56 🚫 Container terminated: bff633f34e72
--- PASS: TestReleaseFlowAC009PersistsIndependentTablesBeforeFirstRead (8.61s)
=== RUN   TestReleaseFlowAC010MissingConfigurationRequiresExplicitSave
2026/09/11 15:44:56 🐳 Creating container for image mysql:8.4
2026/09/11 15:44:56 ✅ Container created: 0d6d7fc64c0f
2026/09/11 15:44:56 🐳 Starting container: 0d6d7fc64c0f
2026/09/11 15:44:56 ✅ Container started: 0d6d7fc64c0f
2026/09/11 15:44:56 ⏳ Waiting for container id 0d6d7fc64c0f image: mysql:8.4. Waiting for: all of: [log message "port: 3306  MySQL Community Server"]
2026/09/11 15:45:02 🔔 Container is ready: 0d6d7fc64c0f
{"request_id":"rcc-1f4156ec2b741316d935fd4e60bf71c0","method":"GET","path":"/api/v1/auth/csrf","status":200,"duration_ms":7}
{"request_id":"rcc-67787bf7b457a52154fb65e58a895779","method":"POST","path":"/api/v1/auth/register","status":201,"duration_ms":49}
{"request_id":"rcc-b6f75313d0cf0c071f7efd750e387402","method":"GET","path":"/api/v1/auth/csrf","status":200,"duration_ms":7}
{"request_id":"rcc-fc3ecd66938888cbe773ccbfd7a077a3","method":"POST","path":"/api/v1/auth/login","status":200,"duration_ms":53}
{"request_id":"rcc-00f36ac7b5448f6398458b9606190942","method":"POST","path":"/api/v1/query-policies","status":201,"duration_ms":4}
{"request_id":"rcc-bd4f32c9a3470d85f9aa70911f11fd4a","method":"POST","path":"/api/v1/query-policies/:code/activate","status":200,"duration_ms":4}
{"request_id":"rcc-b8ad33ad77d34ae4f0c75fbbd388e053","method":"POST","path":"/api/v1/mutation-policies","status":201,"duration_ms":3}
{"request_id":"rcc-3cab5384ca3d279556d1837392ef80c3","method":"POST","path":"/api/v1/mutation-policies/:code/activate","status":200,"duration_ms":4}
{"request_id":"rcc-344e1e08d9fe78050098367c73ac706f","method":"POST","path":"/api/v1/table-policies","status":201,"duration_ms":15}
{"request_id":"rcc-9613ac234a7f862ec903b757ddcee3d5","method":"POST","path":"/api/v1/table-policies/:table_name/enable","status":200,"duration_ms":12}
{"request_id":"rcc-f980ebff5d3b2835e9840cf084570521","method":"POST","path":"/api/v1/table-policies","status":201,"duration_ms":14}
{"request_id":"rcc-81ad6beed8c2cd0e3f078790bd88d594","method":"POST","path":"/api/v1/table-policies/:table_name/enable","status":200,"duration_ms":13}
{"request_id":"rcc-04e93e7486bf1b08e61ab0d43ab6fe7c","method":"POST","path":"/api/v1/release-templates","status":201,"duration_ms":5}
{"request_id":"rcc-81a2919022bad459fd7e4f089d26dee8","method":"GET","path":"/api/v1/table-policies/:table_name/release-templates","status":200,"duration_ms":2}
{"request_id":"rcc-9083f399830854f89e45fecb0e65392e","method":"PUT","path":"/api/v1/table-policies/:table_name/release-templates/:release_type","status":200,"duration_ms":8}
{"request_id":"rcc-b08bfc53d4ed2fff3537252603b96522","method":"GET","path":"/api/v1/auth/csrf","status":200,"duration_ms":4}
{"request_id":"rcc-8d0400c20c7d2e86f134db4ff7b7b1e8","method":"POST","path":"/api/v1/auth/register","status":201,"duration_ms":41}
{"request_id":"rcc-b9029852bbbe6b1eaf7cf2697fc95ce7","method":"POST","path":"/api/v1/approval-roles","status":201,"duration_ms":15}
{"request_id":"rcc-5aa72517b8c82bb934a6242f395f1185","method":"GET","path":"/api/v1/table-policies/:table_name/approval-roles","status":200,"duration_ms":3}
{"request_id":"rcc-d1259ca46f49efcddc48e70fd33840a4","method":"PUT","path":"/api/v1/table-policies/:table_name/approval-roles","status":200,"duration_ms":14}
{"request_id":"rcc-210a1ac6705fb7781341824bb8f13c46","method":"GET","path":"/api/v1/table-policies/:table_name/approval-roles","status":200,"duration_ms":3}
{"request_id":"rcc-092719f19f8d05dcd0cada99687d0696","method":"PUT","path":"/api/v1/table-policies/:table_name/approval-roles","status":200,"duration_ms":14}
{"request_id":"rcc-a7fcc4a8f4b7f7b9f5f3f727e7636272","method":"POST","path":"/api/v1/release-orders","status":201,"duration_ms":41}
{"request_id":"rcc-6277aabf0d385b5f556b01fe020e40b9","method":"POST","path":"/api/v1/release-orders/:id/submit","status":409,"duration_ms":6}
{"request_id":"rcc-55336c937c63693e68287efb05fe3219","method":"GET","path":"/api/v1/table-policies/:table_name/release-templates","status":200,"duration_ms":2}
{"request_id":"rcc-183b28a9203141980d6a0d751b834249","method":"PUT","path":"/api/v1/table-policies/:table_name/release-templates/:release_type","status":200,"duration_ms":7}
{"request_id":"rcc-a788623c0f228d8c1ec0d6c878c998e7","method":"GET","path":"/api/v1/release-orders/:id","status":200,"duration_ms":12}
{"request_id":"rcc-e383d2bb3aa3cc20c420fb17c2983c25","method":"PUT","path":"/api/v1/release-orders/:id","status":200,"duration_ms":23}
{"request_id":"rcc-404a4938fb7f94703ccde012d82955ec","method":"POST","path":"/api/v1/release-templates/:code/disable","status":200,"duration_ms":8}
{"request_id":"rcc-34fc77d0c743d5b0b45426e6efbf1b4c","method":"GET","path":"/api/v1/table-policies/:table_name/release-templates","status":200,"duration_ms":2}
{"request_id":"rcc-95587eb3fcb1bb0d417003ccc82e8b9c","method":"PUT","path":"/api/v1/table-policies/:table_name/release-templates/:release_type","status":200,"duration_ms":8}
{"request_id":"rcc-4ed7ed917fad561c19f958c933361ddc","method":"POST","path":"/api/v1/release-orders/:id/submit","status":200,"duration_ms":104}
{"request_id":"rcc-76dee92b57b4d73811ef76b6ed50cb63","method":"POST","path":"/api/v1/release-orders","status":201,"duration_ms":38}
2026/09/11 15:45:05 🐳 Stopping container: 0d6d7fc64c0f
2026/09/11 15:45:06 ✅ Container stopped: 0d6d7fc64c0f
2026/09/11 15:45:06 🐳 Terminating container: 0d6d7fc64c0f
2026/09/11 15:45:06 🚫 Container terminated: 0d6d7fc64c0f
--- PASS: TestReleaseFlowAC010MissingConfigurationRequiresExplicitSave (9.89s)
=== RUN   TestReleaseFlowAC013DerivedDraftUsesCurrentConfiguration
2026/09/11 15:45:06 🐳 Creating container for image mysql:8.4
2026/09/11 15:45:06 ✅ Container created: bb5538808b99
2026/09/11 15:45:06 🐳 Starting container: bb5538808b99
2026/09/11 15:45:06 ✅ Container started: bb5538808b99
2026/09/11 15:45:06 ⏳ Waiting for container id bb5538808b99 image: mysql:8.4. Waiting for: all of: [log message "port: 3306  MySQL Community Server"]
2026/09/11 15:45:12 🔔 Container is ready: bb5538808b99
{"request_id":"rcc-cc14bffa1a5594c6d016fea8904b238e","method":"GET","path":"/api/v1/auth/csrf","status":200,"duration_ms":7}
{"request_id":"rcc-7b028a3a2bf7ba90d6d0a2b86815b0b3","method":"POST","path":"/api/v1/auth/register","status":201,"duration_ms":43}
{"request_id":"rcc-0defe3c8cb1500faa47e4179cafe8cdf","method":"GET","path":"/api/v1/auth/csrf","status":200,"duration_ms":5}
{"request_id":"rcc-153ea6fb46971ddd80765cc54324a537","method":"POST","path":"/api/v1/auth/login","status":200,"duration_ms":52}
{"request_id":"rcc-463617c23c11f0614a729a9c38529826","method":"POST","path":"/api/v1/query-policies","status":201,"duration_ms":3}
{"request_id":"rcc-55929304403cad759719e95bdba174b5","method":"POST","path":"/api/v1/query-policies/:code/activate","status":200,"duration_ms":4}
{"request_id":"rcc-04849ee754936631765d4390c92351c2","method":"POST","path":"/api/v1/mutation-policies","status":201,"duration_ms":2}
{"request_id":"rcc-fe1feb70c17ed4e42b2ca6697bb72470","method":"POST","path":"/api/v1/mutation-policies/:code/activate","status":200,"duration_ms":4}
{"request_id":"rcc-9d1b3b9fad3ab53e44074f73f30dcce8","method":"POST","path":"/api/v1/table-policies","status":201,"duration_ms":14}
{"request_id":"rcc-31cac4d1355f171433a36e26597b8635","method":"POST","path":"/api/v1/table-policies/:table_name/enable","status":200,"duration_ms":13}
{"request_id":"rcc-2610e296abeb3c588b39f758caa4c3af","method":"POST","path":"/api/v1/table-policies","status":201,"duration_ms":14}
{"request_id":"rcc-61aa7033fe0a27d0c1250e545e4efd58","method":"POST","path":"/api/v1/table-policies/:table_name/enable","status":200,"duration_ms":13}
{"request_id":"rcc-7e3af03dcbf4dfb824f877162a006519","method":"POST","path":"/api/v1/release-templates","status":201,"duration_ms":5}
{"request_id":"rcc-a5894db133a3ad5d54929d4287995851","method":"GET","path":"/api/v1/table-policies/:table_name/release-templates","status":200,"duration_ms":2}
{"request_id":"rcc-9645b6463b167686aa5b5a93a72f4e7e","method":"PUT","path":"/api/v1/table-policies/:table_name/release-templates/:release_type","status":200,"duration_ms":7}
{"request_id":"rcc-b6cabede7fe20a2f4c8d89cfd81a25aa","method":"GET","path":"/api/v1/table-policies/:table_name/release-templates","status":200,"duration_ms":2}
{"request_id":"rcc-982536ef180dfce8e882889db98dd7e2","method":"PUT","path":"/api/v1/table-policies/:table_name/release-templates/:release_type","status":200,"duration_ms":7}
{"request_id":"rcc-2fb42d098bf4c009cf07356b2ac0bb44","method":"GET","path":"/api/v1/auth/csrf","status":200,"duration_ms":4}
{"request_id":"rcc-d9acee29529bb29db98d42f3f5749922","method":"POST","path":"/api/v1/auth/register","status":201,"duration_ms":41}
{"request_id":"rcc-6d7e93f797214e1a33ee557b8352aa21","method":"POST","path":"/api/v1/approval-roles","status":201,"duration_ms":13}
{"request_id":"rcc-3e3e03a3ffcd6f5829f5beff2d5401fb","method":"GET","path":"/api/v1/table-policies/:table_name/approval-roles","status":200,"duration_ms":2}
{"request_id":"rcc-d6ea99a1b6e07980c0e5fac7e22d97ab","method":"PUT","path":"/api/v1/table-policies/:table_name/approval-roles","status":200,"duration_ms":14}
{"request_id":"rcc-31d961911c5fba88c388f7cc0a50718e","method":"GET","path":"/api/v1/table-policies/:table_name/approval-roles","status":200,"duration_ms":2}
{"request_id":"rcc-4f88aa63cf969c168471a6bd29ea1bfb","method":"PUT","path":"/api/v1/table-policies/:table_name/approval-roles","status":200,"duration_ms":14}
{"request_id":"rcc-f3ac4900247eb722fe4e06797fbeba36","method":"POST","path":"/api/v1/release-orders","status":201,"duration_ms":42}
{"request_id":"rcc-9365439c0d49599b844a7da38b17a183","method":"GET","path":"/api/v1/release-orders/:id","status":200,"duration_ms":14}
{"request_id":"rcc-f2d5157ed0360866273f7dff171f7f03","method":"POST","path":"/api/v1/release-orders/:id/cancel","status":200,"duration_ms":17}
{"request_id":"rcc-e9edcc41b61a3302cc0488af05e6f3e6","method":"GET","path":"/api/v1/table-policies/:table_name/release-templates","status":200,"duration_ms":4}
{"request_id":"rcc-0d38ba02bdab18c31cba3895200f7f4e","method":"PUT","path":"/api/v1/table-policies/:table_name/release-templates/:release_type","status":200,"duration_ms":9}
{"request_id":"rcc-0fed9a712160e855fe2bb0b430ecd1f7","method":"GET","path":"/api/v1/table-policies/:table_name/release-templates","status":200,"duration_ms":2}
{"request_id":"rcc-ffdd1f5a4d27008b9362cdb7eceb272d","method":"PUT","path":"/api/v1/table-policies/:table_name/release-templates/:release_type","status":200,"duration_ms":8}
{"request_id":"rcc-977cbc6212be129c9ffa18aa7c6c12da","method":"POST","path":"/api/v1/release-orders/:id/copy","status":201,"duration_ms":44}
{"request_id":"rcc-0294802634eaa23102e8d083dd9056cb","method":"POST","path":"/api/v1/release-orders/:id/submit","status":200,"duration_ms":116}
{"request_id":"rcc-c47d7dd41aa6b5af5c6f5d22f309207c","method":"GET","path":"/api/v1/release-orders/:id","status":200,"duration_ms":7}
{"request_id":"rcc-2d5af034d614f7d8a9bffdb050ab0b00","method":"POST","path":"/api/v1/release-orders/:id/approve","status":200,"duration_ms":27}
{"request_id":"rcc-3a3559542d8fdcdb2d723f3023820908","method":"GET","path":"/api/v1/table-policies/:table_name/release-templates","status":200,"duration_ms":2}
{"request_id":"rcc-9b761c711447cc9c05fbef46836577ca","method":"PUT","path":"/api/v1/table-policies/:table_name/release-templates/:release_type","status":200,"duration_ms":8}
{"request_id":"rcc-1284bec5c767bd3b01a0afcb990e28c4","method":"POST","path":"/api/v1/release-orders/:id/reprepare","status":201,"duration_ms":48}
{"request_id":"rcc-be8e3de43c1f9550df1051424351a173","method":"GET","path":"/api/v1/release-orders/:id","status":200,"duration_ms":6}
{"request_id":"rcc-976f3d0f83a0e992658d93fc864494d8","method":"POST","path":"/api/v1/release-orders/:id/reprepare","status":201,"duration_ms":23}
2026/09/11 15:45:14 🐳 Stopping container: bb5538808b99
2026/09/11 15:45:15 ✅ Container stopped: bb5538808b99
2026/09/11 15:45:15 🐳 Terminating container: bb5538808b99
2026/09/11 15:45:15 🚫 Container terminated: bb5538808b99
--- PASS: TestReleaseFlowAC013DerivedDraftUsesCurrentConfiguration (9.81s)
=== RUN   TestReleaseFlowAC014SeparatesInstancesFromSubmissionApprovals
2026/09/11 15:45:15 🐳 Creating container for image mysql:8.4
2026/09/11 15:45:16 ✅ Container created: 2a494b649223
2026/09/11 15:45:16 🐳 Starting container: 2a494b649223
2026/09/11 15:45:16 ✅ Container started: 2a494b649223
2026/09/11 15:45:16 ⏳ Waiting for container id 2a494b649223 image: mysql:8.4. Waiting for: all of: [log message "port: 3306  MySQL Community Server"]
2026/09/11 15:45:22 🔔 Container is ready: 2a494b649223
{"request_id":"rcc-d2d82851d68c9d6f27cadfccfa06539a","method":"GET","path":"/api/v1/auth/csrf","status":200,"duration_ms":6}
{"request_id":"rcc-54398af81c97217641311d565286e45a","method":"POST","path":"/api/v1/auth/register","status":201,"duration_ms":45}
{"request_id":"rcc-7c514c132960640a626fae0ac50cd57a","method":"GET","path":"/api/v1/auth/csrf","status":200,"duration_ms":10}
{"request_id":"rcc-c3fc393347fd6b86e9c7b46c4b861699","method":"POST","path":"/api/v1/auth/login","status":200,"duration_ms":53}
{"request_id":"rcc-ab5290d465be8d0207520d96e01c8ad4","method":"POST","path":"/api/v1/query-policies","status":201,"duration_ms":4}
{"request_id":"rcc-3a1913abafcb706c86ffeec05afe7e72","method":"POST","path":"/api/v1/query-policies/:code/activate","status":200,"duration_ms":5}
{"request_id":"rcc-fd9a9938b584ff47119d7705a130dfeb","method":"POST","path":"/api/v1/mutation-policies","status":201,"duration_ms":2}
{"request_id":"rcc-1fbcbea2dda6cd08b7598563b9fb3ba8","method":"POST","path":"/api/v1/mutation-policies/:code/activate","status":200,"duration_ms":4}
{"request_id":"rcc-5a2f39d0cd155de5be79dac0cce32baa","method":"POST","path":"/api/v1/table-policies","status":201,"duration_ms":14}
{"request_id":"rcc-f7877fe3a3f313b5b3df8cf8ae202580","method":"POST","path":"/api/v1/table-policies/:table_name/enable","status":200,"duration_ms":13}
{"request_id":"rcc-a424f6c2bf4a5bb3467db76f853ae65e","method":"POST","path":"/api/v1/table-policies","status":201,"duration_ms":14}
{"request_id":"rcc-55502df7882484c38ad4cd0cd986ffac","method":"POST","path":"/api/v1/table-policies/:table_name/enable","status":200,"duration_ms":13}
{"request_id":"rcc-1424def6a019ab1216bf918149e4dc77","method":"POST","path":"/api/v1/release-templates","status":201,"duration_ms":5}
{"request_id":"rcc-fd343eeb4725582763df2b0c07f207f9","method":"GET","path":"/api/v1/table-policies/:table_name/release-templates","status":200,"duration_ms":2}
{"request_id":"rcc-3b68f887c9fec2b6e2fd532567940d7d","method":"PUT","path":"/api/v1/table-policies/:table_name/release-templates/:release_type","status":200,"duration_ms":7}
{"request_id":"rcc-c8bc70d3891b245b8fd370d75b9361b3","method":"GET","path":"/api/v1/table-policies/:table_name/release-templates","status":200,"duration_ms":2}
{"request_id":"rcc-4ca2666b06971f268a89203d67f35fcf","method":"PUT","path":"/api/v1/table-policies/:table_name/release-templates/:release_type","status":200,"duration_ms":7}
{"request_id":"rcc-de32c2d836bbff2733a73d0b8af3d9f0","method":"GET","path":"/api/v1/auth/csrf","status":200,"duration_ms":5}
{"request_id":"rcc-34f1a0ec2c6effac18c975328b53806a","method":"POST","path":"/api/v1/auth/register","status":201,"duration_ms":42}
{"request_id":"rcc-150b2eb95bc51751ea0810050a8f35a5","method":"GET","path":"/api/v1/auth/csrf","status":200,"duration_ms":5}
{"request_id":"rcc-172d766eaac4b01f0c7fd52906a94f9f","method":"POST","path":"/api/v1/auth/register","status":201,"duration_ms":44}
{"request_id":"rcc-c9efe9b47506176eb6115cdb043c1dcd","method":"GET","path":"/api/v1/auth/csrf","status":200,"duration_ms":4}
{"request_id":"rcc-60c4028c11d35187929af6e463ff9b86","method":"POST","path":"/api/v1/auth/register","status":201,"duration_ms":41}
{"request_id":"rcc-1298cac9fc9a6db789a0ab7e177f3c25","method":"POST","path":"/api/v1/approval-roles","status":201,"duration_ms":13}
{"request_id":"rcc-1662b2c447ab2da8ef35f010e985df05","method":"POST","path":"/api/v1/approval-roles","status":201,"duration_ms":13}
{"request_id":"rcc-039933600447112a0864e0bb679a28bb","method":"POST","path":"/api/v1/approval-roles","status":201,"duration_ms":12}
{"request_id":"rcc-32c36cc6c4bca8bb997a7742a1112613","method":"GET","path":"/api/v1/table-policies/:table_name/approval-roles","status":200,"duration_ms":3}
{"request_id":"rcc-b397bc7833809a53bd16bbc65c903605","method":"PUT","path":"/api/v1/table-policies/:table_name/approval-roles","status":200,"duration_ms":14}
{"request_id":"rcc-169afe17a857f50365e41edc27216dc6","method":"GET","path":"/api/v1/table-policies/:table_name/approval-roles","status":200,"duration_ms":3}
{"request_id":"rcc-3ce5eb67ada45da438358aa17f5ea70e","method":"PUT","path":"/api/v1/table-policies/:table_name/approval-roles","status":200,"duration_ms":21}
{"request_id":"rcc-4cdfb1b793fe23df9e43ace24f326864","method":"POST","path":"/api/v1/release-orders","status":201,"duration_ms":42}
{"request_id":"rcc-3d87cc3976fde8104ff4dcd23891bea6","method":"GET","path":"/api/v1/table-policies/:table_name/approval-roles","status":200,"duration_ms":6}
{"request_id":"rcc-511136b3a40585937d3b1601a2e749fc","method":"PUT","path":"/api/v1/table-policies/:table_name/approval-roles","status":200,"duration_ms":18}
{"request_id":"rcc-d23f06d0ac435b964c291861a877ce44","method":"PUT","path":"/api/v1/release-templates/:code","status":200,"duration_ms":6}
{"request_id":"rcc-2ca3f95d66b1ac4dcbd1bee0342d974c","method":"POST","path":"/api/v1/release-orders/:id/submit","status":200,"duration_ms":108}
{"request_id":"rcc-f9dab088d6b47c0c6a1bff798ef84a19","method":"GET","path":"/api/v1/table-policies/:table_name/approval-roles","status":200,"duration_ms":5}
{"request_id":"rcc-d2a3162c2860e34c13bb68fe2ff39512","method":"PUT","path":"/api/v1/table-policies/:table_name/approval-roles","status":200,"duration_ms":16}
{"request_id":"rcc-7e02ee8025805000d9a480c1a9e8a4e2","method":"GET","path":"/api/v1/release-orders/:id","status":200,"duration_ms":8}
{"request_id":"rcc-6b3efe6120b36d642070a194e19a15af","method":"POST","path":"/api/v1/release-orders/:id/approve","status":403,"duration_ms":10}
{"request_id":"rcc-0bdff98d5db707587612c0a2583b9ef9","method":"GET","path":"/api/v1/release-orders/:id","status":200,"duration_ms":8}
{"request_id":"rcc-5f597fc76d72a8157b7940a4e542dc63","method":"POST","path":"/api/v1/release-orders/:id/approve","status":403,"duration_ms":6}
{"request_id":"rcc-77f52f739e0ed8249f65fe4300902800","method":"GET","path":"/api/v1/release-orders/:id","status":200,"duration_ms":8}
{"request_id":"rcc-11a0630138e60608c6d7789279b93d00","method":"POST","path":"/api/v1/release-orders/:id/approve","status":200,"duration_ms":38}
{"request_id":"rcc-c138365887658b0fc88c8e6ba23d3165","method":"GET","path":"/api/v1/release-orders/:id","status":200,"duration_ms":8}
{"request_id":"rcc-be6d4f5191a1734f1fbd9505984ba8a3","method":"POST","path":"/api/v1/release-orders/:id/approve","status":200,"duration_ms":35}
{"request_id":"rcc-2284714111e49ffdc31acfbfe56898d1","method":"POST","path":"/api/v1/release-orders/:id/execute","status":200,"duration_ms":129}
{"request_id":"rcc-69b28548587caabfefe6500c7a8a5a18","method":"POST","path":"/api/v1/release-orders/:id/complete","status":200,"duration_ms":27}
{"request_id":"rcc-76c2097a994d7155acd31711bd805c97","method":"GET","path":"/api/v1/release-orders/:id","status":200,"duration_ms":9}
2026/09/11 15:45:25 🐳 Stopping container: 2a494b649223
2026/09/11 15:45:26 ✅ Container stopped: 2a494b649223
2026/09/11 15:45:26 🐳 Terminating container: 2a494b649223
2026/09/11 15:45:26 🚫 Container terminated: 2a494b649223
--- PASS: TestReleaseFlowAC014SeparatesInstancesFromSubmissionApprovals (10.56s)
=== RUN   TestReleaseFlowAC011DraftEditsPreserveAndReplaceOnlyParticipatingTables
2026/09/11 15:45:26 🐳 Creating container for image mysql:8.4
2026/09/11 15:45:26 ✅ Container created: 291255fcdb45
2026/09/11 15:45:26 🐳 Starting container: 291255fcdb45
2026/09/11 15:45:26 ✅ Container started: 291255fcdb45
2026/09/11 15:45:26 ⏳ Waiting for container id 291255fcdb45 image: mysql:8.4. Waiting for: all of: [log message "port: 3306  MySQL Community Server"]
2026/09/11 15:45:32 🔔 Container is ready: 291255fcdb45
{"request_id":"rcc-2c9f5e12d8a3465342510eb2a5720b36","method":"GET","path":"/api/v1/auth/csrf","status":200,"duration_ms":8}
{"request_id":"rcc-28ba67dff159122bb6542beecbbcf807","method":"POST","path":"/api/v1/auth/register","status":201,"duration_ms":40}
{"request_id":"rcc-c75260bc64af763e16c9f9aff1f796e0","method":"GET","path":"/api/v1/auth/csrf","status":200,"duration_ms":5}
{"request_id":"rcc-bcad7dc59c4e0c43e06e275b3a41780a","method":"POST","path":"/api/v1/auth/login","status":200,"duration_ms":53}
{"request_id":"rcc-6bfeccfc014092515209cf6b2e324db4","method":"POST","path":"/api/v1/query-policies","status":201,"duration_ms":3}
{"request_id":"rcc-2db1cd268dda4721964bfcbbf5c663f2","method":"POST","path":"/api/v1/query-policies/:code/activate","status":200,"duration_ms":4}
{"request_id":"rcc-9a5c07d6a03ac0cf6ec8524badfebd17","method":"POST","path":"/api/v1/mutation-policies","status":201,"duration_ms":3}
{"request_id":"rcc-bb0142dbfeb8d4ce4d83b3543f23d757","method":"POST","path":"/api/v1/mutation-policies/:code/activate","status":200,"duration_ms":4}
{"request_id":"rcc-8909859086bff00dbb53f8450090cfda","method":"POST","path":"/api/v1/table-policies","status":201,"duration_ms":16}
{"request_id":"rcc-19a8025693c3015d63b48682b9d27b18","method":"POST","path":"/api/v1/table-policies/:table_name/enable","status":200,"duration_ms":13}
{"request_id":"rcc-3f31d472df11968bc068181f4e9e00e0","method":"POST","path":"/api/v1/table-policies","status":201,"duration_ms":13}
{"request_id":"rcc-fcdddb061be496990a19e89c93a92ce4","method":"POST","path":"/api/v1/table-policies/:table_name/enable","status":200,"duration_ms":12}
{"request_id":"rcc-9f694d87d834a61f0851aa033a3582d4","method":"POST","path":"/api/v1/release-templates","status":201,"duration_ms":6}
{"request_id":"rcc-c6ca98e7bd7088429d7018251b864696","method":"GET","path":"/api/v1/table-policies/:table_name/release-templates","status":200,"duration_ms":2}
{"request_id":"rcc-35e091f14ced4de62dd7c6ca6905450a","method":"PUT","path":"/api/v1/table-policies/:table_name/release-templates/:release_type","status":200,"duration_ms":7}
{"request_id":"rcc-0d9e75634786f905d42d6e70532af1ad","method":"GET","path":"/api/v1/table-policies/:table_name/release-templates","status":200,"duration_ms":2}
{"request_id":"rcc-6e49651901e553c6ba046ab81c30dfa0","method":"PUT","path":"/api/v1/table-policies/:table_name/release-templates/:release_type","status":200,"duration_ms":8}
{"request_id":"rcc-4f45da8983acc1740e98017e78efc561","method":"POST","path":"/api/v1/release-orders","status":201,"duration_ms":31}
{"request_id":"rcc-10dbb95488076bc0763aca11553d641a","method":"GET","path":"/api/v1/table-policies/:table_name/release-templates","status":200,"duration_ms":2}
{"request_id":"rcc-4c8ecdad7da2099bf607222f0832dee7","method":"PUT","path":"/api/v1/table-policies/:table_name/release-templates/:release_type","status":200,"duration_ms":8}
{"request_id":"rcc-d22ad746ff146fc5e5ae98643a8494fc","method":"PUT","path":"/api/v1/release-orders/:id","status":200,"duration_ms":44}
{"request_id":"rcc-204fc46f087d5a187b4c4c5544a30eef","method":"PUT","path":"/api/v1/release-orders/:id","status":409,"duration_ms":5}
{"request_id":"rcc-43a856b659d87c9e557bdda70cd157ec","method":"PUT","path":"/api/v1/release-orders/:id","status":200,"duration_ms":19}
{"request_id":"rcc-712e105f6706739ab1f569d9f6eb9dc3","method":"POST","path":"/api/v1/release-orders","status":201,"duration_ms":35}
{"request_id":"rcc-c455bd31763e30e1e5b56825aee36aa5","method":"PUT","path":"/api/v1/release-orders/:id","status":409,"duration_ms":27}
{"request_id":"rcc-f1a102dac89e3efee6b3015e5b9a956e","method":"GET","path":"/api/v1/release-orders/:id","status":200,"duration_ms":5}
{"request_id":"rcc-6199ab0652592db677832e99a4adf6c1","method":"POST","path":"/api/v1/release-orders/:id/cancel","status":200,"duration_ms":17}
{"request_id":"rcc-349c3a2f0cd0138556b0391649e8f9c2","method":"PUT","path":"/api/v1/release-orders/:id","status":200,"duration_ms":31}
2026/09/11 15:45:34 🐳 Stopping container: 291255fcdb45
2026/09/11 15:45:35 ✅ Container stopped: 291255fcdb45
2026/09/11 15:45:35 🐳 Terminating container: 291255fcdb45
2026/09/11 15:45:35 🚫 Container terminated: 291255fcdb45
--- PASS: TestReleaseFlowAC011DraftEditsPreserveAndReplaceOnlyParticipatingTables (8.62s)
=== RUN   TestReleaseHistorySurvivesExecutableRestartAndExternalChanges
2026/09/11 15:45:35 🐳 Creating container for image mysql:8.4
2026/09/11 15:45:35 ✅ Container created: 562f1103b311
2026/09/11 15:45:35 🐳 Starting container: 562f1103b311
2026/09/11 15:45:35 ✅ Container started: 562f1103b311
2026/09/11 15:45:35 ⏳ Waiting for container id 562f1103b311 image: mysql:8.4. Waiting for: all of: [log message "port: 3306  MySQL Community Server"]
2026/09/11 15:45:41 🔔 Container is ready: 562f1103b311
{"request_id":"rcc-841c934d922430589f284f590ec6ea3b","method":"GET","path":"/api/v1/auth/csrf","status":200,"duration_ms":5}
{"request_id":"rcc-5099d902eb2d041be5dd064e7cfecd06","method":"POST","path":"/api/v1/auth/register","status":201,"duration_ms":49}
{"request_id":"rcc-514d410af5ee13e8b9bd62215e888cdb","method":"GET","path":"/api/v1/auth/csrf","status":200,"duration_ms":6}
{"request_id":"rcc-35d942c73928858bf89b4d08e7d0fab7","method":"POST","path":"/api/v1/auth/login","status":200,"duration_ms":51}
{"request_id":"rcc-daceaaf5a3647441a7cabfa0eed0daa5","method":"GET","path":"/api/v1/table-policies/:table_name/release-templates","status":200,"duration_ms":3}
{"request_id":"rcc-1b7c6fd8af9c04e17f83ee066276cc3b","method":"PUT","path":"/api/v1/table-policies/:table_name/release-templates/:release_type","status":200,"duration_ms":9}
    release_history_delivery_integration_test.go:241: immutable stored facts changed in rcc_release_requests
2026/09/11 15:45:49 🐳 Stopping container: 562f1103b311
2026/09/11 15:45:50 ✅ Container stopped: 562f1103b311
2026/09/11 15:45:50 🐳 Terminating container: 562f1103b311
2026/09/11 15:45:50 🚫 Container terminated: 562f1103b311
--- FAIL: TestReleaseHistorySurvivesExecutableRestartAndExternalChanges (15.82s)
=== RUN   TestMultitablePublicationPreservesGlobalOrderAndOriginalResults
2026/09/11 15:45:50 🐳 Creating container for image mysql:8.4
2026/09/11 15:45:51 ✅ Container created: 5fbd9f377202
2026/09/11 15:45:51 🐳 Starting container: 5fbd9f377202
2026/09/11 15:45:51 ✅ Container started: 5fbd9f377202
2026/09/11 15:45:51 ⏳ Waiting for container id 5fbd9f377202 image: mysql:8.4. Waiting for: all of: [log message "port: 3306  MySQL Community Server"]
2026/09/11 15:45:57 🔔 Container is ready: 5fbd9f377202
{"request_id":"rcc-4cc8e76b9ec78c7dd067ae71ae9e96e9","method":"GET","path":"/api/v1/auth/csrf","status":200,"duration_ms":6}
{"request_id":"rcc-3f40d9381a8f18f2cde965b72fce1fba","method":"POST","path":"/api/v1/auth/register","status":201,"duration_ms":42}
{"request_id":"rcc-b2953d078a8c0df67b779990545e502d","method":"GET","path":"/api/v1/auth/csrf","status":200,"duration_ms":4}
{"request_id":"rcc-22105640ac1b374d74223823710e9e32","method":"POST","path":"/api/v1/auth/login","status":200,"duration_ms":51}
{"request_id":"rcc-79bc846b01423ea1a58a8cb4c9224dcb","method":"GET","path":"/api/v1/table-policies/:table_name/release-templates","status":200,"duration_ms":2}
{"request_id":"rcc-df081bad861414ca7de9887a0f94bdf4","method":"PUT","path":"/api/v1/table-policies/:table_name/release-templates/:release_type","status":200,"duration_ms":8}
{"request_id":"rcc-e31f7dac00fb5dc61aceca76505ec4ee","method":"GET","path":"/api/v1/table-policies/:table_name/release-templates","status":200,"duration_ms":2}
{"request_id":"rcc-0329953bff4dd594b4aee64f611f77b3","method":"PUT","path":"/api/v1/table-policies/:table_name/release-templates/:release_type","status":200,"duration_ms":7}
{"request_id":"rcc-ad2e50cef1286402814d283654bd8607","method":"GET","path":"/api/v1/table-policies/:table_name/release-templates","status":200,"duration_ms":2}
{"request_id":"rcc-f4612f8ff9fcb1f9fcbb700c6a7881e5","method":"PUT","path":"/api/v1/table-policies/:table_name/release-templates/:release_type","status":200,"duration_ms":8}
{"request_id":"rcc-98a4a1dc5b5f9224054994bec1fb61d2","method":"GET","path":"/api/v1/auth/csrf","status":200,"duration_ms":5}
{"request_id":"rcc-4341e3fbb9f2824aa90d13a0ae6d5316","method":"POST","path":"/api/v1/auth/register","status":201,"duration_ms":41}
{"request_id":"rcc-3faff4d94286899a50e211df387927d6","method":"POST","path":"/api/v1/release-orders","status":201,"duration_ms":66}
{"request_id":"rcc-2f903b2df2e5df244175c17c8fdd1039","method":"POST","path":"/api/v1/approval-roles","status":201,"duration_ms":12}
{"request_id":"rcc-9437f9f652b442f8a55aa68552590859","method":"GET","path":"/api/v1/table-policies/:table_name/approval-roles","status":200,"duration_ms":3}
{"request_id":"rcc-bf6be955af561b6f7fe277b1613b834b","method":"PUT","path":"/api/v1/table-policies/:table_name/approval-roles","status":200,"duration_ms":15}
{"request_id":"rcc-4f287af710b2758e04ae61b90506afa5","method":"GET","path":"/api/v1/table-policies/:table_name/approval-roles","status":200,"duration_ms":3}
{"request_id":"rcc-dde1ece1d5b2f0dc4f9f9b04c8c0ff19","method":"PUT","path":"/api/v1/table-policies/:table_name/approval-roles","status":200,"duration_ms":14}
{"request_id":"rcc-c94954a415219053d281e90e135cd6cb","method":"GET","path":"/api/v1/table-policies/:table_name/approval-roles","status":200,"duration_ms":3}
{"request_id":"rcc-90305cd590b5c8e4730018497d53cc3f","method":"PUT","path":"/api/v1/table-policies/:table_name/approval-roles","status":200,"duration_ms":14}
{"request_id":"rcc-8cc0b703f5eadc72ce5953273f29ce70","method":"POST","path":"/api/v1/release-orders/:id/submit","status":200,"duration_ms":152}
{"request_id":"rcc-232bcc14d41d6f0394452e0619c6d468","method":"GET","path":"/api/v1/release-orders/:id","status":200,"duration_ms":6}
{"request_id":"rcc-9498bcadec2a07b042aac550615f4704","method":"POST","path":"/api/v1/release-orders/:id/approve","status":200,"duration_ms":26}
{"request_id":"rcc-99bcf6fa4ac1f5f95fb797379f5997fc","method":"POST","path":"/api/v1/release-orders/:id/execute","status":409,"duration_ms":128}
{"request_id":"rcc-77e083f1e04826e2843cdb271ac6e010","method":"POST","path":"/api/v1/release-orders/:id/execute","status":200,"duration_ms":193}
{"request_id":"rcc-02207d2069cfbe052716a3958fb95408","method":"POST","path":"/api/v1/tables/:table_name/query","status":200,"duration_ms":10}
{"request_id":"rcc-86879270c547643206169f023cdd17e9","method":"POST","path":"/api/v1/release-orders","status":409,"duration_ms":23}
{"request_id":"rcc-125c062622decec85d87c8bc62610e79","method":"POST","path":"/api/v1/release-orders/:id/quick-rollback/preview","status":409,"duration_ms":80}
{"request_id":"rcc-32c326ee3dfd67d068e71cef6c6a7c34","method":"POST","path":"/api/v1/release-orders/:id/quick-rollback/preview","status":200,"duration_ms":138}
{"request_id":"rcc-6459132fd51a0cd85ebbdd21f9e8dfb3","method":"POST","path":"/api/v1/release-orders/:id/quick-rollback","status":200,"duration_ms":230}
{"request_id":"rcc-1193eb110021358204288e48e0ab536a","method":"POST","path":"/api/v1/tables/:table_name/query","status":200,"duration_ms":10}
{"request_id":"rcc-f17b7912df6ddc7cc1cfb493cce190f3","method":"GET","path":"/api/v1/release-orders","status":200,"duration_ms":8}
{"request_id":"rcc-79d12f6a0f516fc0598847d636ba685a","method":"GET","path":"/api/v1/release-orders","status":200,"duration_ms":7}
{"request_id":"rcc-9f0857bbe75f22ec876e1888c3209e7d","method":"GET","path":"/api/v1/release-orders","status":200,"duration_ms":8}
{"request_id":"rcc-48bc15a926b3b22b63a108629cf87579","method":"GET","path":"/api/v1/release-orders","status":200,"duration_ms":7}
2026/09/11 15:45:59 🐳 Stopping container: 5fbd9f377202
2026/09/11 15:46:00 ✅ Container stopped: 5fbd9f377202
2026/09/11 15:46:00 🐳 Terminating container: 5fbd9f377202
2026/09/11 15:46:00 🚫 Container terminated: 5fbd9f377202
--- PASS: TestMultitablePublicationPreservesGlobalOrderAndOriginalResults (9.99s)
=== RUN   TestReleaseNotificationsPersistenceFailuresPreserveAllFacts
2026/09/11 15:46:00 🐳 Creating container for image mysql:8.4
2026/09/11 15:46:01 ✅ Container created: 6173e31aca30
2026/09/11 15:46:01 🐳 Starting container: 6173e31aca30
2026/09/11 15:46:01 ✅ Container started: 6173e31aca30
2026/09/11 15:46:01 ⏳ Waiting for container id 6173e31aca30 image: mysql:8.4. Waiting for: all of: [log message "port: 3306  MySQL Community Server"]
2026/09/11 15:46:07 🔔 Container is ready: 6173e31aca30
{"request_id":"rcc-2c90c3baffac4ada1a2c2330f858afd2","method":"GET","path":"/api/v1/auth/csrf","status":200,"duration_ms":5}
{"request_id":"rcc-3e0ef953b2d8b167ac81dbe76a0a2400","method":"POST","path":"/api/v1/auth/register","status":201,"duration_ms":44}
{"request_id":"rcc-43e4ba1d2c7ed0e364af1fecf477665b","method":"GET","path":"/api/v1/auth/csrf","status":200,"duration_ms":5}
{"request_id":"rcc-837734202c2d3eb4192290dfe0475d85","method":"POST","path":"/api/v1/auth/login","status":200,"duration_ms":50}
{"request_id":"rcc-711f9174b80e74e3b8656cf23227c74b","method":"GET","path":"/api/v1/table-policies/:table_name/release-templates","status":200,"duration_ms":2}
{"request_id":"rcc-db885f304d2e5d76d4fa8743f1eb36aa","method":"PUT","path":"/api/v1/table-policies/:table_name/release-templates/:release_type","status":200,"duration_ms":8}
{"request_id":"rcc-195d81470ba7e8f1a28bd6676dcdd344","method":"GET","path":"/api/v1/table-policies/:table_name/release-templates","status":200,"duration_ms":2}
{"request_id":"rcc-50e398c64b868310edc0a0a9f66904c0","method":"PUT","path":"/api/v1/table-policies/:table_name/release-templates/:release_type","status":200,"duration_ms":8}
{"request_id":"rcc-9c55e285f4ef2057454d9e0dd979daf4","method":"GET","path":"/api/v1/auth/csrf","status":200,"duration_ms":5}
{"request_id":"rcc-b3fb7e50f1de9faf1b97e5459d0a74dc","method":"POST","path":"/api/v1/auth/register","status":201,"duration_ms":42}
{"request_id":"rcc-24e4e54751054a5545d81cb7fe26ce44","method":"GET","path":"/api/v1/auth/csrf","status":200,"duration_ms":6}
{"request_id":"rcc-ac18d17028c08bf6494ccaaac3eda4ef","method":"POST","path":"/api/v1/auth/register","status":201,"duration_ms":45}
{"request_id":"rcc-e86183daf73d711b5c9cb174c558b036","method":"GET","path":"/api/v1/auth/csrf","status":200,"duration_ms":6}
{"request_id":"rcc-b8986a8ea7414dbcc8d29a51349d7883","method":"POST","path":"/api/v1/auth/register","status":201,"duration_ms":39}
{"request_id":"rcc-8083d79effda02cdbcd0aef70e88087b","method":"PUT","path":"/api/v1/account-roles/:id","status":200,"duration_ms":9}
{"request_id":"rcc-ea48b823d8cc4bdce39e5dd6531a30f7","method":"PUT","path":"/api/v1/account-roles/:id","status":200,"duration_ms":9}
{"request_id":"rcc-7e8ac06a340abd3f11e432ae6716d619","method":"PUT","path":"/api/v1/account-roles/:id","status":200,"duration_ms":9}
{"request_id":"rcc-a1408a47c00e4cbf11b803b4a9fb4170","method":"POST","path":"/api/v1/approval-roles","status":201,"duration_ms":13}
{"request_id":"rcc-9036f3ed06e76ebedd5a6ed5d8d6d560","method":"GET","path":"/api/v1/table-policies/:table_name/approval-roles","status":200,"duration_ms":2}
{"request_id":"rcc-f8f65765cae009a030253d5611cb6d4f","method":"PUT","path":"/api/v1/table-policies/:table_name/approval-roles","status":200,"duration_ms":14}
{"request_id":"rcc-7c44ff200e93345ecfbd299313e57775","method":"GET","path":"/api/v1/table-policies/:table_name/approval-roles","status":200,"duration_ms":3}
{"request_id":"rcc-c5a3a18071ab8bed9a4f79c8448d251b","method":"PUT","path":"/api/v1/table-policies/:table_name/approval-roles","status":200,"duration_ms":20}
=== RUN   TestReleaseNotificationsPersistenceFailuresPreserveAllFacts/execute
{"request_id":"rcc-a3989604f0ce25f12cd5dadc8c7d53d6","method":"POST","path":"/api/v1/release-orders","status":201,"duration_ms":55}
{"request_id":"rcc-c713ee839bb5c444aee6e92aee967b7b","method":"POST","path":"/api/v1/release-orders/:id/submit","status":200,"duration_ms":108}
{"request_id":"rcc-e2c32b04dc4e120fc1847f872771e15d","method":"GET","path":"/api/v1/release-orders/:id","status":200,"duration_ms":6}
{"request_id":"rcc-13b4cb3c8f8376570f6265d7bb6f2174","method":"POST","path":"/api/v1/release-orders/:id/approve","status":200,"duration_ms":26}
{"request_id":"rcc-65739ad0fcdfa12f753692f13a81a99a","method":"GET","path":"/api/v1/release-orders/:id","status":200,"duration_ms":6}
{"request_id":"rcc-eb5315fa842466803d5f10538df0b42c","method":"GET","path":"/api/v1/release-orders/:id/details","status":200,"duration_ms":4}
{"request_id":"rcc-8e8cbccf4c918b1376714b1556a0fb47","method":"GET","path":"/api/v1/release-orders/:id","status":200,"duration_ms":9}
{"request_id":"rcc-2f895972608e25248a1777cd9cf99147","method":"GET","path":"/api/v1/release-orders/:id","status":200,"duration_ms":9}
{"request_id":"rcc-5b536a9897846ace137b4b968dc1594c","method":"POST","path":"/api/v1/release-orders/:id/execute","status":503,"duration_ms":135}
{"request_id":"rcc-984f35c68a8029e7b7c61cf369ad8825","method":"GET","path":"/api/v1/release-orders/:id","status":200,"duration_ms":7}
{"request_id":"rcc-25a25b35a74ef0cce11f616b37c0e2bb","method":"GET","path":"/api/v1/release-orders/:id/details","status":200,"duration_ms":3}
{"request_id":"rcc-fc83854c83e63e66cb1db8b26fe8ffdb","method":"GET","path":"/api/v1/release-orders/:id","status":200,"duration_ms":9}
{"request_id":"rcc-f56ca5d4b6f13a7a9ff52358694530cc","method":"GET","path":"/api/v1/release-orders/:id","status":200,"duration_ms":9}
{"request_id":"rcc-8c5f5a117f5502c0e299a51d68a68d31","method":"POST","path":"/api/v1/release-orders/:id/execute","status":200,"duration_ms":129}
{"request_id":"rcc-d284d23c6342f88f6ba911df81cb6ac2","method":"GET","path":"/api/v1/release-orders/:id","status":200,"duration_ms":7}
{"request_id":"rcc-bb1ec24e86ddf0519b0a54a8020ae55a","method":"GET","path":"/api/v1/release-orders/:id","status":200,"duration_ms":7}
{"request_id":"rcc-d07fa14491d09bf05f4a8aeeb947c84d","method":"POST","path":"/api/v1/release-orders/:id/execute","status":200,"duration_ms":20}
{"request_id":"rcc-17f9393b7cac1e7fb2625780c62e57f6","method":"POST","path":"/api/v1/release-orders/:id/execute","status":200,"duration_ms":19}
{"request_id":"rcc-9feac363cf6cc55afc489816441d2f13","method":"POST","path":"/api/v1/release-orders/:id/execute","status":409,"duration_ms":5}
{"request_id":"rcc-91742e5914bec94c38dd2002036444d2","method":"GET","path":"/api/v1/release-orders/:id","status":200,"duration_ms":9}
{"request_id":"rcc-e40d003af2142c68b9ea1a0aa4259b98","method":"GET","path":"/api/v1/release-orders/:id","status":200,"duration_ms":9}
=== RUN   TestReleaseNotificationsPersistenceFailuresPreserveAllFacts/complete
{"request_id":"rcc-92c95eb60e289994e88148246bfa021f","method":"POST","path":"/api/v1/release-orders","status":201,"duration_ms":49}
{"request_id":"rcc-f09f02a5f2404774bb8321f2919d019a","method":"POST","path":"/api/v1/release-orders/:id/submit","status":200,"duration_ms":109}
{"request_id":"rcc-6a9802cea45de66aee4513f71a60e6e8","method":"GET","path":"/api/v1/release-orders/:id","status":200,"duration_ms":6}
{"request_id":"rcc-21155de38b7615c3f90cd26743051a39","method":"POST","path":"/api/v1/release-orders/:id/approve","status":200,"duration_ms":29}
{"request_id":"rcc-b95670cc289e7d38ab9789499faf3347","method":"POST","path":"/api/v1/release-orders/:id/execute","status":200,"duration_ms":138}
{"request_id":"rcc-4745939e481e508661a8af27213cc0ea","method":"GET","path":"/api/v1/release-orders/:id","status":200,"duration_ms":6}
{"request_id":"rcc-58053467e9345cf96f43d5fa795ad94f","method":"GET","path":"/api/v1/release-orders/:id/details","status":200,"duration_ms":5}
{"request_id":"rcc-50102c4a7e8547d57d99f9a525ce1ddd","method":"GET","path":"/api/v1/release-orders/:id","status":200,"duration_ms":9}
{"request_id":"rcc-296f03937cf6d10cdf10554f7361a7bd","method":"GET","path":"/api/v1/release-orders/:id","status":200,"duration_ms":7}
{"request_id":"rcc-a5013dd6034f4edc9de2312d5ac6fceb","method":"POST","path":"/api/v1/release-orders/:id/complete","status":503,"duration_ms":18}
{"request_id":"rcc-257304d6bda76b34e8b7a850ab788df4","method":"GET","path":"/api/v1/release-orders/:id","status":200,"duration_ms":7}
{"request_id":"rcc-6210d53ac43abe8d7acd5d39d847b89e","method":"GET","path":"/api/v1/release-orders/:id/details","status":200,"duration_ms":4}
{"request_id":"rcc-90a78e6b01aa5cebae1a7cb4258fa794","method":"GET","path":"/api/v1/release-orders/:id","status":200,"duration_ms":7}
{"request_id":"rcc-690ddd7c439efaf216a43b962bbd32bf","method":"GET","path":"/api/v1/release-orders/:id","status":200,"duration_ms":9}
{"request_id":"rcc-984dafbc09738cc49df59dfe8cea60a9","method":"POST","path":"/api/v1/release-orders/:id/complete","status":200,"duration_ms":29}
{"request_id":"rcc-0eb9c5beaf95b08625a4612b8df79ecf","method":"GET","path":"/api/v1/release-orders/:id","status":200,"duration_ms":7}
{"request_id":"rcc-a5b943803f3fb796090d1d4ba72c0063","method":"GET","path":"/api/v1/release-orders/:id","status":200,"duration_ms":8}
{"request_id":"rcc-ec9260b81dc39792096ac1ce7431830a","method":"POST","path":"/api/v1/release-orders/:id/complete","status":200,"duration_ms":20}
{"request_id":"rcc-6e6969d06f89ea43edb3723a04ca173b","method":"POST","path":"/api/v1/release-orders/:id/complete","status":200,"duration_ms":17}
{"request_id":"rcc-713893a62ba7c050baf0840c509c0831","method":"POST","path":"/api/v1/release-orders/:id/complete","status":409,"duration_ms":6}
{"request_id":"rcc-e4cd29d136c7b7cf56249c8967984e05","method":"GET","path":"/api/v1/release-orders/:id","status":200,"duration_ms":9}
{"request_id":"rcc-9f159f96a67750504f5ff518ddf382eb","method":"GET","path":"/api/v1/release-orders/:id","status":200,"duration_ms":9}
=== RUN   TestReleaseNotificationsPersistenceFailuresPreserveAllFacts/quick-rollback
{"request_id":"rcc-6895fe596c022dc1c401c324a738f982","method":"POST","path":"/api/v1/release-orders","status":201,"duration_ms":50}
{"request_id":"rcc-21b31df519a8359f415f14b75754e6de","method":"POST","path":"/api/v1/release-orders/:id/submit","status":200,"duration_ms":107}
{"request_id":"rcc-b749eebabb6f3157f1746614e5076e26","method":"GET","path":"/api/v1/release-orders/:id","status":200,"duration_ms":6}
{"request_id":"rcc-0ac47d9cda96fc3c580a2ecae16dc533","method":"POST","path":"/api/v1/release-orders/:id/approve","status":200,"duration_ms":28}
{"request_id":"rcc-35361ba8dba579eb984d95fa0b7e93b4","method":"POST","path":"/api/v1/release-orders/:id/execute","status":200,"duration_ms":134}
{"request_id":"rcc-cb7b4329c01b6c5f3a70875f3adaeeb9","method":"POST","path":"/api/v1/release-orders/:id/quick-rollback/preview","status":200,"duration_ms":101}
{"request_id":"rcc-f667abd3da41f8c91d9462f8b9339d15","method":"GET","path":"/api/v1/release-orders/:id","status":200,"duration_ms":9}
{"request_id":"rcc-081fa09aada148887d24b999416a22bd","method":"GET","path":"/api/v1/release-orders/:id/details","status":200,"duration_ms":5}
{"request_id":"rcc-a2096dd46fed13a9f0441fb2307c4377","method":"GET","path":"/api/v1/release-orders/:id","status":200,"duration_ms":9}
{"request_id":"rcc-42f173e4bae6b58679950d31f3a617b0","method":"GET","path":"/api/v1/release-orders/:id","status":200,"duration_ms":9}
{"request_id":"rcc-174190d19e13663b19473dd0e164795a","method":"POST","path":"/api/v1/release-orders/:id/quick-rollback","status":503,"duration_ms":156}
{"request_id":"rcc-87da70310ecd43e7cc772b8214e31b20","method":"GET","path":"/api/v1/release-orders/:id","status":200,"duration_ms":8}
{"request_id":"rcc-f61a5c2724f82b8bfa994b2583cf07a7","method":"GET","path":"/api/v1/release-orders/:id/details","status":200,"duration_ms":4}
{"request_id":"rcc-8fe963d8d2a78d65193cd5a21accb9bd","method":"GET","path":"/api/v1/release-orders/:id","status":200,"duration_ms":8}
{"request_id":"rcc-ea426a1814cb19accf172ed1ee854d07","method":"GET","path":"/api/v1/release-orders/:id","status":200,"duration_ms":9}
{"request_id":"rcc-7c1bf55e53c28b0ccfd71becb7beb94e","method":"POST","path":"/api/v1/release-orders/:id/quick-rollback","status":200,"duration_ms":177}
{"request_id":"rcc-8d5ccd89842838dd8ec9291d4c5cca69","method":"GET","path":"/api/v1/release-orders/:id","status":200,"duration_ms":7}
{"request_id":"rcc-28e3323b8efa6c42632910ff9cafcde2","method":"GET","path":"/api/v1/release-orders/:id","status":200,"duration_ms":8}
{"request_id":"rcc-b1ca8e4ee35b71b4b511d7225bbb16f0","method":"POST","path":"/api/v1/release-orders/:id/quick-rollback","status":200,"duration_ms":21}
{"request_id":"rcc-84b390302fe0c348fd9ec14d513918ba","method":"POST","path":"/api/v1/release-orders/:id/quick-rollback","status":200,"duration_ms":20}
{"request_id":"rcc-705624022ff5fe57c7bb131371e57be1","method":"POST","path":"/api/v1/release-orders/:id/quick-rollback","status":409,"duration_ms":4}
{"request_id":"rcc-efb499cb8413a293ba030ec4bbbfedc5","method":"GET","path":"/api/v1/release-orders/:id","status":200,"duration_ms":9}
{"request_id":"rcc-843c338ebda0d843b658ed54ae2ad058","method":"GET","path":"/api/v1/release-orders/:id","status":200,"duration_ms":9}
2026/09/11 15:46:11 🐳 Stopping container: 6173e31aca30
2026/09/11 15:46:12 ✅ Container stopped: 6173e31aca30
2026/09/11 15:46:12 🐳 Terminating container: 6173e31aca30
2026/09/11 15:46:12 🚫 Container terminated: 6173e31aca30
--- PASS: TestReleaseNotificationsPersistenceFailuresPreserveAllFacts (11.73s)
    --- PASS: TestReleaseNotificationsPersistenceFailuresPreserveAllFacts/execute (0.64s)
    --- PASS: TestReleaseNotificationsPersistenceFailuresPreserveAllFacts/complete (0.55s)
    --- PASS: TestReleaseNotificationsPersistenceFailuresPreserveAllFacts/quick-rollback (0.95s)
=== RUN   TestReleaseNotificationsLostResponsesRecoverOriginalFacts
2026/09/11 15:46:12 🐳 Creating container for image mysql:8.4
2026/09/11 15:46:12 ✅ Container created: af660dfe056f
2026/09/11 15:46:12 🐳 Starting container: af660dfe056f
2026/09/11 15:46:12 ✅ Container started: af660dfe056f
2026/09/11 15:46:12 ⏳ Waiting for container id af660dfe056f image: mysql:8.4. Waiting for: all of: [log message "port: 3306  MySQL Community Server"]
2026/09/11 15:46:18 🔔 Container is ready: af660dfe056f
{"request_id":"rcc-b743c65085d4976986c55bfe3f991f47","method":"GET","path":"/api/v1/auth/csrf","status":200,"duration_ms":5}
{"request_id":"rcc-eab54d1bd1290ba921f4c2276b70e8ba","method":"POST","path":"/api/v1/auth/register","status":201,"duration_ms":41}
{"request_id":"rcc-269cfbc2534fe026e8d204fab55c4641","method":"GET","path":"/api/v1/auth/csrf","status":200,"duration_ms":4}
{"request_id":"rcc-d2820c6ab4751091257fc298ebff0561","method":"POST","path":"/api/v1/auth/login","status":200,"duration_ms":50}
{"request_id":"rcc-d33d096172521be0e87135f3032f7db3","method":"GET","path":"/api/v1/table-policies/:table_name/release-templates","status":200,"duration_ms":2}
{"request_id":"rcc-77281643d73ca5e1af293eed7242b4bf","method":"PUT","path":"/api/v1/table-policies/:table_name/release-templates/:release_type","status":200,"duration_ms":8}
{"request_id":"rcc-128197a652cd8af194e2c298a58e8be2","method":"GET","path":"/api/v1/table-policies/:table_name/release-templates","status":200,"duration_ms":2}
{"request_id":"rcc-ae9eb2718c59d01a1cfd113050d92fd0","method":"PUT","path":"/api/v1/table-policies/:table_name/release-templates/:release_type","status":200,"duration_ms":8}
{"request_id":"rcc-1bfc8310b9e2e88566a75c94d4f21495","method":"GET","path":"/api/v1/auth/csrf","status":200,"duration_ms":4}
{"request_id":"rcc-c5412b51e6c39396f7487faf0c00b9e8","method":"POST","path":"/api/v1/auth/register","status":201,"duration_ms":42}
{"request_id":"rcc-e64433299440178a8543301db5b7c532","method":"GET","path":"/api/v1/auth/csrf","status":200,"duration_ms":4}
{"request_id":"rcc-cc7339a9021dc3a717a39a2d389d0266","method":"POST","path":"/api/v1/auth/register","status":201,"duration_ms":42}
{"request_id":"rcc-214d5f6670f0b2e04e5c8a1f02d95f90","method":"GET","path":"/api/v1/auth/csrf","status":200,"duration_ms":5}
{"request_id":"rcc-5e7061d9803b397074d9c5ae9512e1e6","method":"POST","path":"/api/v1/auth/register","status":201,"duration_ms":41}
{"request_id":"rcc-3e0b015aea761252cea66ddb3dde5273","method":"PUT","path":"/api/v1/account-roles/:id","status":200,"duration_ms":9}
{"request_id":"rcc-246173728e50e6989783ad56cd0502ab","method":"PUT","path":"/api/v1/account-roles/:id","status":200,"duration_ms":9}
{"request_id":"rcc-324b557927949be88b42b3edf5527f11","method":"PUT","path":"/api/v1/account-roles/:id","status":200,"duration_ms":8}
{"request_id":"rcc-7010c9e8d9b8bb98e695df3503eb4efb","method":"POST","path":"/api/v1/approval-roles","status":201,"duration_ms":12}
{"request_id":"rcc-ebe160bcb66d81d6b208c5459e5cc3d5","method":"GET","path":"/api/v1/table-policies/:table_name/approval-roles","status":200,"duration_ms":2}
{"request_id":"rcc-c3cfa2b39aad6ba483765386bc70a15f","method":"PUT","path":"/api/v1/table-policies/:table_name/approval-roles","status":200,"duration_ms":15}
{"request_id":"rcc-dec035d306fa7bcf7780b408a984ae4f","method":"GET","path":"/api/v1/table-policies/:table_name/approval-roles","status":200,"duration_ms":3}
{"request_id":"rcc-fe8e6417d73b9ccb8e3820e7d4e63fab","method":"PUT","path":"/api/v1/table-policies/:table_name/approval-roles","status":200,"duration_ms":17}
=== RUN   TestReleaseNotificationsLostResponsesRecoverOriginalFacts/execute
{"request_id":"rcc-8e0dc69f7ff148b2ebcc2f401b12cdfb","method":"POST","path":"/api/v1/release-orders","status":201,"duration_ms":45}
{"request_id":"rcc-d93f91609b0fab796ba6d92e33801a00","method":"POST","path":"/api/v1/release-orders/:id/submit","status":200,"duration_ms":110}
{"request_id":"rcc-7301941f88af65daf5fd5d04333c1666","method":"GET","path":"/api/v1/release-orders/:id","status":200,"duration_ms":6}
{"request_id":"rcc-a1555673e79edc2e8035d000216b7225","method":"POST","path":"/api/v1/release-orders/:id/approve","status":200,"duration_ms":26}
{"request_id":"rcc-106574f2cbadc39235357e3cdae940dd","method":"GET","path":"/api/v1/release-orders/:id","status":200,"duration_ms":6}
{"request_id":"rcc-e10c9bc3a0ede3d66268fb89bc433b89","method":"POST","path":"/api/v1/release-orders/:id/execute","status":200,"duration_ms":133}
{"request_id":"rcc-2dcb2b71e58fad335a38547a8c8c09c5","method":"GET","path":"/api/v1/release-orders/:id","status":200,"duration_ms":7}
{"request_id":"rcc-baff53b5e0b9d8ed5741084efa146fa1","method":"GET","path":"/api/v1/release-orders/:id","status":200,"duration_ms":8}
{"request_id":"rcc-350fc2132de7c8bae76699d3841b4146","method":"GET","path":"/api/v1/release-orders/:id","status":200,"duration_ms":7}
{"request_id":"rcc-65e996276633283fa5ce26cca71cba4b","method":"POST","path":"/api/v1/release-orders/:id/execute","status":200,"duration_ms":25}
{"request_id":"rcc-6926be657c2ddf349f5b5ebc7bfa87ec","method":"POST","path":"/api/v1/release-orders/:id/execute","status":200,"duration_ms":20}
{"request_id":"rcc-e7da588586a2d0f46c92e6e9e327c90d","method":"GET","path":"/api/v1/release-orders/:id","status":200,"duration_ms":9}
{"request_id":"rcc-12f5ff8b27c7a4b35d727a29c5db0fd9","method":"GET","path":"/api/v1/release-orders/:id","status":200,"duration_ms":8}
{"request_id":"rcc-695abdc5f7c044efc6ed995b6a230957","method":"GET","path":"/api/v1/release-orders/:id","status":200,"duration_ms":9}
=== RUN   TestReleaseNotificationsLostResponsesRecoverOriginalFacts/complete
{"request_id":"rcc-89d79e3d5fe6f02d42424085b08053cc","method":"POST","path":"/api/v1/release-orders","status":201,"duration_ms":49}
{"request_id":"rcc-f3a1fb9ab9e986930771e99af494d9c3","method":"POST","path":"/api/v1/release-orders/:id/submit","status":200,"duration_ms":106}
{"request_id":"rcc-9522dc72e65a88664e1e467b553df8ba","method":"GET","path":"/api/v1/release-orders/:id","status":200,"duration_ms":6}
{"request_id":"rcc-31d12b96a8ea8ccb8647112ce7ff74fd","method":"POST","path":"/api/v1/release-orders/:id/approve","status":200,"duration_ms":28}
{"request_id":"rcc-d9973bea1dcf1b4c4e9aa951b2de1de0","method":"POST","path":"/api/v1/release-orders/:id/execute","status":200,"duration_ms":129}
{"request_id":"rcc-afacbcb0b336b08334ed607262d172e9","method":"GET","path":"/api/v1/release-orders/:id","status":200,"duration_ms":6}
{"request_id":"rcc-f32c1b181e43fc53f2403ac5634d17fa","method":"POST","path":"/api/v1/release-orders/:id/complete","status":200,"duration_ms":27}
{"request_id":"rcc-8c94b26cd861b1700e28566e48c32dec","method":"GET","path":"/api/v1/release-orders/:id","status":200,"duration_ms":6}
{"request_id":"rcc-6a8ab78245c205c19d2c95cdc3ae1959","method":"GET","path":"/api/v1/release-orders/:id","status":200,"duration_ms":7}
{"request_id":"rcc-7748204f06d0fe4e3e4250a9481574b6","method":"GET","path":"/api/v1/release-orders/:id","status":200,"duration_ms":8}
{"request_id":"rcc-e966f70dc061b52909c9b836e0eac543","method":"POST","path":"/api/v1/release-orders/:id/complete","status":200,"duration_ms":16}
{"request_id":"rcc-fc9d50251b5764bfe138039ac7153d85","method":"POST","path":"/api/v1/release-orders/:id/complete","status":200,"duration_ms":18}
{"request_id":"rcc-9ff7e3e4688f5f060b40aea8af86b873","method":"GET","path":"/api/v1/release-orders/:id","status":200,"duration_ms":10}
{"request_id":"rcc-e5fc92841c3b777ab8eba38086d8f66e","method":"GET","path":"/api/v1/release-orders/:id","status":200,"duration_ms":9}
{"request_id":"rcc-7b93c7292a93a4bb8e928b1fd8f24eea","method":"GET","path":"/api/v1/release-orders/:id","status":200,"duration_ms":8}
=== RUN   TestReleaseNotificationsLostResponsesRecoverOriginalFacts/quick-rollback
{"request_id":"rcc-fdc6e1f2eab4d82bb3a092d279bf5b81","method":"POST","path":"/api/v1/release-orders","status":201,"duration_ms":50}
{"request_id":"rcc-45e3c2f9771403dfff18c604e39183e8","method":"POST","path":"/api/v1/release-orders/:id/submit","status":200,"duration_ms":108}
{"request_id":"rcc-447b4a2199d47fc59aea2a46e1612422","method":"GET","path":"/api/v1/release-orders/:id","status":200,"duration_ms":6}
{"request_id":"rcc-f8764e3d288f45ce3ce92a6baffd6d58","method":"POST","path":"/api/v1/release-orders/:id/approve","status":200,"duration_ms":26}
{"request_id":"rcc-36bdb066ee8f0b496123798921f9b342","method":"POST","path":"/api/v1/release-orders/:id/execute","status":200,"duration_ms":133}
{"request_id":"rcc-8bdbd76541834876f125e7156b4f0579","method":"POST","path":"/api/v1/release-orders/:id/quick-rollback/preview","status":200,"duration_ms":95}
{"request_id":"rcc-b1de24b7bb844052fd865aef5df95214","method":"GET","path":"/api/v1/release-orders/:id","status":200,"duration_ms":10}
{"request_id":"rcc-fdb8a330898193d584e0c567524246aa","method":"POST","path":"/api/v1/release-orders/:id/quick-rollback","status":200,"duration_ms":154}
{"request_id":"rcc-33b21f01b334edc1528379afb480b811","method":"GET","path":"/api/v1/release-orders/:id","status":200,"duration_ms":7}
{"request_id":"rcc-41c5d4ff042d606c4181dd016981cc5e","method":"GET","path":"/api/v1/release-orders/:id","status":200,"duration_ms":8}
{"request_id":"rcc-bc6707357050bf23d9ec559c6778880f","method":"GET","path":"/api/v1/release-orders/:id","status":200,"duration_ms":7}
{"request_id":"rcc-e3e8f0c9df40485cbd1d2ce3c02f22c3","method":"POST","path":"/api/v1/release-orders/:id/quick-rollback","status":200,"duration_ms":17}
{"request_id":"rcc-16a4f7dd22b647bdea8500449fd2ba19","method":"POST","path":"/api/v1/release-orders/:id/quick-rollback","status":200,"duration_ms":19}
{"request_id":"rcc-b449d93cb838952b979c07c01ad01500","method":"GET","path":"/api/v1/release-orders/:id","status":200,"duration_ms":9}
{"request_id":"rcc-aa0aa1de0263b8d0bb40400bbb31ed56","method":"GET","path":"/api/v1/release-orders/:id","status":200,"duration_ms":9}
{"request_id":"rcc-75b898bdb82ff7a3cbd71c8fc6f4aa28","method":"GET","path":"/api/v1/release-orders/:id","status":200,"duration_ms":9}
=== RUN   TestReleaseNotificationsLostResponsesRecoverOriginalFacts/reprepare
{"request_id":"rcc-5a5dbabc2ba3a1a8340a55fd2097f6a0","method":"POST","path":"/api/v1/release-orders","status":201,"duration_ms":47}
{"request_id":"rcc-534c19001efc527605d7da3d38f4a65a","method":"POST","path":"/api/v1/release-orders/:id/submit","status":200,"duration_ms":109}
{"request_id":"rcc-da93c09cb932002571d3be20a99119c1","method":"GET","path":"/api/v1/release-orders/:id","status":200,"duration_ms":8}
{"request_id":"rcc-82a49c932e2f47f8dab462a920ee06d3","method":"POST","path":"/api/v1/release-orders/:id/approve","status":200,"duration_ms":31}
{"request_id":"rcc-2c7b8a1f205cc078d9985d755a13f816","method":"GET","path":"/api/v1/release-orders/:id","status":200,"duration_ms":6}
{"request_id":"rcc-d708ae288db9aa5933a7121f647e3717","method":"GET","path":"/api/v1/release-orders/:id/details","status":200,"duration_ms":4}
{"request_id":"rcc-41cf713bc57dac0820df4c88b246883f","method":"GET","path":"/api/v1/release-orders/:id","status":200,"duration_ms":9}
{"request_id":"rcc-0eb3c4e0ebcccffddf7d5acdec1f72ff","method":"POST","path":"/api/v1/release-orders/:id/reprepare","status":201,"duration_ms":58}
{"request_id":"rcc-71412d2b58bfa1c866024bd4ee7cbc34","method":"GET","path":"/api/v1/release-orders/:id","status":200,"duration_ms":8}
{"request_id":"rcc-04cec4cf6645ea446bfbf5f2d7e93888","method":"GET","path":"/api/v1/release-orders/:id","status":200,"duration_ms":9}
{"request_id":"rcc-a4ee3c542b64090133f6ff2d50ee3086","method":"GET","path":"/api/v1/release-orders/:id","status":200,"duration_ms":6}
{"request_id":"rcc-cb82823a2d354a7dfce8952864ba0b8a","method":"POST","path":"/api/v1/release-orders/:id/reprepare","status":201,"duration_ms":21}
{"request_id":"rcc-11ebe1f7eafb2ac285946b90f233447e","method":"POST","path":"/api/v1/release-orders/:id/reprepare","status":201,"duration_ms":22}
{"request_id":"rcc-9185480d9a6deeae2ffbf826a1b85131","method":"GET","path":"/api/v1/release-orders/:id","status":200,"duration_ms":9}
{"request_id":"rcc-d1428c3636ee67867437c35d8b8cb5f9","method":"GET","path":"/api/v1/release-orders/:id","status":200,"duration_ms":9}
{"request_id":"rcc-751ef475e928d512ffb3d16c9573f90c","method":"GET","path":"/api/v1/release-orders/:id","status":200,"duration_ms":9}
2026/09/11 15:46:22 🐳 Stopping container: af660dfe056f
2026/09/11 15:46:23 ✅ Container stopped: af660dfe056f
2026/09/11 15:46:23 🐳 Terminating container: af660dfe056f
2026/09/11 15:46:23 🚫 Container terminated: af660dfe056f
--- PASS: TestReleaseNotificationsLostResponsesRecoverOriginalFacts (10.69s)
    --- PASS: TestReleaseNotificationsLostResponsesRecoverOriginalFacts/execute (0.44s)
    --- PASS: TestReleaseNotificationsLostResponsesRecoverOriginalFacts/complete (0.46s)
    --- PASS: TestReleaseNotificationsLostResponsesRecoverOriginalFacts/quick-rollback (0.69s)
    --- PASS: TestReleaseNotificationsLostResponsesRecoverOriginalFacts/reprepare (0.39s)
=== RUN   TestReleaseNotificationsCommitUnknownRecoversEveryLifecycle
2026/09/11 15:46:23 🐳 Creating container for image mysql:8.4
2026/09/11 15:46:23 ✅ Container created: 26442f1b9dbd
2026/09/11 15:46:23 🐳 Starting container: 26442f1b9dbd
2026/09/11 15:46:23 ✅ Container started: 26442f1b9dbd
2026/09/11 15:46:23 ⏳ Waiting for container id 26442f1b9dbd image: mysql:8.4. Waiting for: all of: [log message "port: 3306  MySQL Community Server"]
2026/09/11 15:46:29 🔔 Container is ready: 26442f1b9dbd
{"request_id":"rcc-67678a9ece5b0f4fc3e726097e90b48d","method":"GET","path":"/api/v1/auth/csrf","status":200,"duration_ms":5}
{"request_id":"rcc-555cb5c40f4ae2c204234aed2b9d9c34","method":"POST","path":"/api/v1/auth/register","status":201,"duration_ms":42}
{"request_id":"rcc-47fe7e66e25e8df9194be669fa8e907e","method":"GET","path":"/api/v1/auth/csrf","status":200,"duration_ms":5}
{"request_id":"rcc-ac83b6c661d45faf9f47bc2af06a9ee7","method":"POST","path":"/api/v1/auth/login","status":200,"duration_ms":52}
{"request_id":"rcc-40b00d876a4fda395dfc3a130ed75d17","method":"GET","path":"/api/v1/table-policies/:table_name/release-templates","status":200,"duration_ms":2}
{"request_id":"rcc-481a8fc23188c96e27f1d30bc7f26e5d","method":"PUT","path":"/api/v1/table-policies/:table_name/release-templates/:release_type","status":200,"duration_ms":8}
{"request_id":"rcc-290eef0844f01a20d6c4a15590e578b6","method":"GET","path":"/api/v1/table-policies/:table_name/release-templates","status":200,"duration_ms":2}
{"request_id":"rcc-736c0e40f20d045c8d57362a5bef91ae","method":"PUT","path":"/api/v1/table-policies/:table_name/release-templates/:release_type","status":200,"duration_ms":7}
{"request_id":"rcc-bdebe62db113ed44b8d4504911e1cdd7","method":"GET","path":"/api/v1/auth/csrf","status":200,"duration_ms":4}
{"request_id":"rcc-d3569e3f186a949643867602207346cf","method":"POST","path":"/api/v1/auth/register","status":201,"duration_ms":44}
{"request_id":"rcc-9873664c82f6f712a0e3a45f25f59a3f","method":"GET","path":"/api/v1/auth/csrf","status":200,"duration_ms":7}
{"request_id":"rcc-1bda0729d06ae8c0bbc028e53d061a64","method":"POST","path":"/api/v1/auth/register","status":201,"duration_ms":47}
{"request_id":"rcc-896173fecfe4ddef0d89a5d31db18176","method":"GET","path":"/api/v1/auth/csrf","status":200,"duration_ms":5}
{"request_id":"rcc-8e04e4a3be352b6b75bd005c9aa0d398","method":"POST","path":"/api/v1/auth/register","status":201,"duration_ms":40}
{"request_id":"rcc-58b3fb2e2a4f405ba20d56cd956aa9cd","method":"PUT","path":"/api/v1/account-roles/:id","status":200,"duration_ms":10}
{"request_id":"rcc-c1017b41b6aa605b16c72c166a67a2f4","method":"PUT","path":"/api/v1/account-roles/:id","status":200,"duration_ms":9}
{"request_id":"rcc-67c9ff5c8f88b0c65a4882a07db0387e","method":"PUT","path":"/api/v1/account-roles/:id","status":200,"duration_ms":9}
{"request_id":"rcc-c778b14577efa3124fb55f9ed43d67a9","method":"POST","path":"/api/v1/approval-roles","status":201,"duration_ms":12}
{"request_id":"rcc-6f48b26e24b9a65e0a77c7f336cca20a","method":"GET","path":"/api/v1/table-policies/:table_name/approval-roles","status":200,"duration_ms":3}
{"request_id":"rcc-123950be89cd091d24eaa0693b89558c","method":"PUT","path":"/api/v1/table-policies/:table_name/approval-roles","status":200,"duration_ms":14}
{"request_id":"rcc-c4e16b59e65db7b63ec568f393e2cd13","method":"GET","path":"/api/v1/table-policies/:table_name/approval-roles","status":200,"duration_ms":3}
{"request_id":"rcc-429603cb9d6ace09644fc3affe2ff10c","method":"PUT","path":"/api/v1/table-policies/:table_name/approval-roles","status":200,"duration_ms":16}
=== RUN   TestReleaseNotificationsCommitUnknownRecoversEveryLifecycle/execute
{"request_id":"rcc-4932326680ec2e0954c5ca1aea1c9a5f","method":"POST","path":"/api/v1/release-orders","status":201,"duration_ms":51}
{"request_id":"rcc-5e6a22777f3d58507d5f3316b8a3a16d","method":"POST","path":"/api/v1/release-orders/:id/submit","status":200,"duration_ms":112}
{"request_id":"rcc-df5b2f94f9859579753ed3623bf92448","method":"GET","path":"/api/v1/release-orders/:id","status":200,"duration_ms":7}
{"request_id":"rcc-7326e586cfa9f137df042fe6175da5bf","method":"POST","path":"/api/v1/release-orders/:id/approve","status":200,"duration_ms":29}
{"request_id":"rcc-0ccc26c1f55d6316df83a8e5f06508d7","method":"GET","path":"/api/v1/release-orders/:id","status":200,"duration_ms":7}
[mysql] 2026/09/11 15:46:31 packets.go:58 unexpected EOF
{"request_id":"rcc-07ccf3bf9a059e99df242e69de99f3e9","method":"POST","path":"/api/v1/release-orders/:id/execute","status":503,"duration_ms":153}
{"request_id":"rcc-89adada45bf01cab2ca51004ba87a656","method":"GET","path":"/api/v1/release-orders/:id","status":200,"duration_ms":7}
{"request_id":"rcc-8421b58dadf149b3e39372dc778b57e8","method":"GET","path":"/api/v1/release-orders/:id","status":200,"duration_ms":6}
{"request_id":"rcc-492b8c18224cfa3967b952e233e1e7b8","method":"POST","path":"/api/v1/release-orders/:id/execute","status":200,"duration_ms":26}
{"request_id":"rcc-d6ad88cd8db79e32c6597fabe648cbd1","method":"POST","path":"/api/v1/release-orders/:id/execute","status":200,"duration_ms":20}
{"request_id":"rcc-be08f8d305376e4763606596e0e974ec","method":"GET","path":"/api/v1/release-orders/:id","status":200,"duration_ms":8}
=== RUN   TestReleaseNotificationsCommitUnknownRecoversEveryLifecycle/complete
{"request_id":"rcc-9996bad791a91ca4d1e2d7737e590019","method":"POST","path":"/api/v1/release-orders","status":201,"duration_ms":45}
{"request_id":"rcc-5ffc83de09175ee7abc88496dc71fb4a","method":"POST","path":"/api/v1/release-orders/:id/submit","status":200,"duration_ms":101}
{"request_id":"rcc-a14c246cfae41ffe626a8f1ef25340ef","method":"GET","path":"/api/v1/release-orders/:id","status":200,"duration_ms":6}
{"request_id":"rcc-6cc3be8546c231ac3dd60ab04545f6f9","method":"POST","path":"/api/v1/release-orders/:id/approve","status":200,"duration_ms":26}
{"request_id":"rcc-bbb3c09a48eec3ee0f55fab3ad269261","method":"POST","path":"/api/v1/release-orders/:id/execute","status":200,"duration_ms":131}
{"request_id":"rcc-c4b5b661a4ddbb9246a142ce493f318a","method":"GET","path":"/api/v1/release-orders/:id","status":200,"duration_ms":6}
[mysql] 2026/09/11 15:46:32 packets.go:58 unexpected EOF
{"request_id":"rcc-da2fa6cf43dfb2da43947faa6a783924","method":"POST","path":"/api/v1/release-orders/:id/complete","status":503,"duration_ms":25}
{"request_id":"rcc-c722befe71020c6efc0d56978c401091","method":"GET","path":"/api/v1/release-orders/:id","status":200,"duration_ms":7}
{"request_id":"rcc-859e4d1683241c3a1c320041477bccd3","method":"GET","path":"/api/v1/release-orders/:id","status":200,"duration_ms":7}
{"request_id":"rcc-a72f98b3097d7bdc2fb6a02cbcda6490","method":"POST","path":"/api/v1/release-orders/:id/complete","status":200,"duration_ms":28}
{"request_id":"rcc-a3ce960f1cbd1c53e5af11790f8242c4","method":"POST","path":"/api/v1/release-orders/:id/complete","status":200,"duration_ms":16}
{"request_id":"rcc-ec554252398ba2693497ec839a463610","method":"GET","path":"/api/v1/release-orders/:id","status":200,"duration_ms":10}
=== RUN   TestReleaseNotificationsCommitUnknownRecoversEveryLifecycle/quick-rollback
{"request_id":"rcc-b523e758e6c10c041755d8de576ebafd","method":"POST","path":"/api/v1/release-orders","status":201,"duration_ms":48}
{"request_id":"rcc-b008c88a8b350d3e513cba643ca0643c","method":"POST","path":"/api/v1/release-orders/:id/submit","status":200,"duration_ms":111}
{"request_id":"rcc-0a376a01f7ee48a9f7fda941d4ce3888","method":"GET","path":"/api/v1/release-orders/:id","status":200,"duration_ms":7}
{"request_id":"rcc-d17f203b49a7d7d1527e403fabd4a60b","method":"POST","path":"/api/v1/release-orders/:id/approve","status":200,"duration_ms":29}
{"request_id":"rcc-3af8bfba9d36526d6724e0cd20cee71c","method":"POST","path":"/api/v1/release-orders/:id/execute","status":200,"duration_ms":132}
{"request_id":"rcc-8dc7b335be579e2dfabba2d45f98356c","method":"POST","path":"/api/v1/release-orders/:id/quick-rollback/preview","status":200,"duration_ms":96}
{"request_id":"rcc-a2ba01f86a1d8fe4bacc080656d95245","method":"GET","path":"/api/v1/release-orders/:id","status":200,"duration_ms":9}
[mysql] 2026/09/11 15:46:32 packets.go:58 unexpected EOF
{"request_id":"rcc-6a3b06f9124c842361212a7766f109b0","method":"POST","path":"/api/v1/release-orders/:id/quick-rollback","status":503,"duration_ms":186}
{"request_id":"rcc-3ce1b4ac397880d484469c320dce25cd","method":"GET","path":"/api/v1/release-orders/:id","status":200,"duration_ms":8}
{"request_id":"rcc-ecb2d211ff519ce85a71636d3cc6c514","method":"GET","path":"/api/v1/release-orders/:id","status":200,"duration_ms":8}
{"request_id":"rcc-da7b7d8a5cb9ac1a583db15b085e8ef1","method":"POST","path":"/api/v1/release-orders/:id/quick-rollback","status":200,"duration_ms":25}
{"request_id":"rcc-9fe1ea0a0ca27f61ab78c0ab44a0d1cf","method":"POST","path":"/api/v1/release-orders/:id/quick-rollback","status":200,"duration_ms":17}
{"request_id":"rcc-eeb1121b5d83c825ea8458eef7c3de13","method":"GET","path":"/api/v1/release-orders/:id","status":200,"duration_ms":9}
=== RUN   TestReleaseNotificationsCommitUnknownRecoversEveryLifecycle/reprepare
{"request_id":"rcc-62b7953916d633bdd2875f5939d09766","method":"POST","path":"/api/v1/release-orders","status":201,"duration_ms":50}
{"request_id":"rcc-7369a957434fa87321033083a12b359d","method":"POST","path":"/api/v1/release-orders/:id/submit","status":200,"duration_ms":114}
{"request_id":"rcc-67208b4015252b70a485d854b3fa0a15","method":"GET","path":"/api/v1/release-orders/:id","status":200,"duration_ms":8}
{"request_id":"rcc-c129e3aa8b6783a8e162333a3e1c6ffa","method":"POST","path":"/api/v1/release-orders/:id/approve","status":200,"duration_ms":32}
{"request_id":"rcc-a1d3aa387cd2abf06659e1d4d8b3a8c9","method":"GET","path":"/api/v1/release-orders/:id","status":200,"duration_ms":7}
{"request_id":"rcc-aee19f4694217cedf797b4ad8c4e768c","method":"GET","path":"/api/v1/release-orders/:id/details","status":200,"duration_ms":5}
{"request_id":"rcc-13ebcf0bc49041bf478099a800df5f7d","method":"GET","path":"/api/v1/release-orders/:id","status":200,"duration_ms":10}
[mysql] 2026/09/11 15:46:33 packets.go:58 unexpected EOF
{"request_id":"rcc-a9061f538697b069e5199f3e5b47bd2d","method":"POST","path":"/api/v1/release-orders/:id/reprepare","status":503,"duration_ms":57}
{"request_id":"rcc-50ab768fa5698f09c8493d2cb333e6e9","method":"GET","path":"/api/v1/release-orders/:id","status":200,"duration_ms":7}
{"request_id":"rcc-0ddba981e7691f940fa811a2197c3f16","method":"GET","path":"/api/v1/release-orders/:id","status":200,"duration_ms":7}
{"request_id":"rcc-6e90c4fcbaebc33b6d2dc0416b88c0c3","method":"POST","path":"/api/v1/release-orders/:id/reprepare","status":201,"duration_ms":32}
{"request_id":"rcc-aa66348493ba6f6ece38036f0401d035","method":"POST","path":"/api/v1/release-orders/:id/reprepare","status":201,"duration_ms":21}
{"request_id":"rcc-338fcfc0ac187b6c5cde3005795e19b1","method":"GET","path":"/api/v1/release-orders/:id","status":200,"duration_ms":9}
2026/09/11 15:46:33 🐳 Stopping container: 26442f1b9dbd
2026/09/11 15:46:34 ✅ Container stopped: 26442f1b9dbd
2026/09/11 15:46:34 🐳 Terminating container: 26442f1b9dbd
2026/09/11 15:46:34 🚫 Container terminated: 26442f1b9dbd
--- PASS: TestReleaseNotificationsCommitUnknownRecoversEveryLifecycle (10.70s)
    --- PASS: TestReleaseNotificationsCommitUnknownRecoversEveryLifecycle/execute (0.45s)
    --- PASS: TestReleaseNotificationsCommitUnknownRecoversEveryLifecycle/complete (0.44s)
    --- PASS: TestReleaseNotificationsCommitUnknownRecoversEveryLifecycle/quick-rollback (0.70s)
    --- PASS: TestReleaseNotificationsCommitUnknownRecoversEveryLifecycle/reprepare (0.38s)
=== RUN   TestReleaseNotificationsTerminalCompetitionHasOneResult
2026/09/11 15:46:34 🐳 Creating container for image mysql:8.4
2026/09/11 15:46:34 ✅ Container created: e28f1d494ab1
2026/09/11 15:46:34 🐳 Starting container: e28f1d494ab1
2026/09/11 15:46:34 ✅ Container started: e28f1d494ab1
2026/09/11 15:46:34 ⏳ Waiting for container id e28f1d494ab1 image: mysql:8.4. Waiting for: all of: [log message "port: 3306  MySQL Community Server"]
2026/09/11 15:46:40 🔔 Container is ready: e28f1d494ab1
{"request_id":"rcc-db1d2c5dbb6a730e7c74e4dcc3643d8b","method":"GET","path":"/api/v1/auth/csrf","status":200,"duration_ms":5}
{"request_id":"rcc-25c2be22ae5b074073cdd214a8dec643","method":"POST","path":"/api/v1/auth/register","status":201,"duration_ms":47}
{"request_id":"rcc-c274ea318ab2a78edb91c5976fd7e675","method":"GET","path":"/api/v1/auth/csrf","status":200,"duration_ms":5}
{"request_id":"rcc-f53c30ac7c0770389b65244b43606eee","method":"POST","path":"/api/v1/auth/login","status":200,"duration_ms":52}
{"request_id":"rcc-d7025773c454ff1baeca4e4384dcd96d","method":"GET","path":"/api/v1/table-policies/:table_name/release-templates","status":200,"duration_ms":2}
{"request_id":"rcc-0c12f027bf1002de7fd511c8e4ce433f","method":"PUT","path":"/api/v1/table-policies/:table_name/release-templates/:release_type","status":200,"duration_ms":8}
{"request_id":"rcc-9797b878846e1af242db5499e8d5c305","method":"GET","path":"/api/v1/table-policies/:table_name/release-templates","status":200,"duration_ms":2}
{"request_id":"rcc-a30e8f159370e866e770400e697e5067","method":"PUT","path":"/api/v1/table-policies/:table_name/release-templates/:release_type","status":200,"duration_ms":7}
{"request_id":"rcc-aa30585e37b4f5a2d23afb5f99d92e11","method":"GET","path":"/api/v1/auth/csrf","status":200,"duration_ms":4}
{"request_id":"rcc-b555db80d815775d18d18bc1c8a4e73d","method":"POST","path":"/api/v1/auth/register","status":201,"duration_ms":42}
{"request_id":"rcc-4350875af0d5e2bd4754ac24ffd266f2","method":"GET","path":"/api/v1/auth/csrf","status":200,"duration_ms":5}
{"request_id":"rcc-0a69d5a53470e58547f856e1b96b5f7f","method":"POST","path":"/api/v1/auth/register","status":201,"duration_ms":44}
{"request_id":"rcc-24f934036b159a68657a66e1042c8bd4","method":"GET","path":"/api/v1/auth/csrf","status":200,"duration_ms":6}
{"request_id":"rcc-e75b68f32754881121c839732d8045c1","method":"POST","path":"/api/v1/auth/register","status":201,"duration_ms":41}
{"request_id":"rcc-072c150c317f0d2f2e01aafa4e38c1ed","method":"PUT","path":"/api/v1/account-roles/:id","status":200,"duration_ms":9}
{"request_id":"rcc-125feacd7cf4d0a85dc0ace051087c5d","method":"PUT","path":"/api/v1/account-roles/:id","status":200,"duration_ms":9}
{"request_id":"rcc-d42d935874e5181fced15e7182d2c6d4","method":"PUT","path":"/api/v1/account-roles/:id","status":200,"duration_ms":14}
{"request_id":"rcc-a3c8314fa2d1106d372fa0dff4160157","method":"POST","path":"/api/v1/approval-roles","status":201,"duration_ms":13}
{"request_id":"rcc-a36b56b490a5cdfa65b22446b0d401fa","method":"GET","path":"/api/v1/table-policies/:table_name/approval-roles","status":200,"duration_ms":2}
{"request_id":"rcc-e3d6a96f7eba18cec4d41ea8ef2f2da4","method":"PUT","path":"/api/v1/table-policies/:table_name/approval-roles","status":200,"duration_ms":16}
{"request_id":"rcc-46ebe17deaca1bd4a2936488055f1d1a","method":"GET","path":"/api/v1/table-policies/:table_name/approval-roles","status":200,"duration_ms":4}
{"request_id":"rcc-06e6a620e44f500ad1fcf00470cd01a9","method":"PUT","path":"/api/v1/table-policies/:table_name/approval-roles","status":200,"duration_ms":16}
=== RUN   TestReleaseNotificationsTerminalCompetitionHasOneResult/complete
{"request_id":"rcc-c770152ea70ce6ca995b3c0e2706cd5a","method":"POST","path":"/api/v1/release-orders","status":201,"duration_ms":51}
{"request_id":"rcc-0530bed0d68028fb724823314dd565d1","method":"POST","path":"/api/v1/release-orders/:id/submit","status":200,"duration_ms":124}
{"request_id":"rcc-972b8ca72aba79e291b7bfb4d4c0281e","method":"GET","path":"/api/v1/release-orders/:id","status":200,"duration_ms":7}
{"request_id":"rcc-c6f0803884bbc9e849c9aa498a8e237d","method":"POST","path":"/api/v1/release-orders/:id/approve","status":200,"duration_ms":29}
{"request_id":"rcc-22fe4a43119234191b8532c1c7f655d3","method":"POST","path":"/api/v1/release-orders/:id/execute","status":200,"duration_ms":139}
{"request_id":"rcc-665756e8f83177f20e26ab647a7aca5e","method":"GET","path":"/api/v1/release-orders/:id","status":200,"duration_ms":7}
{"request_id":"rcc-8950cf928d6eee18f5c2ec46e4f3784c","method":"GET","path":"/api/v1/release-orders/:id","status":200,"duration_ms":7}
{"request_id":"rcc-69278c8258ac9b184eb7bc22ee4a56fe","method":"POST","path":"/api/v1/release-orders/:id/quick-rollback/preview","status":200,"duration_ms":113}
{"request_id":"rcc-978594085eb373adfd3c4723a568b62d","method":"POST","path":"/api/v1/release-orders/:id/complete","status":409,"duration_ms":166}
{"request_id":"rcc-d1f3d778963b4214121b6e42e46612a0","method":"POST","path":"/api/v1/release-orders/:id/quick-rollback","status":200,"duration_ms":166}
{"request_id":"rcc-d7bb0223c4a24b2ab135600b6d8de5f3","method":"GET","path":"/api/v1/release-orders/:id","status":200,"duration_ms":6}
{"request_id":"rcc-50d0bf9beaa451f0e51ba634665cea63","method":"GET","path":"/api/v1/release-orders/:id","status":200,"duration_ms":6}
{"request_id":"rcc-515655d3c73c60fc92b64d94280c292d","method":"POST","path":"/api/v1/release-orders/:id/quick-rollback","status":200,"duration_ms":19}
{"request_id":"rcc-1bfb94b253c8c0edc86fd711d9384b3a","method":"GET","path":"/api/v1/release-orders/:id","status":200,"duration_ms":8}
{"request_id":"rcc-ac2518044c3248eb978f0490f90431f9","method":"GET","path":"/api/v1/release-orders/:id","status":200,"duration_ms":8}
=== RUN   TestReleaseNotificationsTerminalCompetitionHasOneResult/rollback-distinct
{"request_id":"rcc-409c8c9d2c2a91db84d935aefda9dff6","method":"POST","path":"/api/v1/release-orders","status":201,"duration_ms":45}
{"request_id":"rcc-96b94c12e2dce6fe8608c503ab554528","method":"POST","path":"/api/v1/release-orders/:id/submit","status":200,"duration_ms":113}
{"request_id":"rcc-aa88d4b01cfb6357bfa237269331e72f","method":"GET","path":"/api/v1/release-orders/:id","status":200,"duration_ms":9}
{"request_id":"rcc-afa8e003f1a6f1ad4ab63d7c467c01f3","method":"POST","path":"/api/v1/release-orders/:id/approve","status":200,"duration_ms":27}
{"request_id":"rcc-ee83d867493cc3d749de400fff70d1a3","method":"POST","path":"/api/v1/release-orders/:id/execute","status":200,"duration_ms":130}
{"request_id":"rcc-9cedf24dfc9165b58bbe014def7465ca","method":"GET","path":"/api/v1/release-orders/:id","status":200,"duration_ms":7}
{"request_id":"rcc-559b94b213f0567540d9770d4a7426be","method":"GET","path":"/api/v1/release-orders/:id","status":200,"duration_ms":7}
{"request_id":"rcc-296c7c3734cdb27e5613475187f6e1a4","method":"POST","path":"/api/v1/release-orders/:id/quick-rollback/preview","status":200,"duration_ms":104}
{"request_id":"rcc-16b45251f4abcb462dd594aef1532c4a","method":"POST","path":"/api/v1/release-orders/:id/quick-rollback","status":409,"duration_ms":164}
{"request_id":"rcc-ddb9c26f4d83d8b53cc260897ccc29e4","method":"POST","path":"/api/v1/release-orders/:id/quick-rollback","status":200,"duration_ms":166}
{"request_id":"rcc-b8b63c6d30d34c603f1e9f3e7a64edcd","method":"GET","path":"/api/v1/release-orders/:id","status":200,"duration_ms":6}
{"request_id":"rcc-8decdb16841d265b1cbe15e6693008f4","method":"GET","path":"/api/v1/release-orders/:id","status":200,"duration_ms":7}
{"request_id":"rcc-f9ab781c569ba8b092595e037915a715","method":"POST","path":"/api/v1/release-orders/:id/quick-rollback","status":200,"duration_ms":19}
{"request_id":"rcc-eda7a33507341dc1ed1ce6386ea38899","method":"GET","path":"/api/v1/release-orders/:id","status":200,"duration_ms":9}
{"request_id":"rcc-019223bb5b1550aa418f2e96f5183c01","method":"GET","path":"/api/v1/release-orders/:id","status":200,"duration_ms":9}
=== RUN   TestReleaseNotificationsTerminalCompetitionHasOneResult/rollback-same
{"request_id":"rcc-f38c8a2fac29d5661e6af0417edd39b0","method":"POST","path":"/api/v1/release-orders","status":201,"duration_ms":48}
{"request_id":"rcc-0d4528b05e6a214be45fc3e9941285c5","method":"POST","path":"/api/v1/release-orders/:id/submit","status":200,"duration_ms":109}
{"request_id":"rcc-cc8621b1a2d00dc2b0929bcdee8c7944","method":"GET","path":"/api/v1/release-orders/:id","status":200,"duration_ms":6}
{"request_id":"rcc-6ee7b98ff56ad2633280ca752d05c4d2","method":"POST","path":"/api/v1/release-orders/:id/approve","status":200,"duration_ms":29}
{"request_id":"rcc-c4c1661e1b13829c88e1f41406305d4a","method":"POST","path":"/api/v1/release-orders/:id/execute","status":200,"duration_ms":138}
{"request_id":"rcc-539936b37a238e30318ce5e4fa832c65","method":"GET","path":"/api/v1/release-orders/:id","status":200,"duration_ms":6}
{"request_id":"rcc-655cc30fa827fe8d85d817c4c2f771b1","method":"GET","path":"/api/v1/release-orders/:id","status":200,"duration_ms":8}
{"request_id":"rcc-2cd9e794801317f332cbe19fb83464c9","method":"POST","path":"/api/v1/release-orders/:id/quick-rollback/preview","status":200,"duration_ms":103}
{"request_id":"rcc-2796d503d9b9ff9c4a5a9f79980ae109","method":"POST","path":"/api/v1/release-orders/:id/quick-rollback","status":200,"duration_ms":161}
{"request_id":"rcc-5ecc5f3cde71ee583982c01037266878","method":"POST","path":"/api/v1/release-orders/:id/quick-rollback","status":200,"duration_ms":168}
{"request_id":"rcc-8508f721b2334681ae65f628f2c2f523","method":"GET","path":"/api/v1/release-orders/:id","status":200,"duration_ms":8}
{"request_id":"rcc-5a0b3af744a226a9af0d93886e9cf694","method":"GET","path":"/api/v1/release-orders/:id","status":200,"duration_ms":8}
{"request_id":"rcc-2eaad77117c45b977bd0ae1927678c5a","method":"POST","path":"/api/v1/release-orders/:id/quick-rollback","status":200,"duration_ms":17}
{"request_id":"rcc-6329fde12620c5d0dd3b5001bf01d8fd","method":"POST","path":"/api/v1/release-orders/:id/quick-rollback","status":200,"duration_ms":18}
{"request_id":"rcc-1c0a86c55c9b68cbde9c930023751720","method":"GET","path":"/api/v1/release-orders/:id","status":200,"duration_ms":7}
{"request_id":"rcc-35054785a1c49fe72f039b9bcc06a288","method":"GET","path":"/api/v1/release-orders/:id","status":200,"duration_ms":8}
2026/09/11 15:46:44 🐳 Stopping container: e28f1d494ab1
2026/09/11 15:46:45 ✅ Container stopped: e28f1d494ab1
2026/09/11 15:46:45 🐳 Terminating container: e28f1d494ab1
2026/09/11 15:46:45 🚫 Container terminated: e28f1d494ab1
--- PASS: TestReleaseNotificationsTerminalCompetitionHasOneResult (11.83s)
    --- PASS: TestReleaseNotificationsTerminalCompetitionHasOneResult/complete (0.72s)
    --- PASS: TestReleaseNotificationsTerminalCompetitionHasOneResult/rollback-distinct (0.68s)
    --- PASS: TestReleaseNotificationsTerminalCompetitionHasOneResult/rollback-same (0.70s)
=== RUN   TestReleaseNotificationsDisabledParticipantsRetainOutcomes
2026/09/11 15:46:45 🐳 Creating container for image mysql:8.4
2026/09/11 15:46:45 ✅ Container created: 9b405e43aa4e
2026/09/11 15:46:45 🐳 Starting container: 9b405e43aa4e
2026/09/11 15:46:46 ✅ Container started: 9b405e43aa4e
2026/09/11 15:46:46 ⏳ Waiting for container id 9b405e43aa4e image: mysql:8.4. Waiting for: all of: [log message "port: 3306  MySQL Community Server"]
2026/09/11 15:46:53 🔔 Container is ready: 9b405e43aa4e
{"request_id":"rcc-aac103f337a88aa882251ded6dbb319d","method":"GET","path":"/api/v1/auth/csrf","status":200,"duration_ms":5}
{"request_id":"rcc-a3a54156ebe244182fe115c897d670ef","method":"POST","path":"/api/v1/auth/register","status":201,"duration_ms":43}
{"request_id":"rcc-b04d25be2b3eff983b64a5ecfcf126a9","method":"GET","path":"/api/v1/auth/csrf","status":200,"duration_ms":5}
{"request_id":"rcc-4b0c7693bf195cd6ff8f2f29da724f5d","method":"POST","path":"/api/v1/auth/login","status":200,"duration_ms":53}
{"request_id":"rcc-49580a09aa8082e017cc3939f499e916","method":"GET","path":"/api/v1/table-policies/:table_name/release-templates","status":200,"duration_ms":2}
{"request_id":"rcc-e4af4ec20a1d79296d552bef841e4804","method":"PUT","path":"/api/v1/table-policies/:table_name/release-templates/:release_type","status":200,"duration_ms":8}
{"request_id":"rcc-fb635f03dc0941b34f99c36a30fbcd96","method":"GET","path":"/api/v1/table-policies/:table_name/release-templates","status":200,"duration_ms":2}
{"request_id":"rcc-5846a1f008dccc78d834f3bb6992d118","method":"PUT","path":"/api/v1/table-policies/:table_name/release-templates/:release_type","status":200,"duration_ms":8}
{"request_id":"rcc-cd9c65058461db7ea799f798d26cec73","method":"GET","path":"/api/v1/auth/csrf","status":200,"duration_ms":4}
{"request_id":"rcc-4d01912578b6429f3443cdb5f92b3e7f","method":"POST","path":"/api/v1/auth/register","status":201,"duration_ms":41}
{"request_id":"rcc-d49c4970c86a6181ecce312c749e8f57","method":"GET","path":"/api/v1/auth/csrf","status":200,"duration_ms":5}
{"request_id":"rcc-44db2a52e1938e380bd48ab596053ec7","method":"POST","path":"/api/v1/auth/register","status":201,"duration_ms":42}
{"request_id":"rcc-647544add91a7c4053a904a020fa922f","method":"GET","path":"/api/v1/auth/csrf","status":200,"duration_ms":6}
{"request_id":"rcc-0b0b12fa2daaba6da35f6bc3e964e40a","method":"POST","path":"/api/v1/auth/register","status":201,"duration_ms":46}
{"request_id":"rcc-64991c7c77fc332a5beb0a9448a6699f","method":"PUT","path":"/api/v1/account-roles/:id","status":200,"duration_ms":9}
{"request_id":"rcc-fe890f2e3d3dc043c1eeab2cbef11e30","method":"PUT","path":"/api/v1/account-roles/:id","status":200,"duration_ms":9}
{"request_id":"rcc-b8a2bb0156b15036fe7dc4ebfefe754d","method":"PUT","path":"/api/v1/account-roles/:id","status":200,"duration_ms":9}
{"request_id":"rcc-b892b66d4a90caba0e8f2f9f55ddf5ce","method":"POST","path":"/api/v1/approval-roles","status":201,"duration_ms":13}
{"request_id":"rcc-b8f63ec5a5e56536679b40d7af27e99a","method":"GET","path":"/api/v1/table-policies/:table_name/approval-roles","status":200,"duration_ms":3}
{"request_id":"rcc-42ffe0649141ef9c03780bd056875d07","method":"PUT","path":"/api/v1/table-policies/:table_name/approval-roles","status":200,"duration_ms":14}
{"request_id":"rcc-4e1399f56543cb675cf7ff5fbd81dbd7","method":"GET","path":"/api/v1/table-policies/:table_name/approval-roles","status":200,"duration_ms":3}
{"request_id":"rcc-e48bdbba5ddbc20103a296171d245a0e","method":"PUT","path":"/api/v1/table-policies/:table_name/approval-roles","status":200,"duration_ms":15}
{"request_id":"rcc-52cca18332bd9b8cb9ad7575cf7f7809","method":"POST","path":"/api/v1/release-orders","status":201,"duration_ms":45}
{"request_id":"rcc-04497ae6f423dbc79dbdd44002792695","method":"POST","path":"/api/v1/release-orders/:id/submit","status":200,"duration_ms":110}
{"request_id":"rcc-f93f7a3e6cac884c91c97cca13b0ba31","method":"GET","path":"/api/v1/release-orders/:id","status":200,"duration_ms":6}
{"request_id":"rcc-72cf1db0f66346b72aa1acb931b941ac","method":"POST","path":"/api/v1/release-orders/:id/approve","status":200,"duration_ms":28}
{"request_id":"rcc-cdab14feac0da66e4f900f089362653c","method":"POST","path":"/api/v1/release-orders","status":201,"duration_ms":44}
{"request_id":"rcc-b74081cfda26f1e59714a1ec641be017","method":"POST","path":"/api/v1/release-orders/:id/submit","status":200,"duration_ms":110}
{"request_id":"rcc-5017c086581a83d4835e661d05918ca4","method":"GET","path":"/api/v1/release-orders/:id","status":200,"duration_ms":6}
{"request_id":"rcc-e093f61e07728ad2bb63d2e87834cea7","method":"POST","path":"/api/v1/release-orders/:id/approve","status":200,"duration_ms":26}
{"request_id":"rcc-f84cfca3e8e2ed6ae5d461fd268247ee","method":"POST","path":"/api/v1/release-orders/:id/execute","status":200,"duration_ms":161}
{"request_id":"rcc-91dc63be09e780e8e5f5a6c736962e07","method":"POST","path":"/api/v1/release-orders/:id/execute","status":200,"duration_ms":144}
{"request_id":"rcc-6d3781a63382ac5b99e92865a2a78f48","method":"POST","path":"/api/v1/release-orders/:id/complete","status":200,"duration_ms":26}
{"request_id":"rcc-61e7b2ab59f21b4fe75c3afdf084156f","method":"POST","path":"/api/v1/release-orders/:id/quick-rollback/preview","status":200,"duration_ms":100}
{"request_id":"rcc-6249378704952a55299aaa53edd452c7","method":"POST","path":"/api/v1/release-orders/:id/quick-rollback","status":200,"duration_ms":173}
{"request_id":"rcc-ec7106ff4529ec07b8d0acbe2592a168","method":"GET","path":"/api/v1/auth/csrf","status":200,"duration_ms":5}
{"request_id":"rcc-81fec82f87ab14b2893eec4e445bae46","method":"POST","path":"/api/v1/auth/login","status":200,"duration_ms":54}
{"request_id":"rcc-236cc926dd8f2e7657a049ac6531bece","method":"GET","path":"/api/v1/release-orders/:id","status":200,"duration_ms":7}
{"request_id":"rcc-367f0240237c3483e5a934df8e690509","method":"GET","path":"/api/v1/release-orders/:id","status":200,"duration_ms":7}
{"request_id":"rcc-28f5087f4f2a282781a837dc0b135bb2","method":"GET","path":"/api/v1/release-orders","status":200,"duration_ms":12}
2026/09/11 15:46:58 🐳 Stopping container: 9b405e43aa4e
2026/09/11 15:46:59 ✅ Container stopped: 9b405e43aa4e
2026/09/11 15:46:59 🐳 Terminating container: 9b405e43aa4e
2026/09/11 15:46:59 🚫 Container terminated: 9b405e43aa4e
--- PASS: TestReleaseNotificationsDisabledParticipantsRetainOutcomes (13.72s)
=== RUN   TestReleaseNotificationsPublicationUsesActualParticipants
2026/09/11 15:46:59 🐳 Creating container for image mysql:8.4
2026/09/11 15:46:59 ✅ Container created: af754ec51552
2026/09/11 15:46:59 🐳 Starting container: af754ec51552
2026/09/11 15:46:59 ✅ Container started: af754ec51552
2026/09/11 15:46:59 ⏳ Waiting for container id af754ec51552 image: mysql:8.4. Waiting for: all of: [log message "port: 3306  MySQL Community Server"]
2026/09/11 15:47:05 🔔 Container is ready: af754ec51552
{"request_id":"rcc-1ebd6433b541766181b7a7e52bf512b4","method":"GET","path":"/api/v1/auth/csrf","status":200,"duration_ms":5}
{"request_id":"rcc-d31c8188e60336771b2cdd405a428e52","method":"POST","path":"/api/v1/auth/register","status":201,"duration_ms":43}
{"request_id":"rcc-d2a63ced63626b682d94b2b5805c0b4d","method":"GET","path":"/api/v1/auth/csrf","status":200,"duration_ms":5}
{"request_id":"rcc-482d6e86f07a24123a08d48e75c58179","method":"POST","path":"/api/v1/auth/login","status":200,"duration_ms":53}
{"request_id":"rcc-f571b99316a8685d82bb15f6a686c78c","method":"GET","path":"/api/v1/table-policies/:table_name/release-templates","status":200,"duration_ms":2}
{"request_id":"rcc-3fa1393e318ff669eb98f8bb8642b5d4","method":"PUT","path":"/api/v1/table-policies/:table_name/release-templates/:release_type","status":200,"duration_ms":8}
{"request_id":"rcc-b68c36e445e4e3f0cf3443aa094eccaf","method":"GET","path":"/api/v1/table-policies/:table_name/release-templates","status":200,"duration_ms":2}
{"request_id":"rcc-e1c66d2b7b20059a75d7e9290be220de","method":"PUT","path":"/api/v1/table-policies/:table_name/release-templates/:release_type","status":200,"duration_ms":8}
{"request_id":"rcc-2651db918165203c18689b342d04ca83","method":"GET","path":"/api/v1/auth/csrf","status":200,"duration_ms":5}
{"request_id":"rcc-515eec5d52abbfb0dbae793d78f70043","method":"POST","path":"/api/v1/auth/register","status":201,"duration_ms":43}
{"request_id":"rcc-7d27a7864dbaa7518e073fbcc4dc2dd7","method":"GET","path":"/api/v1/auth/csrf","status":200,"duration_ms":5}
{"request_id":"rcc-b9c784fe2314c4d960c9bd270d12b0c9","method":"POST","path":"/api/v1/auth/register","status":201,"duration_ms":45}
{"request_id":"rcc-8203eda24e69ff0f040ac56b68717e86","method":"GET","path":"/api/v1/auth/csrf","status":200,"duration_ms":5}
{"request_id":"rcc-82d947ec1c41abca7c6389cc88dced89","method":"POST","path":"/api/v1/auth/register","status":201,"duration_ms":41}
{"request_id":"rcc-b52943dde478d3a27970ced953ba2f21","method":"GET","path":"/api/v1/auth/csrf","status":200,"duration_ms":4}
{"request_id":"rcc-9ab1ad7b42551d6090b8722b6b360e04","method":"POST","path":"/api/v1/auth/register","status":201,"duration_ms":41}
{"request_id":"rcc-4428210fe5860538825245adde86330e","method":"PUT","path":"/api/v1/account-roles/:id","status":200,"duration_ms":9}
{"request_id":"rcc-a1291e4bfccb0761da947740ec1d7f56","method":"PUT","path":"/api/v1/account-roles/:id","status":200,"duration_ms":16}
{"request_id":"rcc-58ef50a0cc2a92fdc0a805bb0bf16b28","method":"POST","path":"/api/v1/approval-roles","status":201,"duration_ms":13}
{"request_id":"rcc-21ff1fcdedc8c6fd9bd350ff0b1949ef","method":"POST","path":"/api/v1/approval-roles","status":201,"duration_ms":13}
{"request_id":"rcc-50a320ada1248ea6ae6732d89a2e381e","method":"GET","path":"/api/v1/table-policies/:table_name/approval-roles","status":200,"duration_ms":3}
{"request_id":"rcc-20ce2ed8cb19c589bb61fb971be2dbdd","method":"PUT","path":"/api/v1/table-policies/:table_name/approval-roles","status":200,"duration_ms":21}
{"request_id":"rcc-74aa29e55534b72af09aeebfed5ed0fe","method":"POST","path":"/api/v1/release-orders","status":201,"duration_ms":47}
{"request_id":"rcc-2512eb2123e9586220962c8e8ca86adb","method":"POST","path":"/api/v1/release-orders/:id/submit","status":200,"duration_ms":118}
{"request_id":"rcc-45b86c8ccd37a59b1c108c0436c2c4f3","method":"GET","path":"/api/v1/release-orders/:id","status":200,"duration_ms":8}
{"request_id":"rcc-89441e654bd66962b54cd9110659ba0a","method":"POST","path":"/api/v1/release-orders/:id/approve","status":200,"duration_ms":39}
{"request_id":"rcc-467cce427ac2f842a8c14b746c5dfa1b","method":"GET","path":"/api/v1/release-orders/:id","status":200,"duration_ms":9}
{"request_id":"rcc-0fb6dace651fb5fbd932e5ac3f57e2a4","method":"POST","path":"/api/v1/release-orders/:id/approve","status":200,"duration_ms":36}
{"request_id":"rcc-9aa01ed2b7d0d68632b95412ab8ee143","method":"PUT","path":"/api/v1/approval-roles/:id","status":200,"duration_ms":17}
{"request_id":"rcc-c1d62f6d8234c77b4d4849538eb7b12c","method":"PUT","path":"/api/v1/approval-roles/:id","status":200,"duration_ms":16}
{"request_id":"rcc-26481722656485f0eccae0d71e692e71","method":"GET","path":"/api/v1/release-orders/:id","status":200,"duration_ms":9}
{"request_id":"rcc-7f0af272521cb15c1273aa65b95416de","method":"GET","path":"/api/v1/release-orders/:id","status":200,"duration_ms":10}
{"request_id":"rcc-bf7d4f5da919738175ae97b301e2fe85","method":"GET","path":"/api/v1/release-orders/:id","status":200,"duration_ms":11}
{"request_id":"rcc-ec95f951c6bc0de13a996b217e83f900","method":"GET","path":"/api/v1/release-orders/:id","status":200,"duration_ms":11}
{"request_id":"rcc-0c96aaad7bf383ca84a2941fb37c2f79","method":"GET","path":"/api/v1/release-orders/:id","status":200,"duration_ms":12}
{"request_id":"rcc-08dcb6ad4be5f119e2d6576cf8c3908e","method":"POST","path":"/api/v1/release-orders/:id/execute","status":200,"duration_ms":145}
{"request_id":"rcc-9d9fca2526c3205ef444a3923b414443","method":"GET","path":"/api/v1/release-orders/:id","status":200,"duration_ms":10}
{"request_id":"rcc-97178e9adfdaccc5616bb09f77fcdf25","method":"GET","path":"/api/v1/release-orders/:id","status":200,"duration_ms":12}
{"request_id":"rcc-0b76f3ca5833482024622ea944af1f9b","method":"GET","path":"/api/v1/release-orders/:id","status":200,"duration_ms":11}
{"request_id":"rcc-acd3146d3d062ad5dfc80162f6312f73","method":"GET","path":"/api/v1/release-orders/:id","status":200,"duration_ms":12}
{"request_id":"rcc-d8bb90a46548971bf5110a7241de89ca","method":"GET","path":"/api/v1/release-orders/:id","status":200,"duration_ms":12}
{"request_id":"rcc-f51aeb65b2c496759f57e71a389de37f","method":"GET","path":"/api/v1/release-orders","status":200,"duration_ms":11}
{"request_id":"rcc-6c216774b35bb083138b413fba98030a","method":"GET","path":"/api/v1/release-orders/:id","status":200,"duration_ms":12}
{"request_id":"rcc-f15634e5eb39da2f84798dd71fe37157","method":"POST","path":"/api/v1/release-orders/:id/execute","status":200,"duration_ms":22}
{"request_id":"rcc-d82c9b46df717bf179c65afc9009258b","method":"GET","path":"/api/v1/release-orders/:id","status":200,"duration_ms":11}
2026/09/11 15:47:08 🐳 Stopping container: af754ec51552
2026/09/11 15:47:09 ✅ Container stopped: af754ec51552
2026/09/11 15:47:09 🐳 Terminating container: af754ec51552
2026/09/11 15:47:09 🚫 Container terminated: af754ec51552
--- PASS: TestReleaseNotificationsPublicationUsesActualParticipants (9.74s)
=== RUN   TestReleaseNotificationsTerminalResultsPreserveOwnUnread
2026/09/11 15:47:09 🐳 Creating container for image mysql:8.4
2026/09/11 15:47:09 ✅ Container created: 4e0a68caf514
2026/09/11 15:47:09 🐳 Starting container: 4e0a68caf514
2026/09/11 15:47:09 ✅ Container started: 4e0a68caf514
2026/09/11 15:47:09 ⏳ Waiting for container id 4e0a68caf514 image: mysql:8.4. Waiting for: all of: [log message "port: 3306  MySQL Community Server"]
2026/09/11 15:47:15 🔔 Container is ready: 4e0a68caf514
{"request_id":"rcc-22951f2bbc20d3f6b7b77b0309216948","method":"GET","path":"/api/v1/auth/csrf","status":200,"duration_ms":5}
{"request_id":"rcc-8adfc07133bd594972c441638c1e75d3","method":"POST","path":"/api/v1/auth/register","status":201,"duration_ms":44}
{"request_id":"rcc-4e4ff23578ace84add92eaf8aa7d39c4","method":"GET","path":"/api/v1/auth/csrf","status":200,"duration_ms":9}
{"request_id":"rcc-4813db2b6b99ca0da46de01e4c4263fe","method":"POST","path":"/api/v1/auth/login","status":200,"duration_ms":57}
{"request_id":"rcc-aca7ddf05f764fb9c6e2dafaef56ff50","method":"GET","path":"/api/v1/table-policies/:table_name/release-templates","status":200,"duration_ms":2}
{"request_id":"rcc-133829c72e2a52e63ed935442974659f","method":"PUT","path":"/api/v1/table-policies/:table_name/release-templates/:release_type","status":200,"duration_ms":8}
{"request_id":"rcc-54a09142e88fbb9447c93666c5a262f2","method":"GET","path":"/api/v1/table-policies/:table_name/release-templates","status":200,"duration_ms":2}
{"request_id":"rcc-51729a1403463a87e3f05ae034a137a7","method":"PUT","path":"/api/v1/table-policies/:table_name/release-templates/:release_type","status":200,"duration_ms":7}
{"request_id":"rcc-54595c2c3482d8724f0fa089c2856ae0","method":"GET","path":"/api/v1/auth/csrf","status":200,"duration_ms":5}
{"request_id":"rcc-25630c42f00ebba67322ebef092a862e","method":"POST","path":"/api/v1/auth/register","status":201,"duration_ms":41}
{"request_id":"rcc-e0d7f21d2d7151c500935e0997e6512e","method":"GET","path":"/api/v1/auth/csrf","status":200,"duration_ms":5}
{"request_id":"rcc-af60d18e4164f04c7f7569a6de609d05","method":"POST","path":"/api/v1/auth/register","status":201,"duration_ms":43}
{"request_id":"rcc-ed4499495eb867bca317d27e0f1e6cbb","method":"GET","path":"/api/v1/auth/csrf","status":200,"duration_ms":5}
{"request_id":"rcc-0809e169033d66682299ba78e2c1dcae","method":"POST","path":"/api/v1/auth/register","status":201,"duration_ms":39}
{"request_id":"rcc-77222eb41c36a24ae0828d6a6cc5d68c","method":"PUT","path":"/api/v1/account-roles/:id","status":200,"duration_ms":9}
{"request_id":"rcc-864d35e9e7bb6fa51ecdbeb7899c4c27","method":"PUT","path":"/api/v1/account-roles/:id","status":200,"duration_ms":9}
{"request_id":"rcc-3f76e9bd5b8f0a3a7c4642ebba0b2674","method":"PUT","path":"/api/v1/account-roles/:id","status":200,"duration_ms":9}
{"request_id":"rcc-f829a1af17517bbc69727dac411c4f73","method":"POST","path":"/api/v1/approval-roles","status":201,"duration_ms":12}
{"request_id":"rcc-57a3c162cb035e434ff922c4c3fd5ae7","method":"GET","path":"/api/v1/table-policies/:table_name/approval-roles","status":200,"duration_ms":3}
{"request_id":"rcc-c199f8c0074bde925d2422d9d59c5570","method":"PUT","path":"/api/v1/table-policies/:table_name/approval-roles","status":200,"duration_ms":17}
{"request_id":"rcc-db6bc57d94da3000e2da2955ebf6ceeb","method":"GET","path":"/api/v1/table-policies/:table_name/approval-roles","status":200,"duration_ms":2}
{"request_id":"rcc-39882ba9a86a886e7e1efbaf177cc3a2","method":"PUT","path":"/api/v1/table-policies/:table_name/approval-roles","status":200,"duration_ms":14}
=== RUN   TestReleaseNotificationsTerminalResultsPreserveOwnUnread/complete
{"request_id":"rcc-c1d838e923559a7911980daa530b4736","method":"POST","path":"/api/v1/release-orders","status":201,"duration_ms":46}
{"request_id":"rcc-71dd750100446fb98088da5ea52914e8","method":"POST","path":"/api/v1/release-orders/:id/submit","status":200,"duration_ms":113}
{"request_id":"rcc-bd9ea73e7a0beb59d950bafc7908ab07","method":"GET","path":"/api/v1/release-orders/:id","status":200,"duration_ms":7}
{"request_id":"rcc-dd17f689da846e1ec07a185deec80510","method":"POST","path":"/api/v1/release-orders/:id/approve","status":200,"duration_ms":28}
{"request_id":"rcc-d8977f40ce764cd8a8114f81c7e12f77","method":"POST","path":"/api/v1/release-orders/:id/execute","status":200,"duration_ms":135}
{"request_id":"rcc-9d5a07c7b7aee63fa98768b37f1ef152","method":"GET","path":"/api/v1/release-orders/:id","status":200,"duration_ms":6}
{"request_id":"rcc-10a5f2ea607814b46253f22b5cb28fb8","method":"GET","path":"/api/v1/release-orders/:id","status":200,"duration_ms":8}
{"request_id":"rcc-531cebee7e86ee7a21534b439dc81e4f","method":"GET","path":"/api/v1/release-orders/:id","status":200,"duration_ms":8}
{"request_id":"rcc-e689ff355c788323cfb34c760ccf05e9","method":"POST","path":"/api/v1/release-orders/:id/complete","status":200,"duration_ms":27}
{"request_id":"rcc-1ace78a44f717df29536eabb217371db","method":"GET","path":"/api/v1/release-orders/:id","status":200,"duration_ms":6}
{"request_id":"rcc-0dc57d98fed740bd1df14714df677a36","method":"GET","path":"/api/v1/release-orders/:id","status":200,"duration_ms":8}
{"request_id":"rcc-b674c4050df0b0c49232883e24c8a8e7","method":"GET","path":"/api/v1/release-orders/:id","status":200,"duration_ms":9}
{"request_id":"rcc-efc593abe04721c2f7a5afcab42d83aa","method":"POST","path":"/api/v1/release-orders/:id/complete","status":200,"duration_ms":16}
{"request_id":"rcc-519003116a221f406717cbfa3f642147","method":"GET","path":"/api/v1/release-orders/:id","status":200,"duration_ms":9}
{"request_id":"rcc-08cd0c22a705090cf80da93cf6fc7537","method":"POST","path":"/api/v1/release-orders/:id/notification-read","status":200,"duration_ms":9}
{"request_id":"rcc-fbcf98965e98524839bbb93696dd71b4","method":"GET","path":"/api/v1/release-orders/:id","status":200,"duration_ms":7}
=== RUN   TestReleaseNotificationsTerminalResultsPreserveOwnUnread/quick-rollback
{"request_id":"rcc-cbdb5cbb6c43dc5a51fed555d50293d7","method":"POST","path":"/api/v1/release-orders","status":201,"duration_ms":45}
{"request_id":"rcc-12b0fdc717660e7f7c77691378384707","method":"POST","path":"/api/v1/release-orders/:id/submit","status":200,"duration_ms":108}
{"request_id":"rcc-679a1f03ba8139231ecccf4ed247fcd4","method":"GET","path":"/api/v1/release-orders/:id","status":200,"duration_ms":6}
{"request_id":"rcc-6d917f95a573d835eb2aa7a57bbbe2c5","method":"POST","path":"/api/v1/release-orders/:id/approve","status":200,"duration_ms":28}
{"request_id":"rcc-c683ef1edb3ab3e2652e1f558c01d9e7","method":"POST","path":"/api/v1/release-orders/:id/execute","status":200,"duration_ms":139}
{"request_id":"rcc-b0ca67b24f824e5ebd5d476cd9db2574","method":"GET","path":"/api/v1/release-orders/:id","status":200,"duration_ms":6}
{"request_id":"rcc-6faaaa967f5e718c0625e70d1f88692d","method":"GET","path":"/api/v1/release-orders/:id","status":200,"duration_ms":7}
{"request_id":"rcc-192b038c19021123b95966f7663a31b2","method":"GET","path":"/api/v1/release-orders/:id","status":200,"duration_ms":7}
{"request_id":"rcc-8b7a08b8d93fbf0764b1510e3d036c52","method":"POST","path":"/api/v1/release-orders/:id/quick-rollback/preview","status":200,"duration_ms":101}
{"request_id":"rcc-e8aa4e2211305ae54cfaf11e00c8e0a1","method":"POST","path":"/api/v1/release-orders/:id/quick-rollback","status":200,"duration_ms":153}
{"request_id":"rcc-201d12055f112dc1bbd540afd79ea0a8","method":"GET","path":"/api/v1/release-orders/:id","status":200,"duration_ms":7}
{"request_id":"rcc-ccbf3601b3c86e5eb09762d7dbd3ab9d","method":"GET","path":"/api/v1/release-orders/:id","status":200,"duration_ms":8}
{"request_id":"rcc-222b8232bb69847e4fb4a60c800d0d61","method":"GET","path":"/api/v1/release-orders/:id","status":200,"duration_ms":9}
{"request_id":"rcc-2d0681ede0c5ec89051ec00aa8f3bded","method":"POST","path":"/api/v1/release-orders/:id/quick-rollback","status":200,"duration_ms":17}
{"request_id":"rcc-29924cbe24555bd2f0dcd90edaa39204","method":"GET","path":"/api/v1/release-orders/:id","status":200,"duration_ms":9}
{"request_id":"rcc-c45164740b665729b51642050ef08987","method":"POST","path":"/api/v1/release-orders/:id/notification-read","status":200,"duration_ms":10}
{"request_id":"rcc-37753e92a11a1b21f8446fbafa84df84","method":"GET","path":"/api/v1/release-orders/:id","status":200,"duration_ms":7}
2026/09/11 15:47:18 🐳 Stopping container: 4e0a68caf514
2026/09/11 15:47:20 ✅ Container stopped: 4e0a68caf514
2026/09/11 15:47:20 🐳 Terminating container: 4e0a68caf514
2026/09/11 15:47:20 🚫 Container terminated: 4e0a68caf514
--- PASS: TestReleaseNotificationsTerminalResultsPreserveOwnUnread (10.73s)
    --- PASS: TestReleaseNotificationsTerminalResultsPreserveOwnUnread/complete (0.46s)
    --- PASS: TestReleaseNotificationsTerminalResultsPreserveOwnUnread/quick-rollback (0.68s)
=== RUN   TestReleaseNotificationsReprepareCancelsSourceAtomically
2026/09/11 15:47:20 🐳 Creating container for image mysql:8.4
2026/09/11 15:47:20 ✅ Container created: c0918307d43d
2026/09/11 15:47:20 🐳 Starting container: c0918307d43d
2026/09/11 15:47:20 ✅ Container started: c0918307d43d
2026/09/11 15:47:20 ⏳ Waiting for container id c0918307d43d image: mysql:8.4. Waiting for: all of: [log message "port: 3306  MySQL Community Server"]
2026/09/11 15:47:26 🔔 Container is ready: c0918307d43d
{"request_id":"rcc-681a6046ad3b1f2c7b1b9395b15fb815","method":"GET","path":"/api/v1/auth/csrf","status":200,"duration_ms":5}
{"request_id":"rcc-7e8cf6061f23994e6d8f39cdf722fae1","method":"POST","path":"/api/v1/auth/register","status":201,"duration_ms":43}
{"request_id":"rcc-1c0385685e365cfb46ca65b71613274e","method":"GET","path":"/api/v1/auth/csrf","status":200,"duration_ms":5}
{"request_id":"rcc-64f53fd858e36fc0f6c9b1e12c4da57b","method":"POST","path":"/api/v1/auth/login","status":200,"duration_ms":51}
{"request_id":"rcc-fe305ee64c527e013a602d19892c1e68","method":"GET","path":"/api/v1/table-policies/:table_name/release-templates","status":200,"duration_ms":2}
{"request_id":"rcc-5adabf74bc69d5490077d8ec6f99e329","method":"PUT","path":"/api/v1/table-policies/:table_name/release-templates/:release_type","status":200,"duration_ms":9}
{"request_id":"rcc-b775621ba12d846bdbe0498357d2a4de","method":"GET","path":"/api/v1/table-policies/:table_name/release-templates","status":200,"duration_ms":2}
{"request_id":"rcc-c11853f23c81afd7c02615a63c441297","method":"PUT","path":"/api/v1/table-policies/:table_name/release-templates/:release_type","status":200,"duration_ms":8}
{"request_id":"rcc-3ba93aa90d3dbccbdd5d8a9fe6284cfb","method":"GET","path":"/api/v1/auth/csrf","status":200,"duration_ms":6}
{"request_id":"rcc-485d8bfb7978469373fde982c693130e","method":"POST","path":"/api/v1/auth/register","status":201,"duration_ms":44}
{"request_id":"rcc-8c85299f974d41ad50f6cfba6a2dcda8","method":"GET","path":"/api/v1/auth/csrf","status":200,"duration_ms":6}
{"request_id":"rcc-badf7159a0b9c1de3b2834aef8b96a76","method":"POST","path":"/api/v1/auth/register","status":201,"duration_ms":43}
{"request_id":"rcc-ddf4a4f73e82f831e694c11cb1961f84","method":"GET","path":"/api/v1/auth/csrf","status":200,"duration_ms":6}
{"request_id":"rcc-d0dc8e1c89cf4bea037a8acdee94c303","method":"POST","path":"/api/v1/auth/register","status":201,"duration_ms":50}
{"request_id":"rcc-00e5ea03a61b196f2ecb98458c0e4bec","method":"PUT","path":"/api/v1/account-roles/:id","status":200,"duration_ms":10}
{"request_id":"rcc-312d5aed3472b4b6822cdbcd842fd73e","method":"PUT","path":"/api/v1/account-roles/:id","status":200,"duration_ms":9}
{"request_id":"rcc-7591715712f658b5108bcce4e77dce6f","method":"PUT","path":"/api/v1/account-roles/:id","status":200,"duration_ms":9}
{"request_id":"rcc-715b8fa03d89414bbe35786462f707f3","method":"POST","path":"/api/v1/approval-roles","status":201,"duration_ms":13}
{"request_id":"rcc-2f172d792a77706177f7caba37690a6c","method":"GET","path":"/api/v1/table-policies/:table_name/approval-roles","status":200,"duration_ms":3}
{"request_id":"rcc-bc93386e5330ac06066e319ba5f79c55","method":"PUT","path":"/api/v1/table-policies/:table_name/approval-roles","status":200,"duration_ms":14}
{"request_id":"rcc-1f194527eb7854a6d0b0340beda1370e","method":"GET","path":"/api/v1/table-policies/:table_name/approval-roles","status":200,"duration_ms":3}
{"request_id":"rcc-139ed521fb8376e546af5d8473071cbc","method":"PUT","path":"/api/v1/table-policies/:table_name/approval-roles","status":200,"duration_ms":14}
{"request_id":"rcc-dfa906c10c965150205f67572899723a","method":"POST","path":"/api/v1/release-orders","status":201,"duration_ms":45}
{"request_id":"rcc-8a8f3ba1606dc4b2887b77d33e837bd4","method":"POST","path":"/api/v1/release-orders/:id/submit","status":200,"duration_ms":111}
{"request_id":"rcc-93e473ffab7b09b0b95f77554cb008c0","method":"GET","path":"/api/v1/release-orders/:id","status":200,"duration_ms":6}
{"request_id":"rcc-f28b36047d7718a673c6047cc037908a","method":"POST","path":"/api/v1/release-orders/:id/approve","status":200,"duration_ms":27}
{"request_id":"rcc-d93f3f4b0f04e8db43a3c1b4c1f29bed","method":"GET","path":"/api/v1/release-orders/:id","status":200,"duration_ms":7}
{"request_id":"rcc-b04d28d25f676f6d2082a6300e46436f","method":"GET","path":"/api/v1/release-orders/:id/details","status":200,"duration_ms":4}
{"request_id":"rcc-c78851632cd198035e19113f6628146c","method":"GET","path":"/api/v1/release-orders/:id","status":200,"duration_ms":9}
{"request_id":"rcc-a2ae8a6e757dcb4fe39c3820a9adbafb","method":"GET","path":"/api/v1/release-orders/:id","status":200,"duration_ms":8}
{"request_id":"rcc-beaa8825d8be2e707c5f2223a3e4b98b","method":"POST","path":"/api/v1/release-orders/:id/reprepare","status":503,"duration_ms":43}
{"request_id":"rcc-be1ad24e2d952cc8ed307563d045e686","method":"GET","path":"/api/v1/release-orders/:id","status":200,"duration_ms":8}
{"request_id":"rcc-a7529144c5cdbc194b00370a014e6e45","method":"GET","path":"/api/v1/release-orders/:id","status":200,"duration_ms":6}
{"request_id":"rcc-cdecf3ae88cec7c1068bc2db94cf84df","method":"POST","path":"/api/v1/release-orders/:id/reprepare","status":201,"duration_ms":53}
{"request_id":"rcc-b14559943763b79f807041c2332dff4b","method":"GET","path":"/api/v1/release-orders/:id","status":200,"duration_ms":7}
{"request_id":"rcc-95db21347525042999a673a23ec70b44","method":"GET","path":"/api/v1/release-orders/:id","status":200,"duration_ms":8}
{"request_id":"rcc-ec75b19ba3459f06aa47056247cda3e2","method":"GET","path":"/api/v1/release-orders/:id","status":200,"duration_ms":8}
{"request_id":"rcc-606b5eb6974807861a8cc5b53f49f542","method":"GET","path":"/api/v1/release-orders/:id","status":200,"duration_ms":12}
{"request_id":"rcc-f71034b4886bdd91f61f31e690efaa35","method":"GET","path":"/api/v1/release-orders/:id","status":200,"duration_ms":14}
{"request_id":"rcc-f8e5cbe6ab0a4f6d1b04589cdbf46d5f","method":"GET","path":"/api/v1/release-orders/:id","status":200,"duration_ms":14}
{"request_id":"rcc-142c5d2ab17f0c86bfaccc2bac1c710c","method":"POST","path":"/api/v1/release-orders/:id/reprepare","status":201,"duration_ms":22}
{"request_id":"rcc-57bd3ed72df018b54aa17f7a40149390","method":"GET","path":"/api/v1/release-orders/:id","status":200,"duration_ms":8}
2026/09/11 15:47:28 🐳 Stopping container: c0918307d43d
2026/09/11 15:47:29 ✅ Container stopped: c0918307d43d
2026/09/11 15:47:29 🐳 Terminating container: c0918307d43d
2026/09/11 15:47:29 🚫 Container terminated: c0918307d43d
--- PASS: TestReleaseNotificationsReprepareCancelsSourceAtomically (9.84s)
=== RUN   TestOriginalOrderRollbackPreservesApplicationAndBothExecutions
2026/09/11 15:47:29 🐳 Creating container for image mysql:8.4
2026/09/11 15:47:30 ✅ Container created: a2a3db089626
2026/09/11 15:47:30 🐳 Starting container: a2a3db089626
2026/09/11 15:47:30 ✅ Container started: a2a3db089626
2026/09/11 15:47:30 ⏳ Waiting for container id a2a3db089626 image: mysql:8.4. Waiting for: all of: [log message "port: 3306  MySQL Community Server"]
2026/09/11 15:47:36 🔔 Container is ready: a2a3db089626
{"request_id":"rcc-f1988b2ea3db5f793b878faa310fc50a","method":"GET","path":"/api/v1/auth/csrf","status":200,"duration_ms":5}
{"request_id":"rcc-fc4c725d7924b7ae0128cd7ed427bc6a","method":"POST","path":"/api/v1/auth/register","status":201,"duration_ms":41}
{"request_id":"rcc-1b93bd81fb756efeaeacab20a3ae0f07","method":"GET","path":"/api/v1/auth/csrf","status":200,"duration_ms":5}
{"request_id":"rcc-8a1c13bec7326d595727274bd077c992","method":"POST","path":"/api/v1/auth/login","status":200,"duration_ms":52}
{"request_id":"rcc-a9299c80c9fd401fd7d2f5de1a231b9e","method":"GET","path":"/api/v1/table-policies/:table_name/release-templates","status":200,"duration_ms":3}
{"request_id":"rcc-000da244c7baec73605f02c4eea869f3","method":"PUT","path":"/api/v1/table-policies/:table_name/release-templates/:release_type","status":200,"duration_ms":10}
{"request_id":"rcc-f866e0c6d2f84780b4ddbc08e524e937","method":"GET","path":"/api/v1/auth/csrf","status":200,"duration_ms":5}
{"request_id":"rcc-4cd5f44afa142f6dd934343b8c758730","method":"POST","path":"/api/v1/auth/register","status":201,"duration_ms":44}
{"request_id":"rcc-604d7ffbdd54c2f9f553aaaec1fb73e5","method":"POST","path":"/api/v1/release-orders","status":201,"duration_ms":34}
{"request_id":"rcc-a47f07895d74838343882747e44d3368","method":"POST","path":"/api/v1/approval-roles","status":201,"duration_ms":13}
{"request_id":"rcc-69e80148eb7640909ce25e7ab882649c","method":"GET","path":"/api/v1/table-policies/:table_name/approval-roles","status":200,"duration_ms":3}
{"request_id":"rcc-4aa10bab4b20ed35336900ed0d62e60c","method":"PUT","path":"/api/v1/table-policies/:table_name/approval-roles","status":200,"duration_ms":18}
{"request_id":"rcc-4f8fc3a15a29f358d6e4b4ae1ae89077","method":"POST","path":"/api/v1/release-orders/:id/submit","status":200,"duration_ms":72}
{"request_id":"rcc-e1dad6f268089e2e2153dc888c5f8391","method":"GET","path":"/api/v1/release-orders/:id","status":200,"duration_ms":6}
{"request_id":"rcc-f4a821a7259716948f18218ffd12778e","method":"POST","path":"/api/v1/release-orders/:id/approve","status":200,"duration_ms":26}
{"request_id":"rcc-dfd10287c821f721009e1ac70bac3409","method":"POST","path":"/api/v1/release-orders/:id/execute","status":200,"duration_ms":89}
{"request_id":"rcc-c8a0c1c1b41c751a2b3b34caec1a320f","method":"GET","path":"/api/v1/auth/csrf","status":200,"duration_ms":6}
{"request_id":"rcc-69d4fcaf258f3efb2448d1c3496d64a5","method":"POST","path":"/api/v1/auth/register","status":201,"duration_ms":44}
{"request_id":"rcc-5d0c98555f7b8909c09ba53d125a7409","method":"PUT","path":"/api/v1/account-roles/:id","status":200,"duration_ms":9}
{"request_id":"rcc-4984ec2320429c4c7615e8cc0b5aed28","method":"POST","path":"/api/v1/release-orders/:id/quick-rollback/preview","status":200,"duration_ms":51}
{"request_id":"rcc-03b2839a3d90f68968a0c48103d56730","method":"POST","path":"/api/v1/release-orders/:id/quick-rollback","status":200,"duration_ms":106}
{"request_id":"rcc-0b04769187faed0e0a911d3386f98c9c","method":"POST","path":"/api/v1/tables/:table_name/query","status":200,"duration_ms":10}
{"request_id":"rcc-9869714ff9d88f2bd402c84ae8010428","method":"POST","path":"/api/v1/tables/:table_name/query","status":200,"duration_ms":13}
{"request_id":"rcc-12995d9b73a042cf781a7cbf38467992","method":"POST","path":"/api/v1/release-orders/:id/quick-rollback","status":200,"duration_ms":20}
{"request_id":"rcc-da5ef5d879ae4997584f2836f7a7d699","method":"POST","path":"/api/v1/release-orders/:id/execute","status":200,"duration_ms":21}
{"request_id":"rcc-6f08b17639298b2a976d08e558562b5e","method":"GET","path":"/api/v1/release-orders/:id","status":200,"duration_ms":11}
{"request_id":"rcc-0a760ecf72cc5cdb0f8698d2cc649612","method":"POST","path":"/api/v1/release-orders/:id/quick-rollback","status":422,"duration_ms":10}
2026/09/11 15:47:38 🐳 Stopping container: a2a3db089626
2026/09/11 15:47:39 ✅ Container stopped: a2a3db089626
2026/09/11 15:47:39 🐳 Terminating container: a2a3db089626
2026/09/11 15:47:40 🚫 Container terminated: a2a3db089626
--- PASS: TestOriginalOrderRollbackPreservesApplicationAndBothExecutions (10.06s)
=== RUN   TestReleaseSubmitRequiresIndependentApprover
2026/09/11 15:47:40 🐳 Creating container for image mysql:8.4
2026/09/11 15:47:40 ✅ Container created: 1d07a9c1965e
2026/09/11 15:47:40 🐳 Starting container: 1d07a9c1965e
2026/09/11 15:47:40 ✅ Container started: 1d07a9c1965e
2026/09/11 15:47:40 ⏳ Waiting for container id 1d07a9c1965e image: mysql:8.4. Waiting for: all of: [log message "port: 3306  MySQL Community Server"]
2026/09/11 15:47:46 🔔 Container is ready: 1d07a9c1965e
{"request_id":"rcc-fa2792eae00f7bf4fe1a35f8141d861c","method":"GET","path":"/api/v1/auth/csrf","status":200,"duration_ms":5}
{"request_id":"rcc-d073f6f44d5cdda46cc1afa0f8208db1","method":"POST","path":"/api/v1/auth/register","status":201,"duration_ms":44}
{"request_id":"rcc-123566bd205a18da8977af18fa3e7f07","method":"GET","path":"/api/v1/auth/csrf","status":200,"duration_ms":5}
{"request_id":"rcc-46d5c744ca9e4f629eefd0cf21c3cd14","method":"POST","path":"/api/v1/auth/login","status":200,"duration_ms":50}
{"request_id":"rcc-e7c8ef52c39dee4fd7efd7af4698bf5e","method":"GET","path":"/api/v1/table-policies/:table_name/release-templates","status":200,"duration_ms":2}
{"request_id":"rcc-b004d1cd3502aeb5a15a4ace16246c5e","method":"PUT","path":"/api/v1/table-policies/:table_name/release-templates/:release_type","status":200,"duration_ms":8}
{"request_id":"rcc-f74ac0da8129fa1916253b6db1cc8162","method":"POST","path":"/api/v1/release-orders","status":201,"duration_ms":24}
{"request_id":"rcc-04f79a332c8cb0fd4f310e898350eb9c","method":"POST","path":"/api/v1/release-orders/:id/submit","status":422,"duration_ms":47}
{"request_id":"rcc-c52c32ad2d0b3235bea975fe5816d474","method":"GET","path":"/api/v1/release-orders/:id","status":200,"duration_ms":6}
{"request_id":"rcc-bb3c824b25b8bdfbf229a18a14cc50de","method":"POST","path":"/api/v1/release-orders/:id/cancel","status":200,"duration_ms":19}
2026/09/11 15:47:48 🐳 Stopping container: 1d07a9c1965e
2026/09/11 15:47:48 ✅ Container stopped: 1d07a9c1965e
2026/09/11 15:47:48 🐳 Terminating container: 1d07a9c1965e
2026/09/11 15:47:48 🚫 Container terminated: 1d07a9c1965e
--- PASS: TestReleaseSubmitRequiresIndependentApprover (8.93s)
=== RUN   TestTableApprovalPartialProgressAndFinalApproval
2026/09/11 15:47:48 🐳 Creating container for image mysql:8.4
2026/09/11 15:47:48 ✅ Container created: 20ff4e73937a
2026/09/11 15:47:49 🐳 Starting container: 20ff4e73937a
2026/09/11 15:47:49 ✅ Container started: 20ff4e73937a
2026/09/11 15:47:49 ⏳ Waiting for container id 20ff4e73937a image: mysql:8.4. Waiting for: all of: [log message "port: 3306  MySQL Community Server"]
2026/09/11 15:47:55 🔔 Container is ready: 20ff4e73937a
{"request_id":"rcc-42ee750ae6858887008a17c4d44be965","method":"GET","path":"/api/v1/auth/csrf","status":200,"duration_ms":5}
{"request_id":"rcc-a2a4fb7e8ed3d5bdc9f123bb9287babf","method":"POST","path":"/api/v1/auth/register","status":201,"duration_ms":43}
{"request_id":"rcc-c140ec2e6f44a3535f4d1c89182eaa00","method":"GET","path":"/api/v1/auth/csrf","status":200,"duration_ms":5}
{"request_id":"rcc-13e529f10de6a248be8531a466e6a99a","method":"POST","path":"/api/v1/auth/login","status":200,"duration_ms":50}
{"request_id":"rcc-788fc9385c00837fc2731964982b2424","method":"GET","path":"/api/v1/table-policies/:table_name/release-templates","status":200,"duration_ms":2}
{"request_id":"rcc-6ca3ac74598473f75e8bec9ad982672d","method":"PUT","path":"/api/v1/table-policies/:table_name/release-templates/:release_type","status":200,"duration_ms":8}
{"request_id":"rcc-6faf39963dbde0b31c495dba69edc25e","method":"GET","path":"/api/v1/table-policies/:table_name/release-templates","status":200,"duration_ms":2}
{"request_id":"rcc-2ed48693ca5b1eb6c05ba79a4b962a7a","method":"PUT","path":"/api/v1/table-policies/:table_name/release-templates/:release_type","status":200,"duration_ms":8}
{"request_id":"rcc-d92215017e62805a551948ff6e997806","method":"GET","path":"/api/v1/auth/csrf","status":200,"duration_ms":5}
{"request_id":"rcc-5bd67ef539137dd8e66550a69437c536","method":"POST","path":"/api/v1/auth/register","status":201,"duration_ms":40}
{"request_id":"rcc-df084fafd3bc9ca4256fba7bbac7cf3b","method":"GET","path":"/api/v1/auth/csrf","status":200,"duration_ms":5}
{"request_id":"rcc-51b39afdf751bca2db6d2654d0047b64","method":"POST","path":"/api/v1/auth/register","status":201,"duration_ms":43}
{"request_id":"rcc-d092713ec71e2e33160eea9565045109","method":"POST","path":"/api/v1/approval-roles","status":201,"duration_ms":13}
{"request_id":"rcc-6eacb19af6075b05b0d2cbbac8156c3b","method":"GET","path":"/api/v1/table-policies/:table_name/approval-roles","status":200,"duration_ms":3}
{"request_id":"rcc-5d47d1e67aa822169db07e502c900412","method":"PUT","path":"/api/v1/table-policies/:table_name/approval-roles","status":200,"duration_ms":16}
{"request_id":"rcc-abb9b054e099ca6991430e5f2648cd6e","method":"POST","path":"/api/v1/approval-roles","status":201,"duration_ms":18}
{"request_id":"rcc-8eca272f0af567029a0896b11d7c32d2","method":"GET","path":"/api/v1/table-policies/:table_name/approval-roles","status":200,"duration_ms":4}
{"request_id":"rcc-59994b66c929a17dae2b63ca65363f47","method":"PUT","path":"/api/v1/table-policies/:table_name/approval-roles","status":200,"duration_ms":15}
{"request_id":"rcc-46cbc7a46a7d1eb43add53879c7dcce2","method":"POST","path":"/api/v1/release-orders","status":201,"duration_ms":50}
{"request_id":"rcc-94bb0f2b8ba1aacfd60480414f5a0ccd","method":"POST","path":"/api/v1/release-orders/:id/submit","status":200,"duration_ms":124}
{"request_id":"rcc-00ec89b2de180c77b023d52791f56972","method":"POST","path":"/api/v1/release-orders/:id/approve","status":422,"duration_ms":13}
{"request_id":"rcc-20d1d03b34aa83e64928b7494c1b947d","method":"GET","path":"/api/v1/release-orders/:id","status":200,"duration_ms":9}
{"request_id":"rcc-c3015f7bdaf853da746fb0ce308ef224","method":"POST","path":"/api/v1/release-orders/:id/approve","status":200,"duration_ms":42}
{"request_id":"rcc-b7b5d0ffacc035275e07bc8a019f9414","method":"POST","path":"/api/v1/release-orders/:id/approve","status":200,"duration_ms":23}
{"request_id":"rcc-e57d23379232bd6759a026ed444602ea","method":"GET","path":"/api/v1/release-orders/:id","status":200,"duration_ms":11}
{"request_id":"rcc-fe12737f65970285c201d9cc36cb03b3","method":"POST","path":"/api/v1/release-orders/:id/reject","status":403,"duration_ms":14}
{"request_id":"rcc-f63d3ac57f8e053d1f6d3d4a00e2d985","method":"POST","path":"/api/v1/release-orders/:id/execute","status":422,"duration_ms":6}
{"request_id":"rcc-4ca1af870006837ed7459d43ff84179b","method":"GET","path":"/api/v1/release-orders/:id","status":200,"duration_ms":8}
{"request_id":"rcc-51e592eec06e76935438740672c03c84","method":"POST","path":"/api/v1/release-orders/:id/approve","status":200,"duration_ms":35}
2026/09/11 15:47:57 🐳 Stopping container: 20ff4e73937a
2026/09/11 15:47:58 ✅ Container stopped: 20ff4e73937a
2026/09/11 15:47:58 🐳 Terminating container: 20ff4e73937a
2026/09/11 15:47:58 🚫 Container terminated: 20ff4e73937a
--- PASS: TestTableApprovalPartialProgressAndFinalApproval (9.95s)
=== RUN   TestTableApprovalSnapshotMembershipFallbackAndHistory
2026/09/11 15:47:58 🐳 Creating container for image mysql:8.4
2026/09/11 15:47:58 ✅ Container created: bff06779f6df
2026/09/11 15:47:58 🐳 Starting container: bff06779f6df
2026/09/11 15:47:59 ✅ Container started: bff06779f6df
2026/09/11 15:47:59 ⏳ Waiting for container id bff06779f6df image: mysql:8.4. Waiting for: all of: [log message "port: 3306  MySQL Community Server"]
2026/09/11 15:48:05 🔔 Container is ready: bff06779f6df
{"request_id":"rcc-54188edfed598ffd593e18564762e5da","method":"GET","path":"/api/v1/auth/csrf","status":200,"duration_ms":5}
{"request_id":"rcc-a16a58361b2ef7b536ec14ce13a12fcb","method":"POST","path":"/api/v1/auth/register","status":201,"duration_ms":41}
{"request_id":"rcc-c51ef48f41ea7f22b3c05aaf5748ed1c","method":"GET","path":"/api/v1/auth/csrf","status":200,"duration_ms":5}
{"request_id":"rcc-bcf6acc3bd2f5e484435487375660b34","method":"POST","path":"/api/v1/auth/login","status":200,"duration_ms":50}
{"request_id":"rcc-db251000681b102d29df94248345e7ec","method":"GET","path":"/api/v1/table-policies/:table_name/release-templates","status":200,"duration_ms":2}
{"request_id":"rcc-afe3c7fe6829a3999e9e761310c231e6","method":"PUT","path":"/api/v1/table-policies/:table_name/release-templates/:release_type","status":200,"duration_ms":8}
{"request_id":"rcc-aca703c428bb1e4533d8673c577ad99b","method":"GET","path":"/api/v1/auth/csrf","status":200,"duration_ms":5}
{"request_id":"rcc-47f3c24fb0be79bbe337a5d8b550218c","method":"POST","path":"/api/v1/auth/register","status":201,"duration_ms":42}
{"request_id":"rcc-3683b9cccf2d871d7256295bf906bdf4","method":"GET","path":"/api/v1/auth/csrf","status":200,"duration_ms":5}
{"request_id":"rcc-e920a8b65b94f18e55be2ad1acbb2862","method":"POST","path":"/api/v1/auth/register","status":201,"duration_ms":44}
{"request_id":"rcc-d5cea434a6953292d58e4213ea02f3f5","method":"GET","path":"/api/v1/auth/csrf","status":200,"duration_ms":5}
{"request_id":"rcc-514ab153244eebdb8528372dee0a63ff","method":"POST","path":"/api/v1/auth/register","status":201,"duration_ms":41}
{"request_id":"rcc-826ef96ab1963abb8d196df17d177711","method":"GET","path":"/api/v1/auth/csrf","status":200,"duration_ms":5}
{"request_id":"rcc-7f6a1f3697349fd7d5f956743d40949d","method":"POST","path":"/api/v1/auth/register","status":201,"duration_ms":43}
{"request_id":"rcc-3e3eb99a3780d700620462ddd7f460fc","method":"PUT","path":"/api/v1/account-roles/:id","status":200,"duration_ms":11}
{"request_id":"rcc-cf4166c11cf78a9eb1a6f1ca52aed96a","method":"POST","path":"/api/v1/approval-roles","status":201,"duration_ms":15}
{"request_id":"rcc-c3aaa015d32df8db210e92d48fb2b80f","method":"POST","path":"/api/v1/approval-roles","status":201,"duration_ms":12}
{"request_id":"rcc-cdd840952e0eabe84f3ae69e0677523c","method":"GET","path":"/api/v1/table-policies/:table_name/approval-roles","status":200,"duration_ms":3}
{"request_id":"rcc-bfef41bf8020de6613a82261b780efbd","method":"PUT","path":"/api/v1/table-policies/:table_name/approval-roles","status":200,"duration_ms":14}
{"request_id":"rcc-d03762cc9f8114307bf3638062cdbf86","method":"POST","path":"/api/v1/release-orders","status":201,"duration_ms":29}
{"request_id":"rcc-0122d8ba15620c23d14eddc008dcae9a","method":"POST","path":"/api/v1/release-orders/:id/submit","status":200,"duration_ms":65}
{"request_id":"rcc-87eef6fee72e116dccba1eec3695eabe","method":"GET","path":"/api/v1/release-orders/:id","status":200,"duration_ms":6}
{"request_id":"rcc-e08d23b09058cdfcc883bb8548e7ce0e","method":"GET","path":"/api/v1/table-policies/:table_name/approval-roles","status":200,"duration_ms":5}
{"request_id":"rcc-d74f191578358191e5ba88ee2fe5328e","method":"PUT","path":"/api/v1/table-policies/:table_name/approval-roles","status":200,"duration_ms":18}
{"request_id":"rcc-18bc662f39054f3acccca4062a52bb65","method":"GET","path":"/api/v1/release-orders/:id","status":200,"duration_ms":7}
{"request_id":"rcc-e034ccd958e867fa43b39784990161f7","method":"GET","path":"/api/v1/release-orders/:id","status":200,"duration_ms":7}
{"request_id":"rcc-c2cc9dfdd2d8b023b4dbb6f4b96009aa","method":"PUT","path":"/api/v1/approval-roles/:id","status":200,"duration_ms":24}
{"request_id":"rcc-459ef07dd854343fafaab7b62f5a7349","method":"POST","path":"/api/v1/release-orders/:id/approve","status":409,"duration_ms":8}
{"request_id":"rcc-b4cef402d77314394f455bcbd0f980c9","method":"GET","path":"/api/v1/release-orders/:id","status":200,"duration_ms":6}
{"request_id":"rcc-d0c2e53353c7e9cf35711439e522564b","method":"GET","path":"/api/v1/release-orders/:id","status":200,"duration_ms":6}
{"request_id":"rcc-afc6205398790f739c65d86a0827e6e8","method":"PUT","path":"/api/v1/approval-roles/:id","status":200,"duration_ms":25}
{"request_id":"rcc-a6b10a0d72439bf2069fdcaeedcb60da","method":"POST","path":"/api/v1/release-orders/:id/approve","status":409,"duration_ms":8}
{"request_id":"rcc-6520c5f5e6129c65164141f7ec48e2d8","method":"GET","path":"/api/v1/release-orders/:id","status":200,"duration_ms":6}
{"request_id":"rcc-afe6273942f71750aed26ee352e9a4e1","method":"POST","path":"/api/v1/release-orders/:id/approve","status":200,"duration_ms":25}
{"request_id":"rcc-014b04beddc91d1e06ca046b1ef6e40d","method":"PUT","path":"/api/v1/approval-roles/:id","status":200,"duration_ms":13}
{"request_id":"rcc-dce111c4bcde67811ebd961c7e1df91d","method":"GET","path":"/api/v1/table-policies/:table_name/approval-roles","status":200,"duration_ms":4}
{"request_id":"rcc-d514ac93be0bd29c734bc5454bfb727b","method":"PUT","path":"/api/v1/table-policies/:table_name/approval-roles","status":200,"duration_ms":12}
{"request_id":"rcc-3ac4ada026c457ec77b2706924c7c330","method":"GET","path":"/api/v1/release-orders/:id","status":200,"duration_ms":6}
{"request_id":"rcc-2373c46e3655338e0c24d9c9d8328ea7","method":"POST","path":"/api/v1/release-orders/:id/execute","status":200,"duration_ms":77}
2026/09/11 15:48:07 🐳 Stopping container: bff06779f6df
2026/09/11 15:48:08 ✅ Container stopped: bff06779f6df
2026/09/11 15:48:08 🐳 Terminating container: bff06779f6df
2026/09/11 15:48:08 🚫 Container terminated: bff06779f6df
--- PASS: TestTableApprovalSnapshotMembershipFallbackAndHistory (9.87s)
=== RUN   TestTableApprovalFallbackMatrixAndEmptySnapshot
2026/09/11 15:48:08 🐳 Creating container for image mysql:8.4
2026/09/11 15:48:08 ✅ Container created: 6825d4d74256
2026/09/11 15:48:08 🐳 Starting container: 6825d4d74256
2026/09/11 15:48:08 ✅ Container started: 6825d4d74256
2026/09/11 15:48:08 ⏳ Waiting for container id 6825d4d74256 image: mysql:8.4. Waiting for: all of: [log message "port: 3306  MySQL Community Server"]
2026/09/11 15:48:15 🔔 Container is ready: 6825d4d74256
{"request_id":"rcc-1d714b38cae400f009d0f19c8ea416ca","method":"GET","path":"/api/v1/auth/csrf","status":200,"duration_ms":7}
{"request_id":"rcc-2df28d97e3f7a5f1308c65ad04f7d4c0","method":"POST","path":"/api/v1/auth/register","status":201,"duration_ms":46}
{"request_id":"rcc-5d331a81f7caa54f8ac3668a426cca9c","method":"GET","path":"/api/v1/auth/csrf","status":200,"duration_ms":6}
{"request_id":"rcc-036eb1c96b8d3bc7b469daad521d668e","method":"POST","path":"/api/v1/auth/login","status":200,"duration_ms":63}
{"request_id":"rcc-f2c24b0f01dfe2176a27b74b9cce8493","method":"GET","path":"/api/v1/table-policies/:table_name/release-templates","status":200,"duration_ms":3}
{"request_id":"rcc-4630a99d237f2d29b371cc8a6a4cc36e","method":"PUT","path":"/api/v1/table-policies/:table_name/release-templates/:release_type","status":200,"duration_ms":10}
{"request_id":"rcc-ca919471c011196c0e65689079282f07","method":"GET","path":"/api/v1/auth/csrf","status":200,"duration_ms":6}
{"request_id":"rcc-a30383542dbe60cea38c8522d4098e1b","method":"POST","path":"/api/v1/auth/register","status":201,"duration_ms":45}
{"request_id":"rcc-50163c210e86e2189866af8042d6ffca","method":"GET","path":"/api/v1/auth/csrf","status":200,"duration_ms":5}
{"request_id":"rcc-69a8733995acb0e18386ffb121b2e5e9","method":"POST","path":"/api/v1/auth/register","status":201,"duration_ms":44}
{"request_id":"rcc-18a93370d5b9d2f5b8a69b6363715511","method":"PUT","path":"/api/v1/account-roles/:id","status":200,"duration_ms":10}
{"request_id":"rcc-f114f6c9356f8f8edb6de13b543d6366","method":"POST","path":"/api/v1/approval-roles","status":201,"duration_ms":13}
=== RUN   TestTableApprovalFallbackMatrixAndEmptySnapshot/empty
{"request_id":"rcc-a91241f1f888d2b9905f6ad520987211","method":"GET","path":"/api/v1/table-policies/:table_name/approval-roles","status":200,"duration_ms":3}
{"request_id":"rcc-7f4d0707c7e04c5634a6c8049daf067e","method":"PUT","path":"/api/v1/table-policies/:table_name/approval-roles","status":200,"duration_ms":10}
{"request_id":"rcc-aa0722e20e55c2caa04c3591022b5f0a","method":"POST","path":"/api/v1/release-orders","status":201,"duration_ms":27}
{"request_id":"rcc-456b72d7f803e0a97ed1ee7f98ad4033","method":"POST","path":"/api/v1/release-orders/:id/submit","status":200,"duration_ms":58}
{"request_id":"rcc-26524578a68b4f59ab52c8cb67e0a47d","method":"GET","path":"/api/v1/release-orders/:id","status":200,"duration_ms":4}
{"request_id":"rcc-ac4b19e1884e24591420d4614df3f940","method":"POST","path":"/api/v1/release-orders/:id/approve","status":403,"duration_ms":7}
{"request_id":"rcc-d30a93b60e1efc0f3b2d61fc26d251c1","method":"POST","path":"/api/v1/approval-roles","status":201,"duration_ms":17}
{"request_id":"rcc-00d15634424bc067b87e404e6399fc8a","method":"GET","path":"/api/v1/table-policies/:table_name/approval-roles","status":200,"duration_ms":3}
{"request_id":"rcc-20bc91e2d5e8127ddaed461ccdc6c8be","method":"PUT","path":"/api/v1/table-policies/:table_name/approval-roles","status":200,"duration_ms":15}
{"request_id":"rcc-c09183cd136c8bffb19a1e5ce91ab264","method":"GET","path":"/api/v1/release-orders/:id","status":200,"duration_ms":5}
{"request_id":"rcc-92ed21a06917c3103c83b4b4234f9902","method":"GET","path":"/api/v1/release-orders/:id","status":200,"duration_ms":5}
{"request_id":"rcc-41a45593288137abb3542e48cdab0af2","method":"POST","path":"/api/v1/release-orders/:id/approve","status":200,"duration_ms":19}
=== RUN   TestTableApprovalFallbackMatrixAndEmptySnapshot/no-members
{"request_id":"rcc-c0aaf189a132fb3dd8e9d0cd48320a09","method":"GET","path":"/api/v1/table-policies/:table_name/approval-roles","status":200,"duration_ms":5}
{"request_id":"rcc-16b622aab344b66d4e044cbd5aa77a93","method":"PUT","path":"/api/v1/table-policies/:table_name/approval-roles","status":200,"duration_ms":19}
{"request_id":"rcc-9cb8d0eddd9efce56cef26e7b68d59b8","method":"POST","path":"/api/v1/release-orders","status":201,"duration_ms":30}
{"request_id":"rcc-8288f64620bfc11a93dad4d5cb2ea8ee","method":"POST","path":"/api/v1/release-orders/:id/submit","status":200,"duration_ms":68}
{"request_id":"rcc-4178e26ac4ea405783ae3033bb91c4cd","method":"GET","path":"/api/v1/release-orders/:id","status":200,"duration_ms":7}
{"request_id":"rcc-8686cb9dc0ca147bf18182652b9248d1","method":"POST","path":"/api/v1/release-orders/:id/approve","status":403,"duration_ms":6}
{"request_id":"rcc-08256c34721567257f5d9321d1c3c5b2","method":"GET","path":"/api/v1/release-orders/:id","status":200,"duration_ms":7}
{"request_id":"rcc-e3d8cb2ac90c7e3b10c6baef93dd4c12","method":"GET","path":"/api/v1/release-orders/:id","status":200,"duration_ms":7}
{"request_id":"rcc-4ad3fb47c1a2fa42331e131ea548c0e6","method":"POST","path":"/api/v1/release-orders/:id/approve","status":200,"duration_ms":30}
=== RUN   TestTableApprovalFallbackMatrixAndEmptySnapshot/disabled-role
{"request_id":"rcc-cf64c7bc76446112c7f2d147f96963b0","method":"PUT","path":"/api/v1/approval-roles/:id","status":200,"duration_ms":16}
{"request_id":"rcc-f4dd480abf9b2a6efcc3b3a95e4646c6","method":"POST","path":"/api/v1/release-orders","status":201,"duration_ms":30}
{"request_id":"rcc-b8805386fcb3444a3294a31eef365660","method":"POST","path":"/api/v1/release-orders/:id/submit","status":200,"duration_ms":66}
{"request_id":"rcc-1a56f337aaee70627f46ea86a48c0df7","method":"GET","path":"/api/v1/release-orders/:id","status":200,"duration_ms":6}
{"request_id":"rcc-761b21539c705e1fe299bae70c53cf01","method":"POST","path":"/api/v1/release-orders/:id/approve","status":403,"duration_ms":9}
{"request_id":"rcc-261f72c85d3c52b0bed9584a75c2e11c","method":"GET","path":"/api/v1/release-orders/:id","status":200,"duration_ms":7}
{"request_id":"rcc-1b685255df4e8e3b542f88a22c94063b","method":"GET","path":"/api/v1/release-orders/:id","status":200,"duration_ms":8}
{"request_id":"rcc-7e636d1c10caecfab9a4568945c487e6","method":"POST","path":"/api/v1/release-orders/:id/approve","status":200,"duration_ms":27}
=== RUN   TestTableApprovalFallbackMatrixAndEmptySnapshot/only-applicant
{"request_id":"rcc-e5c069db3dc49aeadab33c4d1f21dc5e","method":"PUT","path":"/api/v1/approval-roles/:id","status":200,"duration_ms":18}
{"request_id":"rcc-9fc050e19dfb8dedc9606ec4e850a814","method":"POST","path":"/api/v1/release-orders","status":201,"duration_ms":29}
{"request_id":"rcc-104e921dfc4c43f4fd38d7c5bb9eecce","method":"POST","path":"/api/v1/release-orders/:id/submit","status":200,"duration_ms":71}
{"request_id":"rcc-c4e5d6afde197e4083843ceee5ef117c","method":"GET","path":"/api/v1/release-orders/:id","status":200,"duration_ms":6}
{"request_id":"rcc-02c3ed0089f88ed8cd9c031b4d8ac1df","method":"POST","path":"/api/v1/release-orders/:id/approve","status":403,"duration_ms":8}
{"request_id":"rcc-c1010aba759b295e800329e85402c32b","method":"GET","path":"/api/v1/release-orders/:id","status":200,"duration_ms":8}
{"request_id":"rcc-9333c12b6183b68e0d1c1256982de2b1","method":"GET","path":"/api/v1/release-orders/:id","status":200,"duration_ms":21}
{"request_id":"rcc-40002eb57e4f24f7c52762bbd8e82ca8","method":"POST","path":"/api/v1/release-orders/:id/approve","status":200,"duration_ms":31}
{"request_id":"rcc-4533a80a440ce0a30fbaf2ce7dce1a7a","method":"GET","path":"/api/v1/auth/csrf","status":200,"duration_ms":5}
{"request_id":"rcc-ebcef07dcde92fc34942e9191a121597","method":"POST","path":"/api/v1/auth/register","status":201,"duration_ms":45}
{"request_id":"rcc-5bbc0b9548fee98fafc6840b67f60a55","method":"PUT","path":"/api/v1/account-roles/:id","status":200,"duration_ms":9}
{"request_id":"rcc-3b619a3988d11dd452b89eaa7c24a4ae","method":"GET","path":"/api/v1/table-policies/:table_name/approval-roles","status":200,"duration_ms":5}
{"request_id":"rcc-beaebdcad709913860a251bd26eed5d5","method":"PUT","path":"/api/v1/table-policies/:table_name/approval-roles","status":200,"duration_ms":11}
{"request_id":"rcc-68e1ab184fb0f71bb45deb808eb69fac","method":"POST","path":"/api/v1/release-orders","status":201,"duration_ms":27}
{"request_id":"rcc-f3e5ea10794372184abea2cd87fe5cb2","method":"POST","path":"/api/v1/release-orders/:id/submit","status":200,"duration_ms":64}
{"request_id":"rcc-f3cb415f679ef74d6c3cf3679a032dae","method":"GET","path":"/api/v1/release-orders/:id","status":200,"duration_ms":5}
{"request_id":"rcc-09246ab2a5bb4311b0d15c6558151add","method":"POST","path":"/api/v1/release-orders/:id/approve","status":403,"duration_ms":7}
{"request_id":"rcc-0585f6401a4cae90e27fd5aed99ab033","method":"GET","path":"/api/v1/release-orders","status":200,"duration_ms":3}
2026/09/11 15:48:17 🐳 Stopping container: 6825d4d74256
2026/09/11 15:48:18 ✅ Container stopped: 6825d4d74256
2026/09/11 15:48:18 🐳 Terminating container: 6825d4d74256
2026/09/11 15:48:18 🚫 Container terminated: 6825d4d74256
--- PASS: TestTableApprovalFallbackMatrixAndEmptySnapshot (9.90s)
    --- PASS: TestTableApprovalFallbackMatrixAndEmptySnapshot/empty (0.18s)
    --- PASS: TestTableApprovalFallbackMatrixAndEmptySnapshot/no-members (0.18s)
    --- PASS: TestTableApprovalFallbackMatrixAndEmptySnapshot/disabled-role (0.17s)
    --- PASS: TestTableApprovalFallbackMatrixAndEmptySnapshot/only-applicant (0.20s)
=== RUN   TestTableApprovalScopeConcurrencyAndRejection
2026/09/11 15:48:18 🐳 Creating container for image mysql:8.4
2026/09/11 15:48:18 ✅ Container created: 95d6422e7543
2026/09/11 15:48:18 🐳 Starting container: 95d6422e7543
2026/09/11 15:48:18 ✅ Container started: 95d6422e7543
2026/09/11 15:48:18 ⏳ Waiting for container id 95d6422e7543 image: mysql:8.4. Waiting for: all of: [log message "port: 3306  MySQL Community Server"]
2026/09/11 15:48:25 🔔 Container is ready: 95d6422e7543
{"request_id":"rcc-26bb31c97e5166afaa7fa9cfb2ec721d","method":"GET","path":"/api/v1/auth/csrf","status":200,"duration_ms":5}
{"request_id":"rcc-c9827505c0dd87d894475f48fbb2083c","method":"POST","path":"/api/v1/auth/register","status":201,"duration_ms":42}
{"request_id":"rcc-84ad15457e7107110d69e64933b0bf99","method":"GET","path":"/api/v1/auth/csrf","status":200,"duration_ms":5}
{"request_id":"rcc-c12f0378ee3b6f91455cc60762c21a8b","method":"POST","path":"/api/v1/auth/login","status":200,"duration_ms":51}
{"request_id":"rcc-4b0ba472d887778cfcd71dd2f43ff147","method":"GET","path":"/api/v1/table-policies/:table_name/release-templates","status":200,"duration_ms":2}
{"request_id":"rcc-69df5388adebf8469772d48778523729","method":"PUT","path":"/api/v1/table-policies/:table_name/release-templates/:release_type","status":200,"duration_ms":8}
{"request_id":"rcc-734385a60cfca2c413e92bf5d860b16f","method":"GET","path":"/api/v1/table-policies/:table_name/release-templates","status":200,"duration_ms":2}
{"request_id":"rcc-afc641d27ea58f47bb393f71e0ce9581","method":"PUT","path":"/api/v1/table-policies/:table_name/release-templates/:release_type","status":200,"duration_ms":7}
{"request_id":"rcc-8c7ceb57280de671e901605afb9bb3cd","method":"GET","path":"/api/v1/auth/csrf","status":200,"duration_ms":5}
{"request_id":"rcc-3da3d7e4d1d51a3e2c0fdd0f0e429bfc","method":"POST","path":"/api/v1/auth/register","status":201,"duration_ms":42}
{"request_id":"rcc-0901a17994652ad53e710ae957abb262","method":"GET","path":"/api/v1/auth/csrf","status":200,"duration_ms":5}
{"request_id":"rcc-229542d8420062548198d300c7dce013","method":"POST","path":"/api/v1/auth/register","status":201,"duration_ms":41}
{"request_id":"rcc-05aee028f1173baf2eb730d6a6151397","method":"POST","path":"/api/v1/approval-roles","status":201,"duration_ms":12}
{"request_id":"rcc-19dec02c36760b0872f9497fda7bfe54","method":"POST","path":"/api/v1/approval-roles","status":201,"duration_ms":13}
{"request_id":"rcc-92b7ce3e838805aaacf449c5ab62d92b","method":"GET","path":"/api/v1/table-policies/:table_name/approval-roles","status":200,"duration_ms":2}
{"request_id":"rcc-9d8a840059ca4afffc8b970d828be63d","method":"PUT","path":"/api/v1/table-policies/:table_name/approval-roles","status":200,"duration_ms":14}
{"request_id":"rcc-37db6606eb42cdac4020097c0f3245c8","method":"GET","path":"/api/v1/table-policies/:table_name/approval-roles","status":200,"duration_ms":3}
{"request_id":"rcc-5895b30a26838e65a6294aae0d3ca2ee","method":"PUT","path":"/api/v1/table-policies/:table_name/approval-roles","status":200,"duration_ms":16}
{"request_id":"rcc-1f0ab2bd8eaea10dac3e3c03393ce4f4","method":"POST","path":"/api/v1/release-orders","status":201,"duration_ms":51}
{"request_id":"rcc-c70bc5fb387f01614a6748d1f0d2c892","method":"POST","path":"/api/v1/release-orders/:id/submit","status":200,"duration_ms":111}
{"request_id":"rcc-24233b467d3dac994ae8ae9126dabc3e","method":"GET","path":"/api/v1/release-orders/:id","status":200,"duration_ms":8}
{"request_id":"rcc-d929fa29866907dac52cee76e5c48be5","method":"PUT","path":"/api/v1/approval-roles/:id","status":200,"duration_ms":24}
{"request_id":"rcc-d8149e473bcd21ed435b94c2231e3859","method":"POST","path":"/api/v1/release-orders/:id/approve","status":409,"duration_ms":11}
{"request_id":"rcc-0437b39c5061445d51c349b72007b8f4","method":"GET","path":"/api/v1/release-orders/:id","status":200,"duration_ms":8}
{"request_id":"rcc-7c1c05251e30e8cab01afeb0d6ee6205","method":"POST","path":"/api/v1/release-orders/:id/approve","status":200,"duration_ms":35}
{"request_id":"rcc-44e2c6590d837a9d82935b3d8239705d","method":"PUT","path":"/api/v1/approval-roles/:id","status":200,"duration_ms":16}
{"request_id":"rcc-0950cc020fab5569968310537ac1caf5","method":"POST","path":"/api/v1/release-orders","status":201,"duration_ms":44}
{"request_id":"rcc-29da75e42bf9c56ffde249506f7c5b64","method":"POST","path":"/api/v1/release-orders/:id/submit","status":200,"duration_ms":115}
{"request_id":"rcc-f0483811739e7836bb5424c9eb6b7bd2","method":"GET","path":"/api/v1/release-orders/:id","status":200,"duration_ms":8}
{"request_id":"rcc-0a6e9287c0052db7b9c946551b6aef97","method":"GET","path":"/api/v1/release-orders/:id","status":200,"duration_ms":11}
{"request_id":"rcc-e6a8d89504093eb8b8c7ace433a5a56a","method":"POST","path":"/api/v1/release-orders/:id/approve","status":200,"duration_ms":43}
{"request_id":"rcc-36f13c821737d846b337eb82628f359d","method":"POST","path":"/api/v1/release-orders/:id/approve","status":409,"duration_ms":45}
{"request_id":"rcc-62659cb795230646464a181f88662007","method":"GET","path":"/api/v1/release-orders/:id","status":200,"duration_ms":9}
{"request_id":"rcc-2131ef69d77265ab6c89a4bf85cea48d","method":"POST","path":"/api/v1/release-orders","status":201,"duration_ms":47}
{"request_id":"rcc-7c4823ae42b69acb9450a8f6a8cc7bc6","method":"POST","path":"/api/v1/release-orders/:id/submit","status":200,"duration_ms":114}
{"request_id":"rcc-c50769b74267237983dc8a0828de28e3","method":"GET","path":"/api/v1/release-orders/:id","status":200,"duration_ms":8}
{"request_id":"rcc-e59e78ba8551edb073852cb869483d14","method":"GET","path":"/api/v1/release-orders/:id","status":200,"duration_ms":8}
{"request_id":"rcc-ca39799aa467ea34585e64809286035d","method":"POST","path":"/api/v1/release-orders/:id/approve","status":200,"duration_ms":43}
{"request_id":"rcc-0f92230880068e5ab0dd269258bd3d25","method":"POST","path":"/api/v1/release-orders/:id/reject","status":409,"duration_ms":46}
{"request_id":"rcc-c6594365197ab3d1f43bb0c3eeffa0bf","method":"GET","path":"/api/v1/release-orders/:id","status":200,"duration_ms":8}
{"request_id":"rcc-8e990cc11ef6f9adaea9c6363ce084fa","method":"POST","path":"/api/v1/release-orders","status":201,"duration_ms":46}
{"request_id":"rcc-2536d1bd56ee7c5a5f9a159514e8e4b6","method":"POST","path":"/api/v1/release-orders/:id/submit","status":200,"duration_ms":116}
{"request_id":"rcc-d1ac0c40a7761a3056670040eceaf78c","method":"GET","path":"/api/v1/release-orders/:id","status":200,"duration_ms":9}
{"request_id":"rcc-3bc8739c745aa4bf2c3f62357a1ed0fc","method":"GET","path":"/api/v1/release-orders/:id","status":200,"duration_ms":11}
{"request_id":"rcc-7411f26b446011acc47fe6e77bd4d981","method":"POST","path":"/api/v1/release-orders/:id/cancel","status":200,"duration_ms":29}
{"request_id":"rcc-d31b515cc3abc43fc6f492187a4db35d","method":"POST","path":"/api/v1/release-orders/:id/approve","status":409,"duration_ms":31}
{"request_id":"rcc-abc0bb81d4e8f34950696adff446f18c","method":"GET","path":"/api/v1/release-orders/:id","status":200,"duration_ms":9}
{"request_id":"rcc-ccfdfc1d2ea7eac14c8d81e41994a817","method":"POST","path":"/api/v1/release-orders","status":201,"duration_ms":45}
{"request_id":"rcc-647ad81e612ef4f392089c8b7f034dc7","method":"POST","path":"/api/v1/release-orders/:id/submit","status":200,"duration_ms":113}
{"request_id":"rcc-62a0d3d4edf58ac6387f2acfcfc12671","method":"GET","path":"/api/v1/release-orders/:id","status":200,"duration_ms":10}
{"request_id":"rcc-921842da5c46808484fc8a6e32c302ed","method":"POST","path":"/api/v1/release-orders/:id/approve","status":200,"duration_ms":38}
{"request_id":"rcc-cb596bf21937a038c7d9073c8b0991c4","method":"GET","path":"/api/v1/release-orders/:id","status":200,"duration_ms":9}
{"request_id":"rcc-fee90b8b1c4cd5ccb60c24e6c83018ea","method":"POST","path":"/api/v1/release-orders/:id/reject","status":200,"duration_ms":40}
{"request_id":"rcc-b6f60283014de3a75dc59a926d4453fa","method":"POST","path":"/api/v1/release-orders","status":201,"duration_ms":34}
2026/09/11 15:48:28 🐳 Stopping container: 95d6422e7543
2026/09/11 15:48:29 ✅ Container stopped: 95d6422e7543
2026/09/11 15:48:29 🐳 Terminating container: 95d6422e7543
2026/09/11 15:48:29 🚫 Container terminated: 95d6422e7543
--- PASS: TestTableApprovalScopeConcurrencyAndRejection (10.97s)
=== RUN   TestTableApprovalAccountAvailabilityAndDurableHistory
2026/09/11 15:48:29 🐳 Creating container for image mysql:8.4
2026/09/11 15:48:29 ✅ Container created: 4bed0a4716ae
2026/09/11 15:48:29 🐳 Starting container: 4bed0a4716ae
2026/09/11 15:48:29 ✅ Container started: 4bed0a4716ae
2026/09/11 15:48:29 ⏳ Waiting for container id 4bed0a4716ae image: mysql:8.4. Waiting for: all of: [log message "port: 3306  MySQL Community Server"]
2026/09/11 15:48:35 🔔 Container is ready: 4bed0a4716ae
{"request_id":"rcc-0af8548fdede37cb93fb1f102c3ba740","method":"GET","path":"/api/v1/auth/csrf","status":200,"duration_ms":5}
{"request_id":"rcc-ae504b672f8c76549ef71b5a4ed8179b","method":"POST","path":"/api/v1/auth/register","status":201,"duration_ms":44}
{"request_id":"rcc-b8bcc5177a58d1536d71f710714ca986","method":"GET","path":"/api/v1/auth/csrf","status":200,"duration_ms":5}
{"request_id":"rcc-0957b63d8190a4f08b0d1f39f1a3a169","method":"POST","path":"/api/v1/auth/login","status":200,"duration_ms":56}
{"request_id":"rcc-1e09fb31fc3b5fb375b37b62d79fefc3","method":"GET","path":"/api/v1/table-policies/:table_name/release-templates","status":200,"duration_ms":2}
{"request_id":"rcc-2c1014af605d69352d96715b13a78e6f","method":"PUT","path":"/api/v1/table-policies/:table_name/release-templates/:release_type","status":200,"duration_ms":8}
{"request_id":"rcc-245fdc9895cefca18f23bcbb85a69eff","method":"GET","path":"/api/v1/auth/csrf","status":200,"duration_ms":4}
{"request_id":"rcc-caaa09d16b9f8f52a85121098ace52e7","method":"POST","path":"/api/v1/auth/register","status":201,"duration_ms":42}
{"request_id":"rcc-1d681d4328e7a9d5d40e0078928447f8","method":"GET","path":"/api/v1/auth/csrf","status":200,"duration_ms":5}
{"request_id":"rcc-e84b924632fe42851b2ca5456cf56772","method":"POST","path":"/api/v1/auth/register","status":201,"duration_ms":46}
{"request_id":"rcc-f6d40a24cdff7d977a3b8673673a7252","method":"PUT","path":"/api/v1/account-roles/:id","status":200,"duration_ms":10}
{"request_id":"rcc-f0011fb4c7e3b86f4a0ed9b2c83e87e3","method":"POST","path":"/api/v1/approval-roles","status":201,"duration_ms":12}
{"request_id":"rcc-a789e4ef9194c7e11c3555163bf6f503","method":"GET","path":"/api/v1/table-policies/:table_name/approval-roles","status":200,"duration_ms":3}
{"request_id":"rcc-7f65ac44e886cad6bbf6c885dfa0941a","method":"PUT","path":"/api/v1/table-policies/:table_name/approval-roles","status":200,"duration_ms":15}
{"request_id":"rcc-71ab5f8e86e0c6db791c077f3aae8bae","method":"POST","path":"/api/v1/release-orders","status":201,"duration_ms":30}
{"request_id":"rcc-d2f095703c4afd3175d92275cd260a3f","method":"POST","path":"/api/v1/release-orders/:id/submit","status":200,"duration_ms":66}
{"request_id":"rcc-25fc7d659f473453768e29748786d04e","method":"GET","path":"/api/v1/release-orders/:id","status":200,"duration_ms":8}
{"request_id":"rcc-7130b8c2dfea34e23fd074ed45ca9260","method":"GET","path":"/api/v1/release-orders/:id","status":200,"duration_ms":8}
{"request_id":"rcc-cd873cc3499472bed9b8cf1cb3cbc1bd","method":"PUT","path":"/api/v1/account-roles/:id","status":200,"duration_ms":19}
{"request_id":"rcc-b9a0996ad4e7501e29e544d22e476cf8","method":"GET","path":"/api/v1/release-orders/:id","status":200,"duration_ms":7}
{"request_id":"rcc-a00a508102f26a5fd1051aad3ebbd73e","method":"POST","path":"/api/v1/release-orders/:id/approve","status":409,"duration_ms":9}
{"request_id":"rcc-47ca9fffba7547ea040b3aeacad0039c","method":"PUT","path":"/api/v1/account-roles/:id","status":200,"duration_ms":16}
{"request_id":"rcc-b6edc526113301bf43f48a4b2ef68841","method":"GET","path":"/api/v1/release-orders/:id","status":200,"duration_ms":7}
{"request_id":"rcc-9001659f376e17a14bc07638a1d39c3e","method":"POST","path":"/api/v1/release-orders/:id/approve","status":200,"duration_ms":26}
{"request_id":"rcc-244bf126957c2f9dbb43d6d35a533168","method":"PUT","path":"/api/v1/account-roles/:id","status":200,"duration_ms":10}
{"request_id":"rcc-2531294efbb729480d20f6aeaf19f005","method":"GET","path":"/api/v1/auth/csrf","status":200,"duration_ms":5}
{"request_id":"rcc-1424e196999b5d423441800adf9cc237","method":"POST","path":"/api/v1/auth/login","status":200,"duration_ms":53}
{"request_id":"rcc-d21e13f729d57506be564ee051d202d7","method":"GET","path":"/api/v1/release-orders/:id","status":200,"duration_ms":7}
{"request_id":"rcc-6e55baeb0dea3ed636ed6a576f7fd435","method":"POST","path":"/api/v1/release-orders","status":201,"duration_ms":29}
{"request_id":"rcc-30f05b6227550fe4817c5b9c0d24c628","method":"POST","path":"/api/v1/release-orders/:id/submit","status":200,"duration_ms":64}
{"request_id":"rcc-43e64124972818b5dcc50d76500b496b","method":"GET","path":"/api/v1/release-orders/:id","status":200,"duration_ms":7}
2026/09/11 15:48:40 🐳 Stopping container: 4bed0a4716ae
2026/09/11 15:48:41 ✅ Container stopped: 4bed0a4716ae
2026/09/11 15:48:41 🐳 Terminating container: 4bed0a4716ae
2026/09/11 15:48:41 🚫 Container terminated: 4bed0a4716ae
--- PASS: TestTableApprovalAccountAvailabilityAndDurableHistory (11.70s)
=== RUN   TestTableApprovalReadAndResultFailuresDoNotGrantOrCommit
2026/09/11 15:48:41 🐳 Creating container for image mysql:8.4
2026/09/11 15:48:41 ✅ Container created: 9b3ebfd89fa9
2026/09/11 15:48:41 🐳 Starting container: 9b3ebfd89fa9
2026/09/11 15:48:41 ✅ Container started: 9b3ebfd89fa9
2026/09/11 15:48:41 ⏳ Waiting for container id 9b3ebfd89fa9 image: mysql:8.4. Waiting for: all of: [log message "port: 3306  MySQL Community Server"]
2026/09/11 15:48:47 🔔 Container is ready: 9b3ebfd89fa9
{"request_id":"rcc-151faa3f4569d7e54a9571012182af03","method":"GET","path":"/api/v1/auth/csrf","status":200,"duration_ms":5}
{"request_id":"rcc-bc5256499e4d9f93bfc6e3074cd24d69","method":"POST","path":"/api/v1/auth/register","status":201,"duration_ms":43}
{"request_id":"rcc-eddadc096c369348486723c35b3b5545","method":"GET","path":"/api/v1/auth/csrf","status":200,"duration_ms":5}
{"request_id":"rcc-6ff57f319af592b45426e099f0101e73","method":"POST","path":"/api/v1/auth/login","status":200,"duration_ms":51}
{"request_id":"rcc-f145e9126a010f0abcb3dc73808ec8f2","method":"GET","path":"/api/v1/table-policies/:table_name/release-templates","status":200,"duration_ms":2}
{"request_id":"rcc-4025549ea87b74b3953574f11fe1865e","method":"PUT","path":"/api/v1/table-policies/:table_name/release-templates/:release_type","status":200,"duration_ms":8}
{"request_id":"rcc-15d400009fbe6fe1d50a345cdbe7876b","method":"GET","path":"/api/v1/auth/csrf","status":200,"duration_ms":5}
{"request_id":"rcc-5bf5e9b1719ad3e9302ca92f439ecb06","method":"POST","path":"/api/v1/auth/register","status":201,"duration_ms":44}
{"request_id":"rcc-4430e362529344f7f2ea19c40ce857e5","method":"GET","path":"/api/v1/auth/csrf","status":200,"duration_ms":5}
{"request_id":"rcc-a5ded3417a5dc27212855f6eb9946a36","method":"POST","path":"/api/v1/auth/register","status":201,"duration_ms":47}
{"request_id":"rcc-fc44d3c423e617eb3b78001ad0b60b57","method":"PUT","path":"/api/v1/account-roles/:id","status":200,"duration_ms":9}
{"request_id":"rcc-4c1ce302e5d705d46e6b2996763a127b","method":"POST","path":"/api/v1/approval-roles","status":201,"duration_ms":12}
{"request_id":"rcc-69d873d458d26b75dcb15d1f5cbd72ea","method":"GET","path":"/api/v1/table-policies/:table_name/approval-roles","status":200,"duration_ms":3}
{"request_id":"rcc-dca12bf9dab4547f0bc6fb016a33a026","method":"PUT","path":"/api/v1/table-policies/:table_name/approval-roles","status":200,"duration_ms":14}
{"request_id":"rcc-1775faef7f37c2f133f32fd1c33c9132","method":"POST","path":"/api/v1/release-orders","status":201,"duration_ms":30}
{"request_id":"rcc-5223ef909b62b32881695288de76d3bd","method":"POST","path":"/api/v1/release-orders/:id/submit","status":200,"duration_ms":66}
{"request_id":"rcc-12c335c74949d3cda7af2321f1448afc","method":"GET","path":"/api/v1/release-orders/:id","status":200,"duration_ms":10}
{"request_id":"rcc-19d3edf5e2885c8216a9abc514b6d30a","method":"GET","path":"/api/v1/release-orders/:id","status":200,"duration_ms":8}
{"request_id":"rcc-eb58077ae5520f28fc2328822046ccc6","method":"POST","path":"/api/v1/release-orders/:id/approve","status":503,"duration_ms":9}
{"request_id":"rcc-9ef9d2cd998710fc805fad40b2a76ce3","method":"POST","path":"/api/v1/release-orders/:id/approve","status":503,"duration_ms":23}
{"request_id":"rcc-74a1a96165d6c5f5a46fa35d36f4ee51","method":"GET","path":"/api/v1/release-orders/:id","status":200,"duration_ms":8}
{"request_id":"rcc-6d3e71c4e007329052ecb7d727714601","method":"POST","path":"/api/v1/release-orders/:id/approve","status":200,"duration_ms":26}
{"request_id":"rcc-2938865d89c0de6a774b5cea16b3905b","method":"POST","path":"/api/v1/release-orders/:id/approve","status":409,"duration_ms":4}
2026/09/11 15:48:49 🐳 Stopping container: 9b3ebfd89fa9
2026/09/11 15:48:50 ✅ Container stopped: 9b3ebfd89fa9
2026/09/11 15:48:50 🐳 Terminating container: 9b3ebfd89fa9
2026/09/11 15:48:50 🚫 Container terminated: 9b3ebfd89fa9
--- PASS: TestTableApprovalReadAndResultFailuresDoNotGrantOrCommit (9.02s)
=== RUN   TestTableApprovalQualificationChangesSerializeWithDecisions
2026/09/11 15:48:50 🐳 Creating container for image mysql:8.4
2026/09/11 15:48:50 ✅ Container created: 795a804b0bf7
2026/09/11 15:48:50 🐳 Starting container: 795a804b0bf7
2026/09/11 15:48:50 ✅ Container started: 795a804b0bf7
2026/09/11 15:48:50 ⏳ Waiting for container id 795a804b0bf7 image: mysql:8.4. Waiting for: all of: [log message "port: 3306  MySQL Community Server"]
2026/09/11 15:48:57 🔔 Container is ready: 795a804b0bf7
{"request_id":"rcc-15096f408a21eee990a55075755f4ace","method":"GET","path":"/api/v1/auth/csrf","status":200,"duration_ms":6}
{"request_id":"rcc-2bb59b9f41cc6f6a3097b44e291ff349","method":"POST","path":"/api/v1/auth/register","status":201,"duration_ms":46}
{"request_id":"rcc-378a0bcabd112acf9b55e4ef1acb257a","method":"GET","path":"/api/v1/auth/csrf","status":200,"duration_ms":5}
{"request_id":"rcc-e83bdc8732564e55bb7393a1ebccddf4","method":"POST","path":"/api/v1/auth/login","status":200,"duration_ms":53}
{"request_id":"rcc-682f4a27bde7750ac7466205dbd2b405","method":"GET","path":"/api/v1/table-policies/:table_name/release-templates","status":200,"duration_ms":2}
{"request_id":"rcc-117a17783de5c81971a59a97a63bedc0","method":"PUT","path":"/api/v1/table-policies/:table_name/release-templates/:release_type","status":200,"duration_ms":9}
{"request_id":"rcc-f838727a8412434c5fd579021e85d14d","method":"GET","path":"/api/v1/auth/csrf","status":200,"duration_ms":5}
{"request_id":"rcc-9852a41486a1f2143d80f4ba0301acb1","method":"POST","path":"/api/v1/auth/register","status":201,"duration_ms":44}
{"request_id":"rcc-4e3d4cb63ba7e6682614e28002b7a13e","method":"GET","path":"/api/v1/auth/csrf","status":200,"duration_ms":5}
{"request_id":"rcc-4d9796b9e2fccb8906d3f19cd6add21e","method":"POST","path":"/api/v1/auth/register","status":201,"duration_ms":44}
{"request_id":"rcc-5def5be9e6af33bb8fb91a53a505eb7d","method":"PUT","path":"/api/v1/account-roles/:id","status":200,"duration_ms":10}
{"request_id":"rcc-e0f62cb5b8f75dfd97544ef0be472d9d","method":"POST","path":"/api/v1/approval-roles","status":201,"duration_ms":13}
=== RUN   TestTableApprovalQualificationChangesSerializeWithDecisions/membership
{"request_id":"rcc-69b40f0d23fa3e7da739bb99624e63c8","method":"PUT","path":"/api/v1/approval-roles/:id","status":200,"duration_ms":18}
{"request_id":"rcc-29a640a9eca686415da59b01b4a19fc6","method":"GET","path":"/api/v1/table-policies/:table_name/approval-roles","status":200,"duration_ms":3}
{"request_id":"rcc-04b3fd761d325afa7af4d9932b60d0fb","method":"PUT","path":"/api/v1/table-policies/:table_name/approval-roles","status":200,"duration_ms":14}
{"request_id":"rcc-9cee91ca68be9a103783d8b4418dcd91","method":"POST","path":"/api/v1/release-orders","status":201,"duration_ms":29}
{"request_id":"rcc-2f3a31dd37a5a5dabd07487546b11cfa","method":"POST","path":"/api/v1/release-orders/:id/submit","status":200,"duration_ms":72}
{"request_id":"rcc-8dc3dbbb4599ac84f89d77bff5314242","method":"GET","path":"/api/v1/release-orders/:id","status":200,"duration_ms":6}
{"request_id":"rcc-c371151dd6d94b1efdc1376f1e7b40ea","method":"PUT","path":"/api/v1/approval-roles/:id","status":200,"duration_ms":23}
{"request_id":"rcc-57a55a6d5fff443c370ce51ca2086121","method":"POST","path":"/api/v1/release-orders/:id/approve","status":409,"duration_ms":30}
{"request_id":"rcc-73473b2c0f150ad9b15540bdd31a1b73","method":"GET","path":"/api/v1/release-orders/:id","status":200,"duration_ms":6}
{"request_id":"rcc-1227653f73f66b1be9f56b327b2fa61b","method":"GET","path":"/api/v1/approval-roles/:id","status":200,"duration_ms":3}
=== RUN   TestTableApprovalQualificationChangesSerializeWithDecisions/role-disabled
{"request_id":"rcc-e76aeaf5d6d5e4483ea73586d3e85e6a","method":"PUT","path":"/api/v1/approval-roles/:id","status":200,"duration_ms":25}
{"request_id":"rcc-6307b59e3999d8f4b4bbc09f23a2cb93","method":"GET","path":"/api/v1/table-policies/:table_name/approval-roles","status":200,"duration_ms":5}
{"request_id":"rcc-24b9e2e3eb41826ae0a1804d6175df83","method":"PUT","path":"/api/v1/table-policies/:table_name/approval-roles","status":200,"duration_ms":19}
{"request_id":"rcc-9b09f33dbfb47789fd8cf3ce138fb74d","method":"POST","path":"/api/v1/release-orders","status":201,"duration_ms":29}
{"request_id":"rcc-6fcef6092fd014dbb104c4ab7dac8514","method":"POST","path":"/api/v1/release-orders/:id/submit","status":200,"duration_ms":63}
{"request_id":"rcc-2bd51eb1b3e2f8d7fa5a668ec48836dc","method":"GET","path":"/api/v1/release-orders/:id","status":200,"duration_ms":6}
{"request_id":"rcc-42042a99c1b9cf379b19dc98154c8a2f","method":"PUT","path":"/api/v1/approval-roles/:id","status":200,"duration_ms":29}
{"request_id":"rcc-c30325af01ed3af361a875b69945abf9","method":"POST","path":"/api/v1/release-orders/:id/approve","status":409,"duration_ms":37}
{"request_id":"rcc-f5264995a4ef6713c3acd2979c1e9827","method":"GET","path":"/api/v1/release-orders/:id","status":200,"duration_ms":6}
{"request_id":"rcc-d80b5caf9c0326d42c95e19d259ffc81","method":"GET","path":"/api/v1/approval-roles/:id","status":200,"duration_ms":3}
=== RUN   TestTableApprovalQualificationChangesSerializeWithDecisions/account-disabled
{"request_id":"rcc-8bf6920bdde00b79acf8be26e43fb778","method":"PUT","path":"/api/v1/approval-roles/:id","status":200,"duration_ms":31}
{"request_id":"rcc-fadcaed8f1b2e5c8c6280ef459334403","method":"GET","path":"/api/v1/table-policies/:table_name/approval-roles","status":200,"duration_ms":5}
{"request_id":"rcc-538769200022d6257309a4ce00d10abf","method":"PUT","path":"/api/v1/table-policies/:table_name/approval-roles","status":200,"duration_ms":16}
{"request_id":"rcc-1880819b319272515b7511fec2404053","method":"POST","path":"/api/v1/release-orders","status":201,"duration_ms":28}
{"request_id":"rcc-2c70784b2f8ea8ca868512e76e579e42","method":"POST","path":"/api/v1/release-orders/:id/submit","status":200,"duration_ms":65}
{"request_id":"rcc-088b8cfd5fb0ea18245900ba2dae642c","method":"GET","path":"/api/v1/release-orders/:id","status":200,"duration_ms":8}
{"request_id":"rcc-e76e679e9a56f13b4343f5921f4a5559","method":"POST","path":"/api/v1/release-orders/:id/approve","status":200,"duration_ms":29}
{"request_id":"rcc-c2429d8bffec12a6efa65c1f3dc827d5","method":"GET","path":"/api/v1/release-orders/:id","status":200,"duration_ms":7}
{"request_id":"rcc-c4a12bd8395f192ca6b1116e2974127e","method":"GET","path":"/api/v1/approval-roles/:id","status":200,"duration_ms":4}
=== RUN   TestTableApprovalQualificationChangesSerializeWithDecisions/admin-revoked
{"request_id":"rcc-766f6c33751e636eb0fbdfa19341984e","method":"PUT","path":"/api/v1/approval-roles/:id","status":200,"duration_ms":28}
{"request_id":"rcc-65f342dd9352f9a5cba12dafc3755130","method":"GET","path":"/api/v1/table-policies/:table_name/approval-roles","status":200,"duration_ms":5}
{"request_id":"rcc-79701716a9d347c9a6e2806ca1c72bb1","method":"PUT","path":"/api/v1/table-policies/:table_name/approval-roles","status":200,"duration_ms":21}
{"request_id":"rcc-11176b0a18a869990c60dafba83415d0","method":"GET","path":"/api/v1/table-policies/:table_name/approval-roles","status":200,"duration_ms":5}
{"request_id":"rcc-ced728432f6f56670b20252cda35de5b","method":"PUT","path":"/api/v1/table-policies/:table_name/approval-roles","status":200,"duration_ms":12}
{"request_id":"rcc-efc4b793055bf311b56ddb7e9fb11dd8","method":"POST","path":"/api/v1/release-orders","status":201,"duration_ms":24}
{"request_id":"rcc-c4115a97bcbab0829bd46abfb2439693","method":"POST","path":"/api/v1/release-orders/:id/submit","status":200,"duration_ms":55}
{"request_id":"rcc-1ac0f22f31e15c9a0b94755128140504","method":"GET","path":"/api/v1/release-orders/:id","status":200,"duration_ms":4}
{"request_id":"rcc-1a940c2ed38a0367d0d87ceb583f0fc3","method":"PUT","path":"/api/v1/account-roles/:id","status":200,"duration_ms":25}
{"request_id":"rcc-b6ab1efeb21bcb77c75889fd9ac15635","method":"POST","path":"/api/v1/release-orders/:id/approve","status":409,"duration_ms":31}
{"request_id":"rcc-63fcdc5c2ab13dc61115b3a42146b6f6","method":"GET","path":"/api/v1/release-orders/:id","status":200,"duration_ms":4}
2026/09/11 15:49:01 🐳 Stopping container: 795a804b0bf7
2026/09/11 15:49:02 ✅ Container stopped: 795a804b0bf7
2026/09/11 15:49:02 🐳 Terminating container: 795a804b0bf7
2026/09/11 15:49:02 🚫 Container terminated: 795a804b0bf7
--- PASS: TestTableApprovalQualificationChangesSerializeWithDecisions (12.53s)
    --- PASS: TestTableApprovalQualificationChangesSerializeWithDecisions/membership (0.19s)
    --- PASS: TestTableApprovalQualificationChangesSerializeWithDecisions/role-disabled (0.20s)
    --- PASS: TestTableApprovalQualificationChangesSerializeWithDecisions/account-disabled (0.67s)
    --- PASS: TestTableApprovalQualificationChangesSerializeWithDecisions/admin-revoked (0.20s)
FAIL
FAIL	github.com/asherzj/relational-config-center/admin/cmd/admin	536.715s
FAIL
