{"request_id":"rcc-169769cd6ffb742874c448e8469890e8","method":"GET","path":"/api/v1/query-policies","status":401,"duration_ms":0}
{"request_id":"rcc-560cd1e90c55b76df02a3492ee292569","method":"GET","path":"/api/v1/query-policies","status":401,"duration_ms":0}
{"request_id":"rcc-14fed293232b670901a6101626e6206e","method":"GET","path":"/api/v1/query-policies","status":401,"duration_ms":0}
{"request_id":"rcc-9bbe6f88c45d2e015b480839d39e3ac8","method":"GET","path":"/api/v1/auth/csrf","status":200,"duration_ms":12}
{"request_id":"rcc-e2c23fa60d32c37684c50b2fa10089c2","method":"POST","path":"/api/v1/auth/register","status":201,"duration_ms":46}
{"request_id":"rcc-f9760088f828434644228f3b455c8069","method":"GET","path":"/api/v1/auth/session","status":200,"duration_ms":1}
{"request_id":"rcc-bcda2b6d783d6cd2c6b6fbab40b097e9","method":"GET","path":"/api/v1/account-roles","status":200,"duration_ms":2}
{"request_id":"rcc-0488620fc67cd70eec14c1f8469e1bbf","method":"GET","path":"/api/v1/query-policies","status":200,"duration_ms":2}
{"request_id":"rcc-fa2054c54ef769498174088504036115","method":"POST","path":"/api/v1/tables/:table_name/query","status":403,"duration_ms":1}
{"request_id":"rcc-532dbd6636c4a07b4853281430b7b213","method":"GET","path":"/api/v1/auth/session","status":200,"duration_ms":1}
{"request_id":"rcc-d5edb61f67f2b03ffb6931dd47e4959a","method":"POST","path":"/api/v1/tables/:table_name/query","status":200,"duration_ms":31}
{"request_id":"rcc-f991ee48420b534649d36a6d69c81727","method":"GET","path":"/api/v1/auth/session","status":200,"duration_ms":1}
{"request_id":"rcc-5b9dcdc42d73aa749a4b80e2832df110","method":"POST","path":"/api/v1/auth/logout","status":204,"duration_ms":4}
{"request_id":"rcc-9970070c92bcbdf04d937c3fc3df40f1","method":"GET","path":"/api/v1/query-policies","status":401,"duration_ms":0}
{"request_id":"rcc-8b88f59e7b69d37503c52b58b975fb80","method":"GET","path":"/api/v1/auth/csrf","status":200,"duration_ms":9}
{"request_id":"rcc-f71b1250db069d91ffa59f9e2f37870c","method":"POST","path":"/api/v1/auth/register","status":201,"duration_ms":47}
{"request_id":"rcc-123e3c5bf24dd682aa3475a45e106b41","method":"GET","path":"/api/v1/auth/session","status":200,"duration_ms":1}
{"request_id":"rcc-d575701586c11da37c56b1b160cf7972","method":"GET","path":"/api/v1/account-roles","status":200,"duration_ms":2}
{"request_id":"rcc-9859419b7d231064f035d7556959af7b","method":"GET","path":"/api/v1/auth/csrf","status":200,"duration_ms":6}
{"request_id":"rcc-91db204a22bae938bd6d3c785fefffe4","method":"POST","path":"/api/v1/auth/register","status":201,"duration_ms":43}
{"request_id":"rcc-3aa258f5db3ff535c2b718f4db90040d","method":"GET","path":"/api/v1/auth/session","status":200,"duration_ms":1}
{"request_id":"rcc-abcb7eaf225098dcb3399a6ba26b6086","method":"GET","path":"/api/v1/account-roles","status":200,"duration_ms":1}
{"request_id":"rcc-91ee53139522468dc47d48aa10be90ee","method":"GET","path":"/api/v1/auth/session","status":200,"duration_ms":1}
{"request_id":"rcc-8b526ab614e54a3734f2489fd7f62c3d","method":"PUT","path":"/api/v1/account-roles/:id","status":200,"duration_ms":12}
{"request_id":"rcc-ca5442f1c69ac96e6f41c4038f11c93b","method":"GET","path":"/api/v1/auth/csrf","status":200,"duration_ms":5}
{"request_id":"rcc-54a965a657da7d3f610c90b9be303585","method":"POST","path":"/api/v1/auth/register","status":201,"duration_ms":46}
{"request_id":"rcc-d8f8a3e3560c436201f12468ff28f171","method":"GET","path":"/api/v1/auth/session","status":200,"duration_ms":1}
{"request_id":"rcc-0403a40bb926594213667655cf863eea","method":"GET","path":"/api/v1/account-roles","status":200,"duration_ms":2}
{"request_id":"rcc-42ff399e810f999461e2006821375ab5","method":"GET","path":"/api/v1/auth/session","status":200,"duration_ms":1}
{"request_id":"rcc-490ba30536077b583ce6fcdaa51aae26","method":"PUT","path":"/api/v1/account-roles/:id","status":200,"duration_ms":10}
{"request_id":"rcc-44f114549400f8197694930a84dcfbf6","method":"GET","path":"/api/v1/auth/session","status":200,"duration_ms":1}
{"request_id":"rcc-4ec19a1fed0b1b2d86988fed484f8947","method":"GET","path":"/api/v1/auth/session","status":200,"duration_ms":0}
{"request_id":"rcc-5dd7865b2dc9184023ad049f6004a2ab","method":"POST","path":"/api/v1/approval-roles","status":201,"duration_ms":17}
{"request_id":"rcc-0d804893772e3cb98b40701130167c9b","method":"GET","path":"/api/v1/auth/session","status":200,"duration_ms":1}
{"request_id":"rcc-bf549847f740b3e63933c017bcc4f6ed","method":"GET","path":"/api/v1/table-policies/:table_name/approval-roles","status":200,"duration_ms":4}
{"request_id":"rcc-c6602964dba8645e589104b16a69776c","method":"GET","path":"/api/v1/auth/session","status":200,"duration_ms":0}
{"request_id":"rcc-d8d1e20f2e209824ca6f82a30b4231cd","method":"PUT","path":"/api/v1/table-policies/:table_name/approval-roles","status":200,"duration_ms":19}
{"request_id":"rcc-e584687616b1dae26bd0f8f430898fbd","method":"GET","path":"/api/v1/auth/csrf","status":200,"duration_ms":6}
{"request_id":"rcc-2d49c162d7a19da303ba363774c8b69c","method":"POST","path":"/api/v1/auth/register","status":201,"duration_ms":43}
{"request_id":"rcc-6b110c6d555cc25279be393b75c3dd2e","method":"GET","path":"/api/v1/auth/session","status":200,"duration_ms":1}
{"request_id":"rcc-b6762279292c4294877f8c1398302e02","method":"GET","path":"/api/v1/account-roles","status":200,"duration_ms":1}
{"request_id":"rcc-886b7a3126a6430659fc886ea2773786","method":"GET","path":"/api/v1/auth/session","status":200,"duration_ms":1}
{"request_id":"rcc-f3217f0d35e6d9f5364ead5c8c88c521","method":"PUT","path":"/api/v1/account-roles/:id","status":200,"duration_ms":12}
{"request_id":"rcc-bbdf7781ae64ca21fa7da86d3f7c2c33","method":"GET","path":"/api/v1/auth/session","status":200,"duration_ms":1}
{"request_id":"rcc-585976810af95bd8fbf2f5375f455e1e","method":"POST","path":"/api/v1/release-orders","status":201,"duration_ms":30}
{"request_id":"rcc-2fc0fa0a03940c49d397adb00d497bfd","method":"GET","path":"/api/v1/auth/session","status":200,"duration_ms":0}
{"request_id":"rcc-a64eca3213c4885af26e194e376a9d80","method":"POST","path":"/api/v1/release-orders/:id/submit","status":200,"duration_ms":62}
{"request_id":"rcc-f0e21bd3345a4edbcc47272d396b1bec","method":"GET","path":"/api/v1/auth/session","status":200,"duration_ms":0}
{"request_id":"rcc-e1e30e2613fafd77e89fc7cdd24583f0","method":"GET","path":"/api/v1/release-orders/:id","status":200,"duration_ms":7}
{"request_id":"rcc-e3e5581e6637fd6b34f7cf7f10a8fe52","method":"GET","path":"/api/v1/auth/session","status":200,"duration_ms":1}
{"request_id":"rcc-cb6c5a0c5bb9f7a5f611ca67a4e0ca83","method":"POST","path":"/api/v1/release-orders/:id/approve","status":200,"duration_ms":25}
{"request_id":"rcc-4d346f5822bd31fd5e85693b53c9207f","method":"GET","path":"/api/v1/auth/session","status":200,"duration_ms":1}
{"request_id":"rcc-208ace981995d69210510aeaba54a17c","method":"GET","path":"/api/v1/release-orders","status":200,"duration_ms":8}
{"request_id":"rcc-b9d0e91330b2c78b82bc3898d649d693","method":"GET","path":"/api/v1/release-orders/:id","status":200,"duration_ms":9}
{"request_id":"rcc-7225aeaf716cecfd8f91c8fd2431ce4e","method":"POST","path":"/api/v1/auth/activity","status":200,"duration_ms":8}
{"request_id":"rcc-92d5b0b93a22930354ee84a7ceeed776","method":"GET","path":"/api/v1/release-orders/:id/details","status":200,"duration_ms":8}
{"request_id":"rcc-0a758915380047385aa14337db1b83be","method":"GET","path":"/api/v1/table-field-policies/:table_name","status":200,"duration_ms":10}
{"request_id":"rcc-c9eee71ecf4b148cbf986ff130ac3dc5","method":"GET","path":"/api/v1/release-orders/:id/people","status":200,"duration_ms":16}
{"request_id":"rcc-188975a69f9df04e314a5d6b8b6c748f","method":"GET","path":"/api/v1/release-orders/:id/details","status":200,"duration_ms":9}
{"request_id":"rcc-1796c8cba2033f9b2780d462fb338792","method":"POST","path":"/api/v1/release-orders/:id/execute","status":200,"duration_ms":100}
{"request_id":"rcc-484e6a5d51bd28fa0a1aef1df59da12a","method":"GET","path":"/api/v1/release-orders/:id","status":200,"duration_ms":9}
{"request_id":"rcc-bc2a286e2103aadc65379f69ce704cf8","method":"GET","path":"/api/v1/release-orders/:id/details","status":200,"duration_ms":6}
{"request_id":"rcc-dc76dad5b8aaa6d5278ed90ce08e2ade","method":"GET","path":"/api/v1/auth/session","status":200,"duration_ms":1}
{"request_id":"rcc-88991ebd3cfb5ad76cc882dbf9eb8511","method":"GET","path":"/api/v1/release-orders/:id","status":200,"duration_ms":12}
{"request_id":"rcc-b660e492d749dabbc50979d4f1a89eed","method":"GET","path":"/api/v1/auth/session","status":200,"duration_ms":1}
{"request_id":"rcc-80120c13cc571c403f59f01af3002639","method":"GET","path":"/api/v1/release-orders/:id/details","status":200,"duration_ms":8}
{"request_id":"rcc-a3b28b0ac375f3269d1c019e68901c13","method":"GET","path":"/api/v1/auth/session","status":200,"duration_ms":1}
{"request_id":"rcc-e06bab20975783ab79c7e6d682a06fde","method":"GET","path":"/api/v1/release-orders/:id","status":200,"duration_ms":8}
{"request_id":"rcc-e185f4b2814b0aa9b435902e3a500758","method":"GET","path":"/api/v1/auth/session","status":200,"duration_ms":1}
{"request_id":"rcc-e9b25ed1f6edee983598f5ce47d09272","method":"GET","path":"/api/v1/release-orders/:id/details","status":200,"duration_ms":6}
{"request_id":"rcc-fc048dd50b28340e365b9de3320841df","method":"GET","path":"/api/v1/auth/session","status":200,"duration_ms":2}
{"request_id":"rcc-9b59fef71704e3451a0742945de24617","method":"GET","path":"/api/v1/release-orders/:id","status":200,"duration_ms":11}
{"request_id":"rcc-4e4c60890c464ed1ddc3866e63602157","method":"GET","path":"/api/v1/table-field-policies/:table_name","status":200,"duration_ms":8}
{"request_id":"rcc-ba06daede2ab092d9be149b979e55db2","method":"GET","path":"/api/v1/release-orders/:id/details","status":200,"duration_ms":10}
{"request_id":"rcc-b5551deb43f0218ebd9f0fec401df615","method":"GET","path":"/api/v1/release-orders/:id/people","status":200,"duration_ms":16}
{"request_id":"rcc-d1c76c118a02f3fd42a48c12b9f23a9d","method":"GET","path":"/api/v1/release-orders/:id/details","status":200,"duration_ms":10}
{"request_id":"rcc-4d303da577fceb241bf7e8294735bdb2","method":"POST","path":"/api/v1/release-orders/:id/execute","status":200,"duration_ms":26}
{"request_id":"rcc-92c0b73809115e6c38f1eb2c60386f16","method":"GET","path":"/api/v1/release-orders/:id","status":200,"duration_ms":13}
{"request_id":"rcc-5d0588b7e479345b4bf65ad0e48e707d","method":"GET","path":"/api/v1/release-orders/:id/people","status":200,"duration_ms":14}
{"request_id":"rcc-27508ddf60944c04fce95e3d2fa1fee0","method":"GET","path":"/api/v1/auth/session","status":200,"duration_ms":1}
{"request_id":"rcc-d3b09e27d31de98e543ce8886225b33f","method":"GET","path":"/api/v1/release-orders/:id","status":200,"duration_ms":10}
{"request_id":"rcc-217d1db191403181e85a0ae3788af335","method":"GET","path":"/api/v1/auth/session","status":200,"duration_ms":1}
{"request_id":"rcc-34cb6f38a05a28eb1fb67b57c07d914d","method":"GET","path":"/api/v1/release-orders/:id/details","status":200,"duration_ms":9}
{"request_id":"rcc-26088ccf702c583c75fd9955088f442f","method":"GET","path":"/api/v1/auth/session","status":200,"duration_ms":1}
{"request_id":"rcc-a04eb393f37dfad96751c1fc39cae46b","method":"POST","path":"/api/v1/release-orders","status":201,"duration_ms":31}
{"request_id":"rcc-6d28020100e74ffb3c8e639936d509a5","method":"GET","path":"/api/v1/auth/session","status":200,"duration_ms":1}
{"request_id":"rcc-fa2faad059cd2b0625db2be737092db7","method":"POST","path":"/api/v1/release-orders/:id/submit","status":200,"duration_ms":64}
{"request_id":"rcc-4d85a35d36c640c7bfe05a7a048ee8be","method":"GET","path":"/api/v1/auth/session","status":200,"duration_ms":0}
{"request_id":"rcc-e691d2c90703c40f932bd13d728a2d85","method":"GET","path":"/api/v1/release-orders/:id","status":200,"duration_ms":9}
{"request_id":"rcc-215b21edeb7827653d4f098838746832","method":"GET","path":"/api/v1/auth/session","status":200,"duration_ms":1}
{"request_id":"rcc-5933e504e9228c2c90a58fdbe4ed874c","method":"POST","path":"/api/v1/release-orders/:id/approve","status":200,"duration_ms":28}
{"request_id":"rcc-93bf3b115dd1025af9771bc7733299fb","method":"GET","path":"/api/v1/auth/session","status":200,"duration_ms":2}
{"request_id":"rcc-60086ab8a1192b2132dcd288b989f8b2","method":"GET","path":"/api/v1/release-orders","status":200,"duration_ms":18}
{"request_id":"rcc-3ddb3f2ab707f529a40612de065e48bb","method":"GET","path":"/api/v1/release-orders/:id","status":200,"duration_ms":11}
{"request_id":"rcc-b5c545313974de5918a7a63eb69ba38d","method":"GET","path":"/api/v1/table-field-policies/:table_name","status":200,"duration_ms":7}
{"request_id":"rcc-fcd5eb797feffbbdeb03ac9146c20fdb","method":"GET","path":"/api/v1/release-orders/:id/details","status":200,"duration_ms":8}
{"request_id":"rcc-e210aa793173c089f9a3cfa46201179f","method":"GET","path":"/api/v1/release-orders/:id/people","status":200,"duration_ms":16}
{"request_id":"rcc-84231dcbbd6c7b5b9863e97f250f3f7a","method":"GET","path":"/api/v1/release-orders/:id/details","status":200,"duration_ms":10}
{"request_id":"rcc-ce56daac13d0381db75b5d920780b21c","method":"POST","path":"/api/v1/release-orders/:id/execute","status":200,"duration_ms":95}
{"request_id":"rcc-6df55500f0d241d4e9692f5220e3175b","method":"GET","path":"/api/v1/release-orders/:id","status":200,"duration_ms":9}
{"request_id":"rcc-2f5c5683b37e91171fb49d7f6eece6ee","method":"GET","path":"/api/v1/release-orders/:id/details","status":200,"duration_ms":7}
{"request_id":"rcc-0d2ebe648bece53cfab1d0da57772d2c","method":"GET","path":"/api/v1/auth/session","status":200,"duration_ms":1}
{"request_id":"rcc-49ebf22856bd772c0839313253d3b515","method":"GET","path":"/api/v1/release-orders/:id","status":200,"duration_ms":11}
{"request_id":"rcc-c471c909045e551bb29736e86f7f75c7","method":"GET","path":"/api/v1/auth/session","status":200,"duration_ms":1}
{"request_id":"rcc-cb46129b93dd3ba12c0ff726e987cccb","method":"GET","path":"/api/v1/release-orders/:id/details","status":200,"duration_ms":6}
{"request_id":"rcc-15a2a69139b81b53d267b6410ee95c0d","method":"GET","path":"/api/v1/auth/session","status":200,"duration_ms":1}
{"request_id":"rcc-2f213bd3599768c3b99d0ad77ab29143","method":"GET","path":"/api/v1/release-orders/:id","status":200,"duration_ms":12}
{"request_id":"rcc-2ec1ae1426e49cbaf92313e4f5ee6894","method":"GET","path":"/api/v1/auth/session","status":200,"duration_ms":1}
{"request_id":"rcc-6bda0c3e30e5f8907434d63d3dc07aa9","method":"GET","path":"/api/v1/release-orders/:id/details","status":200,"duration_ms":7}
{"request_id":"rcc-f12cd130cc45fc71bf7d9c1164e3763e","method":"POST","path":"/api/v1/release-orders/:id/execute","status":200,"duration_ms":22}
{"request_id":"rcc-e7effa1b359f132b5e3a71f86e0695dc","method":"GET","path":"/api/v1/release-orders/:id","status":200,"duration_ms":12}
{"request_id":"rcc-7ddf3aaffe7ff47759b52165bd2b1f28","method":"GET","path":"/api/v1/release-orders/:id/people","status":200,"duration_ms":12}
{"request_id":"rcc-e74420d3a943a83af871413c8879b5b8","method":"GET","path":"/api/v1/auth/session","status":200,"duration_ms":1}
{"request_id":"rcc-d2ea33476416394beb249daa5bb1e35a","method":"GET","path":"/api/v1/release-orders/:id","status":200,"duration_ms":10}
{"request_id":"rcc-d09b12a72a8f64d0dd0be6965765b91b","method":"GET","path":"/api/v1/auth/session","status":200,"duration_ms":1}
{"request_id":"rcc-bf8dcf910f78cab1088d7509388455dc","method":"GET","path":"/api/v1/release-orders/:id/details","status":200,"duration_ms":5}
{"request_id":"rcc-2e43af879706f58da98accf7501a5293","method":"GET","path":"/api/v1/auth/session","status":200,"duration_ms":1}
{"request_id":"rcc-b2b6a098d491e77ad639a7a88e162d0b","method":"POST","path":"/api/v1/release-orders","status":201,"duration_ms":28}
{"request_id":"rcc-4d48afe3ffb6f0551afcd6262defbd17","method":"GET","path":"/api/v1/auth/session","status":200,"duration_ms":1}
{"request_id":"rcc-fd77303697d69fa379850e4d6edc1708","method":"POST","path":"/api/v1/release-orders/:id/submit","status":200,"duration_ms":66}
{"request_id":"rcc-54bf63865638bc5d62b1e83f01c5904a","method":"GET","path":"/api/v1/auth/session","status":200,"duration_ms":1}
{"request_id":"rcc-9d84de3c10ec53db124903f28678d1b9","method":"GET","path":"/api/v1/release-orders/:id","status":200,"duration_ms":10}
{"request_id":"rcc-2074b8c7933c89ae9685c4866cf66d72","method":"GET","path":"/api/v1/auth/session","status":200,"duration_ms":1}
{"request_id":"rcc-80f5b1ab679cd50174ea377cd2b92d9a","method":"POST","path":"/api/v1/release-orders/:id/approve","status":200,"duration_ms":26}
{"request_id":"rcc-44b79259713a5f617c58378f0d8b9e01","method":"GET","path":"/api/v1/auth/session","status":200,"duration_ms":2}
{"request_id":"rcc-43457bf2794ecf4ee4bf601af544da66","method":"GET","path":"/api/v1/release-orders","status":200,"duration_ms":24}
{"request_id":"rcc-f6d0facc06e7f06e35e19497b8aa2be9","method":"GET","path":"/api/v1/release-orders/:id","status":200,"duration_ms":10}
{"request_id":"rcc-78e04714022b86346db5ff350156fd91","method":"GET","path":"/api/v1/table-field-policies/:table_name","status":200,"duration_ms":7}
{"request_id":"rcc-003a9e855e73de25db2e7e7ca784adfa","method":"GET","path":"/api/v1/release-orders/:id/details","status":200,"duration_ms":8}
{"request_id":"rcc-da642676d82d1f708b5618a1b4627084","method":"GET","path":"/api/v1/release-orders/:id/people","status":200,"duration_ms":15}
{"request_id":"rcc-babcd559f07ac252cbbcba58e004fcdd","method":"GET","path":"/api/v1/release-orders/:id/details","status":200,"duration_ms":10}
{"request_id":"rcc-d9b292883a97fbd8272706e302c4d84f","method":"POST","path":"/api/v1/release-orders/:id/execute","status":200,"duration_ms":91}
{"request_id":"rcc-73ea47a39cb142c027af8eb501775b3d","method":"GET","path":"/api/v1/release-orders/:id","status":200,"duration_ms":12}
{"request_id":"rcc-319e248ed9f6d0fb0c2790e42e8a6ea7","method":"GET","path":"/api/v1/release-orders/:id/details","status":200,"duration_ms":7}
{"request_id":"rcc-00a2ae9196fa39dbadfc9223d96f5d2a","method":"GET","path":"/api/v1/auth/session","status":200,"duration_ms":1}
{"request_id":"rcc-177ce95b0e9ca7990b325f9d50274bd2","method":"GET","path":"/api/v1/release-orders/:id","status":200,"duration_ms":11}
{"request_id":"rcc-92a3de98b119cc853300b42642461c5b","method":"GET","path":"/api/v1/auth/session","status":200,"duration_ms":1}
{"request_id":"rcc-51653e5cb6f6637c94ebe20e5bb1830f","method":"GET","path":"/api/v1/release-orders/:id/details","status":200,"duration_ms":6}
{"request_id":"rcc-add071b993bbc0f9f3102b86dd89c04e","method":"GET","path":"/api/v1/auth/session","status":200,"duration_ms":1}
{"request_id":"rcc-8a3fa7be902dbe253569b7f68762e9b0","method":"GET","path":"/api/v1/release-orders/:id","status":200,"duration_ms":11}
{"request_id":"rcc-9d63c419c495e2fad0018033640f174e","method":"GET","path":"/api/v1/auth/session","status":200,"duration_ms":1}
{"request_id":"rcc-3e74947263893c2feae7cc14418a9203","method":"GET","path":"/api/v1/release-orders/:id/details","status":200,"duration_ms":6}
{"request_id":"rcc-305594b070bb7218bbcc77f665a9bc9e","method":"POST","path":"/api/v1/release-orders/:id/execute","status":200,"duration_ms":23}
{"request_id":"rcc-3a3f50a43bb3e37616ab64feca1f7508","method":"GET","path":"/api/v1/release-orders/:id","status":200,"duration_ms":13}
{"request_id":"rcc-35e58e7dfd95fa09b1e0c57304ca5893","method":"GET","path":"/api/v1/release-orders/:id/people","status":200,"duration_ms":15}
{"request_id":"rcc-990a5c1bce76b9f9b109345677b4b9f3","method":"GET","path":"/api/v1/auth/session","status":200,"duration_ms":1}
{"request_id":"rcc-3ba8ce45b30c592b8c7cfeb8d6941f2f","method":"GET","path":"/api/v1/release-orders/:id","status":200,"duration_ms":10}
{"request_id":"rcc-2e1043b70443e2ae59bdcf411eb8c57b","method":"GET","path":"/api/v1/auth/session","status":200,"duration_ms":1}
{"request_id":"rcc-92ba199d66f979df90d85ce3bf63fb63","method":"GET","path":"/api/v1/release-orders/:id/details","status":200,"duration_ms":7}
{"request_id":"rcc-ccf444b947087735127b7a6c78f74a3a","method":"GET","path":"/api/v1/auth/session","status":200,"duration_ms":1}
{"request_id":"rcc-2c4792e6b71606119520918fb44820a6","method":"POST","path":"/api/v1/release-orders","status":201,"duration_ms":31}
{"request_id":"rcc-231c788f029b75bdd29a0b1778f4a8a2","method":"GET","path":"/api/v1/auth/session","status":200,"duration_ms":1}
{"request_id":"rcc-4ebdf6fbb7c6777e487961690d382784","method":"POST","path":"/api/v1/release-orders/:id/submit","status":200,"duration_ms":62}
{"request_id":"rcc-5c8c99f33d1ce13b62ab528399554a67","method":"GET","path":"/api/v1/auth/session","status":200,"duration_ms":0}
{"request_id":"rcc-93f53ab10deff6c2e4e5287353c4b16a","method":"GET","path":"/api/v1/release-orders/:id","status":200,"duration_ms":8}
{"request_id":"rcc-e8f7533abf67b69dfdad0f14b077f88e","method":"GET","path":"/api/v1/auth/session","status":200,"duration_ms":1}
{"request_id":"rcc-75ef67a319c3f0d3a0863d6d33802dab","method":"POST","path":"/api/v1/release-orders/:id/approve","status":200,"duration_ms":27}
{"request_id":"rcc-593927c377b232a93b00a5617ba15db2","method":"GET","path":"/api/v1/auth/session","status":200,"duration_ms":1}
{"request_id":"rcc-0c8e1631e3f52ad420bac86ea9177cd6","method":"GET","path":"/api/v1/release-orders","status":200,"duration_ms":24}
{"request_id":"rcc-5d99a00ac0b9b28ec78d4fc8c9c8ba48","method":"GET","path":"/api/v1/release-orders/:id","status":200,"duration_ms":11}
{"request_id":"rcc-13357d1d89eb717cc139c80090ef335a","method":"GET","path":"/api/v1/table-field-policies/:table_name","status":200,"duration_ms":7}
{"request_id":"rcc-e8c2c59ce493c97be9c10e572aae9ca9","method":"GET","path":"/api/v1/release-orders/:id/details","status":200,"duration_ms":7}
{"request_id":"rcc-f63c4f1b4ea4a821eafd4366f8585eb9","method":"GET","path":"/api/v1/release-orders/:id/people","status":200,"duration_ms":14}
{"request_id":"rcc-7252f87c306b9f957f6e8f6a7c35d0d5","method":"GET","path":"/api/v1/release-orders/:id/details","status":200,"duration_ms":9}
{"request_id":"rcc-25140944fee8d8ecb9b965c8cf48a07c","method":"POST","path":"/api/v1/release-orders/:id/execute","status":200,"duration_ms":85}
{"request_id":"rcc-bf9346596d9f52efaae99c536dcb2c4d","method":"GET","path":"/api/v1/release-orders/:id","status":200,"duration_ms":9}
{"request_id":"rcc-3bb8e17a5a0d47d5b35f2d783961943c","method":"GET","path":"/api/v1/release-orders/:id/details","status":200,"duration_ms":5}
{"request_id":"rcc-c0f5f23d4534332fcf67500402fad994","method":"GET","path":"/api/v1/auth/session","status":200,"duration_ms":1}
{"request_id":"rcc-ee0a8a7d328b4572bca7e86570a57aad","method":"GET","path":"/api/v1/release-orders/:id","status":200,"duration_ms":10}
{"request_id":"rcc-4aef0f783bf3612763e00d59383e129f","method":"GET","path":"/api/v1/auth/session","status":200,"duration_ms":1}
{"request_id":"rcc-ce8f13f2c107fb1ce7c121a96e4bd5d9","method":"GET","path":"/api/v1/release-orders/:id/details","status":200,"duration_ms":7}
{"request_id":"rcc-f2285004035b0a70a63a5e85a683991f","method":"GET","path":"/api/v1/auth/session","status":200,"duration_ms":1}
{"request_id":"rcc-e9f13e2807513bb3ec4c4e64ec6a661e","method":"GET","path":"/api/v1/release-orders/:id","status":200,"duration_ms":10}
{"request_id":"rcc-df394b5511e30fe17fed6110a6b74de8","method":"GET","path":"/api/v1/auth/session","status":200,"duration_ms":1}
{"request_id":"rcc-72257980d706c5868bc1191336285f40","method":"GET","path":"/api/v1/release-orders/:id/details","status":200,"duration_ms":6}
{"request_id":"rcc-dfa02894e9b8ca80a595d9fb88987706","method":"POST","path":"/api/v1/release-orders/:id/execute","status":200,"duration_ms":23}
{"request_id":"rcc-9b13f346ab883f2648f728c84facc8db","method":"GET","path":"/api/v1/release-orders/:id","status":200,"duration_ms":12}
{"request_id":"rcc-ed602c39acc9626bcb71c16c96e07c2e","method":"GET","path":"/api/v1/release-orders/:id/people","status":200,"duration_ms":13}
{"request_id":"rcc-eff75434ece427991e29ae7b381f5aec","method":"GET","path":"/api/v1/auth/session","status":200,"duration_ms":1}
{"request_id":"rcc-8bcdadff6aa2f2e67a5717003084af45","method":"GET","path":"/api/v1/release-orders/:id","status":200,"duration_ms":11}
{"request_id":"rcc-b0ce0f648eec6207ae875e8f4a099103","method":"GET","path":"/api/v1/auth/session","status":200,"duration_ms":1}
{"request_id":"rcc-4673f73b64f754ca60a4c6cf2f154078","method":"GET","path":"/api/v1/release-orders/:id/details","status":200,"duration_ms":6}
{"request_id":"rcc-159425795f6dadccaa05f796fdf66410","method":"GET","path":"/api/v1/auth/session","status":200,"duration_ms":1}
{"request_id":"rcc-a5bd90fc1404fdc38cad2192522d670e","method":"POST","path":"/api/v1/release-orders","status":201,"duration_ms":39}
{"request_id":"rcc-ae7a44841c94c99b009a1f3f11dbf8c3","method":"GET","path":"/api/v1/auth/session","status":200,"duration_ms":1}
{"request_id":"rcc-b3e7dbc9f905c1bf5c13a0c51861ec0d","method":"POST","path":"/api/v1/release-orders/:id/submit","status":200,"duration_ms":73}
{"request_id":"rcc-4ac3f43bde8de0bc7f08d7d5e95957d4","method":"GET","path":"/api/v1/auth/session","status":200,"duration_ms":1}
{"request_id":"rcc-1e2bc0f73a7f6c7cad2cf78ca05e5a05","method":"GET","path":"/api/v1/release-orders/:id","status":200,"duration_ms":12}
{"request_id":"rcc-7a7b2ffdf250262ff99ccae9a6fad6ef","method":"GET","path":"/api/v1/auth/session","status":200,"duration_ms":1}
{"request_id":"rcc-65f02dc4f9655b5414e9a2661e7b98e0","method":"POST","path":"/api/v1/release-orders/:id/approve","status":200,"duration_ms":32}
{"request_id":"rcc-097353c4cc5eceeeb5ecb2d4ea0bfdf6","method":"GET","path":"/api/v1/auth/session","status":200,"duration_ms":2}
{"request_id":"rcc-d81353cc482bd78d8e3f254ecc58a30f","method":"GET","path":"/api/v1/release-orders","status":200,"duration_ms":38}
{"request_id":"rcc-d19bd743abdb1479f63b0b79a3c5336c","method":"GET","path":"/api/v1/release-orders/:id","status":200,"duration_ms":11}
{"request_id":"rcc-aa4090ec9b95cbecf5f702e16bf2bbbf","method":"GET","path":"/api/v1/table-field-policies/:table_name","status":200,"duration_ms":7}
{"request_id":"rcc-c9d60d18c576b701f24cbcd35cfead6f","method":"GET","path":"/api/v1/release-orders/:id/details","status":200,"duration_ms":9}
{"request_id":"rcc-2da50fe5007d53f1bae42fabb0971319","method":"GET","path":"/api/v1/release-orders/:id/people","status":200,"duration_ms":18}
{"request_id":"rcc-e16163e025d5f1d2e102a2198a9032c3","method":"GET","path":"/api/v1/release-orders/:id/details","status":200,"duration_ms":11}
{"request_id":"rcc-2cf47d2a64d705e1c601dda235a2b1d8","method":"POST","path":"/api/v1/release-orders/:id/execute","status":200,"duration_ms":99}
{"request_id":"rcc-c187e2b2767ce1da815aeb1ff7c08c2e","method":"GET","path":"/api/v1/release-orders/:id","status":200,"duration_ms":10}
{"request_id":"rcc-14852283f776ff18ed1e524628541ec6","method":"GET","path":"/api/v1/release-orders/:id/details","status":200,"duration_ms":7}
{"request_id":"rcc-33c94a0892c578738dcca60ea8dd44b1","method":"GET","path":"/api/v1/auth/session","status":200,"duration_ms":1}
{"request_id":"rcc-81f3d0c54c2bddf585acfe4faf6bbd37","method":"GET","path":"/api/v1/release-orders/:id","status":200,"duration_ms":10}
{"request_id":"rcc-89a9000595cf48f24fa7a8781fbaef9c","method":"GET","path":"/api/v1/auth/session","status":200,"duration_ms":1}
{"request_id":"rcc-ab971c3292505dab57b718332807c3d4","method":"GET","path":"/api/v1/release-orders/:id/details","status":200,"duration_ms":6}
{"request_id":"rcc-42f0537c402c56b2dc159bd2c5a8cd3c","method":"GET","path":"/api/v1/auth/session","status":200,"duration_ms":1}
{"request_id":"rcc-f7d94f8e0881924a57b0bb9b1348089c","method":"GET","path":"/api/v1/release-orders/:id","status":200,"duration_ms":10}
{"request_id":"rcc-284895d99c44ab0e49b96d09977c3def","method":"GET","path":"/api/v1/auth/session","status":200,"duration_ms":1}
{"request_id":"rcc-aab0028daec72b349399c8ba336bb829","method":"GET","path":"/api/v1/release-orders/:id/details","status":200,"duration_ms":7}
{"request_id":"rcc-e8fb1e414e828133eb03fcfc335b96ab","method":"POST","path":"/api/v1/release-orders/:id/execute","status":200,"duration_ms":25}
{"request_id":"rcc-f415f64f2b203b02f820ae4ff28e551f","method":"GET","path":"/api/v1/release-orders/:id","status":200,"duration_ms":14}
{"request_id":"rcc-fc32287198e1482329a27d4ed09f0e95","method":"GET","path":"/api/v1/release-orders/:id/people","status":200,"duration_ms":16}
{"request_id":"rcc-b95b3b7b3a4b1f2c7198c12d1b9ed627","method":"GET","path":"/api/v1/auth/session","status":200,"duration_ms":1}
{"request_id":"rcc-e4f8b6e5e1190f2cba6251585e05cf46","method":"GET","path":"/api/v1/release-orders/:id","status":200,"duration_ms":11}
{"request_id":"rcc-a4da0f94dac9f4f69c2bac5708996132","method":"GET","path":"/api/v1/auth/session","status":200,"duration_ms":1}
{"request_id":"rcc-90d0bc7be4951500b4ecf41350e8364e","method":"GET","path":"/api/v1/release-orders/:id/details","status":200,"duration_ms":6}
{"request_id":"rcc-b3cfabf279932fbb555078341957e728","method":"GET","path":"/api/v1/auth/session","status":200,"duration_ms":1}
{"request_id":"rcc-c198fc81515205b43b7f150374da23c1","method":"POST","path":"/api/v1/release-orders","status":201,"duration_ms":34}
{"request_id":"rcc-6487cb1dbecd163ba380e0fa1fa28d5a","method":"GET","path":"/api/v1/auth/session","status":200,"duration_ms":0}
{"request_id":"rcc-21850ea14f7bf8e7de801d8b1ad394ab","method":"POST","path":"/api/v1/release-orders/:id/submit","status":200,"duration_ms":74}
{"request_id":"rcc-c20408f01bc0852e7723eb57798aee42","method":"GET","path":"/api/v1/auth/session","status":200,"duration_ms":1}
{"request_id":"rcc-de44889ecda84e2567a28a83ef2cd9b4","method":"GET","path":"/api/v1/release-orders/:id","status":200,"duration_ms":7}
{"request_id":"rcc-ab180b7ed49279b1be958ffe531632e0","method":"GET","path":"/api/v1/auth/session","status":200,"duration_ms":1}
{"request_id":"rcc-a1be15337ccba3f8eacaa6e04dd8cdbd","method":"POST","path":"/api/v1/release-orders/:id/approve","status":200,"duration_ms":26}
{"request_id":"rcc-61c6df30d43dd0cf991761d91247a20c","method":"GET","path":"/api/v1/auth/session","status":200,"duration_ms":1}
{"request_id":"rcc-32c856e9a70b13e6755a4ea2597f9c99","method":"GET","path":"/api/v1/release-orders","status":200,"duration_ms":39}
{"request_id":"rcc-5b6a667550fc98a2c93c23730f95bd9f","method":"GET","path":"/api/v1/release-orders/:id","status":200,"duration_ms":14}
{"request_id":"rcc-6cb11e34fde91ec873bb921af011c934","method":"GET","path":"/api/v1/table-field-policies/:table_name","status":200,"duration_ms":8}
{"request_id":"rcc-f44e3918c7f8cadd7d81616e22c6b4f2","method":"GET","path":"/api/v1/release-orders/:id/details","status":200,"duration_ms":11}
{"request_id":"rcc-d74942ed47cecae07531caef220b41fa","method":"GET","path":"/api/v1/release-orders/:id/people","status":200,"duration_ms":18}
{"request_id":"rcc-64ee6352fc3a75bd923606f170508c5f","method":"GET","path":"/api/v1/release-orders/:id/details","status":200,"duration_ms":11}
{"request_id":"rcc-ef014c51e6ce7cb8d2223aeb8d75941b","method":"POST","path":"/api/v1/release-orders/:id/execute","status":200,"duration_ms":99}
{"request_id":"rcc-a54ed8a3fd7e360e5bd7105debd6e2a1","method":"GET","path":"/api/v1/release-orders/:id","status":200,"duration_ms":9}
{"request_id":"rcc-5c392b81299213d4440238d8b57e11aa","method":"GET","path":"/api/v1/release-orders/:id/details","status":200,"duration_ms":8}
{"request_id":"rcc-5aaa32ec585bae387d813189f394ec11","method":"GET","path":"/api/v1/auth/session","status":200,"duration_ms":1}
{"request_id":"rcc-54da3c9a440f9dd78eed487dc4e3078a","method":"GET","path":"/api/v1/release-orders/:id","status":200,"duration_ms":8}
{"request_id":"rcc-289b46fe76f1aee0b77109f994458cfd","method":"GET","path":"/api/v1/auth/session","status":200,"duration_ms":1}
{"request_id":"rcc-39e1d8046f15d43f2880d0b7a63ffec5","method":"GET","path":"/api/v1/release-orders/:id/details","status":200,"duration_ms":6}
{"request_id":"rcc-34d4ae56e1e17a96111cf34a1e1beb73","method":"GET","path":"/api/v1/auth/session","status":200,"duration_ms":1}
{"request_id":"rcc-c6da10cf90c83bea48346cfa2228aacc","method":"GET","path":"/api/v1/release-orders/:id","status":200,"duration_ms":11}
{"request_id":"rcc-96065df8225e09cce4a49e65a5316075","method":"GET","path":"/api/v1/auth/session","status":200,"duration_ms":1}
{"request_id":"rcc-6b7023591ddead772fb3286b7c7977dc","method":"GET","path":"/api/v1/release-orders/:id/details","status":200,"duration_ms":6}
{"request_id":"rcc-bc6695533545dbc6d1d2f629f92ebd8d","method":"POST","path":"/api/v1/release-orders/:id/execute","status":200,"duration_ms":24}
{"request_id":"rcc-28fe37b6509dd9e06470d9fae641ce85","method":"GET","path":"/api/v1/release-orders/:id","status":200,"duration_ms":13}
{"request_id":"rcc-2fd8980d5a2bd18bfd9e94e5ae09f09b","method":"GET","path":"/api/v1/release-orders/:id/people","status":200,"duration_ms":14}
{"request_id":"rcc-804d6c4a5b8d346bc4b3ceedee475069","method":"GET","path":"/api/v1/auth/session","status":200,"duration_ms":1}
{"request_id":"rcc-952402a5a9486cc7873a6298bc701a8a","method":"GET","path":"/api/v1/release-orders/:id","status":200,"duration_ms":9}
{"request_id":"rcc-ad622a223b82ecc77c0f4bf64efdee05","method":"GET","path":"/api/v1/auth/session","status":200,"duration_ms":1}
{"request_id":"rcc-953dc09af33bc8f53400204e93c399f6","method":"GET","path":"/api/v1/release-orders/:id/details","status":200,"duration_ms":6}
{"request_id":"rcc-505b449d7c44c117c1a52cdddb0a36d6","method":"GET","path":"/api/v1/auth/session","status":200,"duration_ms":1}
{"request_id":"rcc-4c59a0190161b9fa0d0d24ca04345219","method":"POST","path":"/api/v1/release-orders","status":201,"duration_ms":34}
{"request_id":"rcc-3c3d8a52068e9b9b2e0c71b5ab5c601d","method":"GET","path":"/api/v1/auth/session","status":200,"duration_ms":1}
{"request_id":"rcc-d1857d1a325e2d50eccd81da3e382a9c","method":"POST","path":"/api/v1/release-orders/:id/submit","status":200,"duration_ms":62}
{"request_id":"rcc-be5d161fad60e7116cc89ce7cfee1e70","method":"GET","path":"/api/v1/auth/session","status":200,"duration_ms":1}
{"request_id":"rcc-d9bf22221911e6ab9f1061b34a1e07bb","method":"GET","path":"/api/v1/release-orders/:id","status":200,"duration_ms":10}
{"request_id":"rcc-7db306f690d0bbf2418a1c99e821f8b7","method":"GET","path":"/api/v1/auth/session","status":200,"duration_ms":1}
{"request_id":"rcc-4e6e7d26322b9c7c35e552a28b0d126a","method":"POST","path":"/api/v1/release-orders/:id/approve","status":200,"duration_ms":29}
{"request_id":"rcc-44c15eab0e56e3a7fb0d1f245c41867d","method":"GET","path":"/api/v1/auth/session","status":200,"duration_ms":2}
{"request_id":"rcc-2915a7811233016ed30d1a2fff533766","method":"GET","path":"/api/v1/release-orders","status":200,"duration_ms":47}
{"request_id":"rcc-78e97a11ca39c40ddfe6cfdc253b3609","method":"GET","path":"/api/v1/release-orders/:id","status":200,"duration_ms":13}
{"request_id":"rcc-d0681a1a5d4016f4bac22600daca49aa","method":"GET","path":"/api/v1/table-field-policies/:table_name","status":200,"duration_ms":8}
{"request_id":"rcc-3f2d1c30be37dcdb5b6d4433a33e6082","method":"GET","path":"/api/v1/release-orders/:id/details","status":200,"duration_ms":8}
{"request_id":"rcc-674019bf419d1a45f0d2140995aa7965","method":"GET","path":"/api/v1/release-orders/:id/people","status":200,"duration_ms":15}
{"request_id":"rcc-76f20f3a9eb869a3d9874daa10397276","method":"GET","path":"/api/v1/release-orders/:id/details","status":200,"duration_ms":10}
{"request_id":"rcc-f64f5427744f91add1b1b11da82b6e25","method":"POST","path":"/api/v1/release-orders/:id/execute","status":200,"duration_ms":95}
{"request_id":"rcc-8362ffef1d12debb3336fcfa5b4a0ee6","method":"GET","path":"/api/v1/release-orders/:id","status":200,"duration_ms":8}
{"request_id":"rcc-ec907313b1b6a52ae6a7054454763a6a","method":"GET","path":"/api/v1/release-orders/:id/details","status":200,"duration_ms":11}
{"request_id":"rcc-9aee319c3d6f9959b3ff03b193badb43","method":"GET","path":"/api/v1/auth/session","status":200,"duration_ms":1}
{"request_id":"rcc-79aac7919b1ccd5377715d5831a14b4a","method":"GET","path":"/api/v1/release-orders/:id","status":200,"duration_ms":11}
{"request_id":"rcc-d174c6c09e5407b6c078d1ded48fe626","method":"GET","path":"/api/v1/auth/session","status":200,"duration_ms":1}
{"request_id":"rcc-54c902edfb0df6abea1a77afe195edd1","method":"GET","path":"/api/v1/release-orders/:id/details","status":200,"duration_ms":7}
{"request_id":"rcc-486eeca3aeb13029351f28c4619b8582","method":"POST","path":"/api/v1/release-orders/:id/execute","status":200,"duration_ms":27}
{"request_id":"rcc-8b2c7f65f18ca56e3f2a0ff42beca5fb","method":"GET","path":"/api/v1/release-orders/:id","status":200,"duration_ms":16}
{"request_id":"rcc-d2b1e15f06e6e38d36561db6e760ad06","method":"GET","path":"/api/v1/release-orders/:id/people","status":200,"duration_ms":17}
{"request_id":"rcc-fbb8ca004154f5aed9ae97f490cb0159","method":"GET","path":"/api/v1/auth/session","status":200,"duration_ms":1}
{"request_id":"rcc-dcce0e74b760375c9e42e73eb876d2cb","method":"GET","path":"/api/v1/release-orders/:id","status":200,"duration_ms":11}
{"request_id":"rcc-fccd37bd45675b8c95b8878313743dc3","method":"GET","path":"/api/v1/auth/session","status":200,"duration_ms":1}
{"request_id":"rcc-ee73115aac8cc30478ff1e1c6f0a4ddd","method":"GET","path":"/api/v1/release-orders/:id/details","status":200,"duration_ms":6}
{"request_id":"rcc-7f4eb15e289f7e67eaa3fcb1dbfc4080","method":"GET","path":"/api/v1/auth/session","status":200,"duration_ms":1}
{"request_id":"rcc-1f9c516f667666aa39d0a059c1322310","method":"POST","path":"/api/v1/release-orders","status":201,"duration_ms":31}
{"request_id":"rcc-10c867f92f130e19dc456c1be78b1fc5","method":"GET","path":"/api/v1/auth/session","status":200,"duration_ms":1}
{"request_id":"rcc-7eef2d4f4dc01d7ca08b2439188d482e","method":"POST","path":"/api/v1/release-orders/:id/submit","status":200,"duration_ms":63}
{"request_id":"rcc-10b78eff4182d50b7a3c25eb570c208d","method":"GET","path":"/api/v1/auth/session","status":200,"duration_ms":1}
{"request_id":"rcc-01c08c6c59370838e17d7919bdcb9b2d","method":"GET","path":"/api/v1/release-orders/:id","status":200,"duration_ms":10}
{"request_id":"rcc-7c6b041dc4d2ab26b9783fbd1c2890fe","method":"GET","path":"/api/v1/auth/session","status":200,"duration_ms":1}
{"request_id":"rcc-c130e801325b1d35407cf3a89f42ded6","method":"POST","path":"/api/v1/release-orders/:id/approve","status":200,"duration_ms":28}
{"request_id":"rcc-b26a44c12314ec09f6d88156e14adc56","method":"GET","path":"/api/v1/auth/session","status":200,"duration_ms":1}
{"request_id":"rcc-bff55912c1ac3b8461b19697baf930f3","method":"GET","path":"/api/v1/release-orders","status":200,"duration_ms":44}
{"request_id":"rcc-ce31502da638bcf7e126e47efc894c01","method":"GET","path":"/api/v1/release-orders/:id","status":200,"duration_ms":11}
{"request_id":"rcc-29e7ef32cb04eb8652b4851eb420b98e","method":"GET","path":"/api/v1/release-orders/:id/details","status":200,"duration_ms":7}
{"request_id":"rcc-4487c3d305f5e35ad287ed3b77812a03","method":"GET","path":"/api/v1/table-field-policies/:table_name","status":200,"duration_ms":7}
{"request_id":"rcc-a76567549618d88a64b9624b929ba196","method":"GET","path":"/api/v1/release-orders/:id/people","status":200,"duration_ms":12}
{"request_id":"rcc-19c9d53c353ac3c7712ac3a8bf503705","method":"GET","path":"/api/v1/release-orders/:id/details","status":200,"duration_ms":10}
{"request_id":"rcc-a99d0e2751ba8bba6bd320b93daa90ca","method":"POST","path":"/api/v1/release-orders/:id/execute","status":200,"duration_ms":95}
{"request_id":"rcc-808cc70f53e4b79176dba26f73bae0a6","method":"GET","path":"/api/v1/release-orders/:id","status":200,"duration_ms":11}
{"request_id":"rcc-ac8764e296e7519f900e73056f009c66","method":"GET","path":"/api/v1/release-orders/:id/details","status":200,"duration_ms":6}
{"request_id":"rcc-8e7c8eec4b88e86f646498f06b74f865","method":"GET","path":"/api/v1/auth/session","status":200,"duration_ms":1}
{"request_id":"rcc-c5ada91340df850d3f038b096919b053","method":"GET","path":"/api/v1/release-orders/:id","status":200,"duration_ms":10}
{"request_id":"rcc-fc377d11460ac59fd4bcfcfe392841db","method":"GET","path":"/api/v1/auth/session","status":200,"duration_ms":1}
{"request_id":"rcc-2af5c1c479d3dc2eb24d8b527fc0ec0b","method":"GET","path":"/api/v1/release-orders/:id/details","status":200,"duration_ms":6}
{"request_id":"rcc-04cd81cd43dc71c4f91bd58c9b728f12","method":"POST","path":"/api/v1/release-orders/:id/execute","status":200,"duration_ms":24}
{"request_id":"rcc-ee3c5fb17f6235ff6534e5729ae14b28","method":"GET","path":"/api/v1/release-orders/:id","status":200,"duration_ms":12}
{"request_id":"rcc-34d6591f6a920bbf9bf5b79cfea1ee9d","method":"GET","path":"/api/v1/release-orders/:id/people","status":200,"duration_ms":14}
{"request_id":"rcc-4f127abd36218e900ba23cf7bbee21f6","method":"GET","path":"/api/v1/auth/session","status":200,"duration_ms":1}
{"request_id":"rcc-55a0d599ffef55b5abe52eb5e59e760f","method":"GET","path":"/api/v1/release-orders/:id","status":200,"duration_ms":9}
{"request_id":"rcc-cbf2893406ae7ab5e0a47673fa4fd05d","method":"GET","path":"/api/v1/auth/session","status":200,"duration_ms":1}
{"request_id":"rcc-8c903f6d8a6ff22a056a5cb786bfcaf5","method":"GET","path":"/api/v1/release-orders/:id/details","status":200,"duration_ms":6}
{"request_id":"rcc-5b602d7212539ea6c79910f137b5366a","method":"GET","path":"/api/v1/auth/session","status":200,"duration_ms":1}
{"request_id":"rcc-b8231ee44ba27159a991da03a905daff","method":"POST","path":"/api/v1/release-orders","status":201,"duration_ms":31}
{"request_id":"rcc-7f5bc57cd9a2b6b7c2138c32ff231bcf","method":"GET","path":"/api/v1/auth/session","status":200,"duration_ms":1}
{"request_id":"rcc-5aaa88cae97c26776036fa878efd57a3","method":"POST","path":"/api/v1/release-orders/:id/submit","status":200,"duration_ms":67}
{"request_id":"rcc-a106862147d241a7faff8fd3ae0b8c3f","method":"GET","path":"/api/v1/auth/session","status":200,"duration_ms":1}
{"request_id":"rcc-a1e13b0ff6b482f611451616a394559b","method":"GET","path":"/api/v1/release-orders/:id","status":200,"duration_ms":10}
{"request_id":"rcc-eff46489afe4684f9a938b370e0e8ca5","method":"GET","path":"/api/v1/auth/session","status":200,"duration_ms":1}
{"request_id":"rcc-9e2d93358313b279cd0d10a0e35e0a8c","method":"POST","path":"/api/v1/release-orders/:id/approve","status":200,"duration_ms":28}
{"request_id":"rcc-a384b2c209160d2951f47ad6fb5451cd","method":"GET","path":"/api/v1/auth/session","status":200,"duration_ms":2}
{"request_id":"rcc-5407a2458ff15be502c927cf09beaa8b","method":"GET","path":"/api/v1/release-orders","status":200,"duration_ms":58}
{"request_id":"rcc-216d79da87efa08276388466a93dd4e3","method":"GET","path":"/api/v1/release-orders/:id","status":200,"duration_ms":11}
{"request_id":"rcc-a60ea8f8e866ad02d2391d60f7100350","method":"GET","path":"/api/v1/table-field-policies/:table_name","status":200,"duration_ms":7}
{"request_id":"rcc-de4e7ac944405b034940c06bea5fd375","method":"GET","path":"/api/v1/release-orders/:id/details","status":200,"duration_ms":8}
{"request_id":"rcc-fe4c852dda194764054bef5453723f78","method":"GET","path":"/api/v1/release-orders/:id/people","status":200,"duration_ms":16}
{"request_id":"rcc-e6525c597df492cc70bcbf2cd3783946","method":"GET","path":"/api/v1/release-orders/:id/details","status":200,"duration_ms":9}
{"request_id":"rcc-63ab408ba9c8af7c2df559c29cc95e3b","method":"POST","path":"/api/v1/release-orders/:id/execute","status":200,"duration_ms":91}
{"request_id":"rcc-ade389de5557ab6b729cb1640e5dc55d","method":"GET","path":"/api/v1/release-orders/:id/people","status":200,"duration_ms":13}
{"request_id":"rcc-dfcbd9424c79b2b546279b0d4f79477e","method":"GET","path":"/api/v1/auth/session","status":200,"duration_ms":1}
{"request_id":"rcc-c111531cf1c846f0fa6c5e7f4e934b13","method":"GET","path":"/api/v1/release-orders/:id","status":200,"duration_ms":10}
{"request_id":"rcc-43945162bc33b0e42e3dbca3054370be","method":"GET","path":"/api/v1/auth/session","status":200,"duration_ms":1}
{"request_id":"rcc-e75f47016c8494474ea8802622ccda99","method":"GET","path":"/api/v1/release-orders/:id/details","status":200,"duration_ms":6}
{"request_id":"rcc-67437bd1cd68488e92cf8795bf44fa03","method":"GET","path":"/api/v1/release-orders/:id","status":200,"duration_ms":12}
{"request_id":"rcc-3352f2ca79c42b5a60883eb6fdfdbec5","method":"GET","path":"/api/v1/release-orders/:id/details","status":200,"duration_ms":7}
{"request_id":"rcc-bd07be7bfbbd5a93ad4387e99359c269","method":"GET","path":"/api/v1/release-orders/:id/people","status":200,"duration_ms":14}
{"request_id":"rcc-19c5e59a4826eced538f03bdab0817e6","method":"GET","path":"/api/v1/auth/session","status":200,"duration_ms":1}
{"request_id":"rcc-7be8c74fba6d3d77acf96e89e7b6bb82","method":"POST","path":"/api/v1/release-orders","status":201,"duration_ms":36}
{"request_id":"rcc-c11ed93828d9e98b74b1a19b5cd5380c","method":"GET","path":"/api/v1/auth/session","status":200,"duration_ms":1}
{"request_id":"rcc-6368fdbb41fcbe2ececf31b676205fe5","method":"POST","path":"/api/v1/release-orders/:id/submit","status":200,"duration_ms":68}
{"request_id":"rcc-c8f210be4136b2178ab72a6eda71d1d2","method":"GET","path":"/api/v1/auth/session","status":200,"duration_ms":1}
{"request_id":"rcc-7660a2d8d515a88fbfaaa8db057e459a","method":"GET","path":"/api/v1/release-orders/:id","status":200,"duration_ms":8}
{"request_id":"rcc-13cf33dc879d706b1248f213f3146014","method":"GET","path":"/api/v1/auth/session","status":200,"duration_ms":1}
{"request_id":"rcc-a6e9004d25b62575ffe50c088ab61bfc","method":"POST","path":"/api/v1/release-orders/:id/approve","status":200,"duration_ms":29}
{"request_id":"rcc-6558a0364f953734a4c9c8f81b56f765","method":"GET","path":"/api/v1/auth/session","status":200,"duration_ms":3}
{"request_id":"rcc-92747ed8e88c7f06d1302aef34d314ee","method":"GET","path":"/api/v1/release-orders","status":200,"duration_ms":59}
{"request_id":"rcc-585034e68d76a674bd0535236375f5ba","method":"GET","path":"/api/v1/release-orders/:id","status":200,"duration_ms":13}
{"request_id":"rcc-b7919f6cf578692b83e64c59f272040b","method":"GET","path":"/api/v1/table-field-policies/:table_name","status":200,"duration_ms":7}
{"request_id":"rcc-a0b55a7101adc63eac9f70c81190ded8","method":"GET","path":"/api/v1/release-orders/:id/details","status":200,"duration_ms":9}
{"request_id":"rcc-0cf69d955382b2c70403b607f2cf3d42","method":"GET","path":"/api/v1/release-orders/:id/people","status":200,"duration_ms":18}
{"request_id":"rcc-e6ea2e97cb3fcfca91aae88c0ac4d00e","method":"GET","path":"/api/v1/release-orders/:id/details","status":200,"duration_ms":10}
{"request_id":"rcc-84761168e3fbbe0c4ffd0e3107917ab6","method":"POST","path":"/api/v1/release-orders/:id/execute","status":200,"duration_ms":94}
{"request_id":"rcc-e2c02328e0ed3890e69957c533c62878","method":"GET","path":"/api/v1/release-orders/:id","status":200,"duration_ms":15}
{"request_id":"rcc-b84da87930b776475138b7e46db95dd3","method":"GET","path":"/api/v1/release-orders/:id/people","status":200,"duration_ms":16}
{"request_id":"rcc-a7592a4d7077224db31a4b9031817aab","method":"GET","path":"/api/v1/auth/session","status":200,"duration_ms":1}
{"request_id":"rcc-8267a60b4796546e68752bbf204262af","method":"GET","path":"/api/v1/release-orders/:id/details","status":200,"duration_ms":8}
{"request_id":"rcc-c166cac8e441a5b77648b75ba7e79a61","method":"GET","path":"/api/v1/release-orders/:id","status":200,"duration_ms":12}
{"request_id":"rcc-26ebe52477574a04aaeb9d2de5f01e1c","method":"GET","path":"/api/v1/auth/session","status":200,"duration_ms":1}
{"request_id":"rcc-d103e99cb89befbbf6b4fcb10c9f5413","method":"GET","path":"/api/v1/release-orders/:id/details","status":200,"duration_ms":6}
{"request_id":"rcc-03658928897c8393d5eb0e9498df0cbb","method":"GET","path":"/api/v1/auth/session","status":200,"duration_ms":1}
{"request_id":"rcc-c6fa26896b01a19597c57ac01649baa8","method":"GET","path":"/api/v1/query-policy-types","status":200,"duration_ms":1}
{"request_id":"rcc-5204f5b0517e571a3d944f6dcb41c2b3","method":"GET","path":"/api/v1/query-policies","status":200,"duration_ms":2}
{"request_id":"rcc-d66e0d434728b16db3eb1fa409b0446e","method":"GET","path":"/api/v1/table-policies","status":200,"duration_ms":2}
{"request_id":"rcc-1328707fb65b1c7f603d91c743101e8a","method":"GET","path":"/api/v1/query-policies/:code","status":200,"duration_ms":2}
{"request_id":"rcc-bc60fa07b7ea8bdd82d3906146b955b9","method":"POST","path":"/api/v1/auth/activity","status":200,"duration_ms":13}
{"request_id":"rcc-67495711b7f55d8cba3c063bdba005fa","method":"GET","path":"/api/v1/query-policy-types","status":200,"duration_ms":5}
{"request_id":"rcc-af7d8cca5f988a6083f0f8d4269e0de4","method":"GET","path":"/api/v1/mutation-policy-types","status":200,"duration_ms":5}
{"request_id":"rcc-0f89de903035ad4daac8716d78359d74","method":"GET","path":"/api/v1/mutation-policies/:code","status":200,"duration_ms":7}
{"request_id":"rcc-31850d2b5520e0644ee4a4d2b900a4d0","method":"POST","path":"/api/v1/tables/:table_name/query","status":200,"duration_ms":17}
{"request_id":"rcc-2c12bc2ff2fa029053926f204ecfeedd","method":"GET","path":"/api/v1/table-field-policies/:table_name","status":200,"duration_ms":6}
{"request_id":"rcc-779cdba93eda8c1473c878ec2a70f36e","method":"POST","path":"/api/v1/tables/:table_name/query","status":200,"duration_ms":77}
{"request_id":"rcc-10d8620609600ee4d04627c7dff910a4","method":"GET","path":"/api/v1/table-field-policies/:table_name","status":200,"duration_ms":5}
{"request_id":"rcc-dbd00ede48602a1f1e1e2aedad829657","method":"GET","path":"/api/v1/table-field-policies/:table_name","status":200,"duration_ms":12}
{"request_id":"rcc-2b797c45ceebdba3910b9322e27ced4f","method":"POST","path":"/api/v1/release-orders","status":201,"duration_ms":35}
{"request_id":"rcc-0ebc7b50a1a8c4c669e1e51b3d64b079","method":"GET","path":"/api/v1/release-orders/:id","status":200,"duration_ms":18}
{"request_id":"rcc-94ce5bf25dc9409ba445f56f31511184","method":"GET","path":"/api/v1/table-field-policies/:table_name","status":200,"duration_ms":9}
{"request_id":"rcc-fdf666f7616e8759caf1080384ae8df9","method":"GET","path":"/api/v1/release-orders/:id/details","status":200,"duration_ms":13}
{"request_id":"rcc-8d3d7046915c35a8b693700204ca793d","method":"GET","path":"/api/v1/release-orders/:id/people","status":200,"duration_ms":27}
{"request_id":"rcc-7c384036f87f8119496010fe2c7368c2","method":"GET","path":"/api/v1/auth/session","status":200,"duration_ms":1}
{"request_id":"rcc-b4e0b37a6ad3a8c8c1801c7f342df936","method":"GET","path":"/api/v1/release-orders/:id","status":200,"duration_ms":14}
{"request_id":"rcc-cd2293d024bbf1fc773726a3decaa530","method":"GET","path":"/api/v1/auth/session","status":200,"duration_ms":1}
{"request_id":"rcc-84c90a5aa433fad116a57b015e57f50a","method":"GET","path":"/api/v1/release-orders/:id/details","status":200,"duration_ms":6}
{"request_id":"rcc-53ff585092d1076ff8efa4ceab0e5cb9","method":"GET","path":"/api/v1/auth/session","status":200,"duration_ms":1}
{"request_id":"rcc-f649ed23cb7a93ecd226c7afb7181069","method":"POST","path":"/api/v1/release-orders/:id/submit","status":200,"duration_ms":67}
{"request_id":"rcc-22332e21a38d4f4c280e466452070b41","method":"GET","path":"/api/v1/auth/session","status":200,"duration_ms":1}
{"request_id":"rcc-7016e87996515d76bb2bb9c21041cdc7","method":"GET","path":"/api/v1/release-orders/:id","status":200,"duration_ms":10}
{"request_id":"rcc-c3fa988afd4fe28c7c2dffb0da53ab94","method":"GET","path":"/api/v1/auth/session","status":200,"duration_ms":1}
{"request_id":"rcc-e2499b197600cc6d8f0da11c6598213c","method":"POST","path":"/api/v1/release-orders/:id/approve","status":200,"duration_ms":29}
{"request_id":"rcc-ca1f6717b8f5db634b083a831205111d","method":"GET","path":"/api/v1/auth/session","status":200,"duration_ms":2}
{"request_id":"rcc-aceddb06a68eb950755714ac39c1fade","method":"GET","path":"/api/v1/release-orders/:id","status":200,"duration_ms":13}
{"request_id":"rcc-9076d7f02c20e90e2b6d917f46b52091","method":"GET","path":"/api/v1/table-field-policies/:table_name","status":200,"duration_ms":7}
{"request_id":"rcc-9a6b1c93ab5628fe091fb567341ad610","method":"GET","path":"/api/v1/release-orders/:id/details","status":200,"duration_ms":7}
{"request_id":"rcc-7bd900d9ad36b282023f388c4c1a7abd","method":"GET","path":"/api/v1/release-orders/:id/people","status":200,"duration_ms":16}
{"request_id":"rcc-316e5dd483a10ec2328ccb7de5b2409f","method":"GET","path":"/api/v1/release-orders/:id/details","status":200,"duration_ms":7}
{"request_id":"rcc-fabc99345781b52a0432f0bed9721df3","method":"POST","path":"/api/v1/release-orders/:id/execute","status":422,"duration_ms":74}
{"request_id":"rcc-f8495c4fbba29aef2c29e968a36569af","method":"GET","path":"/api/v1/auth/session","status":200,"duration_ms":1}
{"request_id":"rcc-93b08d0c1fdd1e101d6ccac95358ac35","method":"GET","path":"/api/v1/release-orders/:id","status":200,"duration_ms":11}
{"request_id":"rcc-e715e1882d2f45071ead281c53da0544","method":"GET","path":"/api/v1/release-orders/:id","status":200,"duration_ms":10}
{"request_id":"rcc-7789f48906e5a18c05ebfd5f150ec339","method":"GET","path":"/api/v1/auth/session","status":200,"duration_ms":1}
{"request_id":"rcc-44a4e3bfd7fe4c424cf8a71b3642b3b2","method":"GET","path":"/api/v1/release-orders/:id/details","status":200,"duration_ms":6}
{"request_id":"rcc-8a7b6d7861b970bda7e06bdb9e60fdd2","method":"GET","path":"/api/v1/auth/session","status":200,"duration_ms":2}
{"request_id":"rcc-fe0aa0001ce38e3be6a52c258353f5dd","method":"GET","path":"/api/v1/release-orders/:id","status":200,"duration_ms":12}
{"request_id":"rcc-3d259aeb1e862f232763fc9bcbc0d4f7","method":"GET","path":"/api/v1/table-field-policies/:table_name","status":200,"duration_ms":7}
{"request_id":"rcc-d94672852e531efcb42a88826418df5c","method":"GET","path":"/api/v1/release-orders/:id/details","status":200,"duration_ms":8}
{"request_id":"rcc-d39c0d8fb324ebf9250efc5c2ef89604","method":"GET","path":"/api/v1/release-orders/:id/people","status":200,"duration_ms":17}
{"request_id":"rcc-482d583a43c39b907e64445dde4f9fd9","method":"GET","path":"/api/v1/release-orders/:id/details","status":200,"duration_ms":8}
{"request_id":"rcc-7ce7802f138e6502136ad272fdd23932","method":"POST","path":"/api/v1/release-orders/:id/cancel","status":200,"duration_ms":35}
{"request_id":"rcc-f502bb252b25648931bdccee3fdfecd9","method":"GET","path":"/api/v1/release-orders/:id","status":200,"duration_ms":13}
{"request_id":"rcc-b50cf15c6f63b19a603ab7215b5e7e11","method":"GET","path":"/api/v1/release-orders/:id/people","status":200,"duration_ms":14}
{"request_id":"rcc-3d598ea650bf6ca6ed362ecbe0231d7b","method":"GET","path":"/api/v1/release-orders/:id/details","status":200,"duration_ms":6}
{"request_id":"rcc-1cce5202de16fa331cb581ea9c08ce3e","method":"GET","path":"/api/v1/release-orders/:id/details","status":200,"duration_ms":14}
{"request_id":"rcc-0c1c94a1dcaebe07b06891b7c8b85d74","method":"POST","path":"/api/v1/release-orders/preview","status":200,"duration_ms":18}
{"request_id":"rcc-454c6f8de0e06b01e6eca27bcd69f011","method":"POST","path":"/api/v1/release-orders/:id/copy","status":201,"duration_ms":43}
{"request_id":"rcc-a2a2b1730b3c2459fbc10e8535563156","method":"GET","path":"/api/v1/release-orders/:id","status":200,"duration_ms":13}
{"request_id":"rcc-b9c2cb8f6d6ccbac32699218986176af","method":"GET","path":"/api/v1/release-orders/:id/people","status":200,"duration_ms":15}
{"request_id":"rcc-97e598e8b5da758e98d003cdf985f6d2","method":"GET","path":"/api/v1/release-orders/:id","status":200,"duration_ms":17}
{"request_id":"rcc-661673bb8d6abc53e716af60db052f94","method":"GET","path":"/api/v1/table-field-policies/:table_name","status":200,"duration_ms":6}
{"request_id":"rcc-ccb6b88954023bebadf107086971ec53","method":"GET","path":"/api/v1/release-orders/:id/details","status":200,"duration_ms":8}
{"request_id":"rcc-b4d0a82ade4d7c1798c648caadf5864e","method":"GET","path":"/api/v1/release-orders/:id/people","status":200,"duration_ms":17}
{"request_id":"rcc-f8aada7a11fc13557a7306f67c21f2ce","method":"GET","path":"/api/v1/release-orders/:id/details","status":200,"duration_ms":8}
{"request_id":"rcc-622fc869d92f4a914390ed4ab0fe4ded","method":"PUT","path":"/api/v1/release-orders/:id","status":200,"duration_ms":50}
{"request_id":"rcc-2462cbcad8d2006839ead611da88f1a9","method":"GET","path":"/api/v1/release-orders/:id","status":200,"duration_ms":16}
{"request_id":"rcc-33e573c2e090af3ba06abd1fb5ed0f52","method":"GET","path":"/api/v1/release-orders/:id/people","status":200,"duration_ms":18}
{"request_id":"rcc-658b730e0d0ae149b90925aecf0b14f5","method":"GET","path":"/api/v1/release-orders/:id/details","status":200,"duration_ms":7}
{"request_id":"rcc-4755c2b02f912919335466581538b5c5","method":"GET","path":"/api/v1/auth/session","status":200,"duration_ms":1}
{"request_id":"rcc-34a2400d41fe845272bd921e407f262f","method":"GET","path":"/api/v1/release-orders/:id","status":200,"duration_ms":12}
{"request_id":"rcc-1c88dc61e7740d0a17c21c0d04b29458","method":"GET","path":"/api/v1/auth/session","status":200,"duration_ms":1}
{"request_id":"rcc-ff5c16474ca00b96352e030503e28888","method":"GET","path":"/api/v1/release-orders/:id/details","status":200,"duration_ms":6}
{"request_id":"rcc-0eca846fad352472b55728e77b48c158","method":"GET","path":"/api/v1/auth/session","status":200,"duration_ms":1}
{"request_id":"rcc-623ad6d172e66dacaa9b686310b35c7e","method":"POST","path":"/api/v1/release-orders/:id/submit","status":200,"duration_ms":65}
{"request_id":"rcc-681cb77d8ec5a01213075f8dae6cb522","method":"GET","path":"/api/v1/auth/session","status":200,"duration_ms":1}
{"request_id":"rcc-be19964ecff2fe918e0f02a76b7256e5","method":"GET","path":"/api/v1/release-orders/:id","status":200,"duration_ms":8}
{"request_id":"rcc-ad22c87e200f8459142b36e1e0ef0425","method":"GET","path":"/api/v1/auth/session","status":200,"duration_ms":1}
{"request_id":"rcc-92e7b97352f7af1394b583d440cde1d1","method":"POST","path":"/api/v1/release-orders/:id/approve","status":200,"duration_ms":28}
{"request_id":"rcc-772d984ca267255f677dbf41cfe0fd64","method":"GET","path":"/api/v1/auth/session","status":200,"duration_ms":2}
{"request_id":"rcc-e15763e7b45bd0920ec251efe3ac200b","method":"GET","path":"/api/v1/release-orders/:id","status":200,"duration_ms":12}
{"request_id":"rcc-c15506c6c00ba321a34aca4df68eda01","method":"GET","path":"/api/v1/table-field-policies/:table_name","status":200,"duration_ms":6}
{"request_id":"rcc-eedff0fad9ad1af2ff448e7abdcc91e2","method":"GET","path":"/api/v1/release-orders/:id/details","status":200,"duration_ms":8}
{"request_id":"rcc-458f4aa035e87a418ca4393443a6f582","method":"GET","path":"/api/v1/release-orders/:id/people","status":200,"duration_ms":15}
{"request_id":"rcc-6d7e0ab318106a923faf964dbaab9a51","method":"GET","path":"/api/v1/release-orders/:id/details","status":200,"duration_ms":7}
{"request_id":"rcc-619cfab0cd64a64b3c222d0358249b72","method":"POST","path":"/api/v1/release-orders/:id/execute","status":200,"duration_ms":88}
{"request_id":"rcc-4b3b9a517a8773d8211a81f93378431f","method":"GET","path":"/api/v1/release-orders/:id","status":200,"duration_ms":10}
{"request_id":"rcc-51046b1f65ecc62d74f9ec0df9ffbf02","method":"GET","path":"/api/v1/release-orders/:id/people","status":200,"duration_ms":11}
{"request_id":"rcc-8be89241f65a3ef440ec04b408357009","method":"GET","path":"/api/v1/release-orders/:id/details","status":200,"duration_ms":7}
{"request_id":"rcc-301de7ab8fd71b36d7b79a75eebe403d","method":"GET","path":"/api/v1/auth/session","status":200,"duration_ms":2}
{"request_id":"rcc-a977b2941a82f083f79b951769034a50","method":"GET","path":"/api/v1/release-orders/:id","status":200,"duration_ms":10}
{"request_id":"rcc-3686e4018526ec22122e463bb655ec76","method":"GET","path":"/api/v1/auth/session","status":200,"duration_ms":1}
{"request_id":"rcc-a67631d71f3edcdbd3ec6f61acc88c2b","method":"GET","path":"/api/v1/release-orders/:id/details","status":200,"duration_ms":6}
{"request_id":"rcc-0897ca172a1b0c14ef16ff2d4ea75f43","method":"GET","path":"/api/v1/auth/session","status":200,"duration_ms":1}
{"request_id":"rcc-fa9fb6ec418810c487834dae666fcdfe","method":"GET","path":"/api/v1/release-orders/:id","status":200,"duration_ms":10}
{"request_id":"rcc-79e0502fdbbe989d4c7fc239ee3f3a81","method":"GET","path":"/api/v1/auth/session","status":200,"duration_ms":1}
{"request_id":"rcc-e7f79cd58acbd6e6ac6920ceb5754c0e","method":"GET","path":"/api/v1/release-orders/:id/details","status":200,"duration_ms":5}
{"request_id":"rcc-bfc43d606b73c97c545c775c638d54bd","method":"GET","path":"/api/v1/auth/session","status":200,"duration_ms":1}
{"request_id":"rcc-cbe25ae0e036c16d51322253e9cd27c1","method":"POST","path":"/api/v1/release-orders","status":201,"duration_ms":36}
{"request_id":"rcc-b0292f8a0cfaaea5e4429ca697d7d933","method":"GET","path":"/api/v1/auth/session","status":200,"duration_ms":1}
{"request_id":"rcc-8dfbbeac587d4a7471dd776a6f8868f1","method":"POST","path":"/api/v1/release-orders/:id/submit","status":200,"duration_ms":62}
{"request_id":"rcc-583310d039ef83cb6ea21df80d835913","method":"GET","path":"/api/v1/auth/session","status":200,"duration_ms":1}
{"request_id":"rcc-93a7daec71f49299e79a1e2ad297f97d","method":"GET","path":"/api/v1/release-orders/:id","status":200,"duration_ms":7}
{"request_id":"rcc-cc95422d65eb505947c1d6db9dc5ebdc","method":"GET","path":"/api/v1/auth/session","status":200,"duration_ms":0}
{"request_id":"rcc-01540dd143445fcf8cc03bcd48ba714f","method":"POST","path":"/api/v1/release-orders/:id/approve","status":200,"duration_ms":30}
{"request_id":"rcc-f6b3c016ed9d6f01ab779be258494ef6","method":"GET","path":"/api/v1/auth/session","status":200,"duration_ms":2}
{"request_id":"rcc-16901798f4836a26a38c28110b54d85c","method":"GET","path":"/api/v1/release-orders","status":200,"duration_ms":84}
{"request_id":"rcc-9f635cc66cbb71f79b70f07b7ff984e8","method":"GET","path":"/api/v1/release-orders/:id","status":200,"duration_ms":11}
{"request_id":"rcc-76e5a2e99014ce2098be302a9a4bd456","method":"GET","path":"/api/v1/table-field-policies/:table_name","status":200,"duration_ms":10}
{"request_id":"rcc-8272662ab6fbf6e769ab529b1e8169ae","method":"GET","path":"/api/v1/release-orders/:id/details","status":200,"duration_ms":11}
{"request_id":"rcc-644c1c6fe81cb286c9b6cf1aca8685c9","method":"GET","path":"/api/v1/release-orders/:id/people","status":200,"duration_ms":19}
{"request_id":"rcc-96246af77d3fc1deac682ab62139d462","method":"GET","path":"/api/v1/release-orders/:id/details","status":200,"duration_ms":8}
[mysql] 2026/09/11 04:43:59 packets.go:58 unexpected EOF
{"request_id":"rcc-68d69bbcf97fc3e68b377f5609d3845a","method":"POST","path":"/api/v1/release-orders/:id/execute","status":503,"duration_ms":0}
[mysql] 2026/09/11 04:43:59 packets.go:58 unexpected EOF
{"request_id":"rcc-d49693269d527ce27c9cf0f6f690eb64","method":"GET","path":"/api/v1/release-orders/:id","status":503,"duration_ms":0}
[mysql] 2026/09/11 04:44:00 packets.go:58 unexpected EOF
{"request_id":"rcc-dfb866951e7d6b7488c826fcf870501e","method":"GET","path":"/api/v1/release-orders/:id","status":503,"duration_ms":0}
[mysql] 2026/09/11 04:44:01 packets.go:58 unexpected EOF
{"request_id":"rcc-6f8e1a890b278fa9c396b9b061bcd008","method":"GET","path":"/api/v1/auth/session","status":503,"duration_ms":0}
[mysql] 2026/09/11 04:44:01 packets.go:58 unexpected EOF
{"request_id":"rcc-f4c176b8ebd4a180170b3f85377d8fcf","method":"GET","path":"/api/v1/auth/session","status":503,"duration_ms":0}
[mysql] 2026/09/11 04:44:02 packets.go:58 unexpected EOF
{"request_id":"rcc-991ef13e83dee5b2a565d46182022fb8","method":"GET","path":"/api/v1/auth/session","status":503,"duration_ms":0}
{"request_id":"rcc-1f39538e0fc73c55e823d46a5da3115f","method":"GET","path":"/api/v1/auth/session","status":200,"duration_ms":14}
{"request_id":"rcc-1d735abf6280c82244afd0e1d845705d","method":"POST","path":"/api/v1/release-orders/:id/execute","status":200,"duration_ms":105}
{"request_id":"rcc-96325d808b621b778db7f6e946beffbd","method":"GET","path":"/api/v1/release-orders/:id","status":200,"duration_ms":9}
{"request_id":"rcc-b355c50df5af9ace0e757e4b262a1e81","method":"GET","path":"/api/v1/release-orders/:id/details","status":200,"duration_ms":7}
{"request_id":"rcc-652b25187925ccae270a0b397670dd27","method":"GET","path":"/api/v1/auth/session","status":200,"duration_ms":1}
{"request_id":"rcc-6239b81600783d61454182bf031cd283","method":"GET","path":"/api/v1/release-orders/:id/people","status":200,"duration_ms":17}
{"request_id":"rcc-888da8397848d11e264250a460f866b5","method":"GET","path":"/api/v1/release-orders/:id","status":200,"duration_ms":11}
{"request_id":"rcc-2f0dd01be32dd263a847416002f915e8","method":"GET","path":"/api/v1/auth/session","status":200,"duration_ms":1}
{"request_id":"rcc-88535ab8e0de8d5ac13ac73862007896","method":"GET","path":"/api/v1/release-orders/:id/details","status":200,"duration_ms":6}
{"request_id":"rcc-71c769d14cb86cfaf808471c717afe21","method":"GET","path":"/api/v1/auth/session","status":200,"duration_ms":2}
{"request_id":"rcc-aec5dd5f48d189e95b40ec7910fe1201","method":"GET","path":"/api/v1/query-policy-types","status":200,"duration_ms":2}
{"request_id":"rcc-7eb9c609daab8a090391fd6a7b40c176","method":"GET","path":"/api/v1/query-policies","status":200,"duration_ms":3}
{"request_id":"rcc-ca32f179870a0bc062549a970b791548","method":"POST","path":"/api/v1/query-policies","status":201,"duration_ms":14}
{"request_id":"rcc-c750b3dacb5fd36ede726473f01039af","method":"POST","path":"/api/v1/auth/activity","status":200,"duration_ms":10}
{"request_id":"rcc-0173f370be8ebbebdf408f651afacf09","method":"GET","path":"/api/v1/query-policies/:code","status":200,"duration_ms":4}
{"request_id":"rcc-b0beb6d941bf35add6a91c9290b50187","method":"GET","path":"/api/v1/auth/session","status":200,"duration_ms":1}
{"request_id":"rcc-629602a68d945b0a7663403466841645","method":"GET","path":"/api/v1/query-policy-types","status":200,"duration_ms":2}
{"request_id":"rcc-0b6bd88c4b2afb751b367d63675b533f","method":"GET","path":"/api/v1/query-policies/:code","status":200,"duration_ms":4}
{"request_id":"rcc-2f2309f7d1a0189f74ac4c91ae8d4d6b","method":"GET","path":"/api/v1/query-policies","status":200,"duration_ms":7}
{"request_id":"rcc-0cc57b2edbc9f808d7005ad3ba490e72","method":"PUT","path":"/api/v1/query-policies/:code","status":200,"duration_ms":15}
{"request_id":"rcc-dba8267b87b4d5ea6bca0727755f35a4","method":"GET","path":"/api/v1/query-policies/:code","status":200,"duration_ms":3}
{"request_id":"rcc-d0ec1b403ad9d07fa92f502c13d583c5","method":"GET","path":"/api/v1/auth/session","status":200,"duration_ms":2}
{"request_id":"rcc-c6935681fd08afac8be71487d6e5b2ad","method":"GET","path":"/api/v1/query-policy-types","status":200,"duration_ms":2}
{"request_id":"rcc-210508420b6c067aea1ea7fee99f4560","method":"GET","path":"/api/v1/query-policies","status":200,"duration_ms":3}
{"request_id":"rcc-b39d448456e1c0dada679dae9849cafc","method":"GET","path":"/api/v1/query-policies/:code","status":200,"duration_ms":4}
{"request_id":"rcc-18f762165e8cfd9050213098ceaba11f","method":"PATCH","path":"/api/v1/query-policies/:code/metadata","status":200,"duration_ms":81}
{"request_id":"rcc-297b663ac3a07856888dd1ccb385a609","method":"GET","path":"/api/v1/query-policies/:code","status":200,"duration_ms":3}
{"request_id":"rcc-f6e1cdecb2ce4adeb7e83a5052763eda","method":"GET","path":"/api/v1/auth/session","status":200,"duration_ms":2}
{"request_id":"rcc-c5a555975dbba37a5e24ca603b5df8ea","method":"GET","path":"/api/v1/query-policy-types","status":200,"duration_ms":2}
{"request_id":"rcc-59f0c3b15ba0946de4bb758b4ab90347","method":"GET","path":"/api/v1/query-policies","status":200,"duration_ms":3}
{"request_id":"rcc-811d6a32fc6cb403ac4358b5631d3cd7","method":"GET","path":"/api/v1/query-policies/:code","status":200,"duration_ms":3}
{"request_id":"rcc-c22cb67fae5d8887625d6137eb9b2106","method":"POST","path":"/api/v1/query-policies/:code/activate","status":200,"duration_ms":12}
{"request_id":"rcc-6de053d4cd7109952db8ec17331820e8","method":"GET","path":"/api/v1/query-policy-types","status":200,"duration_ms":2}
{"request_id":"rcc-72c2914e3014c7e9cc6a94e095869d0f","method":"GET","path":"/api/v1/query-policies/:code","status":200,"duration_ms":2}
{"request_id":"rcc-0f83db444f6d43a7ffaa706e98dcc10a","method":"GET","path":"/api/v1/query-policies","status":200,"duration_ms":4}
{"request_id":"rcc-25829e45a1505c8c63082e910dc87792","method":"GET","path":"/api/v1/auth/session","status":200,"duration_ms":2}
{"request_id":"rcc-3a740d8b31a6d347d79d7482d0582ba8","method":"GET","path":"/api/v1/query-policy-types","status":200,"duration_ms":2}
{"request_id":"rcc-fb17f801bb8d9d128ffe61195702ef80","method":"GET","path":"/api/v1/query-policies","status":200,"duration_ms":2}
{"request_id":"rcc-cc24c1844363316a4c7f6a0814e42725","method":"GET","path":"/api/v1/query-policies/:code","status":200,"duration_ms":4}
{"request_id":"rcc-22c98dd0431b835429ae1dfe187749cf","method":"POST","path":"/api/v1/query-policies/:code/deprecate","status":200,"duration_ms":11}
{"request_id":"rcc-3e257cc08b1ec6436582d07bae131a52","method":"GET","path":"/api/v1/query-policy-types","status":200,"duration_ms":1}
{"request_id":"rcc-ea683b0515f6f639132c8572058fab77","method":"GET","path":"/api/v1/query-policies/:code","status":200,"duration_ms":3}
{"request_id":"rcc-925108a0790d2e876d462246c0d89d74","method":"GET","path":"/api/v1/query-policies","status":200,"duration_ms":3}
{"request_id":"rcc-71111a583b319982464289915bf1589a","method":"GET","path":"/api/v1/auth/session","status":200,"duration_ms":2}
{"request_id":"rcc-b734407bba0a66099d522f8648f2118a","method":"GET","path":"/api/v1/query-policy-types","status":200,"duration_ms":1}
{"request_id":"rcc-f1b88d5cfa9ef949c39a48f86acc8a86","method":"GET","path":"/api/v1/query-policies","status":200,"duration_ms":4}
{"request_id":"rcc-365b363811197d760bca5c2726f35c6e","method":"GET","path":"/api/v1/query-policies/:code","status":200,"duration_ms":6}
{"request_id":"rcc-a82bf804ab9eb9a50ced8bfa92fc26c5","method":"DELETE","path":"/api/v1/query-policies/:code","status":204,"duration_ms":9}
{"request_id":"rcc-62d5fe0ee1dc9bc846f6876695847ade","method":"GET","path":"/api/v1/query-policy-types","status":200,"duration_ms":1}
{"request_id":"rcc-85776d1fe54cd0571546ab3280695993","method":"GET","path":"/api/v1/query-policies/:code","status":404,"duration_ms":4}
{"request_id":"rcc-2fe5f6adb0dea6ec795288cedc51ebb7","method":"GET","path":"/api/v1/query-policies","status":200,"duration_ms":4}
{"request_id":"rcc-1352ebb8b3fb663b1baca2ec870a5be2","method":"GET","path":"/api/v1/auth/session","status":200,"duration_ms":2}
{"request_id":"rcc-68e6f848299ae5419ce02f12c3d7e292","method":"GET","path":"/api/v1/mutation-policy-types","status":200,"duration_ms":2}
{"request_id":"rcc-478b4cc57eaf1269cbf1d58f3f06c9c3","method":"GET","path":"/api/v1/mutation-policies","status":200,"duration_ms":3}
{"request_id":"rcc-3bfe86748abf4a14f32ed4ff81af65ff","method":"POST","path":"/api/v1/mutation-policies","status":201,"duration_ms":13}
{"request_id":"rcc-c3d0a1f746ec6a891441e41cd4368cd8","method":"GET","path":"/api/v1/mutation-policies/:code","status":200,"duration_ms":5}
{"request_id":"rcc-8c8568d4f353e70ca2599f214816b4c0","method":"GET","path":"/api/v1/auth/session","status":200,"duration_ms":2}
{"request_id":"rcc-e65a13f1eb6f63f9ce47a9e08ac8f2d6","method":"GET","path":"/api/v1/mutation-policy-types","status":200,"duration_ms":2}
{"request_id":"rcc-647161b93205e048402c00b1d5a417b9","method":"GET","path":"/api/v1/mutation-policies","status":200,"duration_ms":2}
{"request_id":"rcc-e1340e690abb556d4f51d3ae0498184e","method":"GET","path":"/api/v1/mutation-policies/:code","status":200,"duration_ms":5}
{"request_id":"rcc-257a0a052c8f5ed0e2c783f74dd98af6","method":"PUT","path":"/api/v1/mutation-policies/:code","status":200,"duration_ms":15}
{"request_id":"rcc-b053d8214cfabda1962d2e1a1faf8508","method":"GET","path":"/api/v1/mutation-policies/:code","status":200,"duration_ms":4}
{"request_id":"rcc-f5a6b49bd6690b48f36df58ab3caf8c7","method":"GET","path":"/api/v1/auth/session","status":200,"duration_ms":1}
{"request_id":"rcc-dc06a09325e8050d59839515ef2e54eb","method":"GET","path":"/api/v1/mutation-policy-types","status":200,"duration_ms":2}
{"request_id":"rcc-3a1853129098092646707969e30a7e0d","method":"GET","path":"/api/v1/mutation-policies","status":200,"duration_ms":3}
{"request_id":"rcc-da153a28200d239ba3d6564fbfb7ec8f","method":"GET","path":"/api/v1/mutation-policies/:code","status":200,"duration_ms":3}
{"request_id":"rcc-89e19a6ed054ff463e3abfa6d4de9b8f","method":"PATCH","path":"/api/v1/mutation-policies/:code/metadata","status":200,"duration_ms":13}
{"request_id":"rcc-1b9216bb4a4d31c8e2bd5c5b521e3442","method":"GET","path":"/api/v1/mutation-policies/:code","status":200,"duration_ms":3}
{"request_id":"rcc-677b0e6791c528bcb2a646111b59b916","method":"GET","path":"/api/v1/auth/session","status":200,"duration_ms":2}
{"request_id":"rcc-3b5212b835c346d84074d27f668bb7d6","method":"GET","path":"/api/v1/mutation-policy-types","status":200,"duration_ms":2}
{"request_id":"rcc-b06f85d95c064e05def4533926db55a9","method":"GET","path":"/api/v1/mutation-policies","status":200,"duration_ms":4}
{"request_id":"rcc-4190176bccac669dc8b67c6d787a1fa2","method":"GET","path":"/api/v1/mutation-policies/:code","status":200,"duration_ms":6}
{"request_id":"rcc-f6712b66a6efb54beff35f92c8e79edd","method":"POST","path":"/api/v1/mutation-policies/:code/activate","status":200,"duration_ms":11}
{"request_id":"rcc-33f1dece08667d7856dc734d1e9c18bb","method":"GET","path":"/api/v1/mutation-policy-types","status":200,"duration_ms":1}
{"request_id":"rcc-72d956b4f9f7b4554d8b82800b7569c1","method":"GET","path":"/api/v1/mutation-policies/:code","status":200,"duration_ms":3}
{"request_id":"rcc-66149d6682ff1693e686b5efd6c37ece","method":"GET","path":"/api/v1/mutation-policies","status":200,"duration_ms":3}
{"request_id":"rcc-fb32d7f94733d37668d839ed817bfd7e","method":"GET","path":"/api/v1/auth/session","status":200,"duration_ms":2}
{"request_id":"rcc-0ea010b0a674ccf1ae7a42ea7088124a","method":"GET","path":"/api/v1/mutation-policy-types","status":200,"duration_ms":1}
{"request_id":"rcc-5ff0f54b9a5b7f36b4603193cf9a0afd","method":"GET","path":"/api/v1/mutation-policies","status":200,"duration_ms":3}
{"request_id":"rcc-ae57331da1897abbaad39783259496b7","method":"GET","path":"/api/v1/mutation-policies/:code","status":200,"duration_ms":5}
{"request_id":"rcc-15d3d0800de2acd7831feb45badd079d","method":"POST","path":"/api/v1/mutation-policies/:code/deprecate","status":200,"duration_ms":8}
{"request_id":"rcc-f75477e1d65e7458ede7cb50736b4e01","method":"GET","path":"/api/v1/mutation-policy-types","status":200,"duration_ms":2}
{"request_id":"rcc-9e98bc406a47c3587982eb2eadcb31d5","method":"GET","path":"/api/v1/mutation-policies/:code","status":200,"duration_ms":3}
{"request_id":"rcc-ab0c35a4451bda806b7a412c95e74dbb","method":"GET","path":"/api/v1/mutation-policies","status":200,"duration_ms":4}
{"request_id":"rcc-5ab7fb3c388da03746ad0160c39b7570","method":"GET","path":"/api/v1/auth/session","status":200,"duration_ms":1}
{"request_id":"rcc-b184f073a49d8282e7cee5f598daf95a","method":"GET","path":"/api/v1/mutation-policy-types","status":200,"duration_ms":2}
{"request_id":"rcc-3bbe32f7b10ecb286af79bce8bd41776","method":"GET","path":"/api/v1/mutation-policies","status":200,"duration_ms":3}
{"request_id":"rcc-42b4e4943a9b8b7a072a382d59d024e5","method":"GET","path":"/api/v1/mutation-policies/:code","status":200,"duration_ms":4}
{"request_id":"rcc-9d1aea75b4a841597cdf53584d504c44","method":"DELETE","path":"/api/v1/mutation-policies/:code","status":204,"duration_ms":9}
{"request_id":"rcc-ebb1871e401eef2701dfe21de42f04b0","method":"GET","path":"/api/v1/mutation-policy-types","status":200,"duration_ms":2}
{"request_id":"rcc-e528480db939818750d7a21e863c7705","method":"GET","path":"/api/v1/mutation-policies/:code","status":404,"duration_ms":3}
{"request_id":"rcc-5be14f0a30200213fa319df11a7a498a","method":"GET","path":"/api/v1/mutation-policies","status":200,"duration_ms":4}
{"request_id":"rcc-43b620264df51be1e4221c5811a9dfe4","method":"GET","path":"/api/v1/auth/session","status":200,"duration_ms":2}
{"request_id":"rcc-0d21e0fc2d1c3be39e38d4ebf7a9e0e3","method":"GET","path":"/api/v1/query-policy-types","status":200,"duration_ms":1}
{"request_id":"rcc-630b408f8632ea569d08526370179a98","method":"GET","path":"/api/v1/query-policies","status":200,"duration_ms":3}
{"request_id":"rcc-8f28a2203113fe573766c910264da2a5","method":"GET","path":"/api/v1/query-policy-types","status":200,"duration_ms":2}
{"request_id":"rcc-02c1545613e9680949988aba57c74f24","method":"GET","path":"/api/v1/query-policies/:code","status":200,"duration_ms":6}
{"request_id":"rcc-30fc5fb529f5b0c53e15edc334be8a83","method":"POST","path":"/api/v1/query-policies/:code/activate","status":200,"duration_ms":11}
{"request_id":"rcc-1533bbe21a6c968a6d4716d77de6fbb7","method":"GET","path":"/api/v1/query-policies","status":200,"duration_ms":2}
{"request_id":"rcc-ba7c08bbc03ecc5402ec6fffabd7f693","method":"GET","path":"/api/v1/auth/session","status":200,"duration_ms":2}
{"request_id":"rcc-9a6cadf2f7f9634f4bf976e7cc7d172e","method":"GET","path":"/api/v1/query-policy-types","status":200,"duration_ms":2}
{"request_id":"rcc-d2e75d489a9be627aa88f0cceb484ddc","method":"GET","path":"/api/v1/query-policies","status":200,"duration_ms":3}
{"request_id":"rcc-06e7ea28990988df43b159524a964e8b","method":"GET","path":"/api/v1/mutation-policies","status":200,"duration_ms":8}
{"request_id":"rcc-e27d02815210c1f9ac86ebe98aef6d5a","method":"GET","path":"/api/v1/mutation-policy-types","status":200,"duration_ms":8}
{"request_id":"rcc-be595eeac7832524ac7ef02b143ebe83","method":"GET","path":"/api/v1/table-policies","status":200,"duration_ms":9}
{"request_id":"rcc-5ca89de1d966467ab46861368b0dbbc5","method":"GET","path":"/api/v1/database-tables","status":200,"duration_ms":10}
{"request_id":"rcc-cf5de4d19042489779ccaa818b7701ec","method":"POST","path":"/api/v1/table-policies","status":201,"duration_ms":26}
{"request_id":"rcc-80450d38eb2b8558c272adb1480ac8da","method":"GET","path":"/api/v1/table-policies/:table_name","status":200,"duration_ms":3}
{"request_id":"rcc-678afe82b48a6dbba8f47aefc1632d9f","method":"GET","path":"/api/v1/table-policies","status":200,"duration_ms":3}
{"request_id":"rcc-d6f7a5a36f6e3b0cddc44cc1578193c0","method":"GET","path":"/api/v1/database-tables","status":200,"duration_ms":5}
{"request_id":"rcc-9145e049b4797543c55e01a7fc8fcf32","method":"GET","path":"/api/v1/auth/session","status":200,"duration_ms":2}
{"request_id":"rcc-e7ee53a399cf33ca54d48485528d8600","method":"GET","path":"/api/v1/query-policy-types","status":200,"duration_ms":3}
{"request_id":"rcc-916dad444d0ae13a27c198e24878f008","method":"GET","path":"/api/v1/mutation-policy-types","status":200,"duration_ms":2}
{"request_id":"rcc-3213be2dde625d3580992dc6f2567fdc","method":"GET","path":"/api/v1/query-policies","status":200,"duration_ms":6}
{"request_id":"rcc-8d924924f21d1c6beaa95d41d29e852f","method":"GET","path":"/api/v1/mutation-policies","status":200,"duration_ms":7}
{"request_id":"rcc-61fd8ff6339a2afc92a8be238c02788f","method":"GET","path":"/api/v1/table-policies/:table_name","status":200,"duration_ms":9}
{"request_id":"rcc-504986dfd319f398b72a51e63704e49d","method":"GET","path":"/api/v1/table-policies","status":200,"duration_ms":5}
{"request_id":"rcc-35b438d2b1d8b1ee7b345421a3e30d3b","method":"GET","path":"/api/v1/database-tables","status":200,"duration_ms":14}
{"request_id":"rcc-eeaf9ab5237a9019bc7c520b8de47e53","method":"PUT","path":"/api/v1/table-policies/:table_name","status":200,"duration_ms":24}
{"request_id":"rcc-a11d5daf356063a23e7b58ad52488474","method":"GET","path":"/api/v1/table-policies/:table_name","status":200,"duration_ms":3}
{"request_id":"rcc-12304635bc1134cab8f81c4b2f43b3e4","method":"GET","path":"/api/v1/table-policies","status":200,"duration_ms":3}
{"request_id":"rcc-01650e276d5252bd4dded1e0538f6477","method":"GET","path":"/api/v1/table-policies/:table_name","status":200,"duration_ms":6}
{"request_id":"rcc-77692b56c1770d3a68efbd5bbb6a7fa1","method":"GET","path":"/api/v1/database-tables","status":200,"duration_ms":6}
{"request_id":"rcc-eacef119c65b2d729d27141f7b65ab94","method":"GET","path":"/api/v1/auth/session","status":200,"duration_ms":2}
{"request_id":"rcc-a7fe2264f1032585ca8acd28f7cf5088","method":"GET","path":"/api/v1/query-policy-types","status":200,"duration_ms":2}
{"request_id":"rcc-7de53dab6084997ab7235da8b0b524f2","method":"GET","path":"/api/v1/mutation-policy-types","status":200,"duration_ms":2}
{"request_id":"rcc-03dddf78ad6f1654990b8ce57055f666","method":"GET","path":"/api/v1/query-policies","status":200,"duration_ms":3}
{"request_id":"rcc-9b43f519903ab3ca65b1c0b27a35a9a4","method":"GET","path":"/api/v1/mutation-policies","status":200,"duration_ms":3}
{"request_id":"rcc-d82cff775baaba6b48f47ff2d640d314","method":"GET","path":"/api/v1/table-policies/:table_name","status":200,"duration_ms":5}
{"request_id":"rcc-df7655fe69083346db5be62c9b6c7360","method":"GET","path":"/api/v1/database-tables","status":200,"duration_ms":10}
{"request_id":"rcc-b5575f36dc2e9dbc0f8791c06e368e10","method":"GET","path":"/api/v1/table-policies","status":200,"duration_ms":7}
{"request_id":"rcc-1ea46c711516abd7e845386210c1cbeb","method":"POST","path":"/api/v1/table-policies/:table_name/enable","status":200,"duration_ms":17}
{"request_id":"rcc-d12d3c9b27803afdd1bd30adceef9b42","method":"GET","path":"/api/v1/table-policies/:table_name","status":200,"duration_ms":3}
{"request_id":"rcc-0b1d6641c9c1fddefaba4386504e76be","method":"GET","path":"/api/v1/table-policies","status":200,"duration_ms":2}
{"request_id":"rcc-9bfc6cf0f443f0f19c04ac85058f9eb4","method":"GET","path":"/api/v1/table-policies/:table_name","status":200,"duration_ms":3}
{"request_id":"rcc-5050b452d4bd32f212275dee6603f6b1","method":"GET","path":"/api/v1/database-tables","status":200,"duration_ms":6}
{"request_id":"rcc-1a1e50a6fb0c2171ec9c7f43b434d803","method":"GET","path":"/api/v1/table-policies","status":200,"duration_ms":3}
{"request_id":"rcc-9bb84626d0b44f7d0d87d18bfcd87917","method":"GET","path":"/api/v1/database-tables","status":200,"duration_ms":6}
{"request_id":"rcc-acc4bf81a5822eb4685edc624fde5a0a","method":"GET","path":"/api/v1/mutation-policy-types","status":200,"duration_ms":2}
{"request_id":"rcc-6b0837d44a5759656b22089c0e00b098","method":"GET","path":"/api/v1/query-policy-types","status":200,"duration_ms":3}
{"request_id":"rcc-84688cc627112af24c74bcdad029ae31","method":"GET","path":"/api/v1/query-policies","status":200,"duration_ms":4}
{"request_id":"rcc-c64b7f65d449a682fb374fb648e77ac1","method":"GET","path":"/api/v1/mutation-policies","status":200,"duration_ms":4}
{"request_id":"rcc-8a88b15969761c108fe15b1f23616ec6","method":"GET","path":"/api/v1/auth/session","status":200,"duration_ms":1}
{"request_id":"rcc-3007ee09307d68f14e7e59a9b59010a4","method":"GET","path":"/api/v1/mutation-policy-types","status":200,"duration_ms":2}
{"request_id":"rcc-dcb680c55f772d158d9eceebcb8ca516","method":"GET","path":"/api/v1/query-policy-types","status":200,"duration_ms":3}
{"request_id":"rcc-ea4889c521e96bbf2471d7f4c03c3c65","method":"GET","path":"/api/v1/mutation-policies","status":200,"duration_ms":3}
{"request_id":"rcc-663d81ffedee48662a7d55e2fc763baa","method":"GET","path":"/api/v1/query-policies","status":200,"duration_ms":5}
{"request_id":"rcc-21911fe3ab50888a6ea47481559d256d","method":"GET","path":"/api/v1/table-policies/:table_name","status":200,"duration_ms":8}
{"request_id":"rcc-08da594a0c3172eac12e9610c299ec50","method":"GET","path":"/api/v1/database-tables","status":200,"duration_ms":10}
{"request_id":"rcc-3200b11eb54228d0d6f881948d5ec077","method":"GET","path":"/api/v1/table-policies","status":200,"duration_ms":7}
{"request_id":"rcc-4d4bd49e570113610d822c7d2ac0def7","method":"POST","path":"/api/v1/table-policies/:table_name/disable","status":200,"duration_ms":9}
{"request_id":"rcc-efb5bf382b81c8b7f07a49cf19f28f58","method":"GET","path":"/api/v1/table-policies/:table_name","status":200,"duration_ms":3}
{"request_id":"rcc-d7144391aa9fa775c7a3afdbe2b3da29","method":"GET","path":"/api/v1/table-policies","status":200,"duration_ms":2}
{"request_id":"rcc-54eb26d54b2924abcefc7e47a67fda63","method":"GET","path":"/api/v1/table-policies/:table_name","status":200,"duration_ms":3}
{"request_id":"rcc-a6f19832a9ab972867ee4d802c6986c8","method":"GET","path":"/api/v1/database-tables","status":200,"duration_ms":6}
{"request_id":"rcc-35079e70afa1a7ba07bbaf30a16e0270","method":"GET","path":"/api/v1/table-policies","status":200,"duration_ms":3}
{"request_id":"rcc-071f812de8a85b03368a5ed49178a6a7","method":"GET","path":"/api/v1/database-tables","status":200,"duration_ms":7}
{"request_id":"rcc-5e0e8ccd90e0ba8b4b7b17171fc7b587","method":"GET","path":"/api/v1/mutation-policy-types","status":200,"duration_ms":2}
{"request_id":"rcc-821658f6b1f20c46b683417662e41853","method":"GET","path":"/api/v1/query-policy-types","status":200,"duration_ms":2}
{"request_id":"rcc-41346597d6ef9b00488f68b362ae8311","method":"GET","path":"/api/v1/query-policies","status":200,"duration_ms":3}
{"request_id":"rcc-288ab2880641758063dc439ab9afcc4c","method":"GET","path":"/api/v1/mutation-policies","status":200,"duration_ms":3}
{"request_id":"rcc-ddb36b514ac4a44b2f1ee986dace85c5","method":"GET","path":"/api/v1/auth/csrf","status":200,"duration_ms":7}
{"request_id":"rcc-705869d5594607f5b495d4ffa4de40ee","method":"POST","path":"/api/v1/auth/register","status":201,"duration_ms":47}
{"request_id":"rcc-6b437fa9c100948eb449b443eb5fca1f","method":"GET","path":"/api/v1/auth/session","status":200,"duration_ms":1}
{"request_id":"rcc-23a04ae708367d57d865d3831503179a","method":"GET","path":"/api/v1/account-roles","status":200,"duration_ms":2}
{"request_id":"rcc-49a5f682da0dfa5a7eb5966720e0a49c","method":"GET","path":"/api/v1/auth/csrf","status":200,"duration_ms":6}
{"request_id":"rcc-5fe0fa638ec823ac7c052f7e9fd3185f","method":"POST","path":"/api/v1/auth/register","status":201,"duration_ms":45}
{"request_id":"rcc-eaebcb81f10d921508d2d3a8fc5e42f3","method":"GET","path":"/api/v1/auth/session","status":200,"duration_ms":1}
{"request_id":"rcc-e7b1026153b7fdd163e3ff7735e10fcc","method":"GET","path":"/api/v1/account-roles","status":200,"duration_ms":2}
{"request_id":"rcc-b7b690c646c363dfa83ef5498ca50dc1","method":"GET","path":"/api/v1/auth/session","status":200,"duration_ms":1}
{"request_id":"rcc-9b0321b539797b5fdf921ddaaecdc689","method":"PUT","path":"/api/v1/account-roles/:id","status":200,"duration_ms":12}
{"request_id":"rcc-1cb8bb21ebb1e18ec439b8fd89ce29c6","method":"GET","path":"/api/v1/auth/session","status":200,"duration_ms":1}
{"request_id":"rcc-50aa830ebfa0539653b11d7489be2f48","method":"POST","path":"/api/v1/approval-roles","status":201,"duration_ms":16}
{"request_id":"rcc-8f62de9e4d0e3d483f681eab70abb1a8","method":"GET","path":"/api/v1/auth/session","status":200,"duration_ms":1}
{"request_id":"rcc-52922076e38d7b30a39d833fb9bba5df","method":"GET","path":"/api/v1/table-policies/:table_name/approval-roles","status":200,"duration_ms":5}
{"request_id":"rcc-ddda1100aa9ee30ef0a831648b105767","method":"GET","path":"/api/v1/auth/session","status":200,"duration_ms":1}
{"request_id":"rcc-e1a02ccd9ae47e58d05a70290f20e944","method":"PUT","path":"/api/v1/table-policies/:table_name/approval-roles","status":200,"duration_ms":19}
{"request_id":"rcc-4337884cb8643da464262d765eadb463","method":"GET","path":"/api/v1/auth/session","status":200,"duration_ms":1}
{"request_id":"rcc-e843e2e147988c786acef25a24eaabc5","method":"GET","path":"/api/v1/table-policies/:table_name/approval-roles","status":200,"duration_ms":4}
{"request_id":"rcc-163bd47d383efab19fe8accf13033d5c","method":"GET","path":"/api/v1/auth/session","status":200,"duration_ms":1}
{"request_id":"rcc-d9e3453fac888a9d206df1a5a7780dac","method":"PUT","path":"/api/v1/table-policies/:table_name/approval-roles","status":200,"duration_ms":26}
{"request_id":"rcc-327c0e24e77f63cfb506e3970409f147","method":"GET","path":"/api/v1/auth/session","status":200,"duration_ms":2}
{"request_id":"rcc-9ba2de1586c4763dd1e7d5c5f8a1c9ba","method":"GET","path":"/api/v1/mutation-policy-types","status":200,"duration_ms":2}
{"request_id":"rcc-6efacddc63dae9c9b837d1f6dbaa49dd","method":"GET","path":"/api/v1/mutation-policies","status":200,"duration_ms":3}
{"request_id":"rcc-e9eae8c84839aeb2c7d8278d6f148108","method":"POST","path":"/api/v1/mutation-policies","status":201,"duration_ms":7}
{"request_id":"rcc-b99a5075b9197b64d5274c374edb67ed","method":"POST","path":"/api/v1/auth/activity","status":200,"duration_ms":8}
{"request_id":"rcc-acabe3d50f84373d5d52ef7d062872fc","method":"GET","path":"/api/v1/mutation-policies","status":200,"duration_ms":3}
{"request_id":"rcc-17fc82fd3c399fba50e2c36a60640933","method":"GET","path":"/api/v1/mutation-policy-types","status":200,"duration_ms":2}
{"request_id":"rcc-24ec099b13ee60a4643014ad25bdffa9","method":"GET","path":"/api/v1/mutation-policies/:code","status":200,"duration_ms":6}
{"request_id":"rcc-4ae6e4e2094471521bb01331f9d90efa","method":"GET","path":"/api/v1/mutation-policy-types","status":200,"duration_ms":3}
{"request_id":"rcc-94f3255acd93a6e2d8481625ed718694","method":"GET","path":"/api/v1/mutation-policies/:code","status":200,"duration_ms":6}
{"request_id":"rcc-2c84f9390bebe1be2e4371d0a1e4c612","method":"PUT","path":"/api/v1/mutation-policies/:code","status":200,"duration_ms":7}
{"request_id":"rcc-b30b1a3bc5b15329aadbfabc091d653c","method":"GET","path":"/api/v1/mutation-policies","status":200,"duration_ms":3}
{"request_id":"rcc-dac1bcd8284210a446afaad8e4475ab6","method":"GET","path":"/api/v1/mutation-policy-types","status":200,"duration_ms":2}
{"request_id":"rcc-dc9e3f5d64c9d7b4984d930959ee28d8","method":"GET","path":"/api/v1/mutation-policies/:code","status":200,"duration_ms":10}
{"request_id":"rcc-99e685c56b3da13e7d757d9bcba482d2","method":"GET","path":"/api/v1/auth/session","status":200,"duration_ms":1}
{"request_id":"rcc-f8be915b9f9e959406b1b658b5dd0cf7","method":"GET","path":"/api/v1/mutation-policy-types","status":200,"duration_ms":3}
{"request_id":"rcc-c472979e7cad2b201e7193448f955f77","method":"GET","path":"/api/v1/mutation-policies","status":200,"duration_ms":6}
{"request_id":"rcc-1ae80fca6b246c133a476b54ac4caf83","method":"GET","path":"/api/v1/mutation-policies/:code","status":200,"duration_ms":7}
{"request_id":"rcc-f9a3f5514f0d36c9c0bc693b495dea86","method":"DELETE","path":"/api/v1/mutation-policies/:code","status":204,"duration_ms":9}
{"request_id":"rcc-e43b44aa514e765af266bc1712adf4a0","method":"GET","path":"/api/v1/mutation-policies","status":200,"duration_ms":2}
{"request_id":"rcc-567be690121b0fa74b08d9dc5066d1a3","method":"GET","path":"/api/v1/mutation-policies/:code","status":404,"duration_ms":3}
{"request_id":"rcc-e4dad8eca1a13cfddeb4e3059b6934ef","method":"GET","path":"/api/v1/mutation-policy-types","status":200,"duration_ms":3}
{"request_id":"rcc-de447301c04f738cd9a4bef4fdf8bdc1","method":"GET","path":"/api/v1/auth/session","status":200,"duration_ms":2}
{"request_id":"rcc-e200b1f44d8e365c0f998e523934bfcb","method":"GET","path":"/api/v1/query-policy-types","status":200,"duration_ms":1}
{"request_id":"rcc-aaa371583655a010166e6a8d8f73d526","method":"GET","path":"/api/v1/query-policies","status":200,"duration_ms":3}
{"request_id":"rcc-8dc433d760d993bbab3ec8c0e3e86c05","method":"GET","path":"/api/v1/query-policies/:code","status":200,"duration_ms":4}
{"request_id":"rcc-f2971cdcb7887594da7fcc4a80d428b5","method":"PATCH","path":"/api/v1/query-policies/:code/metadata","status":200,"duration_ms":13}
{"request_id":"rcc-3f9c502879ea980205bf5d62ed075def","method":"GET","path":"/api/v1/query-policies","status":200,"duration_ms":4}
{"request_id":"rcc-4ace5b668022c9a0ee5d0252566dccd7","method":"GET","path":"/api/v1/query-policy-types","status":200,"duration_ms":2}
{"request_id":"rcc-414f09e0811dd78e7db9e12866789081","method":"GET","path":"/api/v1/query-policies/:code","status":200,"duration_ms":4}
{"request_id":"rcc-24f405599f323a95416f669b097cd3c8","method":"GET","path":"/api/v1/auth/session","status":200,"duration_ms":2}
{"request_id":"rcc-c21b500c36aeb9fda85007275398dbf1","method":"GET","path":"/api/v1/query-policy-types","status":200,"duration_ms":3}
{"request_id":"rcc-b4dabc74cd51747c5acc8441c043e516","method":"GET","path":"/api/v1/query-policies","status":200,"duration_ms":4}
{"request_id":"rcc-b0aeeae15c23b05714de75153362bed5","method":"GET","path":"/api/v1/query-policies/:code","status":200,"duration_ms":4}
{"request_id":"rcc-b7152d92f411decfc238dfaeee50e704","method":"GET","path":"/api/v1/auth/session","status":200,"duration_ms":2}
{"request_id":"rcc-76f083897734ac60c325bdecd56b0e44","method":"GET","path":"/api/v1/mutation-policy-types","status":200,"duration_ms":2}
{"request_id":"rcc-3a1469cd2c71a1034309f60d1daea483","method":"GET","path":"/api/v1/mutation-policies","status":200,"duration_ms":3}
{"request_id":"rcc-1851f29235df9827a66c7b716ac4405d","method":"GET","path":"/api/v1/mutation-policies/:code","status":200,"duration_ms":5}
{"request_id":"rcc-e4992bd0225b8fbb1430fa71d028760b","method":"PATCH","path":"/api/v1/mutation-policies/:code/metadata","status":200,"duration_ms":16}
{"request_id":"rcc-a6e563d8cf5a950e029eb6f8aefacd64","method":"GET","path":"/api/v1/mutation-policies","status":200,"duration_ms":3}
{"request_id":"rcc-bde1ad9e2123cd7752f44f616df65070","method":"GET","path":"/api/v1/mutation-policy-types","status":200,"duration_ms":2}
{"request_id":"rcc-14874b77de80fc48bab2ff7360ac325c","method":"GET","path":"/api/v1/mutation-policies/:code","status":200,"duration_ms":7}
{"request_id":"rcc-c84abe17154ea5f2d2453cc6bdf2c1c5","method":"GET","path":"/api/v1/auth/session","status":200,"duration_ms":1}
{"request_id":"rcc-a95b39959dc525b6deb9f34b48d65749","method":"GET","path":"/api/v1/mutation-policy-types","status":200,"duration_ms":3}
{"request_id":"rcc-4a5b453ecd19449acc14d255b1db8db3","method":"GET","path":"/api/v1/mutation-policies","status":200,"duration_ms":4}
{"request_id":"rcc-1aa8ee4ad3f52007e2f1283426239104","method":"GET","path":"/api/v1/mutation-policies/:code","status":200,"duration_ms":5}
{"request_id":"rcc-b605e91828cc21109e37d7d32ca96d4e","method":"GET","path":"/api/v1/auth/session","status":200,"duration_ms":1}
{"request_id":"rcc-d500ed334d86d60c2f465e84db382136","method":"GET","path":"/api/v1/query-policy-types","status":200,"duration_ms":2}
{"request_id":"rcc-4de30216c962fa456ab08be66a78b2aa","method":"GET","path":"/api/v1/query-policies","status":200,"duration_ms":4}
{"request_id":"rcc-ec4753b75cd8cc2915a73b40ccbea71e","method":"GET","path":"/api/v1/query-policies/:code","status":200,"duration_ms":6}
{"request_id":"rcc-7a9e5a37cbafd8aa26ac49edccce8042","method":"POST","path":"/api/v1/query-policies/:code/deprecate","status":200,"duration_ms":9}
{"request_id":"rcc-a0d3f7b664d68996d7ba4c82fb49f5ef","method":"GET","path":"/api/v1/query-policies","status":200,"duration_ms":3}
{"request_id":"rcc-8fb92322085b007efd1a2f141c9502dd","method":"GET","path":"/api/v1/auth/session","status":200,"duration_ms":3}
{"request_id":"rcc-bb39e88e0e6a30e7002ba1e98b23f182","method":"GET","path":"/api/v1/mutation-policy-types","status":200,"duration_ms":2}
{"request_id":"rcc-8ae08f554b45bef77140fa51eb37436e","method":"GET","path":"/api/v1/mutation-policies","status":200,"duration_ms":10}
{"request_id":"rcc-1b91d39f2dd05fad76635434ddd6cbf6","method":"GET","path":"/api/v1/mutation-policies/:code","status":200,"duration_ms":13}
{"request_id":"rcc-626996a500e4912f7a2cc58efe97b2e1","method":"POST","path":"/api/v1/mutation-policies/:code/deprecate","status":200,"duration_ms":13}
{"request_id":"rcc-4e5f7cb384bf1e8b83ed82509f87c995","method":"GET","path":"/api/v1/mutation-policies","status":200,"duration_ms":4}
{"request_id":"rcc-f577549fec1e95a9d5e4ed7d6af35ef3","method":"GET","path":"/api/v1/auth/session","status":200,"duration_ms":1}
{"request_id":"rcc-bcb8e86710d9013ab91bbde7453a312c","method":"GET","path":"/api/v1/query-policy-types","status":200,"duration_ms":2}
{"request_id":"rcc-c89b3cbb75fa815aa5a5e996698f061b","method":"GET","path":"/api/v1/query-policies","status":200,"duration_ms":3}
{"request_id":"rcc-3eaadf7874e333c5481b39bd1b3a487f","method":"GET","path":"/api/v1/query-policies/:code","status":200,"duration_ms":6}
{"request_id":"rcc-596f624363a8108b566d2be2314e0d80","method":"PATCH","path":"/api/v1/query-policies/:code/metadata","status":200,"duration_ms":15}
{"request_id":"rcc-2dce5f9907cddf2c4e954f6ef79ec350","method":"GET","path":"/api/v1/query-policies","status":200,"duration_ms":3}
{"request_id":"rcc-b5638eb489236bc04a2cf6744e622ef0","method":"GET","path":"/api/v1/query-policy-types","status":200,"duration_ms":2}
{"request_id":"rcc-084856d5602a04cd7bc4ac11fc377281","method":"GET","path":"/api/v1/query-policies/:code","status":200,"duration_ms":6}
{"request_id":"rcc-5b03768447bb574849a362f3536384e1","method":"GET","path":"/api/v1/auth/session","status":200,"duration_ms":1}
{"request_id":"rcc-d8d7a52dd521aae4303aee4c86d3a8f1","method":"GET","path":"/api/v1/query-policy-types","status":200,"duration_ms":2}
{"request_id":"rcc-b46f1e92bb4696f444e06d8ef4a9b856","method":"GET","path":"/api/v1/query-policies","status":200,"duration_ms":3}
{"request_id":"rcc-f26d8461a6ca3631c6214e4894276142","method":"GET","path":"/api/v1/query-policies/:code","status":200,"duration_ms":4}
{"request_id":"rcc-d77cccaee3bc80360689572a1869770b","method":"GET","path":"/api/v1/auth/session","status":200,"duration_ms":2}
{"request_id":"rcc-6b49861c30ceb2817b0ab98d61b905bc","method":"GET","path":"/api/v1/mutation-policy-types","status":200,"duration_ms":2}
{"request_id":"rcc-c153b40c8f6f925824d12336b725db7c","method":"GET","path":"/api/v1/mutation-policies","status":200,"duration_ms":3}
{"request_id":"rcc-b3adfa8937d7d6cf4267e7fcfdf1e41c","method":"GET","path":"/api/v1/mutation-policies/:code","status":200,"duration_ms":4}
{"request_id":"rcc-d84f6685d59204439a46f6eeb1d56373","method":"PATCH","path":"/api/v1/mutation-policies/:code/metadata","status":200,"duration_ms":13}
{"request_id":"rcc-2a0892df863dd8d4cb5d6839d5e483d7","method":"GET","path":"/api/v1/mutation-policies","status":200,"duration_ms":3}
{"request_id":"rcc-91e20e5bbd39eed0187329367c052e70","method":"GET","path":"/api/v1/mutation-policy-types","status":200,"duration_ms":3}
{"request_id":"rcc-c89a16c8c36aa7c245170ee106eaa9d0","method":"GET","path":"/api/v1/mutation-policies/:code","status":200,"duration_ms":6}
{"request_id":"rcc-3d54439fe2dfb7cf8b4aa88945fab37b","method":"GET","path":"/api/v1/auth/session","status":200,"duration_ms":1}
{"request_id":"rcc-9e208f027f8bf61462e98d64505e8274","method":"GET","path":"/api/v1/mutation-policy-types","status":200,"duration_ms":2}
{"request_id":"rcc-3cb7b692e7d37dee5382b229986d66cd","method":"GET","path":"/api/v1/mutation-policies","status":200,"duration_ms":3}
{"request_id":"rcc-34eae39d022fd64d10106a13f347a14e","method":"GET","path":"/api/v1/mutation-policies/:code","status":200,"duration_ms":4}
{"request_id":"rcc-0fd5e273fd9d7b22d65f4f825a806a8a","method":"GET","path":"/api/v1/auth/session","status":200,"duration_ms":2}
{"request_id":"rcc-023f6f351514760e72c87287e3a8093a","method":"GET","path":"/api/v1/table-policies","status":200,"duration_ms":2}
{"request_id":"rcc-9356aa9c274ed315b89e60f6a34b6e70","method":"GET","path":"/api/v1/query-policy-types","status":200,"duration_ms":2}
{"request_id":"rcc-dbdaf99285a3fb7c5cd531f38650cd16","method":"GET","path":"/api/v1/mutation-policy-types","status":200,"duration_ms":2}
{"request_id":"rcc-e2e29a1d4f6e5660bc2287132bebede5","method":"GET","path":"/api/v1/mutation-policies/:code","status":200,"duration_ms":6}
{"request_id":"rcc-3c937321ab32126961006f943d46ce64","method":"GET","path":"/api/v1/query-policies/:code","status":200,"duration_ms":6}
{"request_id":"rcc-09dd183d509edf75c1cdd09be205bd11","method":"POST","path":"/api/v1/tables/:table_name/query","status":200,"duration_ms":26}
{"request_id":"rcc-de8b63266d1f4028e6a3025d47577869","method":"GET","path":"/api/v1/table-field-policies/:table_name","status":200,"duration_ms":7}
{"request_id":"rcc-b724cabac4c976ee06b2bed28656a592","method":"GET","path":"/api/v1/mutation-policies/:code","status":200,"duration_ms":4}
{"request_id":"rcc-d09591aba2e8749df7ac5fc6d548b60b","method":"GET","path":"/api/v1/query-policies/:code","status":200,"duration_ms":4}
{"request_id":"rcc-4c17970352fca540227679d3afad9df6","method":"POST","path":"/api/v1/tables/:table_name/query","status":200,"duration_ms":24}
{"request_id":"rcc-e33af829ad092f365c4d7ff179e75f22","method":"GET","path":"/api/v1/table-field-policies/:table_name","status":200,"duration_ms":7}
{"request_id":"rcc-0775bdebd3c03e8272154c6833d6e66e","method":"GET","path":"/api/v1/table-field-policies/:table_name","status":200,"duration_ms":6}
{"request_id":"rcc-bc06c76110719381a2cb86045a525f84","method":"POST","path":"/api/v1/release-orders","status":201,"duration_ms":37}
{"request_id":"rcc-5513372522e8f716d8e88a6494ca5a3e","method":"GET","path":"/api/v1/auth/session","status":200,"duration_ms":2}
{"request_id":"rcc-e6bd85c5ef5f9aad0802369085f2a7ae","method":"GET","path":"/api/v1/release-orders/:id","status":200,"duration_ms":16}
{"request_id":"rcc-e8030810a090b068d70e6fb012e641b4","method":"GET","path":"/api/v1/release-orders/:id/details","status":200,"duration_ms":8}
{"request_id":"rcc-33b8646e560d2f4840312d0094500b47","method":"GET","path":"/api/v1/table-field-policies/:table_name","status":200,"duration_ms":8}
{"request_id":"rcc-93bec3e6f3213d91b1d022463e73e114","method":"GET","path":"/api/v1/release-orders/:id/people","status":200,"duration_ms":22}
{"request_id":"rcc-4ddcec2c410cbe45c9e65584fb7b5bd8","method":"POST","path":"/api/v1/release-orders/:id/submit","status":200,"duration_ms":82}
{"request_id":"rcc-dc27ca95b79255b795046278e0e0a108","method":"GET","path":"/api/v1/auth/session","status":200,"duration_ms":1}
{"request_id":"rcc-39cc00362a65cff4a2590c8b442a7ca7","method":"GET","path":"/api/v1/release-orders/:id","status":200,"duration_ms":12}
{"request_id":"rcc-3f795e914a5510e537ef679b621a003c","method":"GET","path":"/api/v1/auth/session","status":200,"duration_ms":1}
{"request_id":"rcc-e1738c99d9cda5e039299cc4bd5af5c4","method":"POST","path":"/api/v1/release-orders/:id/approve","status":200,"duration_ms":30}
{"request_id":"rcc-edf6961971840d4d1633e0ff5a539f5c","method":"GET","path":"/api/v1/auth/session","status":200,"duration_ms":1}
{"request_id":"rcc-d8ad35d3cd78a0df920879a45787dd82","method":"POST","path":"/api/v1/release-orders/:id/execute","status":200,"duration_ms":87}
{"request_id":"rcc-b1e31007867b183d7cbfe76def2b68ee","method":"GET","path":"/api/v1/auth/session","status":200,"duration_ms":1}
{"request_id":"rcc-2aec8862c6d06b0636745dcb46c494d8","method":"POST","path":"/api/v1/release-orders/:id/complete","status":200,"duration_ms":24}
{"request_id":"rcc-944e7a597023a9794df89d3996c47a7f","method":"GET","path":"/api/v1/auth/session","status":200,"duration_ms":2}
{"request_id":"rcc-cac06283b8a3c59d50d627c3dac27ece","method":"GET","path":"/api/v1/mutation-policy-types","status":200,"duration_ms":1}
{"request_id":"rcc-f07b5bbf1b0dccdf5e8765259d4f1113","method":"GET","path":"/api/v1/query-policy-types","status":200,"duration_ms":2}
{"request_id":"rcc-bd9f19f25b84f0da15959c3153b82f79","method":"GET","path":"/api/v1/query-policies","status":200,"duration_ms":2}
{"request_id":"rcc-a500fa1f6db086a2a15a5ad4035c92c7","method":"GET","path":"/api/v1/mutation-policies","status":200,"duration_ms":3}
{"request_id":"rcc-c0394d74158062699b54f500220dd1b7","method":"GET","path":"/api/v1/table-policies","status":200,"duration_ms":5}
{"request_id":"rcc-1d18952daf13e24a7d92dcd8118b5cfa","method":"GET","path":"/api/v1/database-tables","status":200,"duration_ms":9}
{"request_id":"rcc-39a4d5af08fb1ac464595e6a8d0debe9","method":"GET","path":"/api/v1/auth/session","status":200,"duration_ms":1}
{"request_id":"rcc-fbcd24d1e7e01b4b24cefa97db25da21","method":"GET","path":"/api/v1/query-policy-types","status":200,"duration_ms":2}
{"request_id":"rcc-03ee27fbbe8bdde5b45d18518b02b7fb","method":"GET","path":"/api/v1/mutation-policy-types","status":200,"duration_ms":2}
{"request_id":"rcc-7df91c766af082a4fa528249376cd276","method":"GET","path":"/api/v1/query-policies","status":200,"duration_ms":4}
{"request_id":"rcc-555a43d1c75614c1cd0e0837e3233576","method":"GET","path":"/api/v1/table-policies","status":200,"duration_ms":4}
{"request_id":"rcc-07cbb7f6aa24988e0ad4df7f41a9cb08","method":"GET","path":"/api/v1/mutation-policies","status":200,"duration_ms":5}
{"request_id":"rcc-85058ed1b1138c7a4c7f59d22fd593ed","method":"GET","path":"/api/v1/database-tables","status":200,"duration_ms":7}
{"request_id":"rcc-3ee91d379341d5f36981cade01325137","method":"GET","path":"/api/v1/auth/session","status":200,"duration_ms":2}
{"request_id":"rcc-8f76416bb7c63a9d9e1946127cbf17aa","method":"GET","path":"/api/v1/table-policies","status":200,"duration_ms":3}
{"request_id":"rcc-9edc97c7b5dbf49ec66a2a027dc037dd","method":"GET","path":"/api/v1/query-policy-types","status":200,"duration_ms":2}
{"request_id":"rcc-23cfacbe3987dd1dc89690510c321f74","method":"GET","path":"/api/v1/mutation-policy-types","status":200,"duration_ms":2}
{"request_id":"rcc-55a08080edd9662754545e5617b5e196","method":"GET","path":"/api/v1/mutation-policies/:code","status":200,"duration_ms":4}
{"request_id":"rcc-6466a91e918fe284d6c7e0dd672e021b","method":"GET","path":"/api/v1/query-policies/:code","status":200,"duration_ms":4}
{"request_id":"rcc-a0a7a27c63500ab5ab3b68e3ba0685d4","method":"POST","path":"/api/v1/tables/:table_name/query","status":200,"duration_ms":21}
{"request_id":"rcc-d6d3d49fadc1ed425cc38640c4b9746a","method":"GET","path":"/api/v1/table-field-policies/:table_name","status":200,"duration_ms":7}
{"request_id":"rcc-7452b080b051d6f55572327a186f9baf","method":"GET","path":"/api/v1/query-policies/:code","status":200,"duration_ms":3}
{"request_id":"rcc-b21b8613c6b3d747e7ba70d038723df4","method":"GET","path":"/api/v1/mutation-policies/:code","status":200,"duration_ms":4}
{"request_id":"rcc-e05e57bc5dd3e070ec700e2b1b4d1e20","method":"POST","path":"/api/v1/tables/:table_name/query","status":200,"duration_ms":31}
{"request_id":"rcc-284dc441b8d9be131ceabe2228458727","method":"GET","path":"/api/v1/table-field-policies/:table_name","status":200,"duration_ms":6}
{"request_id":"rcc-036d3f8b0d8b3380e65a2b250f4f7737","method":"POST","path":"/api/v1/tables/:table_name/query","status":200,"duration_ms":17}
{"request_id":"rcc-300bbea5e4fb430ccb95b4efb306f1b1","method":"GET","path":"/api/v1/table-field-policies/:table_name","status":200,"duration_ms":7}
{"request_id":"rcc-a9c17376d48fb051ce0ddba256abb27b","method":"GET","path":"/api/v1/auth/session","status":200,"duration_ms":2}
{"request_id":"rcc-0fa4a4e3158366214bd75af735d34b45","method":"GET","path":"/api/v1/table-policies","status":200,"duration_ms":2}
{"request_id":"rcc-7effb26cc047eaa9096ea109480adec7","method":"GET","path":"/api/v1/query-policy-types","status":200,"duration_ms":1}
{"request_id":"rcc-8125a91e9b3727bfb0bb608e78e10c58","method":"GET","path":"/api/v1/mutation-policy-types","status":200,"duration_ms":3}
{"request_id":"rcc-933f8eb35241a061445e3304139f52e7","method":"GET","path":"/api/v1/query-policies/:code","status":200,"duration_ms":5}
{"request_id":"rcc-00692336cf96ab536f65e5c0664204f1","method":"GET","path":"/api/v1/mutation-policies/:code","status":200,"duration_ms":5}
{"request_id":"rcc-4ea3780e81c635ae1178908dce8eb67a","method":"POST","path":"/api/v1/tables/:table_name/query","status":200,"duration_ms":22}
{"request_id":"rcc-6826f2486eaba1531915441f1d730678","method":"GET","path":"/api/v1/table-field-policies/:table_name","status":200,"duration_ms":7}
{"request_id":"rcc-40077046cc14b5268ee13ecd800ae032","method":"GET","path":"/api/v1/query-policies/:code","status":200,"duration_ms":3}
{"request_id":"rcc-e20459337462d7d37a7e4281672e91c7","method":"GET","path":"/api/v1/mutation-policies/:code","status":200,"duration_ms":3}
{"request_id":"rcc-76cf55683e939f1ffb625aa7acbd8758","method":"POST","path":"/api/v1/tables/:table_name/query","status":200,"duration_ms":19}
{"request_id":"rcc-0520d49e53b8a26278cd4059671130d6","method":"GET","path":"/api/v1/table-field-policies/:table_name","status":200,"duration_ms":8}
{"request_id":"rcc-c989826e3a3026a70b725045c15e158c","method":"GET","path":"/api/v1/auth/session","status":200,"duration_ms":2}
{"request_id":"rcc-3b33c869bfd088259371ddf266cff073","method":"GET","path":"/api/v1/query-policy-types","status":200,"duration_ms":2}
{"request_id":"rcc-ab8ba89693cb035b34447fb713e26a32","method":"GET","path":"/api/v1/mutation-policy-types","status":200,"duration_ms":1}
{"request_id":"rcc-576319158e2fdf37b2e569192e9db604","method":"GET","path":"/api/v1/mutation-policies","status":200,"duration_ms":3}
{"request_id":"rcc-8de1e9cb2f393d3b43c33d555a87db06","method":"GET","path":"/api/v1/query-policies","status":200,"duration_ms":4}
{"request_id":"rcc-e0b645f71a3cdabd6c684444bba51c01","method":"GET","path":"/api/v1/table-policies/:table_name","status":200,"duration_ms":3}
{"request_id":"rcc-016ac0a0efb7585c2ebfbcb0bb273018","method":"GET","path":"/api/v1/database-tables","status":200,"duration_ms":9}
{"request_id":"rcc-66e4d8b6f0e13aa1211e55446c5f303a","method":"GET","path":"/api/v1/table-policies","status":200,"duration_ms":7}
{"request_id":"rcc-ff0db8e9c036d703d46a0905827530fe","method":"PUT","path":"/api/v1/table-policies/:table_name","status":200,"duration_ms":34}
{"request_id":"rcc-e2a2c793230ca0758d2f78811484d520","method":"GET","path":"/api/v1/table-policies","status":200,"duration_ms":2}
{"request_id":"rcc-66de112ceef00199db925c4a002c82a8","method":"GET","path":"/api/v1/database-tables","status":200,"duration_ms":6}
{"request_id":"rcc-26b86f5dbc575bf73c9a0cdb0586f0ad","method":"GET","path":"/api/v1/mutation-policy-types","status":200,"duration_ms":3}
{"request_id":"rcc-818b8650f4ce62d56aee37e4b8288a69","method":"GET","path":"/api/v1/query-policy-types","status":200,"duration_ms":4}
{"request_id":"rcc-80ed9573bdf4831e88f3b1f70e79d3ab","method":"GET","path":"/api/v1/query-policies","status":200,"duration_ms":5}
{"request_id":"rcc-24f22301a851c4a6a5d2f4e7ffb7ca40","method":"GET","path":"/api/v1/mutation-policies","status":200,"duration_ms":5}
{"request_id":"rcc-4009de7b4a1bf05cc47e3ee95b18acee","method":"GET","path":"/api/v1/table-policies/:table_name","status":200,"duration_ms":8}
{"request_id":"rcc-6b87b5ec8c49778decac865aa986897d","method":"GET","path":"/api/v1/auth/session","status":200,"duration_ms":2}
{"request_id":"rcc-1eba153874048c5f98f409247be50f51","method":"GET","path":"/api/v1/table-policies","status":200,"duration_ms":2}
{"request_id":"rcc-36ff794cf09d08eccd6a7e7ab1fdba74","method":"GET","path":"/api/v1/mutation-policy-types","status":200,"duration_ms":1}
{"request_id":"rcc-8e66dac96de35ab75df8c3af6f7864da","method":"GET","path":"/api/v1/query-policy-types","status":200,"duration_ms":2}
{"request_id":"rcc-043ce767a9fef0d05b938280c25e66b4","method":"GET","path":"/api/v1/query-policies/:code","status":200,"duration_ms":5}
{"request_id":"rcc-7a9765c578851ffe4e90372179bbe9ab","method":"GET","path":"/api/v1/mutation-policies/:code","status":200,"duration_ms":6}
{"request_id":"rcc-063fc4928c59a4e9a7716dd158125d8b","method":"POST","path":"/api/v1/tables/:table_name/query","status":200,"duration_ms":22}
{"request_id":"rcc-8e80efcf8627d5c61307b40ab417227a","method":"GET","path":"/api/v1/table-field-policies/:table_name","status":200,"duration_ms":6}
{"request_id":"rcc-c2535836dffe3a8ad0ff92d0d95ed62c","method":"GET","path":"/api/v1/mutation-policies/:code","status":200,"duration_ms":3}
{"request_id":"rcc-616db9ff1157c9f40d821ea32f8059cf","method":"GET","path":"/api/v1/query-policies/:code","status":200,"duration_ms":3}
{"request_id":"rcc-5f741dc30d526c467392abb9370bece3","method":"POST","path":"/api/v1/tables/:table_name/query","status":200,"duration_ms":18}
{"request_id":"rcc-8d511a29f84588ecde75f727af6a80dd","method":"GET","path":"/api/v1/table-field-policies/:table_name","status":200,"duration_ms":7}
{"request_id":"rcc-80ae4edb0364ca58808c8b9041db85cf","method":"GET","path":"/api/v1/table-field-policies/:table_name","status":200,"duration_ms":6}
{"request_id":"rcc-8157dd6f2b4ceb7d4a770825278124e6","method":"POST","path":"/api/v1/release-orders","status":201,"duration_ms":37}
{"request_id":"rcc-e878498442c1376f0faf0e2297da7059","method":"GET","path":"/api/v1/auth/session","status":200,"duration_ms":1}
{"request_id":"rcc-5d9ae3e65e804c25952f61585511cb0a","method":"GET","path":"/api/v1/release-orders/:id","status":200,"duration_ms":20}
{"request_id":"rcc-facb419bb4332ccfefbcfbc90730e6e1","method":"GET","path":"/api/v1/table-field-policies/:table_name","status":200,"duration_ms":7}
{"request_id":"rcc-a133a6739dd5e87f3d427c663cc485f3","method":"GET","path":"/api/v1/release-orders/:id/details","status":200,"duration_ms":9}
{"request_id":"rcc-bbd995d72e89bea0f3e3566146e4944b","method":"GET","path":"/api/v1/release-orders/:id/people","status":200,"duration_ms":22}
{"request_id":"rcc-6d9affb5bdc69986c36c8725a702859b","method":"POST","path":"/api/v1/release-orders/:id/submit","status":200,"duration_ms":82}
{"request_id":"rcc-a5eac497bfb2adce7d7cdca45896ed4c","method":"GET","path":"/api/v1/auth/session","status":200,"duration_ms":1}
{"request_id":"rcc-3c58c6575bd949b83537d19e4fd6161a","method":"GET","path":"/api/v1/release-orders/:id","status":200,"duration_ms":10}
{"request_id":"rcc-aacd480666266388591a9150cc47298b","method":"GET","path":"/api/v1/auth/session","status":200,"duration_ms":1}
{"request_id":"rcc-adf1fee882f892b908c3cf73a643b1ac","method":"POST","path":"/api/v1/release-orders/:id/approve","status":200,"duration_ms":28}
{"request_id":"rcc-bdc8458b59ceb0f576841fab3577cdeb","method":"GET","path":"/api/v1/auth/session","status":200,"duration_ms":1}
{"request_id":"rcc-c561f35d7346e78d3110c556d58630bd","method":"POST","path":"/api/v1/release-orders/:id/execute","status":200,"duration_ms":80}
{"request_id":"rcc-c13b5dc59a5602407e9c3d85ace17fbc","method":"GET","path":"/api/v1/auth/session","status":200,"duration_ms":0}
{"request_id":"rcc-05049fad70a334d361c2d837f0ce96f2","method":"POST","path":"/api/v1/release-orders/:id/complete","status":200,"duration_ms":25}
{"request_id":"rcc-4ccdc22c0fe911bbc0a00be053dadd70","method":"GET","path":"/api/v1/auth/csrf","status":200,"duration_ms":7}
{"request_id":"rcc-14c83e4ce094f2b2aa0d722b58894b3a","method":"POST","path":"/api/v1/auth/register","status":201,"duration_ms":48}
{"request_id":"rcc-d9553a1b06b6e458db9236d888a05df9","method":"GET","path":"/api/v1/auth/session","status":200,"duration_ms":1}
{"request_id":"rcc-fc2eea095fb8ee4433d11b4a041fa88f","method":"GET","path":"/api/v1/account-roles","status":200,"duration_ms":1}
{"request_id":"rcc-64243e15fd026653b3919fe7b424a284","method":"GET","path":"/api/v1/auth/csrf","status":200,"duration_ms":7}
{"request_id":"rcc-156ef334fd77d876eb590705566f309c","method":"POST","path":"/api/v1/auth/register","status":201,"duration_ms":46}
{"request_id":"rcc-4079609e2aff24b65ea76475f2784174","method":"GET","path":"/api/v1/auth/session","status":200,"duration_ms":1}
{"request_id":"rcc-7ae80b6a8ca3e7311434568dcc86022f","method":"GET","path":"/api/v1/account-roles","status":200,"duration_ms":1}
{"request_id":"rcc-2434591b72fef0869fb5da380e96b025","method":"GET","path":"/api/v1/auth/csrf","status":200,"duration_ms":6}
{"request_id":"rcc-fed23459d486e6bc178d9ce0321a9af6","method":"POST","path":"/api/v1/auth/register","status":201,"duration_ms":42}
{"request_id":"rcc-34c3a97802fd2de4e9893750a82228c8","method":"GET","path":"/api/v1/auth/session","status":200,"duration_ms":1}
{"request_id":"rcc-53d96922ad420bce668a070a85b71b64","method":"GET","path":"/api/v1/account-roles","status":200,"duration_ms":2}
{"request_id":"rcc-b7d7dc74e3128201440e7520c4f5f5d0","method":"GET","path":"/api/v1/auth/session","status":200,"duration_ms":1}
{"request_id":"rcc-87f393969ced930315f84659d4ebda58","method":"GET","path":"/api/v1/account-roles","status":200,"duration_ms":2}
{"request_id":"rcc-eef63b41caba7ed41e7dd1695cc391a2","method":"GET","path":"/api/v1/auth/session","status":200,"duration_ms":1}
{"request_id":"rcc-5fe21be561f5ec9ffdfff4318debb009","method":"PUT","path":"/api/v1/account-roles/:id","status":200,"duration_ms":14}
{"request_id":"rcc-159b55ec5ec3f01987a561a5e024b266","method":"GET","path":"/api/v1/auth/session","status":200,"duration_ms":1}
{"request_id":"rcc-9e50d555f9d1516c9bf0228f29b00105","method":"POST","path":"/api/v1/approval-roles","status":201,"duration_ms":14}
{"request_id":"rcc-58cdcd9390452207f216e380b4c52314","method":"GET","path":"/api/v1/auth/session","status":200,"duration_ms":1}
{"request_id":"rcc-8c9c010511bd65567c11163d5482c5e7","method":"GET","path":"/api/v1/table-policies/:table_name/approval-roles","status":200,"duration_ms":3}
{"request_id":"rcc-990af18e5861af5c97f667d04faf5210","method":"GET","path":"/api/v1/auth/session","status":200,"duration_ms":1}
{"request_id":"rcc-4664cb35dcc12a0579ea30a6fb28c093","method":"PUT","path":"/api/v1/table-policies/:table_name/approval-roles","status":200,"duration_ms":18}
{"request_id":"rcc-c9368f3a969ca33d650a3a186677f83c","method":"GET","path":"/api/v1/auth/session","status":200,"duration_ms":1}
{"request_id":"rcc-eb14e2bb8915e751def04e3b0810ec98","method":"GET","path":"/api/v1/table-policies/:table_name/approval-roles","status":200,"duration_ms":3}
{"request_id":"rcc-0862436557579275672b1a0ed99c1a33","method":"GET","path":"/api/v1/auth/session","status":200,"duration_ms":1}
{"request_id":"rcc-ab1a7a7270ea70714a75265996ade5c0","method":"PUT","path":"/api/v1/table-policies/:table_name/approval-roles","status":200,"duration_ms":19}
{"request_id":"rcc-8a21e004abd51737bfc5af5c746fefd7","method":"GET","path":"/api/v1/auth/session","status":200,"duration_ms":1}
{"request_id":"rcc-11a5043e0f0ae9aa34f1ec9505fc459b","method":"GET","path":"/api/v1/table-policies/:table_name/approval-roles","status":200,"duration_ms":3}
{"request_id":"rcc-081bb5a6d0cfd5c6119b2df72a3d9920","method":"GET","path":"/api/v1/auth/session","status":200,"duration_ms":1}
{"request_id":"rcc-df66dd3cc169b7611a9b621e55d3f48c","method":"PUT","path":"/api/v1/table-policies/:table_name/approval-roles","status":200,"duration_ms":18}
{"request_id":"rcc-109e55ad4d9bfe70f61a2dc170ac02d9","method":"GET","path":"/api/v1/auth/session","status":200,"duration_ms":0}
{"request_id":"rcc-483eaa9848427eaba69d6663dd2bfe23","method":"GET","path":"/api/v1/table-policies/:table_name/approval-roles","status":200,"duration_ms":3}
{"request_id":"rcc-bd6c923cec4b19b3b1fcd52a6ee53732","method":"GET","path":"/api/v1/auth/session","status":200,"duration_ms":0}
{"request_id":"rcc-06bb27c6bc350207382ad6aa94bf1a5b","method":"PUT","path":"/api/v1/table-policies/:table_name/approval-roles","status":200,"duration_ms":18}
{"request_id":"rcc-593d94e56da996ead8f65594bed141a2","method":"GET","path":"/api/v1/auth/session","status":200,"duration_ms":1}
{"request_id":"rcc-1c2d1ac2eb4acc0058a30b790cdb4aa1","method":"GET","path":"/api/v1/table-policies/:table_name/approval-roles","status":200,"duration_ms":3}
{"request_id":"rcc-6fb6ac6ba18a55413cf91f41fd4fffca","method":"GET","path":"/api/v1/auth/session","status":200,"duration_ms":1}
{"request_id":"rcc-cddd49b291ac9b3ba470c1cce3615ee7","method":"PUT","path":"/api/v1/table-policies/:table_name/approval-roles","status":200,"duration_ms":20}
{"request_id":"rcc-d76fb75921de90bd65c6070d9b4105c8","method":"GET","path":"/api/v1/auth/session","status":200,"duration_ms":1}
{"request_id":"rcc-d6e2395d2beba077d44590d52ed68bc1","method":"GET","path":"/api/v1/table-policies/:table_name/approval-roles","status":200,"duration_ms":3}
{"request_id":"rcc-7198048c1588c7502e0ba4bed0b44085","method":"GET","path":"/api/v1/auth/session","status":200,"duration_ms":0}
{"request_id":"rcc-55c84887292810e0c5f3a07743210141","method":"PUT","path":"/api/v1/table-policies/:table_name/approval-roles","status":200,"duration_ms":19}
{"request_id":"rcc-c5f53969cde71617a389b3352d0cabd5","method":"GET","path":"/api/v1/auth/session","status":200,"duration_ms":1}
{"request_id":"rcc-14dacd92138cd6960ca48ba7b9dde4b2","method":"GET","path":"/api/v1/table-policies/:table_name/approval-roles","status":200,"duration_ms":3}
{"request_id":"rcc-368d4a012b6e68b37bae6189f2ecbf9d","method":"GET","path":"/api/v1/auth/session","status":200,"duration_ms":0}
{"request_id":"rcc-a10f8d1623f5aab53d9e03242f8b8768","method":"PUT","path":"/api/v1/table-policies/:table_name/approval-roles","status":200,"duration_ms":18}
{"request_id":"rcc-8dbc2f6d8472dc1b63b7551a4ea35cd2","method":"GET","path":"/api/v1/auth/session","status":200,"duration_ms":1}
{"request_id":"rcc-ae7363111014adcc2ebf82106dea8d8d","method":"GET","path":"/api/v1/table-policies/:table_name/approval-roles","status":200,"duration_ms":3}
{"request_id":"rcc-52e42d3d449c83ec701d9d31544fbdf8","method":"GET","path":"/api/v1/auth/session","status":200,"duration_ms":1}
{"request_id":"rcc-be470c5338ec6582310f94e830b438cf","method":"PUT","path":"/api/v1/table-policies/:table_name/approval-roles","status":200,"duration_ms":20}
{"request_id":"rcc-2cb6953a3802892664253a4ca77d704a","method":"GET","path":"/api/v1/auth/session","status":200,"duration_ms":1}
{"request_id":"rcc-9ff1cc786c778cbae62e74dc9992d91e","method":"GET","path":"/api/v1/table-policies/:table_name/approval-roles","status":200,"duration_ms":3}
{"request_id":"rcc-187885b0f0b075e26fb2234c2d9cc616","method":"GET","path":"/api/v1/auth/session","status":200,"duration_ms":1}
{"request_id":"rcc-ddae00d3445d87579d0efcbc109acb08","method":"PUT","path":"/api/v1/table-policies/:table_name/approval-roles","status":200,"duration_ms":20}
{"request_id":"rcc-56f387638925120a84922b439ce661e8","method":"GET","path":"/api/v1/auth/session","status":200,"duration_ms":1}
{"request_id":"rcc-6eb532a25b5675f8879823b4d0de7fd3","method":"GET","path":"/api/v1/table-policies/:table_name/approval-roles","status":200,"duration_ms":3}
{"request_id":"rcc-d5b90acbdf8a21a321a81a64264a5d98","method":"GET","path":"/api/v1/auth/session","status":200,"duration_ms":1}
{"request_id":"rcc-040c9b1c61d2a3eec80aeb3ffdce5cf4","method":"PUT","path":"/api/v1/table-policies/:table_name/approval-roles","status":200,"duration_ms":19}
{"request_id":"rcc-1d09da2892923dd0d25e0485c80723dd","method":"GET","path":"/api/v1/auth/session","status":200,"duration_ms":1}
{"request_id":"rcc-3bc515dd90412626b6e2871bead194f1","method":"GET","path":"/api/v1/account-roles","status":200,"duration_ms":1}
{"request_id":"rcc-2eb8defcc3ad7ac21c6df090045c9824","method":"GET","path":"/api/v1/auth/session","status":200,"duration_ms":0}
{"request_id":"rcc-fa2b14e859021e37f850fff378f14234","method":"PUT","path":"/api/v1/account-roles/:id","status":200,"duration_ms":12}
{"request_id":"rcc-f3db39752b47e8aa449e6bd985f44d80","method":"GET","path":"/api/v1/auth/session","status":200,"duration_ms":1}
{"request_id":"rcc-434d09b0f1ab24df6da7e3eacef226db","method":"GET","path":"/api/v1/account-roles","status":200,"duration_ms":2}
{"request_id":"rcc-b9639b2452f5ce6b4ccf32a199126ac2","method":"GET","path":"/api/v1/auth/session","status":200,"duration_ms":0}
{"request_id":"rcc-2fe5be7baa0793751536cbe01a4dbe22","method":"PUT","path":"/api/v1/account-roles/:id","status":200,"duration_ms":10}
{"request_id":"rcc-7c6654ff6ce2d723a9b53cdbdb9f90ff","method":"GET","path":"/api/v1/auth/session","status":200,"duration_ms":1}
{"request_id":"rcc-a6f7817adce432c4012aa1889ccdb6e1","method":"GET","path":"/api/v1/table-policies","status":200,"duration_ms":3}
{"request_id":"rcc-f64e5c74450950a722f617f798cb539a","method":"GET","path":"/api/v1/mutation-policy-types","status":200,"duration_ms":2}
{"request_id":"rcc-dd535e1151a06e8a6ab5c674b253cc73","method":"GET","path":"/api/v1/query-policy-types","status":200,"duration_ms":3}
{"request_id":"rcc-5e29f1d6a006a9d5ee04dfdb8c16e1c5","method":"GET","path":"/api/v1/mutation-policies/:code","status":200,"duration_ms":4}
{"request_id":"rcc-63241b168b514a1d3d52df1f693fc419","method":"GET","path":"/api/v1/query-policies/:code","status":200,"duration_ms":4}
{"request_id":"rcc-3fee6ecc8720d60e4627afc3a374ca8c","method":"GET","path":"/api/v1/mutation-policies/:code","status":200,"duration_ms":3}
{"request_id":"rcc-f2a49750f42f6428446762c8f845f117","method":"GET","path":"/api/v1/query-policies/:code","status":200,"duration_ms":3}
{"request_id":"rcc-cdcd247fe7cb7f711e9b07f31ba08ba2","method":"POST","path":"/api/v1/tables/:table_name/query","status":200,"duration_ms":28}
{"request_id":"rcc-86726cf50c6584bc2ad7f6b9aee3a2e4","method":"POST","path":"/api/v1/tables/:table_name/query","status":200,"duration_ms":14}
{"request_id":"rcc-727bb120e45be73c12d50d834babddb6","method":"GET","path":"/api/v1/table-field-policies/:table_name","status":200,"duration_ms":7}
{"request_id":"rcc-5d2ade18749b9d76f74a9a678a68d7b5","method":"GET","path":"/api/v1/table-field-policies/:table_name","status":200,"duration_ms":7}
{"request_id":"rcc-881ee25d3c9fffd1ee1f80d340d825a2","method":"POST","path":"/api/v1/auth/activity","status":200,"duration_ms":11}
{"request_id":"rcc-bc4fff0d1414f44f230d90f11e312808","method":"POST","path":"/api/v1/release-orders","status":201,"duration_ms":45}
{"request_id":"rcc-d89baf13f6559838fed6c3cbb2ed132e","method":"GET","path":"/api/v1/release-orders/:id","status":200,"duration_ms":16}
{"request_id":"rcc-1068e58912bac8b34b039efaa68f998a","method":"GET","path":"/api/v1/table-field-policies/:table_name","status":200,"duration_ms":7}
{"request_id":"rcc-1d3f7358a63a7da695f8d3ade4acf7a7","method":"GET","path":"/api/v1/release-orders/:id/details","status":200,"duration_ms":10}
{"request_id":"rcc-4e7613e2060fc542153af8cfaf6ca55e","method":"GET","path":"/api/v1/release-orders/:id/people","status":200,"duration_ms":20}
{"request_id":"rcc-ebed3c044245191f557d6f1253f5531d","method":"GET","path":"/api/v1/auth/session","status":200,"duration_ms":1}
{"request_id":"rcc-8db2faaa0875f825f059bb1e7dc583d9","method":"POST","path":"/api/v1/release-orders/:id/submit","status":200,"duration_ms":76}
{"request_id":"rcc-513d903177770a5f0e41df41d03bfa37","method":"GET","path":"/api/v1/auth/session","status":200,"duration_ms":1}
{"request_id":"rcc-09008611cf6b8abf69b2c2445f3b8e2d","method":"GET","path":"/api/v1/release-orders/:id","status":200,"duration_ms":10}
{"request_id":"rcc-f4eb53b5a616d582de936a72dafc0eb4","method":"GET","path":"/api/v1/auth/session","status":200,"duration_ms":1}
{"request_id":"rcc-7c0c139ae643192c40089a3b4f80eed3","method":"POST","path":"/api/v1/release-orders/:id/approve","status":200,"duration_ms":40}
{"request_id":"rcc-cfe24220b0f1c3e0f52592cfb0047fd5","method":"GET","path":"/api/v1/auth/session","status":200,"duration_ms":1}
{"request_id":"rcc-3501799bb56d71dc546f853de53836d1","method":"POST","path":"/api/v1/release-orders/:id/execute","status":200,"duration_ms":94}
{"request_id":"rcc-b0af357cbe63fca92151b0bfbeb2c5ec","method":"GET","path":"/api/v1/auth/session","status":200,"duration_ms":2}
{"request_id":"rcc-5dc89e1d51656dda35be03afe3bc0ce9","method":"GET","path":"/api/v1/release-orders/:id","status":200,"duration_ms":14}
{"request_id":"rcc-89b875af00fb80e6740275ae3055b9c7","method":"GET","path":"/api/v1/table-field-policies/:table_name","status":200,"duration_ms":9}
{"request_id":"rcc-30020616e51c86b5db0f9e5f03a9a904","method":"GET","path":"/api/v1/release-orders/:id/details","status":200,"duration_ms":11}
{"request_id":"rcc-a546d9902b215fb12562eb8bc8ea4a72","method":"GET","path":"/api/v1/auth/session","status":200,"duration_ms":1}
{"request_id":"rcc-e30f866b87529b353a48d79385f37882","method":"GET","path":"/api/v1/release-orders/:id/people","status":200,"duration_ms":17}
{"request_id":"rcc-422fb3ad950420271435d6cc4e44a3ad","method":"POST","path":"/api/v1/release-orders/:id/complete","status":200,"duration_ms":33}
{"request_id":"rcc-b2c261514df9b4264bf73e8a51469da1","method":"GET","path":"/api/v1/auth/session","status":200,"duration_ms":1}
{"request_id":"rcc-6af3c93901d436deefe38c9322ec065a","method":"GET","path":"/api/v1/table-policies","status":200,"duration_ms":2}
{"request_id":"rcc-82f1334d8d5b7589cdabfb5dfac83519","method":"GET","path":"/api/v1/mutation-policy-types","status":200,"duration_ms":1}
{"request_id":"rcc-347c45bb019d049ca1d8a42823494dad","method":"GET","path":"/api/v1/query-policy-types","status":200,"duration_ms":2}
{"request_id":"rcc-8932304b93ea8de7956b0ce0f5808eba","method":"GET","path":"/api/v1/mutation-policies/:code","status":200,"duration_ms":5}
{"request_id":"rcc-8b8ea3b69fb28d2e34427c9089978ac6","method":"GET","path":"/api/v1/query-policies/:code","status":200,"duration_ms":5}
{"request_id":"rcc-a5a7578641cbc0288908668d04ba43b9","method":"POST","path":"/api/v1/tables/:table_name/query","status":200,"duration_ms":22}
{"request_id":"rcc-fa928b1aec22b2c7241341b11b98cad2","method":"GET","path":"/api/v1/table-field-policies/:table_name","status":200,"duration_ms":6}
{"request_id":"rcc-5162ccec5d9a489daa4f1756a3adacbc","method":"GET","path":"/api/v1/query-policies/:code","status":200,"duration_ms":3}
{"request_id":"rcc-24e79a18e1a4df16627efd0b07df0846","method":"GET","path":"/api/v1/mutation-policies/:code","status":200,"duration_ms":3}
{"request_id":"rcc-93df725ebdb39ce4532f3c546f97bd97","method":"POST","path":"/api/v1/tables/:table_name/query","status":200,"duration_ms":19}
{"request_id":"rcc-15236e5d3df19707ebbed421fc09da29","method":"GET","path":"/api/v1/table-field-policies/:table_name","status":200,"duration_ms":7}
{"request_id":"rcc-dcd68454df40900b723327bbc5d8c37e","method":"GET","path":"/api/v1/table-field-policies/:table_name","status":200,"duration_ms":7}
{"request_id":"rcc-395fc25ca4829e0e185879fa03e830a3","method":"GET","path":"/api/v1/auth/session","status":200,"duration_ms":1}
{"request_id":"rcc-5794c80a8fcda98f222672f06799169a","method":"POST","path":"/api/v1/tables/:table_name/query","status":200,"duration_ms":16}
{"request_id":"rcc-7c2cf7f69a922617c2c13f2ae882600f","method":"GET","path":"/api/v1/auth/session","status":200,"duration_ms":1}
{"request_id":"rcc-43cefc3a5c8f50dee01c05ec2d915f95","method":"GET","path":"/api/v1/table-policies/:table_name","status":200,"duration_ms":3}
{"request_id":"rcc-542a6cf14887acfd2afc24dfda4d2b65","method":"GET","path":"/api/v1/auth/session","status":200,"duration_ms":1}
{"request_id":"rcc-c875c6dd936560714aaee611f0200dc2","method":"GET","path":"/api/v1/mutation-policies/:code","status":200,"duration_ms":3}
{"request_id":"rcc-87534d436d041a70016c78a9989283cc","method":"POST","path":"/api/v1/release-orders","status":201,"duration_ms":47}
{"request_id":"rcc-a2b12c1ff3545f21af4b3b277de89ddb","method":"GET","path":"/api/v1/release-orders/:id","status":200,"duration_ms":18}
{"request_id":"rcc-6a7c33ce9832bdc2a01e243807d0d79a","method":"GET","path":"/api/v1/table-field-policies/:table_name","status":200,"duration_ms":7}
{"request_id":"rcc-a4605f4ae75716f3a7b5c7f69b35cb76","method":"GET","path":"/api/v1/release-orders/:id/details","status":200,"duration_ms":10}
{"request_id":"rcc-6289e32a877e9c3b06ef2f9f6b2cfac1","method":"GET","path":"/api/v1/release-orders/:id/people","status":200,"duration_ms":22}
{"request_id":"rcc-b0769ebfc014523a4283047d36b4dc4f","method":"GET","path":"/api/v1/auth/session","status":200,"duration_ms":1}
{"request_id":"rcc-91faf60edfbe4e32521220b283c84ea5","method":"POST","path":"/api/v1/release-orders/:id/submit","status":200,"duration_ms":80}
{"request_id":"rcc-b24db3b2ce9c9eb913ae77955ec4acfd","method":"GET","path":"/api/v1/auth/session","status":200,"duration_ms":1}
{"request_id":"rcc-1d980b9bbc0036270a2630a1c6754165","method":"GET","path":"/api/v1/release-orders/:id","status":200,"duration_ms":10}
{"request_id":"rcc-dc9e2dd0a3eb3df74bd65c0c8aeb7113","method":"GET","path":"/api/v1/auth/session","status":200,"duration_ms":1}
{"request_id":"rcc-794f49f5812a64875e7652c28f5771b6","method":"POST","path":"/api/v1/release-orders/:id/approve","status":200,"duration_ms":35}
{"request_id":"rcc-2e937bec72a09a83b4e0f52644852836","method":"GET","path":"/api/v1/auth/session","status":200,"duration_ms":1}
{"request_id":"rcc-41fd16137660f7ed9fb6e21f4573de1f","method":"POST","path":"/api/v1/release-orders/:id/execute","status":200,"duration_ms":95}
{"request_id":"rcc-b7e0e98683b577f0643052bc386b2e30","method":"GET","path":"/api/v1/auth/session","status":200,"duration_ms":2}
{"request_id":"rcc-bdfd679f3b5222ec07be980b03ce4ff0","method":"GET","path":"/api/v1/release-orders/:id","status":200,"duration_ms":13}
{"request_id":"rcc-0de5ca75ce93e285889967b72a9c4370","method":"GET","path":"/api/v1/table-field-policies/:table_name","status":200,"duration_ms":7}
{"request_id":"rcc-7b9bff72c7e46d8c143e97a4f5ffc371","method":"GET","path":"/api/v1/release-orders/:id/details","status":200,"duration_ms":11}
{"request_id":"rcc-7754c0f127bcfb9e5aff8b2a66dd0032","method":"GET","path":"/api/v1/auth/session","status":200,"duration_ms":1}
{"request_id":"rcc-3bdae63913078a6dcec8f572d5dccc76","method":"GET","path":"/api/v1/release-orders/:id/people","status":200,"duration_ms":18}
{"request_id":"rcc-427cc66eb64a19f8eb6c54f50e83a532","method":"POST","path":"/api/v1/release-orders/:id/complete","status":200,"duration_ms":36}
{"request_id":"rcc-a87b4127469d9d79d83c79156d218f71","method":"GET","path":"/api/v1/auth/session","status":200,"duration_ms":1}
{"request_id":"rcc-3ae2fc2f9dfdb978c7d191acfddacf0c","method":"GET","path":"/api/v1/table-policies","status":200,"duration_ms":2}
{"request_id":"rcc-5533c008d92f60629a0dc266fd742469","method":"GET","path":"/api/v1/mutation-policy-types","status":200,"duration_ms":1}
{"request_id":"rcc-eca4d85ae0494b1cc7f930df03862782","method":"GET","path":"/api/v1/query-policy-types","status":200,"duration_ms":2}
{"request_id":"rcc-cca6c4e22d9666f8dabcf8c4247f0c43","method":"GET","path":"/api/v1/query-policies/:code","status":200,"duration_ms":5}
{"request_id":"rcc-91093cfd712ed0127ff3305dbca0e11e","method":"GET","path":"/api/v1/mutation-policies/:code","status":200,"duration_ms":4}
{"request_id":"rcc-b0b102b48b7cb17c913ec562d190b3a6","method":"POST","path":"/api/v1/tables/:table_name/query","status":200,"duration_ms":23}
{"request_id":"rcc-9c492c0077e6fd38058ceb1801d16224","method":"GET","path":"/api/v1/table-field-policies/:table_name","status":200,"duration_ms":8}
{"request_id":"rcc-635d0cef5f03f9f368ba306a80b678df","method":"GET","path":"/api/v1/mutation-policies/:code","status":200,"duration_ms":4}
{"request_id":"rcc-b64fe7dc15144209654c7c5c353fb9a7","method":"GET","path":"/api/v1/query-policies/:code","status":200,"duration_ms":4}
{"request_id":"rcc-55cf0c950a628e8dddc33dd39799eab0","method":"POST","path":"/api/v1/tables/:table_name/query","status":200,"duration_ms":24}
{"request_id":"rcc-a20052123046e165549a1175b19d9d02","method":"GET","path":"/api/v1/table-field-policies/:table_name","status":200,"duration_ms":7}
{"request_id":"rcc-3305266eb64711bec0066cd165ffc9e7","method":"GET","path":"/api/v1/table-field-policies/:table_name","status":200,"duration_ms":7}
{"request_id":"rcc-8071d69cdb63e7e9ffaa4a8d60595c1c","method":"GET","path":"/api/v1/auth/session","status":200,"duration_ms":2}
{"request_id":"rcc-1bde38f415db33c1766c98d114283f9a","method":"GET","path":"/api/v1/table-policies","status":200,"duration_ms":2}
{"request_id":"rcc-e85912edc4cee4da678fdc463083ebd9","method":"GET","path":"/api/v1/query-policy-types","status":200,"duration_ms":1}
{"request_id":"rcc-8b2044169d5724a22702077ab4281b26","method":"GET","path":"/api/v1/mutation-policy-types","status":200,"duration_ms":2}
{"request_id":"rcc-d500b1587e4b96d3053956274ab3285f","method":"GET","path":"/api/v1/mutation-policies/:code","status":200,"duration_ms":5}
{"request_id":"rcc-c41967be3233a01b80b9768745b3d71f","method":"GET","path":"/api/v1/query-policies/:code","status":200,"duration_ms":6}
{"request_id":"rcc-5181765ef4147d048ccca93d85651d04","method":"POST","path":"/api/v1/tables/:table_name/query","status":200,"duration_ms":22}
{"request_id":"rcc-0491c24b9e34fd2b0705715e8dc779cf","method":"GET","path":"/api/v1/table-field-policies/:table_name","status":200,"duration_ms":6}
{"request_id":"rcc-fe9565114b55ece3e902311206de6652","method":"GET","path":"/api/v1/query-policies/:code","status":200,"duration_ms":4}
{"request_id":"rcc-75a990845cf58897b66bb5ba3f66b683","method":"GET","path":"/api/v1/mutation-policies/:code","status":200,"duration_ms":4}
{"request_id":"rcc-ebdb9346f91eebb8d339df703caab2a0","method":"POST","path":"/api/v1/tables/:table_name/query","status":200,"duration_ms":24}
{"request_id":"rcc-461c7b6c46c0f7a23b41a37d9a85ff72","method":"GET","path":"/api/v1/table-field-policies/:table_name","status":200,"duration_ms":6}
{"request_id":"rcc-4628c6762de5c5f44db89966ff1b1fe4","method":"POST","path":"/api/v1/tables/:table_name/query","status":200,"duration_ms":18}
{"request_id":"rcc-2965e764e42a44cd59475c38acbb4e26","method":"GET","path":"/api/v1/table-field-policies/:table_name","status":503,"duration_ms":6}
{"request_id":"rcc-989e3894696607e4ab3d39738fcd20d3","method":"GET","path":"/api/v1/auth/session","status":200,"duration_ms":2}
{"request_id":"rcc-5f8ac90b7e6cca757dce23fab808ca04","method":"GET","path":"/api/v1/table-policies","status":200,"duration_ms":2}
{"request_id":"rcc-88ff4b3ed423720510c7c8758d9f3f84","method":"GET","path":"/api/v1/query-policy-types","status":200,"duration_ms":1}
{"request_id":"rcc-f207f53820fd6cbc207492ed2fd1e2bf","method":"GET","path":"/api/v1/mutation-policy-types","status":200,"duration_ms":1}
{"request_id":"rcc-9a7ee6b6d1edf909ac8d46323a869096","method":"GET","path":"/api/v1/query-policies/:code","status":200,"duration_ms":4}
{"request_id":"rcc-509db6d79f58feff4dc85b7b6985804b","method":"GET","path":"/api/v1/mutation-policies/:code","status":200,"duration_ms":4}
{"request_id":"rcc-da9c256225845d733222985b30712e6e","method":"POST","path":"/api/v1/tables/:table_name/query","status":200,"duration_ms":19}
{"request_id":"rcc-2898148389653ce1ff5e19150c79743e","method":"GET","path":"/api/v1/table-field-policies/:table_name","status":200,"duration_ms":6}
{"request_id":"rcc-c7b250ce9dd4eaa8bfe2cfcb716d0b2b","method":"GET","path":"/api/v1/mutation-policies/:code","status":200,"duration_ms":4}
{"request_id":"rcc-401759b5cac7d8657968c7e259aa1f3d","method":"GET","path":"/api/v1/query-policies/:code","status":200,"duration_ms":4}
{"request_id":"rcc-09e09b0cae821904389191ee79b1f85f","method":"POST","path":"/api/v1/tables/:table_name/query","status":200,"duration_ms":23}
{"request_id":"rcc-9aaf5f87a8bc08140821eb17d0ef53fb","method":"GET","path":"/api/v1/table-field-policies/:table_name","status":200,"duration_ms":7}
{"request_id":"rcc-181948eb10ca6d494804667d093ef0f4","method":"GET","path":"/api/v1/table-field-policies/:table_name","status":200,"duration_ms":7}
{"request_id":"rcc-781b06f5995b223214ba0323cdd6ed2e","method":"POST","path":"/api/v1/release-orders","status":201,"duration_ms":35}
{"request_id":"rcc-b9a1bd3f3c9ab421b32522eeca65ac0a","method":"GET","path":"/api/v1/release-orders/:id","status":200,"duration_ms":20}
{"request_id":"rcc-4e1c1b6ff964b3d709cf343f6969be38","method":"GET","path":"/api/v1/table-field-policies/:table_name","status":200,"duration_ms":6}
{"request_id":"rcc-35d6de544663148084d3e12885add3f2","method":"GET","path":"/api/v1/release-orders/:id/details","status":200,"duration_ms":7}
{"request_id":"rcc-888f194f55687454bcc3f8775ed7f237","method":"GET","path":"/api/v1/release-orders/:id/people","status":200,"duration_ms":20}
{"request_id":"rcc-bd2834b058e90e4ef9c7afbd5b69e6ff","method":"GET","path":"/api/v1/auth/session","status":200,"duration_ms":1}
{"request_id":"rcc-f9308e7c947fe1992d44f6b388ba6312","method":"POST","path":"/api/v1/release-orders/:id/submit","status":200,"duration_ms":70}
{"request_id":"rcc-c575b21095880de5bba89b4db8bc80ce","method":"GET","path":"/api/v1/auth/session","status":200,"duration_ms":1}
{"request_id":"rcc-8abc02b333c902ef0aef9072d03e2b56","method":"GET","path":"/api/v1/release-orders/:id","status":200,"duration_ms":9}
{"request_id":"rcc-982fa9f307d0c63aa7426a9889320562","method":"GET","path":"/api/v1/auth/session","status":200,"duration_ms":1}
{"request_id":"rcc-848784d06444670cb22ff49088ebf72f","method":"POST","path":"/api/v1/release-orders/:id/approve","status":200,"duration_ms":29}
{"request_id":"rcc-1e178f76eb4a5660707f641a36284ad6","method":"GET","path":"/api/v1/auth/session","status":200,"duration_ms":1}
{"request_id":"rcc-e3eed031c656f0edfa0ccc6ef2d9a13d","method":"POST","path":"/api/v1/release-orders/:id/execute","status":200,"duration_ms":78}
{"request_id":"rcc-1b5b11dc398cd1046c7284907e1441b8","method":"GET","path":"/api/v1/auth/session","status":200,"duration_ms":1}
{"request_id":"rcc-eb9b05fe1591558fd6ff93901c277099","method":"GET","path":"/api/v1/release-orders/:id","status":200,"duration_ms":12}
{"request_id":"rcc-241bedd00faa103c1914f9ad5ca284e0","method":"GET","path":"/api/v1/table-field-policies/:table_name","status":200,"duration_ms":8}
{"request_id":"rcc-932914d61ff0fbc9e36ef82c986b11a7","method":"GET","path":"/api/v1/release-orders/:id/details","status":200,"duration_ms":9}
{"request_id":"rcc-42ab361ed2a6a54148c3fd595a97f1e2","method":"GET","path":"/api/v1/auth/session","status":200,"duration_ms":2}
{"request_id":"rcc-3082ab7becacd38d3edea23ea4a3afe7","method":"GET","path":"/api/v1/release-orders/:id/people","status":200,"duration_ms":18}
{"request_id":"rcc-534f2cbcbd5149d28899d69d32351521","method":"POST","path":"/api/v1/release-orders/:id/complete","status":200,"duration_ms":31}
{"request_id":"rcc-715f285e00388ac5168e1bde00312466","method":"GET","path":"/api/v1/auth/session","status":200,"duration_ms":2}
{"request_id":"rcc-b689d46babedf58e5211b5915dfc578d","method":"GET","path":"/api/v1/table-policies","status":200,"duration_ms":3}
{"request_id":"rcc-de0a23415f3040396912ab717ba190ba","method":"GET","path":"/api/v1/mutation-policy-types","status":200,"duration_ms":1}
{"request_id":"rcc-24f6e12ca47c2f3f51f19b89e0318b3e","method":"GET","path":"/api/v1/query-policy-types","status":200,"duration_ms":2}
{"request_id":"rcc-a00bb0d2baf4959cac942e80a363ab1e","method":"GET","path":"/api/v1/mutation-policies/:code","status":200,"duration_ms":4}
{"request_id":"rcc-9f8a6df6c2ec9208f49eaf09f0b7b536","method":"GET","path":"/api/v1/query-policies/:code","status":200,"duration_ms":5}
{"request_id":"rcc-665014e57d2e615d0c41cf53e2252bca","method":"POST","path":"/api/v1/tables/:table_name/query","status":200,"duration_ms":19}
{"request_id":"rcc-40fb2d3aef3aa7127942e0a6b16f03bb","method":"GET","path":"/api/v1/table-field-policies/:table_name","status":200,"duration_ms":7}
{"request_id":"rcc-4622982111c2540836bea2f18f324dc0","method":"GET","path":"/api/v1/mutation-policies/:code","status":200,"duration_ms":3}
{"request_id":"rcc-69994b93c7f35a643f43bafdcc00d17f","method":"GET","path":"/api/v1/query-policies/:code","status":200,"duration_ms":3}
{"request_id":"rcc-7d57688cc91e2041108add918d2c94ea","method":"POST","path":"/api/v1/tables/:table_name/query","status":200,"duration_ms":28}
{"request_id":"rcc-b93268584bf584219522fd1b3b484aab","method":"GET","path":"/api/v1/table-field-policies/:table_name","status":200,"duration_ms":6}
{"request_id":"rcc-b14eef5850d9d3ff74ff18c23066e865","method":"GET","path":"/api/v1/table-field-policies/:table_name","status":200,"duration_ms":6}
{"request_id":"rcc-b5d9db14dcca2067c5685f4d5114be60","method":"GET","path":"/api/v1/auth/session","status":200,"duration_ms":2}
{"request_id":"rcc-00d86e4dc9cd04cc3227196a7ff4c124","method":"POST","path":"/api/v1/tables/:table_name/query","status":200,"duration_ms":17}
{"request_id":"rcc-5b81f36a0addd020a79c1e61113c49a9","method":"GET","path":"/api/v1/auth/session","status":200,"duration_ms":1}
{"request_id":"rcc-e5888a8fe2b5bff64bd083daff7579f2","method":"GET","path":"/api/v1/table-policies/:table_name","status":200,"duration_ms":3}
{"request_id":"rcc-832eb4ca0f8f484beab0e25b37462486","method":"GET","path":"/api/v1/auth/session","status":200,"duration_ms":1}
{"request_id":"rcc-56446eae2882494c7c296702a91de5cd","method":"GET","path":"/api/v1/mutation-policies/:code","status":200,"duration_ms":2}
{"request_id":"rcc-be45de2d53cfbc34ec74468ddb8c384d","method":"POST","path":"/api/v1/release-orders","status":201,"duration_ms":40}
{"request_id":"rcc-56076d7bc486e1ad522a187b50f61388","method":"GET","path":"/api/v1/release-orders/:id","status":200,"duration_ms":20}
{"request_id":"rcc-394da53fc9e02ba9ce8b49d452843e01","method":"GET","path":"/api/v1/table-field-policies/:table_name","status":200,"duration_ms":12}
{"request_id":"rcc-f8495a21323813a673793b915c8dd93c","method":"GET","path":"/api/v1/release-orders/:id/details","status":200,"duration_ms":12}
{"request_id":"rcc-94c326f4f966d5dbd81c31649615b44b","method":"GET","path":"/api/v1/release-orders/:id/people","status":200,"duration_ms":25}
{"request_id":"rcc-d95541e048974c9a931d366fb6b49ccc","method":"GET","path":"/api/v1/auth/session","status":200,"duration_ms":1}
{"request_id":"rcc-b8356b8cdd6208f06e5999b573e37c37","method":"POST","path":"/api/v1/release-orders/:id/submit","status":200,"duration_ms":81}
{"request_id":"rcc-de7825afbe30e44a82991489ce0bc762","method":"GET","path":"/api/v1/auth/session","status":200,"duration_ms":2}
{"request_id":"rcc-31d6226880f6c113620e6123775f4456","method":"GET","path":"/api/v1/release-orders/:id","status":200,"duration_ms":11}
{"request_id":"rcc-3c3bc7180b6d10c920be08a9180ebeea","method":"GET","path":"/api/v1/auth/session","status":200,"duration_ms":1}
{"request_id":"rcc-3d65fd6d8cd7ea84ca8b0b5cc61e94e5","method":"POST","path":"/api/v1/release-orders/:id/approve","status":200,"duration_ms":32}
{"request_id":"rcc-755732e085d8acb8def78ef3e1752968","method":"GET","path":"/api/v1/auth/session","status":200,"duration_ms":1}
{"request_id":"rcc-cf7f989b041c012fb0fcc600b4451ce8","method":"POST","path":"/api/v1/release-orders/:id/execute","status":200,"duration_ms":90}
{"request_id":"rcc-2fbc3d64d6c07ecf65fbc12c82f72b99","method":"GET","path":"/api/v1/auth/session","status":200,"duration_ms":2}
{"request_id":"rcc-913d0ea5d6491d1eff66a54727ad4ab7","method":"GET","path":"/api/v1/release-orders/:id","status":200,"duration_ms":13}
{"request_id":"rcc-a79186b03c0bf05534365a27f7e93f3f","method":"GET","path":"/api/v1/table-field-policies/:table_name","status":200,"duration_ms":8}
{"request_id":"rcc-a23e2b40a799085a588b8f40ce265b84","method":"GET","path":"/api/v1/release-orders/:id/details","status":200,"duration_ms":11}
{"request_id":"rcc-7f625c8d706410a3d3b6c9e86b55821c","method":"GET","path":"/api/v1/auth/session","status":200,"duration_ms":1}
{"request_id":"rcc-3cadb11711ee1bd3bb91a153f291a976","method":"GET","path":"/api/v1/release-orders/:id/people","status":200,"duration_ms":18}
{"request_id":"rcc-1df0c0dfb56d83e7a87bdb8ec97fac0e","method":"POST","path":"/api/v1/release-orders/:id/complete","status":200,"duration_ms":29}
{"request_id":"rcc-ec591e300ff1fa77e81c2f1d4f96787f","method":"GET","path":"/api/v1/auth/session","status":200,"duration_ms":1}
{"request_id":"rcc-eb34117b3e66f46ceb0c14544dcc9520","method":"GET","path":"/api/v1/table-policies","status":200,"duration_ms":2}
{"request_id":"rcc-e1d9750d1826aa43ff4cc63a7adca253","method":"GET","path":"/api/v1/query-policy-types","status":200,"duration_ms":2}
{"request_id":"rcc-66c9477b03f565ed60b49e4960fa8dd7","method":"GET","path":"/api/v1/mutation-policy-types","status":200,"duration_ms":2}
{"request_id":"rcc-843224945733c48351468ff00d326932","method":"GET","path":"/api/v1/mutation-policies/:code","status":200,"duration_ms":4}
{"request_id":"rcc-44c959f66ec4e3c98a59a77941deeb54","method":"GET","path":"/api/v1/query-policies/:code","status":200,"duration_ms":5}
{"request_id":"rcc-f03699a923439c79b57b1e074f75eb25","method":"POST","path":"/api/v1/tables/:table_name/query","status":200,"duration_ms":22}
{"request_id":"rcc-9adfa43e9201a1a60e7ad67dbf3a08b5","method":"GET","path":"/api/v1/table-field-policies/:table_name","status":200,"duration_ms":10}
{"request_id":"rcc-6864fe608334ec6bd3490146ee17c9b2","method":"GET","path":"/api/v1/mutation-policies/:code","status":200,"duration_ms":3}
{"request_id":"rcc-03a5ec6f7ab5704a13f534a5d60069d4","method":"GET","path":"/api/v1/query-policies/:code","status":200,"duration_ms":3}
{"request_id":"rcc-f87c58eff5a74f3e749ebe8eb98885c4","method":"POST","path":"/api/v1/tables/:table_name/query","status":200,"duration_ms":32}
{"request_id":"rcc-3d6adcf16ca39f094ac8362fa279d9b1","method":"GET","path":"/api/v1/table-field-policies/:table_name","status":200,"duration_ms":7}
{"request_id":"rcc-f710ce872713525fe3d33fb0fd85761f","method":"GET","path":"/api/v1/table-field-policies/:table_name","status":200,"duration_ms":7}
{"request_id":"rcc-a86937337f6aa50ddf42d3a5d4aa6aff","method":"GET","path":"/api/v1/auth/session","status":200,"duration_ms":2}
{"request_id":"rcc-85d5d9a2e215f97fbefc756e66c83fd3","method":"GET","path":"/api/v1/table-policies","status":200,"duration_ms":2}
{"request_id":"rcc-08d8bba8cddbbab6df0a8641084cc800","method":"GET","path":"/api/v1/mutation-policy-types","status":200,"duration_ms":2}
{"request_id":"rcc-94e4bcde962311294443caca162d8219","method":"GET","path":"/api/v1/query-policy-types","status":200,"duration_ms":3}
{"request_id":"rcc-eeba0fcc69f7a20d0815ff37cd41b46e","method":"GET","path":"/api/v1/mutation-policies/:code","status":200,"duration_ms":6}
{"request_id":"rcc-c1318ccde5722d638e6d2b2beb017d24","method":"GET","path":"/api/v1/query-policies/:code","status":200,"duration_ms":7}
{"request_id":"rcc-1e7df2794a129462fc46d7e63814add0","method":"POST","path":"/api/v1/tables/:table_name/query","status":200,"duration_ms":26}
{"request_id":"rcc-058a8b8615af40c4d7747d48f6a254b2","method":"GET","path":"/api/v1/table-field-policies/:table_name","status":200,"duration_ms":7}
{"request_id":"rcc-d51989cd3571ed74114912e269b42213","method":"GET","path":"/api/v1/mutation-policies/:code","status":200,"duration_ms":4}
{"request_id":"rcc-1660e54d72f0fd175e1aead3677dcd11","method":"GET","path":"/api/v1/query-policies/:code","status":200,"duration_ms":4}
{"request_id":"rcc-0c11d45d755226a18bb7470d406fbe17","method":"POST","path":"/api/v1/tables/:table_name/query","status":200,"duration_ms":31}
{"request_id":"rcc-7dc2b4ad7fc91b5adf03a86ce2389a9d","method":"GET","path":"/api/v1/table-field-policies/:table_name","status":200,"duration_ms":8}
{"request_id":"rcc-353d017879b4889731b47acab749a7e8","method":"GET","path":"/api/v1/table-field-policies/:table_name","status":200,"duration_ms":7}
{"request_id":"rcc-93d472714f8b1265135d5d4df84b21a5","method":"POST","path":"/api/v1/release-orders","status":201,"duration_ms":41}
{"request_id":"rcc-f210f529cb4436fa9f277f5ff0ce9870","method":"GET","path":"/api/v1/release-orders/:id","status":200,"duration_ms":18}
{"request_id":"rcc-940915d9d5d369877b4fc92858f6b932","method":"GET","path":"/api/v1/table-field-policies/:table_name","status":200,"duration_ms":8}
{"request_id":"rcc-d1bc296b007bd246bcf41196b796cd77","method":"GET","path":"/api/v1/release-orders/:id/details","status":200,"duration_ms":10}
{"request_id":"rcc-e67b4f0bef64f9e26c4a0961996736e4","method":"GET","path":"/api/v1/release-orders/:id/people","status":200,"duration_ms":22}
{"request_id":"rcc-6c8ef87f19c4a0146c39fd2645e7f2af","method":"GET","path":"/api/v1/auth/session","status":200,"duration_ms":1}
{"request_id":"rcc-50b8e6f55bd3bf9078192558c4c40917","method":"POST","path":"/api/v1/release-orders/:id/submit","status":200,"duration_ms":72}
{"request_id":"rcc-6ee4bb926e0c696972a4bdc238bd5db9","method":"GET","path":"/api/v1/auth/session","status":200,"duration_ms":1}
{"request_id":"rcc-771c8e0b38fe5340bcd4264920abe9da","method":"GET","path":"/api/v1/release-orders/:id","status":200,"duration_ms":11}
{"request_id":"rcc-3477fce20a40cea482a8317e38d078d3","method":"GET","path":"/api/v1/auth/session","status":200,"duration_ms":1}
{"request_id":"rcc-b88bfc9f73294403b9746f6aeaeacff7","method":"POST","path":"/api/v1/release-orders/:id/approve","status":200,"duration_ms":27}
{"request_id":"rcc-fe69ebda1af829ba29cf94b77710df2f","method":"GET","path":"/api/v1/auth/session","status":200,"duration_ms":0}
{"request_id":"rcc-aa588c5d30391a39d690b5db7417810b","method":"POST","path":"/api/v1/release-orders/:id/execute","status":200,"duration_ms":80}
{"request_id":"rcc-70bab889e2a5111390336e9f2e333164","method":"GET","path":"/api/v1/auth/session","status":200,"duration_ms":2}
{"request_id":"rcc-7b1f28a130aa8440ee8f6d693489379c","method":"GET","path":"/api/v1/release-orders/:id","status":200,"duration_ms":13}
{"request_id":"rcc-2ec488d2c56fb3be7288ada3b5ec8228","method":"GET","path":"/api/v1/table-field-policies/:table_name","status":200,"duration_ms":13}
{"request_id":"rcc-75e8827123b399f5d36696c994dd9682","method":"GET","path":"/api/v1/auth/session","status":200,"duration_ms":3}
{"request_id":"rcc-c0bb42f46bc084067ed66c39483442c4","method":"GET","path":"/api/v1/release-orders/:id/details","status":200,"duration_ms":16}
{"request_id":"rcc-4278b70ffcc4f5de1c6ecd390fe8755b","method":"GET","path":"/api/v1/release-orders/:id/people","status":200,"duration_ms":24}
{"request_id":"rcc-81cc28bafb9530967f0be8770f33da6c","method":"POST","path":"/api/v1/release-orders/:id/complete","status":200,"duration_ms":32}
{"request_id":"rcc-4adb206dc59381f8ca334196d7e80ee5","method":"GET","path":"/api/v1/auth/session","status":200,"duration_ms":2}
{"request_id":"rcc-f75dde8a22ac01c85637e8e448b531a9","method":"GET","path":"/api/v1/table-policies","status":200,"duration_ms":2}
{"request_id":"rcc-29ab7e13d91880bdd84f64983647e3e1","method":"GET","path":"/api/v1/mutation-policy-types","status":200,"duration_ms":1}
{"request_id":"rcc-3a8a9ac76f69ddb9443d2f15d2ab931f","method":"GET","path":"/api/v1/query-policy-types","status":200,"duration_ms":1}
{"request_id":"rcc-bd8d4d02590c71d3621d52da082c9297","method":"GET","path":"/api/v1/mutation-policies/:code","status":200,"duration_ms":3}
{"request_id":"rcc-6b0630f21997ecedf7047c8f5957a818","method":"GET","path":"/api/v1/query-policies/:code","status":200,"duration_ms":4}
{"request_id":"rcc-4acff32128a1ba5e13740f3bf2dbe219","method":"POST","path":"/api/v1/tables/:table_name/query","status":200,"duration_ms":22}
{"request_id":"rcc-87c87048a01513718cf53d4e1c541a58","method":"GET","path":"/api/v1/table-field-policies/:table_name","status":200,"duration_ms":7}
{"request_id":"rcc-c6bbf38d1b1348dd1601faff3eae4860","method":"GET","path":"/api/v1/mutation-policies/:code","status":200,"duration_ms":3}
{"request_id":"rcc-f10194dc101bf77731e7aa57799d757b","method":"GET","path":"/api/v1/query-policies/:code","status":200,"duration_ms":3}
{"request_id":"rcc-2f2e69176348192d98cba84fea22da86","method":"POST","path":"/api/v1/tables/:table_name/query","status":200,"duration_ms":32}
{"request_id":"rcc-272a0b88a76616aefb9bb80cd732911b","method":"GET","path":"/api/v1/table-field-policies/:table_name","status":200,"duration_ms":6}
{"request_id":"rcc-c0a1962acea7d9c2b63d6d27de7ab006","method":"GET","path":"/api/v1/table-field-policies/:table_name","status":200,"duration_ms":6}
{"request_id":"rcc-d71c04d4461acd51042f78e3ed84ec1e","method":"GET","path":"/api/v1/auth/session","status":200,"duration_ms":1}
{"request_id":"rcc-34110311e67b3447e01d093223072583","method":"POST","path":"/api/v1/tables/:table_name/query","status":200,"duration_ms":17}
{"request_id":"rcc-bc4e8b693b3a875b62f9e9ea61c9a1fa","method":"GET","path":"/api/v1/auth/session","status":200,"duration_ms":1}
{"request_id":"rcc-6ba59d119ea9114b7ddb57fb2475ac4a","method":"GET","path":"/api/v1/table-policies/:table_name","status":200,"duration_ms":3}
{"request_id":"rcc-0bb03f390f60b6833f3f66beaec03e8f","method":"GET","path":"/api/v1/auth/session","status":200,"duration_ms":1}
{"request_id":"rcc-bfaba8f96badb4b70b93fe6cdda8e89e","method":"GET","path":"/api/v1/mutation-policies/:code","status":200,"duration_ms":3}
{"request_id":"rcc-1206326274a8b789dae3e16d7f4711c6","method":"POST","path":"/api/v1/release-orders","status":201,"duration_ms":38}
{"request_id":"rcc-1d76bc2384e0e8032e9f2aeb4da4643e","method":"GET","path":"/api/v1/release-orders/:id","status":200,"duration_ms":14}
{"request_id":"rcc-a15e38e533b4c109093754a1304e1bcb","method":"GET","path":"/api/v1/table-field-policies/:table_name","status":200,"duration_ms":7}
{"request_id":"rcc-ddb0711ca1543813c35e2845c97365c4","method":"GET","path":"/api/v1/release-orders/:id/details","status":200,"duration_ms":9}
{"request_id":"rcc-cf54111549ae4f4d4f873d3ffe37b704","method":"GET","path":"/api/v1/release-orders/:id/people","status":200,"duration_ms":21}
{"request_id":"rcc-03c83ca1376b24263c341d836e103b35","method":"GET","path":"/api/v1/auth/session","status":200,"duration_ms":1}
{"request_id":"rcc-2346de3c89e01b11885b219a99b24e4c","method":"POST","path":"/api/v1/release-orders/:id/submit","status":200,"duration_ms":74}
{"request_id":"rcc-99fa64752aa73d60143654d8471790b6","method":"GET","path":"/api/v1/auth/session","status":200,"duration_ms":1}
{"request_id":"rcc-7bdee805bd76855638d3eec40debc5b9","method":"GET","path":"/api/v1/release-orders/:id","status":200,"duration_ms":10}
{"request_id":"rcc-0202e3fce56a29ef73c780fd9f4e0a5f","method":"GET","path":"/api/v1/auth/session","status":200,"duration_ms":1}
{"request_id":"rcc-dff1c79a6f33c6ad76b89a41a17064ce","method":"POST","path":"/api/v1/release-orders/:id/approve","status":200,"duration_ms":28}
{"request_id":"rcc-c128cd83821da44a07e0508d289e4fe1","method":"GET","path":"/api/v1/auth/session","status":200,"duration_ms":1}
{"request_id":"rcc-5665a3f893dede5aaf10da16a163bbb8","method":"POST","path":"/api/v1/release-orders/:id/execute","status":200,"duration_ms":89}
{"request_id":"rcc-ee80aa2664288a1f28a07d4906a5818e","method":"GET","path":"/api/v1/auth/session","status":200,"duration_ms":1}
{"request_id":"rcc-95cfce3da8ae9cb3eb6e85ad426d7f44","method":"GET","path":"/api/v1/release-orders/:id","status":200,"duration_ms":12}
{"request_id":"rcc-76a66b7c7d752827dcd38362a7d596c3","method":"GET","path":"/api/v1/release-orders/:id/details","status":200,"duration_ms":8}
{"request_id":"rcc-acf354f176e332016812502ecb516d6b","method":"GET","path":"/api/v1/table-field-policies/:table_name","status":200,"duration_ms":8}
{"request_id":"rcc-38ce13995f25089abf25a17225b5b0ff","method":"GET","path":"/api/v1/auth/session","status":200,"duration_ms":1}
{"request_id":"rcc-62c482fe2eba8f2e3362966f452cff4c","method":"GET","path":"/api/v1/release-orders/:id/people","status":200,"duration_ms":17}
{"request_id":"rcc-54d51aeed56dfd58f7be683a7b281087","method":"POST","path":"/api/v1/release-orders/:id/complete","status":200,"duration_ms":31}
{"request_id":"rcc-7edb9c2e594e60161e1a2e195f2b60d7","method":"GET","path":"/api/v1/auth/session","status":200,"duration_ms":2}
{"request_id":"rcc-d23ed75630f32bffb1036292372982ba","method":"GET","path":"/api/v1/table-policies","status":200,"duration_ms":2}
{"request_id":"rcc-08a7a7b30a31cd75a5eb6244f5ea29bd","method":"GET","path":"/api/v1/query-policy-types","status":200,"duration_ms":2}
{"request_id":"rcc-6811e630e22a253fa9a864d9b1073afd","method":"GET","path":"/api/v1/mutation-policy-types","status":200,"duration_ms":1}
{"request_id":"rcc-0df1b269fc47f1cf7dd6ad03e86981b0","method":"GET","path":"/api/v1/query-policies/:code","status":200,"duration_ms":5}
{"request_id":"rcc-9d97508013b42ef20728a32921ff5231","method":"GET","path":"/api/v1/mutation-policies/:code","status":200,"duration_ms":5}
{"request_id":"rcc-3837c430a252e9c400055d9240ac86d0","method":"POST","path":"/api/v1/tables/:table_name/query","status":200,"duration_ms":22}
{"request_id":"rcc-e56a76b9d4a0c504e02f19216872fd14","method":"GET","path":"/api/v1/table-field-policies/:table_name","status":200,"duration_ms":7}
{"request_id":"rcc-c5880f8c6a31f14dcd7bfb53e17be0e5","method":"GET","path":"/api/v1/mutation-policies/:code","status":200,"duration_ms":4}
{"request_id":"rcc-9e504adc81ff0424692aacca86210f95","method":"GET","path":"/api/v1/query-policies/:code","status":200,"duration_ms":4}
{"request_id":"rcc-ebdb9ddb4dd3ed1de1cfce133cd312c9","method":"POST","path":"/api/v1/tables/:table_name/query","status":200,"duration_ms":32}
{"request_id":"rcc-883be80ae286098db88547f910a6dfa2","method":"GET","path":"/api/v1/table-field-policies/:table_name","status":200,"duration_ms":6}
{"request_id":"rcc-40a4a957b33c9eb76c7f1e428518bd77","method":"GET","path":"/api/v1/table-field-policies/:table_name","status":200,"duration_ms":6}
{"request_id":"rcc-95cc448f69e3908e13e4bf35e78e9fe3","method":"GET","path":"/api/v1/auth/session","status":200,"duration_ms":4}
{"request_id":"rcc-6931fcaab5d745a0482c603de46d26fc","method":"GET","path":"/api/v1/table-policies","status":200,"duration_ms":2}
{"request_id":"rcc-e1f3ada86265543ebe539b3394cfc5bc","method":"GET","path":"/api/v1/mutation-policy-types","status":200,"duration_ms":1}
{"request_id":"rcc-f2e299f2e5d3ee7e4177029dc1130429","method":"GET","path":"/api/v1/query-policy-types","status":200,"duration_ms":1}
{"request_id":"rcc-b5f26165321f56c0eaf5e36976cf491b","method":"GET","path":"/api/v1/mutation-policies/:code","status":200,"duration_ms":5}
{"request_id":"rcc-4253a3603e1819bd853308b792cce605","method":"GET","path":"/api/v1/query-policies/:code","status":200,"duration_ms":6}
{"request_id":"rcc-7dedb2300f431089a8fc51021bac9e61","method":"POST","path":"/api/v1/tables/:table_name/query","status":200,"duration_ms":23}
{"request_id":"rcc-329221cce162a284815770b4986d2a83","method":"GET","path":"/api/v1/query-policies/:code","status":200,"duration_ms":2}
{"request_id":"rcc-eb3044e3c3865fb948682c34ec2235b4","method":"GET","path":"/api/v1/mutation-policies/:code","status":200,"duration_ms":3}
{"request_id":"rcc-1031613483204888def4ae2da5d65826","method":"POST","path":"/api/v1/tables/:table_name/query","status":200,"duration_ms":30}
{"request_id":"rcc-9aaa8802417e3fd1bac12ce6a1fb2dc5","method":"GET","path":"/api/v1/table-field-policies/:table_name","status":200,"duration_ms":6}
{"request_id":"rcc-5c8b36048e8280751bafc2bd1876838c","method":"GET","path":"/api/v1/table-field-policies/:table_name","status":200,"duration_ms":6}
{"request_id":"rcc-1786271615a86f4f8fe57ae8d9373930","method":"POST","path":"/api/v1/release-orders","status":201,"duration_ms":37}
{"request_id":"rcc-f235458e589e75cc4065447f1bd0890b","method":"GET","path":"/api/v1/release-orders/:id","status":200,"duration_ms":20}
{"request_id":"rcc-9f59018322933038a3f2e65f64135580","method":"GET","path":"/api/v1/table-field-policies/:table_name","status":200,"duration_ms":7}
{"request_id":"rcc-d29a2f7bd5ee3f2572deb6993f800484","method":"GET","path":"/api/v1/release-orders/:id/details","status":200,"duration_ms":10}
{"request_id":"rcc-e283babae6ee78db787622a5158fdc61","method":"GET","path":"/api/v1/release-orders/:id/people","status":200,"duration_ms":21}
{"request_id":"rcc-57f1a145c0d055eae7e433a3636d82cf","method":"GET","path":"/api/v1/auth/session","status":200,"duration_ms":1}
{"request_id":"rcc-a342a8c1eb0b10a0740ead69b7caa5f0","method":"POST","path":"/api/v1/release-orders/:id/submit","status":200,"duration_ms":70}
{"request_id":"rcc-a26b2aa3f5a6627e5fcdc62e2db76693","method":"GET","path":"/api/v1/auth/session","status":200,"duration_ms":0}
{"request_id":"rcc-32013e864280f32b91767432da33d49b","method":"GET","path":"/api/v1/release-orders/:id","status":200,"duration_ms":8}
{"request_id":"rcc-55eb40a3cf80e3292b1cf145ae8598d9","method":"GET","path":"/api/v1/auth/session","status":200,"duration_ms":1}
{"request_id":"rcc-68768124d4bd1d02e6d84dfac5dd93a8","method":"POST","path":"/api/v1/release-orders/:id/approve","status":200,"duration_ms":28}
{"request_id":"rcc-22e3e124ae3c86180565e7152875c893","method":"GET","path":"/api/v1/auth/session","status":200,"duration_ms":1}
{"request_id":"rcc-60069e2c52fb6a567bcd58c26eedf0b8","method":"POST","path":"/api/v1/release-orders/:id/execute","status":200,"duration_ms":90}
{"request_id":"rcc-84413515cab4880d4d902e8044577d4e","method":"GET","path":"/api/v1/auth/session","status":200,"duration_ms":1}
{"request_id":"rcc-645b8a5ee43fc282138c93743be46499","method":"GET","path":"/api/v1/release-orders/:id","status":200,"duration_ms":15}
{"request_id":"rcc-6f2d0707b2c80efdf19a2f9a97c1b3e1","method":"GET","path":"/api/v1/table-field-policies/:table_name","status":200,"duration_ms":9}
{"request_id":"rcc-ef6769465419c4076057e3040af4671e","method":"GET","path":"/api/v1/release-orders/:id/details","status":200,"duration_ms":10}
{"request_id":"rcc-8d08174950ce351e0bf9e432c9e754ef","method":"GET","path":"/api/v1/auth/session","status":200,"duration_ms":1}
{"request_id":"rcc-cc06d67af7241fb1a6415cb966ba9946","method":"GET","path":"/api/v1/release-orders/:id/people","status":200,"duration_ms":20}
{"request_id":"rcc-5e4358b0def8797fc0c4c5978bc699cb","method":"POST","path":"/api/v1/release-orders/:id/complete","status":200,"duration_ms":31}
{"request_id":"rcc-a05d3a697f1c1230f4df1baff6c32352","method":"GET","path":"/api/v1/auth/session","status":200,"duration_ms":1}
{"request_id":"rcc-8e0d395a8a943711a8777d363dcf252a","method":"GET","path":"/api/v1/table-policies","status":200,"duration_ms":2}
{"request_id":"rcc-8d8a9dae6e1e539d223e299c230e0c45","method":"GET","path":"/api/v1/mutation-policy-types","status":200,"duration_ms":1}
{"request_id":"rcc-1cb516e63a7a5a753e9caf90211452c4","method":"GET","path":"/api/v1/query-policy-types","status":200,"duration_ms":2}
{"request_id":"rcc-72b6c3a360ae693e706945cceedabf3d","method":"GET","path":"/api/v1/query-policies/:code","status":200,"duration_ms":4}
{"request_id":"rcc-7a8742909adccd5c16315f5c9657ed69","method":"GET","path":"/api/v1/mutation-policies/:code","status":200,"duration_ms":3}
{"request_id":"rcc-f29438836b599167db02f4e475260394","method":"POST","path":"/api/v1/tables/:table_name/query","status":200,"duration_ms":24}
{"request_id":"rcc-a2089839600c35e57d0d217f7c0fe48f","method":"GET","path":"/api/v1/table-field-policies/:table_name","status":200,"duration_ms":9}
{"request_id":"rcc-c83b24bbc6ad166d06539ea61c1326a1","method":"GET","path":"/api/v1/mutation-policies/:code","status":200,"duration_ms":3}
{"request_id":"rcc-6298ce55ba024cd279b4c73ae2c6a2ce","method":"GET","path":"/api/v1/query-policies/:code","status":200,"duration_ms":3}
{"request_id":"rcc-32b170413f299634036f61002e0ae2ab","method":"POST","path":"/api/v1/tables/:table_name/query","status":200,"duration_ms":36}
{"request_id":"rcc-3b01d6deb3bbd2b57ea49fbecdd798bf","method":"GET","path":"/api/v1/table-field-policies/:table_name","status":200,"duration_ms":8}
{"request_id":"rcc-7d4052f1bf8916125070fd3e969a74ab","method":"GET","path":"/api/v1/table-field-policies/:table_name","status":200,"duration_ms":6}
{"request_id":"rcc-b4dfc08a897398746900ad4f6ec0e7a4","method":"GET","path":"/api/v1/auth/session","status":200,"duration_ms":2}
{"request_id":"rcc-022c02afebce1898c65912f647a95a9f","method":"POST","path":"/api/v1/tables/:table_name/query","status":200,"duration_ms":18}
{"request_id":"rcc-c5950c91148904b8f674dd7637638d26","method":"GET","path":"/api/v1/auth/session","status":200,"duration_ms":2}
{"request_id":"rcc-24d5dce71e9cf65aae154e1e87b9a51f","method":"GET","path":"/api/v1/table-policies/:table_name","status":200,"duration_ms":2}
{"request_id":"rcc-21092a5c0261a71b2c8a0e553e23640f","method":"GET","path":"/api/v1/auth/session","status":200,"duration_ms":2}
{"request_id":"rcc-c8facf0ae31e2ddd2992468b9566417f","method":"GET","path":"/api/v1/mutation-policies/:code","status":200,"duration_ms":2}
{"request_id":"rcc-57a92b1bbe7cefef896f43c2f0a1a3ad","method":"POST","path":"/api/v1/release-orders","status":201,"duration_ms":43}
{"request_id":"rcc-21c1fe1fc3b27fb39105cf6e7ecf2f07","method":"GET","path":"/api/v1/release-orders/:id","status":200,"duration_ms":16}
{"request_id":"rcc-492abf3ad61cf2604419404f443c6619","method":"GET","path":"/api/v1/table-field-policies/:table_name","status":200,"duration_ms":7}
{"request_id":"rcc-118532b48a75205b94ca3f4079e5666b","method":"GET","path":"/api/v1/release-orders/:id/details","status":200,"duration_ms":8}
{"request_id":"rcc-60b759b2b9542a8818b571b8ec531573","method":"GET","path":"/api/v1/release-orders/:id/people","status":200,"duration_ms":19}
{"request_id":"rcc-2ce69e4ec5cf6a5788c830bf3cefc7ef","method":"GET","path":"/api/v1/auth/session","status":200,"duration_ms":1}
{"request_id":"rcc-e13579d3c3e0d53702cb9e81e01b7ed0","method":"POST","path":"/api/v1/release-orders/:id/submit","status":200,"duration_ms":76}
{"request_id":"rcc-d2f456601374bc6aed985cb59b90e0a9","method":"GET","path":"/api/v1/auth/session","status":200,"duration_ms":1}
{"request_id":"rcc-833fc63c1497132ff0ff98327cb4fd45","method":"GET","path":"/api/v1/release-orders/:id","status":200,"duration_ms":10}
{"request_id":"rcc-7fd36b811411b3c23726e24df2abd2a5","method":"GET","path":"/api/v1/auth/session","status":200,"duration_ms":1}
{"request_id":"rcc-b84bbbf52618bf882a92153f776dd58d","method":"POST","path":"/api/v1/release-orders/:id/approve","status":200,"duration_ms":29}
{"request_id":"rcc-bc3b8a990710cfa2180af13c185cf1e4","method":"GET","path":"/api/v1/auth/session","status":200,"duration_ms":1}
{"request_id":"rcc-f0bf39cb431343d03d5f7d74fa51b2f7","method":"POST","path":"/api/v1/release-orders/:id/execute","status":200,"duration_ms":86}
{"request_id":"rcc-c0896c72913255f548ddaa47459c65e2","method":"GET","path":"/api/v1/auth/session","status":200,"duration_ms":1}
{"request_id":"rcc-8488f3a17b87725542f4b1487a0dba52","method":"GET","path":"/api/v1/release-orders/:id","status":200,"duration_ms":14}
{"request_id":"rcc-027afcf276d773359e185a9f2cdb5a9a","method":"GET","path":"/api/v1/table-field-policies/:table_name","status":200,"duration_ms":9}
{"request_id":"rcc-dd1e26539f26b9478b51e3dbe92dae2d","method":"GET","path":"/api/v1/auth/session","status":200,"duration_ms":2}
{"request_id":"rcc-161b9039dcde64780e315f98c8ab2305","method":"GET","path":"/api/v1/release-orders/:id/details","status":200,"duration_ms":12}
{"request_id":"rcc-a0b539e5300778b1546d13f7ba459838","method":"GET","path":"/api/v1/release-orders/:id/people","status":200,"duration_ms":22}
{"request_id":"rcc-4442b6c2f11e404ac1f9a474010827aa","method":"POST","path":"/api/v1/release-orders/:id/complete","status":200,"duration_ms":32}
{"request_id":"rcc-e3c8f8f74a1179bd2f35b7347b9f500d","method":"GET","path":"/api/v1/auth/session","status":200,"duration_ms":2}
{"request_id":"rcc-2b3ba620ccf1cf5af83a4dce49a23fda","method":"GET","path":"/api/v1/table-policies","status":200,"duration_ms":2}
{"request_id":"rcc-543d54c67d1b4234447c4b084af70ed5","method":"GET","path":"/api/v1/mutation-policy-types","status":200,"duration_ms":2}
{"request_id":"rcc-7318105338930ee7dcdd8ac8859e2eba","method":"GET","path":"/api/v1/query-policy-types","status":200,"duration_ms":2}
{"request_id":"rcc-58b28793ab9e2693de627d75701a2ad8","method":"GET","path":"/api/v1/query-policies/:code","status":200,"duration_ms":4}
{"request_id":"rcc-b4fa8f3d9a60a69783b79d2bb411a0b3","method":"GET","path":"/api/v1/mutation-policies/:code","status":200,"duration_ms":3}
{"request_id":"rcc-ef70d39d50af6eb50c8132abffba8eb3","method":"POST","path":"/api/v1/tables/:table_name/query","status":200,"duration_ms":19}
{"request_id":"rcc-e96c83e5ab0100a954857ed2f5dc486d","method":"GET","path":"/api/v1/table-field-policies/:table_name","status":200,"duration_ms":5}
{"request_id":"rcc-df25cea2e5f64d128fbf1a50aae4444f","method":"GET","path":"/api/v1/query-policies/:code","status":200,"duration_ms":3}
{"request_id":"rcc-d498696d8d3e2b9746bc0aa7708472b2","method":"GET","path":"/api/v1/mutation-policies/:code","status":200,"duration_ms":4}
{"request_id":"rcc-c5c3779609d7cefd18a7263ec49d7fbf","method":"POST","path":"/api/v1/tables/:table_name/query","status":200,"duration_ms":36}
{"request_id":"rcc-03b6cb13e448c0ddad60c76dbc5a787c","method":"GET","path":"/api/v1/table-field-policies/:table_name","status":200,"duration_ms":6}
{"request_id":"rcc-e65fb0b543558e0153bc36b7254714d5","method":"GET","path":"/api/v1/table-field-policies/:table_name","status":200,"duration_ms":7}
{"request_id":"rcc-b0119c5781592e26a402f3c2351c46ac","method":"GET","path":"/api/v1/auth/session","status":200,"duration_ms":1}
{"request_id":"rcc-76863d76db28b13b104d27269e646cdc","method":"GET","path":"/api/v1/table-policies","status":200,"duration_ms":2}
{"request_id":"rcc-125a779bcbf960e3c2869b88d6b538b4","method":"GET","path":"/api/v1/query-policy-types","status":200,"duration_ms":2}
{"request_id":"rcc-6b346aae07d69cacd7ce0737ce4b761e","method":"GET","path":"/api/v1/mutation-policy-types","status":200,"duration_ms":1}
{"request_id":"rcc-b8f48fa8c88504a4fa17b00c519b6a2f","method":"GET","path":"/api/v1/mutation-policies/:code","status":200,"duration_ms":3}
{"request_id":"rcc-4322e9944c7bf68f3d7f2a1a132d5e7b","method":"GET","path":"/api/v1/query-policies/:code","status":200,"duration_ms":4}
{"request_id":"rcc-98bd6b98d8e5767b7935f52cc1495c4b","method":"POST","path":"/api/v1/tables/:table_name/query","status":200,"duration_ms":24}
{"request_id":"rcc-072950c50e8cbd9a926556386681e1f6","method":"GET","path":"/api/v1/query-policies/:code","status":200,"duration_ms":3}
{"request_id":"rcc-c8aad22e9016f99d27596afa8be4c80f","method":"GET","path":"/api/v1/mutation-policies/:code","status":200,"duration_ms":3}
{"request_id":"rcc-661d6d45c0c2b8e14aca03a54d256607","method":"POST","path":"/api/v1/tables/:table_name/query","status":200,"duration_ms":36}
{"request_id":"rcc-ee1541d1942e310cdf686d6e0ab59bff","method":"GET","path":"/api/v1/table-field-policies/:table_name","status":200,"duration_ms":7}
{"request_id":"rcc-edef7b7e68e1c350bb97f6bd7a2e3027","method":"GET","path":"/api/v1/table-field-policies/:table_name","status":200,"duration_ms":6}
{"request_id":"rcc-fd746f61ed38a5cca047d8914d1395bd","method":"POST","path":"/api/v1/release-orders","status":201,"duration_ms":35}
{"request_id":"rcc-695235ca32002ce2c8ac72e70ff695e4","method":"GET","path":"/api/v1/release-orders/:id","status":200,"duration_ms":22}
{"request_id":"rcc-7a9e60d61f884501fc1bb4f23c8a79dc","method":"GET","path":"/api/v1/table-field-policies/:table_name","status":200,"duration_ms":20}
{"request_id":"rcc-3e836972c5cafb68d0ae3c379149d7a2","method":"GET","path":"/api/v1/release-orders/:id/details","status":200,"duration_ms":24}
{"request_id":"rcc-94fe2b3ce819f1dac0c1a0691b99d6f8","method":"GET","path":"/api/v1/release-orders/:id/people","status":200,"duration_ms":39}
{"request_id":"rcc-a7dca136b55d9d652c13b28495ad601e","method":"GET","path":"/api/v1/auth/session","status":200,"duration_ms":4}
{"request_id":"rcc-932a1bbc0f64cf61e1efbcfe74ff10c0","method":"POST","path":"/api/v1/release-orders/:id/submit","status":200,"duration_ms":72}
{"request_id":"rcc-e38bc980f6e80660b73ad2e6a962e521","method":"GET","path":"/api/v1/auth/session","status":200,"duration_ms":1}
{"request_id":"rcc-fc800e80999e78b037526e5b6e686124","method":"GET","path":"/api/v1/release-orders/:id","status":200,"duration_ms":9}
{"request_id":"rcc-f2847a9b1f8eb1ce64e3ebd9d76955ef","method":"GET","path":"/api/v1/auth/session","status":200,"duration_ms":1}
{"request_id":"rcc-6c3de174b770f3d630ece0af0757ed7a","method":"POST","path":"/api/v1/release-orders/:id/approve","status":200,"duration_ms":29}
{"request_id":"rcc-9a6151633ee122888e867a345a9bf610","method":"GET","path":"/api/v1/auth/session","status":200,"duration_ms":1}
{"request_id":"rcc-e656640a0283ee6135580d68b1d0947c","method":"POST","path":"/api/v1/release-orders/:id/execute","status":200,"duration_ms":79}
{"request_id":"rcc-bd1caf2412fa584cb624305a81ac8d7d","method":"GET","path":"/api/v1/auth/session","status":200,"duration_ms":1}
{"request_id":"rcc-36da95f0116580deebae644d40e7fb68","method":"GET","path":"/api/v1/release-orders/:id","status":200,"duration_ms":13}
{"request_id":"rcc-bb75271b660bbb10f66556f7c443c480","method":"GET","path":"/api/v1/table-field-policies/:table_name","status":200,"duration_ms":8}
{"request_id":"rcc-a3c12acfe40af04a283ba2d0084ef531","method":"GET","path":"/api/v1/release-orders/:id/details","status":200,"duration_ms":9}
{"request_id":"rcc-8b9f70d3434dfbae2e3ebd3cf5b03e50","method":"GET","path":"/api/v1/auth/session","status":200,"duration_ms":4}
{"request_id":"rcc-e2e7072a9bcf3e6e95aefb5ea6f8346b","method":"GET","path":"/api/v1/release-orders/:id/people","status":200,"duration_ms":20}
{"request_id":"rcc-149e4c65996644e9cd59050be13d748b","method":"POST","path":"/api/v1/release-orders/:id/complete","status":200,"duration_ms":28}
{"request_id":"rcc-17fabe16da4ccd00535297924d23349a","method":"GET","path":"/api/v1/auth/session","status":200,"duration_ms":2}
{"request_id":"rcc-45a2042be02f595483d22196d656faf0","method":"GET","path":"/api/v1/table-policies","status":200,"duration_ms":2}
{"request_id":"rcc-beb46e5817a06251793dd8f6300d8aaf","method":"GET","path":"/api/v1/query-policy-types","status":200,"duration_ms":2}
{"request_id":"rcc-83f0f2418442d881bac711254f02293a","method":"GET","path":"/api/v1/mutation-policy-types","status":200,"duration_ms":1}
{"request_id":"rcc-6e92e41a603ba22849109818407d6a77","method":"GET","path":"/api/v1/query-policies/:code","status":200,"duration_ms":4}
{"request_id":"rcc-e5518e488e0a7a8a03b184e3bbeba4d3","method":"GET","path":"/api/v1/mutation-policies/:code","status":200,"duration_ms":5}
{"request_id":"rcc-a7bf0b5fc379fbb44469750d48d0beed","method":"POST","path":"/api/v1/tables/:table_name/query","status":200,"duration_ms":19}
{"request_id":"rcc-a423ab6d380acbabeb558f3bd17cc325","method":"GET","path":"/api/v1/table-field-policies/:table_name","status":200,"duration_ms":6}
{"request_id":"rcc-a5d7756cb67e897944c85d39df7e4829","method":"GET","path":"/api/v1/mutation-policies/:code","status":200,"duration_ms":3}
{"request_id":"rcc-90b002953344ff281818616c3541fe26","method":"GET","path":"/api/v1/query-policies/:code","status":200,"duration_ms":3}
{"request_id":"rcc-17982b0962e34bfdc60f4a20169ba724","method":"POST","path":"/api/v1/tables/:table_name/query","status":200,"duration_ms":42}
{"request_id":"rcc-bffb0ff69507e3f345e46075454467ba","method":"GET","path":"/api/v1/table-field-policies/:table_name","status":200,"duration_ms":6}
{"request_id":"rcc-4a5c669769ee109d327f579c3e30c03a","method":"GET","path":"/api/v1/table-field-policies/:table_name","status":200,"duration_ms":6}
{"request_id":"rcc-c0e9e9e652472d85f0b4d7c6193d8544","method":"GET","path":"/api/v1/auth/session","status":200,"duration_ms":1}
{"request_id":"rcc-5e1499e126834e8a069f7f03c7e90b48","method":"POST","path":"/api/v1/tables/:table_name/query","status":200,"duration_ms":18}
{"request_id":"rcc-dea3cabea9e9eb735f40a9314a1f5a74","method":"GET","path":"/api/v1/auth/session","status":200,"duration_ms":1}
{"request_id":"rcc-248209362ae9c8c27e4a33490c15dd24","method":"GET","path":"/api/v1/table-policies/:table_name","status":200,"duration_ms":3}
{"request_id":"rcc-355d845b597c14dd9045d296cc3190b1","method":"GET","path":"/api/v1/auth/session","status":200,"duration_ms":1}
{"request_id":"rcc-a2bd455d03f5b928f4d40f9e00f86a27","method":"GET","path":"/api/v1/mutation-policies/:code","status":200,"duration_ms":3}
{"request_id":"rcc-9ee4301484001e4ea5e6754d04f11f11","method":"POST","path":"/api/v1/release-orders","status":201,"duration_ms":46}
{"request_id":"rcc-d5f4ccc67f41b394bfb3f0b5522a92dc","method":"GET","path":"/api/v1/release-orders/:id","status":200,"duration_ms":19}
{"request_id":"rcc-eefa53465612a1b0585df44a2c43d6e4","method":"GET","path":"/api/v1/table-field-policies/:table_name","status":200,"duration_ms":8}
{"request_id":"rcc-987b6064c1e245c67000173a8b50ec73","method":"GET","path":"/api/v1/release-orders/:id/details","status":200,"duration_ms":11}
{"request_id":"rcc-b9ed5c7769571246df3113f00ce25a87","method":"GET","path":"/api/v1/release-orders/:id/people","status":200,"duration_ms":22}
{"request_id":"rcc-f99d1628f81f0c9ef837301dff96f048","method":"GET","path":"/api/v1/auth/session","status":200,"duration_ms":1}
{"request_id":"rcc-0fcabfbe3464031e70f13d19e7e76528","method":"POST","path":"/api/v1/release-orders/:id/submit","status":200,"duration_ms":73}
{"request_id":"rcc-20a75c066726fea6e6bf75cbcdd14852","method":"GET","path":"/api/v1/auth/session","status":200,"duration_ms":1}
{"request_id":"rcc-e2d22de8d1718557784539751b08f88d","method":"GET","path":"/api/v1/release-orders/:id","status":200,"duration_ms":11}
{"request_id":"rcc-9f1d0256324b825286d8d15e1b2ad5ff","method":"GET","path":"/api/v1/auth/session","status":200,"duration_ms":1}
{"request_id":"rcc-8af6946a1b68b5d0dc1a90980da682b1","method":"POST","path":"/api/v1/release-orders/:id/approve","status":200,"duration_ms":29}
{"request_id":"rcc-4e9fa47a9546168b5e103615d041dcf4","method":"GET","path":"/api/v1/auth/session","status":200,"duration_ms":1}
{"request_id":"rcc-e68ce87a51f8b7e1d2e36b20f0235f0b","method":"POST","path":"/api/v1/release-orders/:id/execute","status":200,"duration_ms":85}
{"request_id":"rcc-45e9d6425b0ae61832fb100c0366c43b","method":"GET","path":"/api/v1/auth/session","status":200,"duration_ms":1}
{"request_id":"rcc-6431586c029f35781f0ed378f7aab274","method":"GET","path":"/api/v1/release-orders/:id","status":200,"duration_ms":12}
{"request_id":"rcc-bfc070fc354eacdb3933987a74acaa6d","method":"GET","path":"/api/v1/table-field-policies/:table_name","status":200,"duration_ms":6}
{"request_id":"rcc-c69ca60224fb39b2bba068882f5868be","method":"GET","path":"/api/v1/release-orders/:id/details","status":200,"duration_ms":7}
{"request_id":"rcc-318f21abb4938e0d3cd778c20086bfff","method":"GET","path":"/api/v1/release-orders/:id/people","status":200,"duration_ms":16}
{"request_id":"rcc-0ac1652f5fc3c8f35c1cbc34390dd3b1","method":"GET","path":"/api/v1/auth/session","status":200,"duration_ms":1}
{"request_id":"rcc-44140ac5af84f06f719b6ca978d63779","method":"POST","path":"/api/v1/release-orders/:id/complete","status":200,"duration_ms":29}
{"request_id":"rcc-40f9ebb5b110602c1a007382bc39b4d6","method":"GET","path":"/api/v1/auth/session","status":200,"duration_ms":1}
{"request_id":"rcc-29a0d1fa689e254f1548ba565be309f3","method":"GET","path":"/api/v1/table-policies","status":200,"duration_ms":2}
{"request_id":"rcc-3ddb594ed8fb43650800144e34652b51","method":"GET","path":"/api/v1/query-policy-types","status":200,"duration_ms":1}
{"request_id":"rcc-8056354cbdf659017c029e2a935a16a4","method":"GET","path":"/api/v1/mutation-policy-types","status":200,"duration_ms":1}
{"request_id":"rcc-f78054c427ca70b9c6be705bc3ed2823","method":"GET","path":"/api/v1/query-policies/:code","status":200,"duration_ms":4}
{"request_id":"rcc-76d0db5a1d3610605f6953fc3372fc30","method":"GET","path":"/api/v1/mutation-policies/:code","status":200,"duration_ms":5}
{"request_id":"rcc-b6d708f214657300ca2a86a001330b76","method":"POST","path":"/api/v1/tables/:table_name/query","status":200,"duration_ms":22}
{"request_id":"rcc-58d990f41e42b524b794d5fe213941fd","method":"GET","path":"/api/v1/table-field-policies/:table_name","status":200,"duration_ms":6}
{"request_id":"rcc-fb41dc7a9f10c0a7ca9ec58de51d5d0e","method":"GET","path":"/api/v1/query-policies/:code","status":200,"duration_ms":3}
{"request_id":"rcc-668703de06d947fbb64ca7b4d49df60b","method":"GET","path":"/api/v1/mutation-policies/:code","status":200,"duration_ms":3}
{"request_id":"rcc-6da0ac40b35aa9ff535ed41c3d504219","method":"POST","path":"/api/v1/tables/:table_name/query","status":200,"duration_ms":42}
{"request_id":"rcc-bac328b041bd20153ae4e96c100e4f7e","method":"GET","path":"/api/v1/table-field-policies/:table_name","status":200,"duration_ms":5}
{"request_id":"rcc-70f574c438949cd7e15b759a863f79e6","method":"GET","path":"/api/v1/table-field-policies/:table_name","status":200,"duration_ms":6}
{"request_id":"rcc-a8e113d4ca163e8f6504885cb8ffdbef","method":"GET","path":"/api/v1/auth/session","status":200,"duration_ms":2}
{"request_id":"rcc-3732e9388e886a5fecf08a7bce5fb113","method":"GET","path":"/api/v1/table-policies","status":200,"duration_ms":2}
{"request_id":"rcc-b108d925d270560780b3fdeea38ce9ae","method":"GET","path":"/api/v1/query-policy-types","status":200,"duration_ms":1}
{"request_id":"rcc-5c000020559cbc7b34997b43e5f2d5ac","method":"GET","path":"/api/v1/mutation-policy-types","status":200,"duration_ms":1}
{"request_id":"rcc-6f58c9158ed92fa572154cf0d9601b6d","method":"GET","path":"/api/v1/query-policies/:code","status":200,"duration_ms":4}
{"request_id":"rcc-3391e73c2d8abcf9b6ec5fb6d59462c8","method":"GET","path":"/api/v1/mutation-policies/:code","status":200,"duration_ms":5}
{"request_id":"rcc-5db1abd12465f1f30ff4d8a38193e1d1","method":"POST","path":"/api/v1/tables/:table_name/query","status":200,"duration_ms":20}
{"request_id":"rcc-19cd621c7bf29b4f3d09c15111db362d","method":"GET","path":"/api/v1/table-field-policies/:table_name","status":200,"duration_ms":8}
{"request_id":"rcc-87564d29016765a1ad32f10d083179af","method":"GET","path":"/api/v1/query-policies/:code","status":200,"duration_ms":2}
{"request_id":"rcc-3c7f7efe3ec431d86dc45de567493d56","method":"GET","path":"/api/v1/mutation-policies/:code","status":200,"duration_ms":3}
{"request_id":"rcc-79fe779ab0b6fa7837b29460eb5c74dc","method":"POST","path":"/api/v1/tables/:table_name/query","status":200,"duration_ms":11}
{"request_id":"rcc-df6597dc679e384eacfb86df36a87a3b","method":"GET","path":"/api/v1/table-field-policies/:table_name","status":200,"duration_ms":6}
{"request_id":"rcc-27cf93c3b6b06d9db4cf675cd9df810a","method":"GET","path":"/api/v1/table-field-policies/:table_name","status":200,"duration_ms":6}
{"request_id":"rcc-7b8606d760fbfc58ed8e1473844ed7d7","method":"POST","path":"/api/v1/release-orders","status":201,"duration_ms":37}
{"request_id":"rcc-62050766616aeff7e707e5ad2c17a52b","method":"GET","path":"/api/v1/release-orders/:id","status":200,"duration_ms":14}
{"request_id":"rcc-7cac49cb0790a5a5b7f8e48c9ca983ec","method":"GET","path":"/api/v1/release-orders/:id/details","status":200,"duration_ms":7}
{"request_id":"rcc-da96ebd90eaf34766c0345bbb328f249","method":"GET","path":"/api/v1/table-field-policies/:table_name","status":200,"duration_ms":9}
{"request_id":"rcc-0d94d34b975bc0686d40d23aa5c70de2","method":"GET","path":"/api/v1/auth/session","status":200,"duration_ms":1}
{"request_id":"rcc-787e79c0199dceb850e45a64ab371917","method":"GET","path":"/api/v1/release-orders/:id/people","status":200,"duration_ms":23}
{"request_id":"rcc-5eae25c046cdd5ea01bc89aefdd0ad31","method":"POST","path":"/api/v1/release-orders/:id/submit","status":200,"duration_ms":72}
{"request_id":"rcc-8f4254b8e55051ce76b3ee2d054bf720","method":"GET","path":"/api/v1/auth/session","status":200,"duration_ms":1}
{"request_id":"rcc-b166c68731dcda052fd9cec354f8ea29","method":"GET","path":"/api/v1/release-orders/:id","status":200,"duration_ms":10}
{"request_id":"rcc-29309b981230adf6b6b1ce847e2f4498","method":"GET","path":"/api/v1/auth/session","status":200,"duration_ms":1}
{"request_id":"rcc-d55f6cf589ea90aa21da9ebc1aee8c21","method":"POST","path":"/api/v1/release-orders/:id/approve","status":200,"duration_ms":31}
{"request_id":"rcc-bcfe13dc746768b30c50ece0524d3fec","method":"GET","path":"/api/v1/auth/session","status":200,"duration_ms":1}
{"request_id":"rcc-06b511c57a9619b538065474eb60a2b4","method":"POST","path":"/api/v1/release-orders/:id/execute","status":200,"duration_ms":76}
{"request_id":"rcc-43181cf92a7898b9fbde70e3a9e77b03","method":"GET","path":"/api/v1/auth/session","status":200,"duration_ms":2}
{"request_id":"rcc-100748eb5b366b85c4b76622eeb16018","method":"GET","path":"/api/v1/release-orders/:id","status":200,"duration_ms":13}
{"request_id":"rcc-cc50751e06bdf98f744f9b3ab5c9346e","method":"GET","path":"/api/v1/table-field-policies/:table_name","status":200,"duration_ms":7}
{"request_id":"rcc-a4f096d531383adac6f86abd9999c67f","method":"GET","path":"/api/v1/release-orders/:id/details","status":200,"duration_ms":8}
{"request_id":"rcc-e7da3df8885670b2954e3d1b7ed154bf","method":"GET","path":"/api/v1/release-orders/:id/people","status":200,"duration_ms":16}
{"request_id":"rcc-334e1a83fe85d9d9610385778bb7df9d","method":"GET","path":"/api/v1/auth/session","status":200,"duration_ms":1}
{"request_id":"rcc-6303351350f459d0713fa81d64d59a87","method":"POST","path":"/api/v1/release-orders/:id/complete","status":200,"duration_ms":28}
{"request_id":"rcc-3df4f8cb72c5b10d79d69a815b42b5fb","method":"GET","path":"/api/v1/auth/session","status":200,"duration_ms":2}
{"request_id":"rcc-5b215266f2da753c87a51e47613052be","method":"GET","path":"/api/v1/table-policies","status":200,"duration_ms":2}
{"request_id":"rcc-123024a1e8975c318f536ff5e742279a","method":"GET","path":"/api/v1/query-policy-types","status":200,"duration_ms":1}
{"request_id":"rcc-2070d02789c968a0edde45c4fb2e977d","method":"GET","path":"/api/v1/mutation-policy-types","status":200,"duration_ms":2}
{"request_id":"rcc-168f38c3ef40ae2f13ac9c1ecc24253d","method":"GET","path":"/api/v1/mutation-policies/:code","status":200,"duration_ms":4}
{"request_id":"rcc-b6bd48391f5858ada968c160bfb9f7ad","method":"GET","path":"/api/v1/query-policies/:code","status":200,"duration_ms":4}
{"request_id":"rcc-b7b058531fc161418ecdb68b31166838","method":"POST","path":"/api/v1/tables/:table_name/query","status":200,"duration_ms":21}
{"request_id":"rcc-6ae5670424b6ba695a8328a4a5486322","method":"GET","path":"/api/v1/table-field-policies/:table_name","status":200,"duration_ms":7}
{"request_id":"rcc-b838e33c2cf73e5fa6417d87819dd529","method":"GET","path":"/api/v1/query-policies/:code","status":200,"duration_ms":3}
{"request_id":"rcc-3639fb4093a6b8cf054ac1bbd97d5621","method":"GET","path":"/api/v1/mutation-policies/:code","status":200,"duration_ms":3}
{"request_id":"rcc-486d28d44ec4f7d593eaa2b014f68a22","method":"POST","path":"/api/v1/tables/:table_name/query","status":200,"duration_ms":18}
{"request_id":"rcc-7a97d904b0785ed062707322f1b534c7","method":"GET","path":"/api/v1/table-field-policies/:table_name","status":200,"duration_ms":8}
{"request_id":"rcc-58201b4af75c88b3d4d6b81f5386cf75","method":"GET","path":"/api/v1/table-field-policies/:table_name","status":200,"duration_ms":6}
{"request_id":"rcc-afe9b1caa22663822b11f8e744512e22","method":"GET","path":"/api/v1/auth/session","status":200,"duration_ms":2}
{"request_id":"rcc-3632502ada1f9c762d433cc3febbc799","method":"POST","path":"/api/v1/tables/:table_name/query","status":200,"duration_ms":17}
{"request_id":"rcc-57c57c563ec71902cabb48c1aba01107","method":"GET","path":"/api/v1/auth/session","status":200,"duration_ms":1}
{"request_id":"rcc-bb33edd53833df0397932758aa3cc77c","method":"GET","path":"/api/v1/table-policies/:table_name","status":200,"duration_ms":3}
{"request_id":"rcc-684938ea3111c851e391a3c8a8c3638e","method":"GET","path":"/api/v1/auth/session","status":200,"duration_ms":1}
{"request_id":"rcc-d3fb553da325101d535a0c0ca459b7d6","method":"GET","path":"/api/v1/mutation-policies/:code","status":200,"duration_ms":2}
{"request_id":"rcc-9534ebbea58c4d988ff7215d36ad2c21","method":"POST","path":"/api/v1/release-orders","status":201,"duration_ms":39}
{"request_id":"rcc-9287202609d3c0a162e52cb060d8afd0","method":"GET","path":"/api/v1/release-orders/:id","status":200,"duration_ms":12}
{"request_id":"rcc-04f523eabffb09fe25dd0864b8c9e14d","method":"GET","path":"/api/v1/table-field-policies/:table_name","status":200,"duration_ms":5}
{"request_id":"rcc-ad1ff718a5efb83b3776cb64fa568065","method":"GET","path":"/api/v1/release-orders/:id/details","status":200,"duration_ms":7}
{"request_id":"rcc-f3359ce155819519d1b2ead0174f9ee8","method":"GET","path":"/api/v1/auth/session","status":200,"duration_ms":1}
{"request_id":"rcc-f5c1a2f68d059039cbb925e5ec68e9d4","method":"GET","path":"/api/v1/release-orders/:id/people","status":200,"duration_ms":22}
{"request_id":"rcc-fae99bd94dc92b026d5531eace5efe94","method":"POST","path":"/api/v1/release-orders/:id/submit","status":200,"duration_ms":75}
{"request_id":"rcc-b2e33ce6ffbda65e6a22b7384b091adf","method":"GET","path":"/api/v1/auth/session","status":200,"duration_ms":1}
{"request_id":"rcc-44b18eceeb49015f98519605035cd1bd","method":"GET","path":"/api/v1/release-orders/:id","status":200,"duration_ms":8}
{"request_id":"rcc-37432472337bdc383a5fbb470cbf7e9c","method":"GET","path":"/api/v1/auth/session","status":200,"duration_ms":1}
{"request_id":"rcc-8d6c515bcc66ae75b3517c404bb12fac","method":"POST","path":"/api/v1/release-orders/:id/approve","status":200,"duration_ms":27}
{"request_id":"rcc-64487380c69b6f18c83630be871032fa","method":"GET","path":"/api/v1/auth/session","status":200,"duration_ms":0}
{"request_id":"rcc-081d7cd136a18339e06bbd7f7ee78ec2","method":"POST","path":"/api/v1/release-orders/:id/execute","status":200,"duration_ms":79}
{"request_id":"rcc-3aefa0d1b72f4dcdc0aec46fe5ba76f8","method":"GET","path":"/api/v1/auth/session","status":200,"duration_ms":2}
{"request_id":"rcc-087feb56f73b4673c86dac821a4765f5","method":"GET","path":"/api/v1/release-orders/:id","status":200,"duration_ms":12}
{"request_id":"rcc-b55bd5d0f1bd001762ed657e627fc8d9","method":"GET","path":"/api/v1/table-field-policies/:table_name","status":200,"duration_ms":7}
{"request_id":"rcc-4f779bacfd9da71fc91eb0dbe3797996","method":"GET","path":"/api/v1/release-orders/:id/details","status":200,"duration_ms":9}
{"request_id":"rcc-e4bac4602f42c821890ec0d316431722","method":"GET","path":"/api/v1/release-orders/:id/people","status":200,"duration_ms":15}
{"request_id":"rcc-3f8d08bd05e76b4bd3a0fb9be75457c4","method":"GET","path":"/api/v1/auth/session","status":200,"duration_ms":1}
{"request_id":"rcc-0b42459f84c94adeeb75f18fa285ce47","method":"POST","path":"/api/v1/release-orders/:id/complete","status":200,"duration_ms":26}
{"request_id":"rcc-c9dcd9d60aa1bdac186073b558519c4b","method":"GET","path":"/api/v1/auth/session","status":200,"duration_ms":2}
{"request_id":"rcc-7be7486a18da5479cede2c822b8cda60","method":"GET","path":"/api/v1/table-policies","status":200,"duration_ms":2}
{"request_id":"rcc-65e9a97622af17790a95eb35d5a86435","method":"GET","path":"/api/v1/query-policy-types","status":200,"duration_ms":1}
{"request_id":"rcc-d33334bcc221b6226aa66d4b384a227b","method":"GET","path":"/api/v1/mutation-policy-types","status":200,"duration_ms":1}
{"request_id":"rcc-0c916ee0efeead2f7aa8d51d3cd58d9d","method":"GET","path":"/api/v1/mutation-policies/:code","status":200,"duration_ms":5}
{"request_id":"rcc-b08bba5f8946cf4f7ce242bc7f106ea3","method":"GET","path":"/api/v1/query-policies/:code","status":200,"duration_ms":5}
{"request_id":"rcc-a464839ea80a9ad2076ccbed813692ba","method":"POST","path":"/api/v1/tables/:table_name/query","status":200,"duration_ms":20}
{"request_id":"rcc-9f1c32dbc35dfff87ad617a4ce6b2887","method":"GET","path":"/api/v1/table-field-policies/:table_name","status":200,"duration_ms":5}
{"request_id":"rcc-39c4483dd4ce20575211bdeda445312f","method":"GET","path":"/api/v1/query-policies/:code","status":200,"duration_ms":3}
{"request_id":"rcc-d41b611c2c8fd88d6b2136a7580f0439","method":"GET","path":"/api/v1/mutation-policies/:code","status":200,"duration_ms":3}
{"request_id":"rcc-e6fc2da28792efade55accad0fd5b8eb","method":"POST","path":"/api/v1/tables/:table_name/query","status":200,"duration_ms":18}
{"request_id":"rcc-399be3d12e98657fdb7011c0586224a1","method":"GET","path":"/api/v1/table-field-policies/:table_name","status":200,"duration_ms":8}
{"request_id":"rcc-81a5ad0579fed5f94ab5e38dce2dc0b6","method":"GET","path":"/api/v1/table-field-policies/:table_name","status":200,"duration_ms":7}
{"request_id":"rcc-85d458042e54ab3245ea421fc81bd7f5","method":"GET","path":"/api/v1/auth/session","status":200,"duration_ms":2}
{"request_id":"rcc-97334d8bcc08d3289e77f619494fab4d","method":"GET","path":"/api/v1/table-policies","status":200,"duration_ms":2}
{"request_id":"rcc-53f7e61c0182bb7ce2c9d372da3a9a38","method":"GET","path":"/api/v1/query-policy-types","status":200,"duration_ms":2}
{"request_id":"rcc-a98bba7bd6cbb5f37d41ace9882d673b","method":"GET","path":"/api/v1/mutation-policy-types","status":200,"duration_ms":2}
{"request_id":"rcc-c1bf6d821323b5a2706c805ec2721c09","method":"GET","path":"/api/v1/mutation-policies/:code","status":200,"duration_ms":6}
{"request_id":"rcc-1d37140307591037413ef25e6b6e1c53","method":"GET","path":"/api/v1/query-policies/:code","status":200,"duration_ms":6}
{"request_id":"rcc-12fa4cbc19b6af29d6e064550f4f0082","method":"POST","path":"/api/v1/tables/:table_name/query","status":200,"duration_ms":22}
{"request_id":"rcc-7409a7e4c6da42d06b36483029e12bca","method":"GET","path":"/api/v1/table-field-policies/:table_name","status":200,"duration_ms":7}
{"request_id":"rcc-067d7467035a6e7bf958e742bcd6636e","method":"GET","path":"/api/v1/query-policies/:code","status":200,"duration_ms":4}
{"request_id":"rcc-c3b0962c7efcf5e1e827f83aa44800a4","method":"GET","path":"/api/v1/mutation-policies/:code","status":200,"duration_ms":4}
{"request_id":"rcc-cb75f03e8b3bc749212bacca65ce63ca","method":"POST","path":"/api/v1/tables/:table_name/query","status":200,"duration_ms":18}
{"request_id":"rcc-82f582b1aebb2563a0ba11027b6048de","method":"GET","path":"/api/v1/table-field-policies/:table_name","status":200,"duration_ms":7}
{"request_id":"rcc-92ff1eb6827454169e086ec5889b403b","method":"GET","path":"/api/v1/table-field-policies/:table_name","status":200,"duration_ms":6}
{"request_id":"rcc-133e224126e132c9abe7e339c4e05fa8","method":"POST","path":"/api/v1/release-orders","status":201,"duration_ms":38}
{"request_id":"rcc-f051cc2befd5e0e8e9bfed0b1134af14","method":"GET","path":"/api/v1/release-orders/:id","status":200,"duration_ms":16}
{"request_id":"rcc-7d798834b619cf8610af9852d639801c","method":"GET","path":"/api/v1/table-field-policies/:table_name","status":200,"duration_ms":6}
{"request_id":"rcc-1eafe088bc2e32a5bfd230612db689d3","method":"GET","path":"/api/v1/release-orders/:id/details","status":200,"duration_ms":9}
{"request_id":"rcc-14fcec68e32623ca56c653ca1ff2c826","method":"GET","path":"/api/v1/release-orders/:id/people","status":200,"duration_ms":20}
{"request_id":"rcc-ae1920eb7f9ebe40bae7495006cad4b4","method":"GET","path":"/api/v1/auth/session","status":200,"duration_ms":1}
{"request_id":"rcc-9a632ef8a2379bc0b5d7397b934a3a42","method":"POST","path":"/api/v1/release-orders/:id/submit","status":200,"duration_ms":70}
{"request_id":"rcc-2a3e21cd5c58510aa7c2ad135a74fa50","method":"GET","path":"/api/v1/auth/session","status":200,"duration_ms":1}
{"request_id":"rcc-6e2d6c783bbf20a405a5b3a59bda8764","method":"GET","path":"/api/v1/release-orders/:id","status":200,"duration_ms":11}
{"request_id":"rcc-9f99a0bcedf54b0a3b3aa40bb2e12f95","method":"GET","path":"/api/v1/auth/session","status":200,"duration_ms":1}
{"request_id":"rcc-77ac8c7cbe8061e48342f8cea5f0217f","method":"POST","path":"/api/v1/release-orders/:id/approve","status":200,"duration_ms":28}
{"request_id":"rcc-fecb4c03cef4552f6f1a95cb197a2f2c","method":"GET","path":"/api/v1/auth/session","status":200,"duration_ms":1}
{"request_id":"rcc-df2202471740a608e14237673d0c4aeb","method":"POST","path":"/api/v1/release-orders/:id/execute","status":200,"duration_ms":79}
{"request_id":"rcc-d572e9ea603506d1a175ac358f88ddb7","method":"GET","path":"/api/v1/auth/session","status":200,"duration_ms":2}
{"request_id":"rcc-cdec3a5872970c3be80a6090fae3cfc5","method":"GET","path":"/api/v1/release-orders/:id","status":200,"duration_ms":13}
{"request_id":"rcc-7e6afd667d3ef926ec55af785e8a5aa9","method":"GET","path":"/api/v1/table-field-policies/:table_name","status":200,"duration_ms":7}
{"request_id":"rcc-f4b4d934ed3c1ea875149912cbe5abdb","method":"GET","path":"/api/v1/release-orders/:id/details","status":200,"duration_ms":9}
{"request_id":"rcc-a5b6b8bd5bb91658cb08ea065ca87dbb","method":"GET","path":"/api/v1/release-orders/:id/people","status":200,"duration_ms":16}
{"request_id":"rcc-4d868cf9238692ccd2b1ead7bac9d23f","method":"GET","path":"/api/v1/auth/session","status":200,"duration_ms":1}
{"request_id":"rcc-a221ff6f54aac93b92f4fea7413ccfcb","method":"POST","path":"/api/v1/release-orders/:id/complete","status":200,"duration_ms":25}
{"request_id":"rcc-03dcda43cf54bbb5ea213681b35f1626","method":"GET","path":"/api/v1/auth/session","status":200,"duration_ms":1}
{"request_id":"rcc-a7493d1604a5ce47d5e26fc98bf8ebb7","method":"GET","path":"/api/v1/table-policies","status":200,"duration_ms":2}
{"request_id":"rcc-dd57c764d607d0f4d26090d49be6552e","method":"GET","path":"/api/v1/mutation-policy-types","status":200,"duration_ms":1}
{"request_id":"rcc-e87ecf221653442f71acb5371e9d6165","method":"GET","path":"/api/v1/query-policy-types","status":200,"duration_ms":2}
{"request_id":"rcc-ac780e367c7b5fbcfe504db70cecc0b2","method":"GET","path":"/api/v1/mutation-policies/:code","status":200,"duration_ms":3}
{"request_id":"rcc-b85ab1e257c8438900b0af7bb49517a6","method":"GET","path":"/api/v1/query-policies/:code","status":200,"duration_ms":4}
{"request_id":"rcc-b24ec576aed7c2759189054cc7588659","method":"POST","path":"/api/v1/tables/:table_name/query","status":200,"duration_ms":21}
{"request_id":"rcc-920623a61c980c943c27f238b8f2072c","method":"GET","path":"/api/v1/table-field-policies/:table_name","status":200,"duration_ms":6}
{"request_id":"rcc-7918fef591076da01fec183b8cafda8c","method":"GET","path":"/api/v1/query-policies/:code","status":200,"duration_ms":4}
{"request_id":"rcc-66160cbe1a731a83fdfa98d0a31ecc1f","method":"GET","path":"/api/v1/mutation-policies/:code","status":200,"duration_ms":4}
{"request_id":"rcc-d6e23437847cb8106c7111b070f38dc6","method":"POST","path":"/api/v1/tables/:table_name/query","status":200,"duration_ms":22}
{"request_id":"rcc-79af064075f38e2fadf14ee73c73eaf2","method":"GET","path":"/api/v1/table-field-policies/:table_name","status":200,"duration_ms":6}
{"request_id":"rcc-286e58b3800995f15b140538e3a53772","method":"GET","path":"/api/v1/table-field-policies/:table_name","status":200,"duration_ms":6}
{"request_id":"rcc-4b87e896d2687c205636f86a9bec9d63","method":"GET","path":"/api/v1/auth/session","status":200,"duration_ms":2}
{"request_id":"rcc-18801a1dd9624e30891fc646884c009d","method":"POST","path":"/api/v1/tables/:table_name/query","status":200,"duration_ms":17}
{"request_id":"rcc-a520312522a46e8ac8bbfd462dd19eed","method":"GET","path":"/api/v1/auth/session","status":200,"duration_ms":1}
{"request_id":"rcc-856c5a0ae8e75fbffa0adaf290c4addd","method":"GET","path":"/api/v1/table-policies/:table_name","status":200,"duration_ms":3}
{"request_id":"rcc-b200d5313284f7fb021ee74acbb9fceb","method":"GET","path":"/api/v1/auth/session","status":200,"duration_ms":1}
{"request_id":"rcc-5b654e28eaba4a93418dba8baf48f8dc","method":"GET","path":"/api/v1/mutation-policies/:code","status":200,"duration_ms":3}
{"request_id":"rcc-482e9d23835be12dbcce7985a30b1b99","method":"POST","path":"/api/v1/release-orders","status":201,"duration_ms":44}
{"request_id":"rcc-5c277ec667cf81a68054b838b786280a","method":"GET","path":"/api/v1/release-orders/:id","status":200,"duration_ms":13}
{"request_id":"rcc-4608a1969612211f19bbe10cff19f62e","method":"GET","path":"/api/v1/table-field-policies/:table_name","status":200,"duration_ms":7}
{"request_id":"rcc-bd062a9dbbfb6070e1fd9bc41596a770","method":"GET","path":"/api/v1/release-orders/:id/details","status":200,"duration_ms":8}
{"request_id":"rcc-d16565334839b4a6b139afd4fdb6cb3e","method":"GET","path":"/api/v1/auth/session","status":200,"duration_ms":2}
{"request_id":"rcc-d69f47a500f6c3f3d47b4445f4b804f5","method":"GET","path":"/api/v1/release-orders/:id/people","status":200,"duration_ms":23}
{"request_id":"rcc-a4c3926dde79605c56339a030a46a798","method":"POST","path":"/api/v1/release-orders/:id/submit","status":200,"duration_ms":77}
{"request_id":"rcc-a0fd9201c2761bf601fa9203f2e979aa","method":"GET","path":"/api/v1/auth/session","status":200,"duration_ms":1}
{"request_id":"rcc-2617f18e8b5b9b20e444e85c44c8b283","method":"GET","path":"/api/v1/release-orders/:id","status":200,"duration_ms":9}
{"request_id":"rcc-ad722179fa4aaafff78258e2e35879df","method":"GET","path":"/api/v1/auth/session","status":200,"duration_ms":1}
{"request_id":"rcc-3d7bc3a4d59ec50df67938195f88caa7","method":"POST","path":"/api/v1/release-orders/:id/approve","status":200,"duration_ms":30}
{"request_id":"rcc-7ce1433a076da1bea0422d08b1d463d1","method":"GET","path":"/api/v1/auth/session","status":200,"duration_ms":1}
{"request_id":"rcc-ebee7f3d21e4ca2f52c3064ef99004ac","method":"POST","path":"/api/v1/release-orders/:id/execute","status":200,"duration_ms":82}
{"request_id":"rcc-8c2ccb4f77440bd219c11517865325ed","method":"GET","path":"/api/v1/auth/session","status":200,"duration_ms":1}
{"request_id":"rcc-001909150383639e49fa58e21f9650e8","method":"GET","path":"/api/v1/release-orders/:id","status":200,"duration_ms":12}
{"request_id":"rcc-ee9a03ba0cea0e99ff6ff63394a505f9","method":"GET","path":"/api/v1/table-field-policies/:table_name","status":200,"duration_ms":7}
{"request_id":"rcc-3698e4683c48331c58c56aa33150011f","method":"GET","path":"/api/v1/release-orders/:id/details","status":200,"duration_ms":10}
{"request_id":"rcc-1323751f086fa15ed7d2675dec3bbaab","method":"GET","path":"/api/v1/release-orders/:id/people","status":200,"duration_ms":17}
{"request_id":"rcc-2b7fea25984e6c19dfb2113a386e5948","method":"GET","path":"/api/v1/auth/session","status":200,"duration_ms":1}
{"request_id":"rcc-95d263c6f9f8361cb27a06a854c8fb92","method":"POST","path":"/api/v1/release-orders/:id/complete","status":200,"duration_ms":27}
{"request_id":"rcc-44466d06311050536c572399b80b0848","method":"GET","path":"/api/v1/auth/session","status":200,"duration_ms":2}
{"request_id":"rcc-5f111e5c82919f5cd47bc27d2a19dbb4","method":"GET","path":"/api/v1/table-policies","status":200,"duration_ms":2}
{"request_id":"rcc-367955b0960900602711084c994d301f","method":"GET","path":"/api/v1/query-policy-types","status":200,"duration_ms":1}
{"request_id":"rcc-e8e94b17961eff22cca03ba3d8ee6517","method":"GET","path":"/api/v1/mutation-policy-types","status":200,"duration_ms":1}
{"request_id":"rcc-bb2859283939928b667372edbe586035","method":"GET","path":"/api/v1/mutation-policies/:code","status":200,"duration_ms":5}
{"request_id":"rcc-3773e830e165abba27bdbe46ff43be08","method":"GET","path":"/api/v1/query-policies/:code","status":200,"duration_ms":5}
{"request_id":"rcc-ba3958ce590bcf6e69f3a02ae2460405","method":"POST","path":"/api/v1/tables/:table_name/query","status":200,"duration_ms":22}
{"request_id":"rcc-696913c0370791c76cc9cc752ee11d1a","method":"GET","path":"/api/v1/table-field-policies/:table_name","status":200,"duration_ms":6}
{"request_id":"rcc-5d6b41b6cc7d99f85fe6e38927a1bab4","method":"GET","path":"/api/v1/mutation-policies/:code","status":200,"duration_ms":4}
{"request_id":"rcc-e8b7c8c90713451cff8862b41fdb63f8","method":"GET","path":"/api/v1/query-policies/:code","status":200,"duration_ms":4}
{"request_id":"rcc-87d7c9f26cd11d96da56dbee67f0d8b6","method":"POST","path":"/api/v1/tables/:table_name/query","status":200,"duration_ms":23}
{"request_id":"rcc-16ef6223ab7bad23634900c611925789","method":"GET","path":"/api/v1/table-field-policies/:table_name","status":200,"duration_ms":8}
{"request_id":"rcc-6cfbcea8e26b15bd31781eb8818f6d6b","method":"GET","path":"/api/v1/table-field-policies/:table_name","status":200,"duration_ms":6}
{"request_id":"rcc-050ddd0b7df2145d009f5c7a598cebe9","method":"GET","path":"/api/v1/auth/session","status":200,"duration_ms":1}
{"request_id":"rcc-8d097a2e68fa6699cbdcc7cb5b173a2e","method":"GET","path":"/api/v1/table-policies","status":200,"duration_ms":2}
{"request_id":"rcc-8fa239a1543b930453c1d343fde1f4e0","method":"GET","path":"/api/v1/query-policy-types","status":200,"duration_ms":1}
{"request_id":"rcc-a0743ed6852ffb1f7d000890662eb106","method":"GET","path":"/api/v1/mutation-policy-types","status":200,"duration_ms":1}
{"request_id":"rcc-8b72c5f69c5642939e901b91ed1ebf82","method":"GET","path":"/api/v1/query-policies/:code","status":200,"duration_ms":5}
{"request_id":"rcc-94627294dabe5d4385467ab94ff99db5","method":"GET","path":"/api/v1/mutation-policies/:code","status":200,"duration_ms":5}
{"request_id":"rcc-840619565ccaa111b34342b681fa1304","method":"POST","path":"/api/v1/tables/:table_name/query","status":200,"duration_ms":24}
{"request_id":"rcc-2c71a946a68e01719482b2c52d6c8cea","method":"GET","path":"/api/v1/table-field-policies/:table_name","status":200,"duration_ms":13}
{"request_id":"rcc-c60d685b927f6974a173defd4c37b57d","method":"GET","path":"/api/v1/query-policies/:code","status":200,"duration_ms":3}
{"request_id":"rcc-464e56dd3988b92390faebc7c27dc1b2","method":"GET","path":"/api/v1/mutation-policies/:code","status":200,"duration_ms":3}
{"request_id":"rcc-1d65c684e33e123de1d251ea069bef32","method":"POST","path":"/api/v1/tables/:table_name/query","status":200,"duration_ms":23}
{"request_id":"rcc-dc6cdc3c47beb95e5a1daaa43c22f377","method":"GET","path":"/api/v1/table-field-policies/:table_name","status":200,"duration_ms":6}
{"request_id":"rcc-f8bd482a6ec6b38dadf52d3f1a08e25d","method":"GET","path":"/api/v1/table-field-policies/:table_name","status":200,"duration_ms":7}
{"request_id":"rcc-1dcb88d3bcf7af53e6ea7a216cf39789","method":"POST","path":"/api/v1/release-orders","status":201,"duration_ms":40}
{"request_id":"rcc-80a6422c1d831276b5ce3533fa3a063e","method":"GET","path":"/api/v1/release-orders/:id","status":200,"duration_ms":16}
{"request_id":"rcc-2f1459c1362d0ac08f958a71ef6aacba","method":"GET","path":"/api/v1/table-field-policies/:table_name","status":200,"duration_ms":6}
{"request_id":"rcc-20a8b07a5557c3f0e1977b0c92b42bbb","method":"GET","path":"/api/v1/release-orders/:id/details","status":200,"duration_ms":8}
{"request_id":"rcc-f1a901344c1031580f0739e0c1dbb8d6","method":"GET","path":"/api/v1/release-orders/:id/people","status":200,"duration_ms":21}
{"request_id":"rcc-7f27da145cf9648d11600a2111f47cd4","method":"GET","path":"/api/v1/auth/session","status":200,"duration_ms":1}
{"request_id":"rcc-d9e19527eca8cbd0bdc1ce57c5e865e0","method":"POST","path":"/api/v1/release-orders/:id/submit","status":200,"duration_ms":80}
{"request_id":"rcc-58861c58efd3adf01d00ec926475e3b8","method":"GET","path":"/api/v1/auth/session","status":200,"duration_ms":1}
{"request_id":"rcc-4c5c6068f3f8a7a6242f7b8051826836","method":"GET","path":"/api/v1/release-orders/:id","status":200,"duration_ms":11}
{"request_id":"rcc-23d6b6c67465aa085864c05491480fef","method":"GET","path":"/api/v1/auth/session","status":200,"duration_ms":1}
{"request_id":"rcc-cc16f23ff25809f727d89541b7fc9129","method":"POST","path":"/api/v1/release-orders/:id/approve","status":200,"duration_ms":29}
{"request_id":"rcc-2b898d37f9450def7d50daf295dea1ee","method":"GET","path":"/api/v1/auth/session","status":200,"duration_ms":1}
{"request_id":"rcc-8dda3a155f890bea13cad838c5f553f6","method":"POST","path":"/api/v1/release-orders/:id/execute","status":200,"duration_ms":85}
{"request_id":"rcc-ed1f4e459b8cefbce31ddf338d6c8679","method":"GET","path":"/api/v1/auth/session","status":200,"duration_ms":2}
{"request_id":"rcc-f5e1b89315b028ac849269ba1f5d3e9d","method":"GET","path":"/api/v1/release-orders/:id","status":200,"duration_ms":13}
{"request_id":"rcc-7c9022e9ae6c86f5d4a238a00f2ab9fe","method":"GET","path":"/api/v1/table-field-policies/:table_name","status":200,"duration_ms":7}
{"request_id":"rcc-7676f3067f3e60f5e5ac1f7fe6daa4ea","method":"GET","path":"/api/v1/release-orders/:id/details","status":200,"duration_ms":9}
{"request_id":"rcc-227e172c7a7c2277ac41e1cf9590bcd5","method":"GET","path":"/api/v1/release-orders/:id/people","status":200,"duration_ms":15}
{"request_id":"rcc-4e495568ad7fe73ade4ed47f6b527606","method":"GET","path":"/api/v1/auth/session","status":200,"duration_ms":1}
{"request_id":"rcc-0cea1afeba826fe7ca0062802b4a8d39","method":"POST","path":"/api/v1/release-orders/:id/complete","status":200,"duration_ms":27}
{"request_id":"rcc-d5ddcb68c9c042f85a607325bb31cbe1","method":"GET","path":"/api/v1/auth/session","status":200,"duration_ms":2}
{"request_id":"rcc-76302590d92a4e9d4b3baef839a8a523","method":"GET","path":"/api/v1/table-policies","status":200,"duration_ms":5}
{"request_id":"rcc-2922bf43a0ceb5f9ee76d0f3a6407728","method":"GET","path":"/api/v1/mutation-policy-types","status":200,"duration_ms":1}
{"request_id":"rcc-ac177e5d2b8d885111a7702f125d852a","method":"GET","path":"/api/v1/query-policy-types","status":200,"duration_ms":2}
{"request_id":"rcc-1e3a28436e7a6e04a89fa66b2f0189cd","method":"GET","path":"/api/v1/mutation-policies/:code","status":200,"duration_ms":4}
{"request_id":"rcc-9f8f6cafdd02d9228cc39c52641157f0","method":"GET","path":"/api/v1/query-policies/:code","status":200,"duration_ms":4}
{"request_id":"rcc-6744a5c345119f952db8c739ec3a71f3","method":"POST","path":"/api/v1/tables/:table_name/query","status":200,"duration_ms":19}
{"request_id":"rcc-d9ef3de6e7684c5b898f0b78fd559911","method":"GET","path":"/api/v1/table-field-policies/:table_name","status":200,"duration_ms":5}
{"request_id":"rcc-a247b7b42a5221a3c386596b100c8227","method":"GET","path":"/api/v1/mutation-policies/:code","status":200,"duration_ms":4}
{"request_id":"rcc-c9498ced43b560973343c910ffe8f70b","method":"GET","path":"/api/v1/query-policies/:code","status":200,"duration_ms":4}
{"request_id":"rcc-62c8a9679d02d096409b6adbb8befa81","method":"POST","path":"/api/v1/tables/:table_name/query","status":200,"duration_ms":27}
{"request_id":"rcc-69deac72fdd3d547c8966e52c2b18258","method":"GET","path":"/api/v1/table-field-policies/:table_name","status":200,"duration_ms":8}
{"request_id":"rcc-d65ab36c20db16715e20684a6b0466cf","method":"GET","path":"/api/v1/table-field-policies/:table_name","status":200,"duration_ms":6}
{"request_id":"rcc-f9656c37282c425b4133e6b244fd3944","method":"GET","path":"/api/v1/auth/session","status":200,"duration_ms":1}
{"request_id":"rcc-d5b2293b9e9046c4a7eda7e3adda89ae","method":"POST","path":"/api/v1/tables/:table_name/query","status":200,"duration_ms":17}
{"request_id":"rcc-a104d3da45efe3ffdcc130074c8b0c71","method":"GET","path":"/api/v1/auth/session","status":200,"duration_ms":1}
{"request_id":"rcc-7f6e83bbb9a96e035b2d68c929ba6189","method":"GET","path":"/api/v1/table-policies/:table_name","status":200,"duration_ms":2}
{"request_id":"rcc-4de212d2c453de612a854028b4fea65c","method":"GET","path":"/api/v1/auth/session","status":200,"duration_ms":1}
{"request_id":"rcc-9bb29eb6cb392cd49fb05ad04eb93a84","method":"GET","path":"/api/v1/mutation-policies/:code","status":200,"duration_ms":3}
{"request_id":"rcc-8fa2e24969bdcc4b34b51c58c3140d08","method":"POST","path":"/api/v1/release-orders","status":201,"duration_ms":35}
{"request_id":"rcc-2232158d7ec59ba29f0e9d288b5db9a6","method":"GET","path":"/api/v1/release-orders/:id","status":200,"duration_ms":16}
{"request_id":"rcc-5e113a8bb0d5bfab9197640b92ca9c70","method":"GET","path":"/api/v1/table-field-policies/:table_name","status":200,"duration_ms":6}
{"request_id":"rcc-fb842a819af744215b6ebdb7dc65c0c8","method":"GET","path":"/api/v1/release-orders/:id/details","status":200,"duration_ms":9}
{"request_id":"rcc-79b81ea44e9fe06e4f3d061267d0e757","method":"GET","path":"/api/v1/release-orders/:id/people","status":200,"duration_ms":21}
{"request_id":"rcc-e8c054cc6bd91d4d00d80f87631f14be","method":"GET","path":"/api/v1/auth/session","status":200,"duration_ms":1}
{"request_id":"rcc-9986bae1be3d00bb472d4cee7d30088b","method":"POST","path":"/api/v1/release-orders/:id/submit","status":200,"duration_ms":76}
{"request_id":"rcc-20a36a043d826b426fed01cb752ad569","method":"GET","path":"/api/v1/auth/session","status":200,"duration_ms":1}
{"request_id":"rcc-fc543af741fbabf16dc5dd13a2b007c2","method":"GET","path":"/api/v1/release-orders/:id","status":200,"duration_ms":11}
{"request_id":"rcc-217ccff7eefbcb2169bd352b2806d78f","method":"GET","path":"/api/v1/auth/session","status":200,"duration_ms":1}
{"request_id":"rcc-a08f01398930576e1168ba8b2d8a0761","method":"POST","path":"/api/v1/release-orders/:id/approve","status":200,"duration_ms":28}
{"request_id":"rcc-9a5e33af9b1210e544f1d52412aa034f","method":"GET","path":"/api/v1/auth/session","status":200,"duration_ms":1}
{"request_id":"rcc-0d5b4d7f6c523701ad5f62fdd448c2a9","method":"POST","path":"/api/v1/release-orders/:id/execute","status":200,"duration_ms":87}
{"request_id":"rcc-76ca59ed2fb4f5486b2034231ef90b7b","method":"GET","path":"/api/v1/auth/session","status":200,"duration_ms":2}
{"request_id":"rcc-babe9d833b15abf29e66d8b8b279efd3","method":"GET","path":"/api/v1/release-orders/:id","status":200,"duration_ms":13}
{"request_id":"rcc-2a5649b991af1378ea2e2453f8315003","method":"GET","path":"/api/v1/table-field-policies/:table_name","status":200,"duration_ms":8}
{"request_id":"rcc-50a98783f61021f229aded1711f3df6f","method":"GET","path":"/api/v1/release-orders/:id/details","status":200,"duration_ms":10}
{"request_id":"rcc-4c8720a05fa263ac4c762929f07e6d09","method":"GET","path":"/api/v1/release-orders/:id/people","status":200,"duration_ms":17}
{"request_id":"rcc-b069eac6754407e6f998dd0ab428e430","method":"GET","path":"/api/v1/auth/session","status":200,"duration_ms":1}
{"request_id":"rcc-79704111e869f0e3ceb7bd81ebe733e9","method":"POST","path":"/api/v1/release-orders/:id/complete","status":200,"duration_ms":26}
{"request_id":"rcc-7eb98bf5c38e7ac2127752562b9a5e1a","method":"GET","path":"/api/v1/auth/session","status":200,"duration_ms":2}
{"request_id":"rcc-5ecb8badb1925dcbd391e61a3f9cd626","method":"GET","path":"/api/v1/table-policies","status":200,"duration_ms":3}
{"request_id":"rcc-42bc79315e6e77fcbbd9d83319ef594f","method":"GET","path":"/api/v1/query-policy-types","status":200,"duration_ms":2}
{"request_id":"rcc-61e2f6da608fef72942a78c6a8e8aeb1","method":"GET","path":"/api/v1/mutation-policy-types","status":200,"duration_ms":2}
{"request_id":"rcc-1dabd610d3d86f74a204f702253a676e","method":"GET","path":"/api/v1/query-policies/:code","status":200,"duration_ms":4}
{"request_id":"rcc-e7b3d5f818e2ada56f23fa6cd901c3e6","method":"GET","path":"/api/v1/mutation-policies/:code","status":200,"duration_ms":5}
{"request_id":"rcc-1a61c58c0af50ba0fb26ff26544cd702","method":"POST","path":"/api/v1/tables/:table_name/query","status":200,"duration_ms":21}
{"request_id":"rcc-2ef3691871700508b34c0008b465e9b2","method":"GET","path":"/api/v1/table-field-policies/:table_name","status":200,"duration_ms":6}
{"request_id":"rcc-df02a41e7d8691b8c9960baffe1a9c0b","method":"GET","path":"/api/v1/query-policies/:code","status":200,"duration_ms":3}
{"request_id":"rcc-6a497cf0b4a4f21d6067489f368fa529","method":"GET","path":"/api/v1/mutation-policies/:code","status":200,"duration_ms":3}
{"request_id":"rcc-90c9bf3484522789f42fff4fcc6648b9","method":"POST","path":"/api/v1/tables/:table_name/query","status":200,"duration_ms":26}
{"request_id":"rcc-2c069fb1f694a5a8d2d2114e31577959","method":"GET","path":"/api/v1/table-field-policies/:table_name","status":200,"duration_ms":6}
{"request_id":"rcc-3dcedfee906ff8447e1c17d7447dc106","method":"GET","path":"/api/v1/table-field-policies/:table_name","status":200,"duration_ms":7}
{"request_id":"rcc-b17f590ac3867f254a3e7bf783fdf4c0","method":"GET","path":"/api/v1/auth/session","status":200,"duration_ms":1}
{"request_id":"rcc-a69842cabd27c85376b8395a24816d5e","method":"GET","path":"/api/v1/table-policies","status":200,"duration_ms":2}
{"request_id":"rcc-20e0f4dfb6334911a6bc28d50fe62200","method":"GET","path":"/api/v1/query-policy-types","status":200,"duration_ms":2}
{"request_id":"rcc-f30936283a2355d1a74099d8e768c0eb","method":"GET","path":"/api/v1/mutation-policy-types","status":200,"duration_ms":3}
{"request_id":"rcc-bb2cc5889b7ebf3b158cde87e864f0fe","method":"GET","path":"/api/v1/query-policies/:code","status":200,"duration_ms":5}
{"request_id":"rcc-cce4e02190dc44ddb3c58ba88b0906b4","method":"GET","path":"/api/v1/mutation-policies/:code","status":200,"duration_ms":5}
{"request_id":"rcc-0c2d75c0da0ae6e341fcb905e5437a55","method":"POST","path":"/api/v1/tables/:table_name/query","status":200,"duration_ms":21}
{"request_id":"rcc-d9e65460ef44a59b68e663026edaec1e","method":"GET","path":"/api/v1/table-field-policies/:table_name","status":200,"duration_ms":6}
{"request_id":"rcc-22663912e3de4890cb13db669989888d","method":"GET","path":"/api/v1/query-policies/:code","status":200,"duration_ms":4}
{"request_id":"rcc-c0bdd99d04901c91400c62bd2631ea4e","method":"GET","path":"/api/v1/mutation-policies/:code","status":200,"duration_ms":4}
{"request_id":"rcc-6db1435164da973e752cde89e649e6b6","method":"POST","path":"/api/v1/tables/:table_name/query","status":200,"duration_ms":14}
{"request_id":"rcc-b80cae9e672cd50ae9fd3f4d0f61f7e8","method":"GET","path":"/api/v1/table-field-policies/:table_name","status":200,"duration_ms":6}
{"request_id":"rcc-d07a983b27813c46d58038e6bd94249a","method":"GET","path":"/api/v1/table-field-policies/:table_name","status":200,"duration_ms":6}
{"request_id":"rcc-ceb1776b983e6fdfa33b4657c14230a7","method":"POST","path":"/api/v1/release-orders","status":422,"duration_ms":22}
{"request_id":"rcc-cd6d519c543162f838cb0ac5c5ca24bc","method":"POST","path":"/api/v1/release-orders","status":201,"duration_ms":36}
{"request_id":"rcc-22f2d92cfb28a810bff49b7257c55c0f","method":"GET","path":"/api/v1/release-orders/:id","status":200,"duration_ms":16}
{"request_id":"rcc-9f64510f74bb165dfe4f9d1db3092040","method":"GET","path":"/api/v1/table-field-policies/:table_name","status":200,"duration_ms":7}
{"request_id":"rcc-ee0f5034fd77b08cd548b82534ace7a6","method":"GET","path":"/api/v1/release-orders/:id/details","status":200,"duration_ms":9}
{"request_id":"rcc-df4be02e9cd46c3fe618f0cc5ee0f82c","method":"GET","path":"/api/v1/release-orders/:id/people","status":200,"duration_ms":26}
{"request_id":"rcc-159509e608197c9f0388170b920b775e","method":"GET","path":"/api/v1/auth/session","status":200,"duration_ms":1}
{"request_id":"rcc-356bcd69b3fd81be6ed029b4238ff28c","method":"POST","path":"/api/v1/release-orders/:id/submit","status":200,"duration_ms":70}
{"request_id":"rcc-87d85f8fa70c9c4117532e20793181b2","method":"GET","path":"/api/v1/auth/session","status":200,"duration_ms":1}
{"request_id":"rcc-7033e27abbd3517b1ab78169319c23f5","method":"GET","path":"/api/v1/release-orders/:id","status":200,"duration_ms":10}
{"request_id":"rcc-d0b53a45427a9eba164a5478d45e9d92","method":"GET","path":"/api/v1/auth/session","status":200,"duration_ms":1}
{"request_id":"rcc-4c67f0e143bfbc981b0db747ab031e94","method":"POST","path":"/api/v1/release-orders/:id/approve","status":200,"duration_ms":28}
{"request_id":"rcc-111a3cabe50ecf4159a480f7ee7b0df8","method":"GET","path":"/api/v1/auth/session","status":200,"duration_ms":1}
{"request_id":"rcc-ddd91b1d26cce0df9bf4b98ec10344aa","method":"POST","path":"/api/v1/release-orders/:id/execute","status":200,"duration_ms":80}
{"request_id":"rcc-a632bd8127c9a7ea0f164c35426e57e6","method":"GET","path":"/api/v1/auth/session","status":200,"duration_ms":3}
{"request_id":"rcc-9d4c92dd1c5b7b9fca8990114c36d903","method":"GET","path":"/api/v1/release-orders/:id","status":200,"duration_ms":13}
{"request_id":"rcc-93f476face5d7e90c216a98b3da8d280","method":"GET","path":"/api/v1/table-field-policies/:table_name","status":200,"duration_ms":7}
{"request_id":"rcc-c67329ec29006f749dc198d21ff78fca","method":"GET","path":"/api/v1/release-orders/:id/details","status":200,"duration_ms":9}
{"request_id":"rcc-3d1092c48a029b030459dff7069659f7","method":"GET","path":"/api/v1/auth/session","status":200,"duration_ms":2}
{"request_id":"rcc-34bcf4d9aaff2c7801ad59ae3c72982c","method":"GET","path":"/api/v1/release-orders/:id/people","status":200,"duration_ms":17}
{"request_id":"rcc-f9024e354598f9bf275e8cd5756f170b","method":"POST","path":"/api/v1/release-orders/:id/complete","status":200,"duration_ms":27}
{"request_id":"rcc-85f69716522936f8487908c68eca92cd","method":"GET","path":"/api/v1/auth/session","status":200,"duration_ms":2}
{"request_id":"rcc-7bc56c51fab80c91692f11482a51f885","method":"GET","path":"/api/v1/table-policies","status":200,"duration_ms":2}
{"request_id":"rcc-651799330a772bfa4d49cba172c6beae","method":"GET","path":"/api/v1/query-policy-types","status":200,"duration_ms":1}
{"request_id":"rcc-108015382ce1956769c4c3fa1a76c731","method":"GET","path":"/api/v1/mutation-policy-types","status":200,"duration_ms":1}
{"request_id":"rcc-70a4d389fd388b6395db83df4ab7cead","method":"GET","path":"/api/v1/query-policies/:code","status":200,"duration_ms":5}
{"request_id":"rcc-d101dc2af53eeddb43256d206ed68e92","method":"GET","path":"/api/v1/mutation-policies/:code","status":200,"duration_ms":5}
{"request_id":"rcc-78b5f8297d9ff0bac9bff1951fbc97ae","method":"POST","path":"/api/v1/tables/:table_name/query","status":200,"duration_ms":23}
{"request_id":"rcc-9bb122df0c8167702ea4797571e5ad93","method":"GET","path":"/api/v1/table-field-policies/:table_name","status":200,"duration_ms":7}
{"request_id":"rcc-c5d2c395712d4b1e8195b3c3ebe26281","method":"GET","path":"/api/v1/query-policies/:code","status":200,"duration_ms":4}
{"request_id":"rcc-6d3f982de6e5bb69e66d3e0a38798b41","method":"GET","path":"/api/v1/mutation-policies/:code","status":200,"duration_ms":5}
{"request_id":"rcc-0134d42e6db534cf2169304c9470e998","method":"POST","path":"/api/v1/tables/:table_name/query","status":200,"duration_ms":21}
{"request_id":"rcc-d7960f989f3a8d63fe592abdb148aca8","method":"GET","path":"/api/v1/table-field-policies/:table_name","status":200,"duration_ms":8}
{"request_id":"rcc-22a1cd9d546c65028b36afc734a37fb6","method":"GET","path":"/api/v1/table-field-policies/:table_name","status":200,"duration_ms":6}
{"request_id":"rcc-963308bd2f6581960c09ac0707fe301f","method":"GET","path":"/api/v1/auth/session","status":200,"duration_ms":1}
{"request_id":"rcc-75a69e3165dcf24999d54f57b4d984a3","method":"POST","path":"/api/v1/tables/:table_name/query","status":200,"duration_ms":18}
{"request_id":"rcc-95407b37d203e9faa3d5249b9011c6d5","method":"GET","path":"/api/v1/auth/session","status":200,"duration_ms":2}
{"request_id":"rcc-05b18adb24c9e3726e098feae9b2bc68","method":"GET","path":"/api/v1/table-policies/:table_name","status":200,"duration_ms":2}
{"request_id":"rcc-28988c95a485e44e2493f0fdaa6c7bc4","method":"GET","path":"/api/v1/auth/session","status":200,"duration_ms":2}
{"request_id":"rcc-0a569009352f12f45db2f738be04dd8b","method":"GET","path":"/api/v1/mutation-policies/:code","status":200,"duration_ms":2}
{"request_id":"rcc-3d496e5703be15f57684833b18411489","method":"POST","path":"/api/v1/release-orders","status":201,"duration_ms":37}
{"request_id":"rcc-fdf38af7bfd12201e55ebf9ab3fe150f","method":"GET","path":"/api/v1/release-orders/:id","status":200,"duration_ms":15}
{"request_id":"rcc-7f630053e47b15fed5bee680e864833d","method":"GET","path":"/api/v1/table-field-policies/:table_name","status":200,"duration_ms":6}
{"request_id":"rcc-27919e20f5f543d223bbfbb8bc160032","method":"GET","path":"/api/v1/release-orders/:id/details","status":200,"duration_ms":9}
{"request_id":"rcc-429ee4549c020a0ac3070460ad7eb482","method":"GET","path":"/api/v1/release-orders/:id/people","status":200,"duration_ms":20}
{"request_id":"rcc-2ca7cef1864309522ab8770c55f11d34","method":"GET","path":"/api/v1/auth/session","status":200,"duration_ms":1}
{"request_id":"rcc-80752ddda7c866820616a7df1e9f73b0","method":"POST","path":"/api/v1/release-orders/:id/submit","status":200,"duration_ms":71}
{"request_id":"rcc-128d36056e675f68ef54dbe8f4ee08dd","method":"GET","path":"/api/v1/auth/session","status":200,"duration_ms":1}
{"request_id":"rcc-14d9b3bec8680a27d73462d97569ea0b","method":"GET","path":"/api/v1/release-orders/:id","status":200,"duration_ms":8}
{"request_id":"rcc-f7acda6328a2283826b510b40e997df4","method":"GET","path":"/api/v1/auth/session","status":200,"duration_ms":1}
{"request_id":"rcc-64d0bd34fbe69491c51203a716a30335","method":"POST","path":"/api/v1/release-orders/:id/approve","status":200,"duration_ms":28}
{"request_id":"rcc-f72d089e6d590daba9df79c85f5a4b52","method":"GET","path":"/api/v1/auth/session","status":200,"duration_ms":1}
{"request_id":"rcc-dc2707ab1f097e7481ac5d75c7c00163","method":"POST","path":"/api/v1/release-orders/:id/execute","status":200,"duration_ms":82}
{"request_id":"rcc-13a39bfaad4bb1038a920bbda5908c76","method":"GET","path":"/api/v1/auth/session","status":200,"duration_ms":2}
{"request_id":"rcc-97816f8cd05c3ccb8691bf99605ae520","method":"GET","path":"/api/v1/release-orders/:id","status":200,"duration_ms":10}
{"request_id":"rcc-5fc759d175fc7c2e4328c676c142e2d0","method":"GET","path":"/api/v1/table-field-policies/:table_name","status":200,"duration_ms":8}
{"request_id":"rcc-435d34dc1d99a280dd3b34df5aede0d0","method":"GET","path":"/api/v1/release-orders/:id/details","status":200,"duration_ms":10}
{"request_id":"rcc-fa8467ce8cad70ca37315cf64057561e","method":"GET","path":"/api/v1/auth/session","status":200,"duration_ms":1}
{"request_id":"rcc-541fccf6a63bf21443f365ce75a2d2aa","method":"GET","path":"/api/v1/release-orders/:id/people","status":200,"duration_ms":17}
{"request_id":"rcc-1b94699b50df354fe305ff182d1c5210","method":"POST","path":"/api/v1/release-orders/:id/complete","status":200,"duration_ms":27}
{"request_id":"rcc-f506bb510e79be36c1ad88a888061a09","method":"GET","path":"/api/v1/auth/session","status":200,"duration_ms":1}
{"request_id":"rcc-6e244f0b40c9ad607f1b96535261c4f5","method":"GET","path":"/api/v1/table-policies","status":200,"duration_ms":3}
{"request_id":"rcc-ea821d88bb0302e09b387c2d9d167043","method":"GET","path":"/api/v1/mutation-policy-types","status":200,"duration_ms":1}
{"request_id":"rcc-ee2e407f3bfece3852585d18b5ba8316","method":"GET","path":"/api/v1/query-policy-types","status":200,"duration_ms":2}
{"request_id":"rcc-358b4a2ca685cdde750bb889d12bd748","method":"GET","path":"/api/v1/query-policies/:code","status":200,"duration_ms":5}
{"request_id":"rcc-f8fa83e263c9dd2a929ea6dba718e83b","method":"GET","path":"/api/v1/mutation-policies/:code","status":200,"duration_ms":5}
{"request_id":"rcc-01c524aa45c1b81401f36b6d0ba4a045","method":"POST","path":"/api/v1/tables/:table_name/query","status":200,"duration_ms":21}
{"request_id":"rcc-28945c5797098000565a7d8226e86ca9","method":"GET","path":"/api/v1/table-field-policies/:table_name","status":200,"duration_ms":6}
{"request_id":"rcc-6bc2e070e1dc3da7ee1e612f2f0a0e44","method":"GET","path":"/api/v1/mutation-policies/:code","status":200,"duration_ms":4}
{"request_id":"rcc-e1bda281383da3187c07a48c306995b7","method":"GET","path":"/api/v1/query-policies/:code","status":200,"duration_ms":4}
{"request_id":"rcc-e05d47e9f51f1e4f767bf5327278254f","method":"POST","path":"/api/v1/tables/:table_name/query","status":200,"duration_ms":15}
{"request_id":"rcc-bd97a2c6aaebdc0e48222de3b152d069","method":"GET","path":"/api/v1/table-field-policies/:table_name","status":200,"duration_ms":7}
{"request_id":"rcc-783592f12fead1fd695372bdfc906bcc","method":"GET","path":"/api/v1/table-field-policies/:table_name","status":200,"duration_ms":6}
{"request_id":"rcc-f5767754c11545927c40e77e46e428a8","method":"POST","path":"/api/v1/release-orders","status":422,"duration_ms":17}
{"request_id":"rcc-34a07d5d31b9d804608f9436e72d651d","method":"POST","path":"/api/v1/release-orders","status":201,"duration_ms":40}
{"request_id":"rcc-edc3392aed57f98bd3d35bf8b65ba42f","method":"GET","path":"/api/v1/release-orders/:id","status":200,"duration_ms":15}
{"request_id":"rcc-c6c4e98319f286bd23d988889653841a","method":"GET","path":"/api/v1/table-field-policies/:table_name","status":200,"duration_ms":6}
{"request_id":"rcc-629135bd0e6052844c29e3f9e414f905","method":"GET","path":"/api/v1/release-orders/:id/details","status":200,"duration_ms":6}
{"request_id":"rcc-1fd80c294cb4f9cbbad75e7e128a0f80","method":"GET","path":"/api/v1/release-orders/:id/people","status":200,"duration_ms":20}
{"request_id":"rcc-e73cfecb50ed73cb412f8bce8e9358f7","method":"GET","path":"/api/v1/auth/session","status":200,"duration_ms":1}
{"request_id":"rcc-057c1a224305c91d9686c29dc3d0336d","method":"POST","path":"/api/v1/release-orders/:id/submit","status":200,"duration_ms":72}
{"request_id":"rcc-ae5b7255543ecde98db5acbca84ebf4d","method":"GET","path":"/api/v1/auth/session","status":200,"duration_ms":1}
{"request_id":"rcc-9f96227a57802a910f624d2272955e06","method":"GET","path":"/api/v1/release-orders/:id","status":200,"duration_ms":8}
{"request_id":"rcc-223d12c4b75062f0ee4485b60bf88afb","method":"GET","path":"/api/v1/auth/session","status":200,"duration_ms":1}
{"request_id":"rcc-6dfb78217741b223061bffc4c53b24c9","method":"POST","path":"/api/v1/release-orders/:id/approve","status":200,"duration_ms":25}
{"request_id":"rcc-e99c876d4838bc3fbb97ec767dfbc79d","method":"GET","path":"/api/v1/auth/session","status":200,"duration_ms":0}
{"request_id":"rcc-a6f25f0b065640ce893507314fe700e0","method":"POST","path":"/api/v1/release-orders/:id/execute","status":200,"duration_ms":77}
{"request_id":"rcc-803d6699fbae77c31d454bda1f5a2f17","method":"GET","path":"/api/v1/auth/session","status":200,"duration_ms":2}
{"request_id":"rcc-53aa61364b048e0a126bdf8f3837ee43","method":"GET","path":"/api/v1/release-orders/:id","status":200,"duration_ms":10}
{"request_id":"rcc-a82fce666a409765c8ad8f5a11b68537","method":"GET","path":"/api/v1/table-field-policies/:table_name","status":200,"duration_ms":8}
{"request_id":"rcc-d94ac488d3e03f6b9006bb9b2089b626","method":"GET","path":"/api/v1/release-orders/:id/details","status":200,"duration_ms":10}
{"request_id":"rcc-5186bbab2642ddc4194f6efab9b54e4a","method":"GET","path":"/api/v1/auth/session","status":200,"duration_ms":1}
{"request_id":"rcc-9219c0b894c86a0758d3ff4b6d7c3972","method":"GET","path":"/api/v1/release-orders/:id/people","status":200,"duration_ms":18}
{"request_id":"rcc-b57ca46de11a2f285376f8970617600a","method":"POST","path":"/api/v1/release-orders/:id/complete","status":200,"duration_ms":30}
{"request_id":"rcc-387a71191570ea56d055d018a33c3a3f","method":"GET","path":"/api/v1/auth/session","status":200,"duration_ms":2}
{"request_id":"rcc-baf1bd37b59b439ddc57b593589aed85","method":"GET","path":"/api/v1/table-policies","status":200,"duration_ms":2}
{"request_id":"rcc-665f48e2c6257fd10056d5ac38908f8a","method":"GET","path":"/api/v1/mutation-policy-types","status":200,"duration_ms":1}
{"request_id":"rcc-525baed3e45f4eca96929ece91c2938b","method":"GET","path":"/api/v1/query-policy-types","status":200,"duration_ms":1}
{"request_id":"rcc-f84eb31e95aca8f38642ea819e3f4424","method":"GET","path":"/api/v1/mutation-policies/:code","status":200,"duration_ms":3}
{"request_id":"rcc-2789ff3668ec184041a3dbe5197ad9ce","method":"GET","path":"/api/v1/query-policies/:code","status":200,"duration_ms":4}
{"request_id":"rcc-94d4953fb992afc0a52ed747c295efbf","method":"GET","path":"/api/v1/query-policies/:code","status":200,"duration_ms":4}
{"request_id":"rcc-f911ec618098135fe8c45333836eda97","method":"GET","path":"/api/v1/mutation-policies/:code","status":200,"duration_ms":4}
{"request_id":"rcc-4e2fbccb2418676062ff04a58a70c780","method":"POST","path":"/api/v1/tables/:table_name/query","status":200,"duration_ms":27}
{"request_id":"rcc-748c43a09048862394390cd026e59b23","method":"POST","path":"/api/v1/tables/:table_name/query","status":200,"duration_ms":17}
{"request_id":"rcc-330912d9160b10631338bcba294a0d4c","method":"GET","path":"/api/v1/table-field-policies/:table_name","status":200,"duration_ms":8}
{"request_id":"rcc-d94b28b6e016ce087cdb040f643b81b7","method":"GET","path":"/api/v1/table-field-policies/:table_name","status":200,"duration_ms":6}
{"request_id":"rcc-7058df6c48ad1e1764b66e809e68ec49","method":"GET","path":"/api/v1/auth/session","status":200,"duration_ms":1}
{"request_id":"rcc-0a53e86c656144bd666c861c37b60cbb","method":"GET","path":"/api/v1/table-policies","status":200,"duration_ms":3}
{"request_id":"rcc-734e1b8e39a6eb961d716f084d21e3ba","method":"GET","path":"/api/v1/mutation-policy-types","status":200,"duration_ms":1}
{"request_id":"rcc-d2dc345160277948531e0ab54d3515d3","method":"GET","path":"/api/v1/query-policy-types","status":200,"duration_ms":2}
{"request_id":"rcc-76ed2a6c4de9ee84dd9a59e0ac689ef9","method":"GET","path":"/api/v1/query-policies/:code","status":200,"duration_ms":5}
{"request_id":"rcc-e17c9b7fda8ece5aec9fcdb5a3ed1c1e","method":"GET","path":"/api/v1/mutation-policies/:code","status":200,"duration_ms":4}
{"request_id":"rcc-b3f80d490658456fc4d870d4b57b50ea","method":"POST","path":"/api/v1/tables/:table_name/query","status":200,"duration_ms":20}
{"request_id":"rcc-b9ea3e80920daaf700a3aa2cc319350e","method":"GET","path":"/api/v1/table-field-policies/:table_name","status":200,"duration_ms":7}
{"request_id":"rcc-0fd4778a079e4725e7dc6281f3374ddf","method":"GET","path":"/api/v1/mutation-policies/:code","status":200,"duration_ms":3}
{"request_id":"rcc-317cbddc1379238f3b6615afe8069b6b","method":"GET","path":"/api/v1/query-policies/:code","status":200,"duration_ms":3}
{"request_id":"rcc-1f5e3bfb0686bb27ca6e5b8a7b7fea7a","method":"POST","path":"/api/v1/tables/:table_name/query","status":200,"duration_ms":13}
{"request_id":"rcc-2205c9c9490d2d729d36fd09ce627f92","method":"GET","path":"/api/v1/table-field-policies/:table_name","status":200,"duration_ms":7}
{"request_id":"rcc-959423c11e681030211fbfef7bf72b4e","method":"GET","path":"/api/v1/table-field-policies/:table_name","status":200,"duration_ms":6}
{"request_id":"rcc-b66bcb78494406a395e43c1777c124f9","method":"POST","path":"/api/v1/release-orders","status":422,"duration_ms":17}
{"request_id":"rcc-df9be7583506e7bcb3135158facace80","method":"POST","path":"/api/v1/release-orders","status":201,"duration_ms":41}
{"request_id":"rcc-34ea892b9c3a9eb48ce6fc7b39ca9192","method":"GET","path":"/api/v1/release-orders/:id","status":200,"duration_ms":16}
{"request_id":"rcc-44b0dfac1aad5cb708e0ce56ca0a67cc","method":"GET","path":"/api/v1/table-field-policies/:table_name","status":200,"duration_ms":7}
{"request_id":"rcc-679275d71e6c21bf7021c9f14b7089aa","method":"GET","path":"/api/v1/release-orders/:id/details","status":200,"duration_ms":9}
{"request_id":"rcc-6ed977a81f1b1aef4cd8bfb0a560f426","method":"GET","path":"/api/v1/release-orders/:id/people","status":200,"duration_ms":20}
{"request_id":"rcc-878a902b2ef90e5f618eababe469cf9a","method":"GET","path":"/api/v1/auth/session","status":200,"duration_ms":2}
{"request_id":"rcc-d6eb34024f59e6042a82014090abe6de","method":"POST","path":"/api/v1/release-orders/:id/submit","status":200,"duration_ms":70}
{"request_id":"rcc-63bea597bee115e45421853b9ee83a4f","method":"GET","path":"/api/v1/auth/session","status":200,"duration_ms":1}
{"request_id":"rcc-f2c621b7cc6de851a8984311267e1290","method":"GET","path":"/api/v1/release-orders/:id","status":200,"duration_ms":9}
{"request_id":"rcc-89baab3f14654dd57999e59700af6aa6","method":"GET","path":"/api/v1/auth/session","status":200,"duration_ms":1}
{"request_id":"rcc-1346b2eca3e2f8e962e33edc61847827","method":"POST","path":"/api/v1/release-orders/:id/approve","status":200,"duration_ms":28}
{"request_id":"rcc-d96889195fbe52a4974a0a117546a958","method":"GET","path":"/api/v1/auth/session","status":200,"duration_ms":1}
{"request_id":"rcc-7b1e2d06595d900a9871f11de2ae03a8","method":"POST","path":"/api/v1/release-orders/:id/execute","status":200,"duration_ms":83}
{"request_id":"rcc-485f20acfd5b9e9feed628f938a69904","method":"GET","path":"/api/v1/auth/session","status":200,"duration_ms":2}
{"request_id":"rcc-1940ce93e5f17b4cfedfab25938ded7a","method":"GET","path":"/api/v1/release-orders/:id","status":200,"duration_ms":13}
{"request_id":"rcc-1db69ed28e81d11ce820f8dd6c168e6f","method":"GET","path":"/api/v1/table-field-policies/:table_name","status":200,"duration_ms":7}
{"request_id":"rcc-cbfdf2f7b9430301072778edd0630eb4","method":"GET","path":"/api/v1/release-orders/:id/details","status":200,"duration_ms":9}
{"request_id":"rcc-2e70768679795c5569bd4befbcf1e4c8","method":"GET","path":"/api/v1/release-orders/:id/people","status":200,"duration_ms":18}
{"request_id":"rcc-4dfb12e65360496464d15c280a393f2f","method":"GET","path":"/api/v1/auth/session","status":200,"duration_ms":1}
{"request_id":"rcc-3ad60f09006b8fb330a4b4f0669ba76c","method":"POST","path":"/api/v1/release-orders/:id/complete","status":200,"duration_ms":27}
{"request_id":"rcc-de5214f600f2a8ec2af98d66629677a3","method":"GET","path":"/api/v1/auth/session","status":200,"duration_ms":2}
{"request_id":"rcc-a0771b41f0852bae51f259f9f6f42679","method":"GET","path":"/api/v1/table-policies","status":200,"duration_ms":3}
{"request_id":"rcc-a349861641bc375ca53e69a3cc816ad1","method":"GET","path":"/api/v1/mutation-policy-types","status":200,"duration_ms":1}
{"request_id":"rcc-ff0a3aebf6b44d2a1758921a1f265287","method":"GET","path":"/api/v1/query-policy-types","status":200,"duration_ms":1}
{"request_id":"rcc-4279a7c7e0eeefb0fc9e1ca1ee7b7fe4","method":"GET","path":"/api/v1/query-policies/:code","status":200,"duration_ms":5}
{"request_id":"rcc-8520c59e5ddb4d035fe120a5d4c24154","method":"GET","path":"/api/v1/mutation-policies/:code","status":200,"duration_ms":5}
{"request_id":"rcc-340b7d26e42c61a92605c206a21d8cbd","method":"POST","path":"/api/v1/tables/:table_name/query","status":200,"duration_ms":21}
{"request_id":"rcc-6471046ca6014719cfd343b6605373e0","method":"GET","path":"/api/v1/table-field-policies/:table_name","status":200,"duration_ms":5}
{"request_id":"rcc-d16b3348a4c04050f6accbd8cde070df","method":"GET","path":"/api/v1/mutation-policies/:code","status":200,"duration_ms":3}
{"request_id":"rcc-c4f97177b5090f7965fff468315e0529","method":"GET","path":"/api/v1/query-policies/:code","status":200,"duration_ms":3}
{"request_id":"rcc-9784c877928b92ff698dd3e4bc4f8498","method":"POST","path":"/api/v1/tables/:table_name/query","status":200,"duration_ms":18}
{"request_id":"rcc-021b8167fac51d76e7273dd61fad5631","method":"GET","path":"/api/v1/table-field-policies/:table_name","status":200,"duration_ms":10}
{"request_id":"rcc-8c6d85a9b87b352a185c51a150a58503","method":"GET","path":"/api/v1/table-field-policies/:table_name","status":200,"duration_ms":7}
{"request_id":"rcc-8cfabf3dd48621cbdff39212613bface","method":"GET","path":"/api/v1/auth/session","status":200,"duration_ms":2}
{"request_id":"rcc-6490d649ae69bd88ee4c72fa09b37ff9","method":"GET","path":"/api/v1/table-policies","status":200,"duration_ms":3}
{"request_id":"rcc-00e8ae0286de88ef1a5b842a350a9c0f","method":"GET","path":"/api/v1/query-policy-types","status":200,"duration_ms":5}
{"request_id":"rcc-0cffaa63df92203389248f6bafc06c4f","method":"GET","path":"/api/v1/mutation-policy-types","status":200,"duration_ms":5}
{"request_id":"rcc-ba3a5d364520cf3714f6cc8d2e6f7af7","method":"GET","path":"/api/v1/mutation-policies/:code","status":200,"duration_ms":6}
{"request_id":"rcc-320e1556f4abbf685e0c578314520682","method":"GET","path":"/api/v1/query-policies/:code","status":200,"duration_ms":7}
{"request_id":"rcc-0ce7f18dbe76ba6bdb1b2a9d73270224","method":"GET","path":"/api/v1/query-policies/:code","status":200,"duration_ms":2}
{"request_id":"rcc-e58eee3f7e35be0b2fe73dec84c8e1ed","method":"GET","path":"/api/v1/mutation-policies/:code","status":200,"duration_ms":3}
{"request_id":"rcc-efae654c7337010aa8a1ff594f6d5820","method":"POST","path":"/api/v1/tables/:table_name/query","status":200,"duration_ms":29}
{"request_id":"rcc-bc003147a62d2e07dd8654a51b53b75f","method":"POST","path":"/api/v1/tables/:table_name/query","status":200,"duration_ms":19}
{"request_id":"rcc-176415c63148a7ec82e9ecf3767ed7bf","method":"GET","path":"/api/v1/table-field-policies/:table_name","status":200,"duration_ms":7}
{"request_id":"rcc-5aae53c8d0d6e1cb42e91bb9c663f8d0","method":"GET","path":"/api/v1/table-field-policies/:table_name","status":200,"duration_ms":7}
{"request_id":"rcc-4689d6297f27d0055ead401157162e70","method":"POST","path":"/api/v1/release-orders","status":201,"duration_ms":38}
{"request_id":"rcc-18f6a5f520455524382df39dc07fa74f","method":"GET","path":"/api/v1/release-orders/:id","status":200,"duration_ms":14}
{"request_id":"rcc-968d00d13f37605edafeed81d6fdcb21","method":"GET","path":"/api/v1/table-field-policies/:table_name","status":200,"duration_ms":6}
{"request_id":"rcc-47ae1439159d76377cdb69ca0b4289da","method":"GET","path":"/api/v1/release-orders/:id/details","status":200,"duration_ms":10}
{"request_id":"rcc-97bc6e2d613856341c448931de5d2579","method":"GET","path":"/api/v1/release-orders/:id/people","status":200,"duration_ms":24}
{"request_id":"rcc-3d34befc8a44676928a921e85e960939","method":"GET","path":"/api/v1/auth/session","status":200,"duration_ms":3}
{"request_id":"rcc-2863088a3188e09a1e98462403c41147","method":"POST","path":"/api/v1/release-orders/:id/submit","status":200,"duration_ms":72}
{"request_id":"rcc-94ebc8de01522c49177280c08464791e","method":"GET","path":"/api/v1/auth/session","status":200,"duration_ms":1}
{"request_id":"rcc-8b803317d01fa396a7ae581c7a96a8cb","method":"GET","path":"/api/v1/release-orders/:id","status":200,"duration_ms":8}
{"request_id":"rcc-e4f8aa4159795f0c082d9bddabbf6795","method":"GET","path":"/api/v1/auth/session","status":200,"duration_ms":1}
{"request_id":"rcc-8e3689c0bf4451b6fd904baf13bc3115","method":"POST","path":"/api/v1/release-orders/:id/approve","status":200,"duration_ms":35}
{"request_id":"rcc-8c818dda9dd9fa22bdbabe3186e475a8","method":"GET","path":"/api/v1/auth/session","status":200,"duration_ms":1}
{"request_id":"rcc-97982cb0f33634ff66d220e7fb8775b2","method":"POST","path":"/api/v1/release-orders/:id/execute","status":200,"duration_ms":89}
{"request_id":"rcc-c812305702218f7ea0b59dd0b731894d","method":"GET","path":"/api/v1/auth/session","status":200,"duration_ms":2}
{"request_id":"rcc-98474fccac1b3408cebeb11a76bed6ef","method":"GET","path":"/api/v1/release-orders/:id","status":200,"duration_ms":11}
{"request_id":"rcc-fb9b562d65522a9313b699dc49300dca","method":"GET","path":"/api/v1/table-field-policies/:table_name","status":200,"duration_ms":8}
{"request_id":"rcc-624fa7e43b7bb25645144be17e0c3cca","method":"GET","path":"/api/v1/release-orders/:id/details","status":200,"duration_ms":9}
{"request_id":"rcc-eb70a73a4dd6f33411dc725600525cc9","method":"GET","path":"/api/v1/auth/session","status":200,"duration_ms":1}
{"request_id":"rcc-e0d101b367a0767a6a935cc665ba6725","method":"GET","path":"/api/v1/release-orders/:id/people","status":200,"duration_ms":20}
{"request_id":"rcc-2d343362cb372e6e5d0dfcdfbf7eee57","method":"POST","path":"/api/v1/release-orders/:id/complete","status":200,"duration_ms":32}
{"request_id":"rcc-1b5263d9022039f2d4305cfd30c50262","method":"GET","path":"/api/v1/auth/session","status":200,"duration_ms":2}
{"request_id":"rcc-4563276becb60cd23a121694b02ac825","method":"GET","path":"/api/v1/table-policies","status":200,"duration_ms":2}
{"request_id":"rcc-1e454572b324ba4a20893e52a54c4d92","method":"GET","path":"/api/v1/query-policy-types","status":200,"duration_ms":2}
{"request_id":"rcc-f510546fd8bf681cfa81d9575e111f64","method":"GET","path":"/api/v1/mutation-policy-types","status":200,"duration_ms":1}
{"request_id":"rcc-3aa1f526ca268c5d8b8da12952627d5b","method":"GET","path":"/api/v1/query-policies/:code","status":200,"duration_ms":6}
{"request_id":"rcc-36f1982ede65938ab34aebe3e3e66f2e","method":"GET","path":"/api/v1/mutation-policies/:code","status":200,"duration_ms":5}
{"request_id":"rcc-0fe0ef508ee266acd1438b0a8d1f5f79","method":"POST","path":"/api/v1/tables/:table_name/query","status":200,"duration_ms":21}
{"request_id":"rcc-e883b10d0de5597ba837e8ca83f70264","method":"GET","path":"/api/v1/table-field-policies/:table_name","status":200,"duration_ms":7}
{"request_id":"rcc-c65addb99921a2a43a0fb7b49c68dafe","method":"GET","path":"/api/v1/mutation-policies/:code","status":200,"duration_ms":6}
{"request_id":"rcc-a766169006e58103a4e73d2d186d393c","method":"GET","path":"/api/v1/query-policies/:code","status":200,"duration_ms":6}
{"request_id":"rcc-466fec3c39fc62266d1cef40b15651a8","method":"POST","path":"/api/v1/tables/:table_name/query","status":200,"duration_ms":26}
{"request_id":"rcc-045756ad97b7cbe59b9ed0f66cf865c2","method":"GET","path":"/api/v1/table-field-policies/:table_name","status":200,"duration_ms":8}
{"request_id":"rcc-0c68130f6376b6885eee9498c7715f3a","method":"GET","path":"/api/v1/table-field-policies/:table_name","status":200,"duration_ms":6}
{"request_id":"rcc-4180a1c24fa04732d745263ececc4616","method":"GET","path":"/api/v1/auth/session","status":200,"duration_ms":1}
{"request_id":"rcc-478903558137f22e29c0612589770a01","method":"GET","path":"/api/v1/table-policies","status":200,"duration_ms":2}
{"request_id":"rcc-dbb838c5d133f6fe692557a82abbaff4","method":"GET","path":"/api/v1/query-policy-types","status":200,"duration_ms":1}
{"request_id":"rcc-f0faa0da07f602b053957e0fdbad2266","method":"GET","path":"/api/v1/mutation-policy-types","status":200,"duration_ms":2}
{"request_id":"rcc-c568506fb7e5749ec819b8aaa5905396","method":"GET","path":"/api/v1/query-policies/:code","status":200,"duration_ms":5}
{"request_id":"rcc-f3928e743c14f30564435634c393fd46","method":"GET","path":"/api/v1/mutation-policies/:code","status":200,"duration_ms":6}
{"request_id":"rcc-74300d71c7944a0453d60467be4f2749","method":"POST","path":"/api/v1/tables/:table_name/query","status":200,"duration_ms":20}
{"request_id":"rcc-d387bb7f6e2cb857eeca3dec3c44e615","method":"GET","path":"/api/v1/table-field-policies/:table_name","status":200,"duration_ms":6}
{"request_id":"rcc-a1197788db51f5cb5d9f81974b33acf1","method":"GET","path":"/api/v1/mutation-policies/:code","status":200,"duration_ms":3}
{"request_id":"rcc-496a728ed7b4ed4e2503e06d5a3b56e8","method":"GET","path":"/api/v1/query-policies/:code","status":200,"duration_ms":3}
{"request_id":"rcc-9b790f4da859730b7e74a26035b4c3f7","method":"POST","path":"/api/v1/tables/:table_name/query","status":200,"duration_ms":13}
{"request_id":"rcc-04841941cf99f48cbda9f5a2bbd0e2d5","method":"GET","path":"/api/v1/table-field-policies/:table_name","status":200,"duration_ms":7}
{"request_id":"rcc-1556af76b3a0b066bb430965321f41cc","method":"GET","path":"/api/v1/table-field-policies/:table_name","status":200,"duration_ms":6}
{"request_id":"rcc-f2c21d93cecad7195533b892762019c5","method":"POST","path":"/api/v1/release-orders","status":201,"duration_ms":39}
{"request_id":"rcc-92f427f6e4a49a4674fa3841abb89d28","method":"GET","path":"/api/v1/release-orders/:id","status":200,"duration_ms":17}
{"request_id":"rcc-fd4fe0a0c5d79cd50c3b61564fd79e62","method":"GET","path":"/api/v1/table-field-policies/:table_name","status":200,"duration_ms":6}
{"request_id":"rcc-5c8f246583c08799109821ef0251b217","method":"GET","path":"/api/v1/release-orders/:id/details","status":200,"duration_ms":8}
{"request_id":"rcc-12ba64fbb90f94c20d7eeb9612d71fe3","method":"GET","path":"/api/v1/release-orders/:id/people","status":200,"duration_ms":19}
{"request_id":"rcc-6c66aeade996a32a0970b7e227e2f95b","method":"GET","path":"/api/v1/auth/session","status":200,"duration_ms":2}
{"request_id":"rcc-068232a5e93fe0ea4cd16cc5598e45ad","method":"POST","path":"/api/v1/release-orders/:id/submit","status":200,"duration_ms":68}
{"request_id":"rcc-810bcfedfe9f1c50e93d68a3cdb3f2c4","method":"GET","path":"/api/v1/auth/session","status":200,"duration_ms":1}
{"request_id":"rcc-d48a7256519e73baa2f949b8d9e53ed8","method":"GET","path":"/api/v1/release-orders/:id","status":200,"duration_ms":10}
{"request_id":"rcc-9e9c4492287e489199e9b8070ed97c39","method":"GET","path":"/api/v1/auth/session","status":200,"duration_ms":1}
{"request_id":"rcc-c6f336b0d9ff6b93f8d0c9f234f7a2cb","method":"POST","path":"/api/v1/release-orders/:id/approve","status":200,"duration_ms":27}
{"request_id":"rcc-9ad9e665958ef3337930253ba9461cef","method":"GET","path":"/api/v1/auth/session","status":200,"duration_ms":0}
{"request_id":"rcc-6f7bef7dc2b9bc0920d9da07a7d26581","method":"POST","path":"/api/v1/release-orders/:id/execute","status":200,"duration_ms":80}
{"request_id":"rcc-0ccafa56e4568a5ed1285212972dd926","method":"GET","path":"/api/v1/auth/session","status":200,"duration_ms":1}
{"request_id":"rcc-b9d498af89090e5dd4cc05a952eec4a7","method":"GET","path":"/api/v1/release-orders/:id","status":200,"duration_ms":12}
{"request_id":"rcc-dc5fb90e338d14e69062b2ab8934ef99","method":"GET","path":"/api/v1/table-field-policies/:table_name","status":200,"duration_ms":7}
{"request_id":"rcc-65367bbd46f272d5a4dcc52c0c7bd972","method":"GET","path":"/api/v1/release-orders/:id/details","status":200,"duration_ms":8}
{"request_id":"rcc-ba913ca10e8736cabd91f8003ad66117","method":"GET","path":"/api/v1/release-orders/:id/people","status":200,"duration_ms":16}
{"request_id":"rcc-c1333c3b16c8c817f7ea3096c6cf8bde","method":"GET","path":"/api/v1/auth/session","status":200,"duration_ms":1}
{"request_id":"rcc-dabc24c84d3108be8c523769ca64be6d","method":"POST","path":"/api/v1/release-orders/:id/complete","status":200,"duration_ms":27}
{"request_id":"rcc-c1e23d5374069703a1fa0adf3d52838a","method":"GET","path":"/api/v1/auth/session","status":200,"duration_ms":1}
{"request_id":"rcc-1dadd80d60da5508d8cf241c19983637","method":"POST","path":"/api/v1/tables/:table_name/query","status":200,"duration_ms":15}
{"request_id":"rcc-6d8fe322284ec41b6e5d2601145f9090","method":"GET","path":"/api/v1/auth/session","status":200,"duration_ms":2}
{"request_id":"rcc-7fa5bf1fec77765f25d43dbded1309ef","method":"GET","path":"/api/v1/table-policies","status":200,"duration_ms":2}
{"request_id":"rcc-5016977fd18e557e4d5d74e50d80e969","method":"GET","path":"/api/v1/mutation-policy-types","status":200,"duration_ms":1}
{"request_id":"rcc-d591e23029378a5e9d39bf0c47a92b1b","method":"GET","path":"/api/v1/query-policy-types","status":200,"duration_ms":2}
{"request_id":"rcc-b1ce16483d67d7a28d042b772edf7472","method":"GET","path":"/api/v1/query-policies/:code","status":200,"duration_ms":6}
{"request_id":"rcc-e7a6746637e95f93bd6f9f6a3999affb","method":"GET","path":"/api/v1/mutation-policies/:code","status":200,"duration_ms":6}
{"request_id":"rcc-1e7af60de5b7ffad6674b3ef998c7d95","method":"POST","path":"/api/v1/tables/:table_name/query","status":200,"duration_ms":24}
{"request_id":"rcc-2b80cb07d6fa0f1dce3b87ec2fa67f13","method":"GET","path":"/api/v1/table-field-policies/:table_name","status":200,"duration_ms":7}
{"request_id":"rcc-5b550e165c7831695b1c1732c0591c95","method":"GET","path":"/api/v1/mutation-policies/:code","status":200,"duration_ms":4}
{"request_id":"rcc-bca88e9cbb4130687a596a6a9a8107c4","method":"GET","path":"/api/v1/query-policies/:code","status":200,"duration_ms":4}
{"request_id":"rcc-f787fbfbbfa8d3b04c0a62a8de3d4f5a","method":"POST","path":"/api/v1/tables/:table_name/query","status":200,"duration_ms":20}
{"request_id":"rcc-50c5953b0ca0cf3d2ae006f4bcd9f3f5","method":"GET","path":"/api/v1/table-field-policies/:table_name","status":200,"duration_ms":10}
{"request_id":"rcc-befab730b02cea3706cd6f9ce4b64f45","method":"GET","path":"/api/v1/table-field-policies/:table_name","status":200,"duration_ms":5}
{"request_id":"rcc-989b93e15ab9712c321c1df5f5a76506","method":"GET","path":"/api/v1/auth/session","status":200,"duration_ms":2}
{"request_id":"rcc-06ec0a631d7bd38fbc8be4fc3a6e42a9","method":"POST","path":"/api/v1/tables/:table_name/query","status":200,"duration_ms":20}
{"request_id":"rcc-c7a52bff993c6c2ecbfec8b606f46808","method":"GET","path":"/api/v1/auth/session","status":200,"duration_ms":2}
{"request_id":"rcc-f9485f929ed9a3f6eb8c936e0134f1b6","method":"GET","path":"/api/v1/table-policies/:table_name","status":200,"duration_ms":3}
{"request_id":"rcc-83f1d1a2ed5807c058535bfe8c735575","method":"GET","path":"/api/v1/auth/session","status":200,"duration_ms":1}
{"request_id":"rcc-754259efd7ec581d8ae2dd62cccf2647","method":"GET","path":"/api/v1/mutation-policies/:code","status":200,"duration_ms":3}
{"request_id":"rcc-d254ccae0e0001fdec713af7704b269a","method":"POST","path":"/api/v1/release-orders","status":201,"duration_ms":47}
{"request_id":"rcc-2003cab30f93a8bb11954af96e858eeb","method":"GET","path":"/api/v1/release-orders/:id","status":200,"duration_ms":18}
{"request_id":"rcc-d01dc6ee967207f2bac0d0f021c42a2b","method":"GET","path":"/api/v1/table-field-policies/:table_name","status":200,"duration_ms":7}
{"request_id":"rcc-ecb13f35f94eb5feecb6ece9a95da0ce","method":"GET","path":"/api/v1/release-orders/:id/details","status":200,"duration_ms":8}
{"request_id":"rcc-2eef08bd63476460a1af3da76ebd0980","method":"GET","path":"/api/v1/release-orders/:id/people","status":200,"duration_ms":19}
{"request_id":"rcc-c58114d125e34d3021afac8500183b9e","method":"GET","path":"/api/v1/auth/session","status":200,"duration_ms":1}
{"request_id":"rcc-eb8ea09edcd8118e609220382d34e6c4","method":"POST","path":"/api/v1/release-orders/:id/submit","status":200,"duration_ms":74}
{"request_id":"rcc-3d722a3bdaa80f55fea95f358d7ed33c","method":"GET","path":"/api/v1/auth/session","status":200,"duration_ms":0}
{"request_id":"rcc-286296179c67234df4e9b4e81813f5d7","method":"GET","path":"/api/v1/release-orders/:id","status":200,"duration_ms":10}
{"request_id":"rcc-1f4921fbe3c15cc68ee75890a441e1d4","method":"GET","path":"/api/v1/auth/session","status":200,"duration_ms":1}
{"request_id":"rcc-104d8321c9d3a15c539774e851631e96","method":"POST","path":"/api/v1/release-orders/:id/approve","status":200,"duration_ms":29}
{"request_id":"rcc-49bc2f915ee5fc119e7cd35462482699","method":"GET","path":"/api/v1/auth/session","status":200,"duration_ms":1}
{"request_id":"rcc-8aeee27a547a9ba8bca61667b52723a6","method":"POST","path":"/api/v1/release-orders/:id/execute","status":200,"duration_ms":81}
{"request_id":"rcc-06be6a530c14595b26fb6b223566ef90","method":"GET","path":"/api/v1/auth/session","status":200,"duration_ms":2}
{"request_id":"rcc-d13e50ad8190f34a7576566e31001e35","method":"GET","path":"/api/v1/release-orders/:id","status":200,"duration_ms":10}
{"request_id":"rcc-8da50ea5890f44ddb19cc125dfd8355c","method":"GET","path":"/api/v1/table-field-policies/:table_name","status":200,"duration_ms":7}
{"request_id":"rcc-4e76123c9fbcfc11d886a71a60665bff","method":"GET","path":"/api/v1/release-orders/:id/details","status":200,"duration_ms":9}
{"request_id":"rcc-ed0e38292c553ee11be754899e27c862","method":"GET","path":"/api/v1/release-orders/:id/people","status":200,"duration_ms":16}
{"request_id":"rcc-4d3928bea8b16fd474d3fde0cb4442e5","method":"GET","path":"/api/v1/auth/session","status":200,"duration_ms":1}
{"request_id":"rcc-9ca51974c7eb630be8d48ca8580ac7f3","method":"POST","path":"/api/v1/release-orders/:id/complete","status":200,"duration_ms":26}
{"request_id":"rcc-01f91055c15a6a516499fb6689c00ad8","method":"GET","path":"/api/v1/auth/session","status":200,"duration_ms":0}
{"request_id":"rcc-2163cc77a3d6aebf6a3cd1f4e9472849","method":"POST","path":"/api/v1/tables/:table_name/query","status":200,"duration_ms":14}
{"request_id":"rcc-3d74985fc393080938f0b5c9a232f89f","method":"GET","path":"/api/v1/auth/session","status":200,"duration_ms":2}
{"request_id":"rcc-09fe538d4481a08f83dbc425aa87732a","method":"GET","path":"/api/v1/table-policies","status":200,"duration_ms":2}
{"request_id":"rcc-2a63be76baac7828a48954dea92a1d76","method":"GET","path":"/api/v1/mutation-policy-types","status":200,"duration_ms":1}
{"request_id":"rcc-6b121903d64f8cb80238ffd45ad327da","method":"GET","path":"/api/v1/query-policy-types","status":200,"duration_ms":2}
{"request_id":"rcc-a4031ee084c38115a97511402a2ff7f1","method":"GET","path":"/api/v1/mutation-policies/:code","status":200,"duration_ms":3}
{"request_id":"rcc-aeeda25c355df5a4fc4620b3337474bd","method":"GET","path":"/api/v1/query-policies/:code","status":200,"duration_ms":4}
{"request_id":"rcc-ce6f748b145c1fd564faa85f7910f817","method":"POST","path":"/api/v1/tables/:table_name/query","status":200,"duration_ms":22}
{"request_id":"rcc-e78ac556e37790f33a5feeccbc4dec0a","method":"GET","path":"/api/v1/mutation-policies/:code","status":200,"duration_ms":3}
{"request_id":"rcc-9f43794b689208189fd75b9b3c48586a","method":"GET","path":"/api/v1/query-policies/:code","status":200,"duration_ms":3}
{"request_id":"rcc-2358ff7d679cd227834c518554f5e2e9","method":"POST","path":"/api/v1/tables/:table_name/query","status":200,"duration_ms":14}
{"request_id":"rcc-1a25a8f4ac25aab17bbde092904bcb40","method":"GET","path":"/api/v1/table-field-policies/:table_name","status":200,"duration_ms":5}
{"request_id":"rcc-7f6a7aaa44e119233572995054dc49cd","method":"GET","path":"/api/v1/table-field-policies/:table_name","status":200,"duration_ms":10}
{"request_id":"rcc-de062db11da9b373cbab4ad1c3de9e05","method":"POST","path":"/api/v1/release-orders","status":201,"duration_ms":38}
{"request_id":"rcc-53e797661bd94d2f929bc259e56acb50","method":"GET","path":"/api/v1/release-orders/:id","status":200,"duration_ms":16}
{"request_id":"rcc-9450150383d616b33a691bcb86e8d1b3","method":"GET","path":"/api/v1/table-field-policies/:table_name","status":200,"duration_ms":6}
{"request_id":"rcc-c6e0b69e04b1766bb8f26b100483a519","method":"GET","path":"/api/v1/release-orders/:id/details","status":200,"duration_ms":7}
{"request_id":"rcc-772f0ea55c9b3bcd1357c500f48595e5","method":"GET","path":"/api/v1/release-orders/:id/people","status":200,"duration_ms":20}
{"request_id":"rcc-5da3759ab62e125ec4c372474db1c3f2","method":"GET","path":"/api/v1/auth/session","status":200,"duration_ms":2}
{"request_id":"rcc-0994311e35537b694c9132ac32effb1f","method":"POST","path":"/api/v1/release-orders/:id/submit","status":200,"duration_ms":76}
{"request_id":"rcc-ce41d7bf3f37cb6ef6956c923d6c66cd","method":"GET","path":"/api/v1/auth/session","status":200,"duration_ms":1}
{"request_id":"rcc-860cf877047ca24cb6706688af9b1d3e","method":"GET","path":"/api/v1/release-orders/:id","status":200,"duration_ms":10}
{"request_id":"rcc-6eb60b4cee7bb444e37c0b0746f17c20","method":"GET","path":"/api/v1/auth/session","status":200,"duration_ms":1}
{"request_id":"rcc-ce33434c6dc7ef97217a0e9a6c3d2dc4","method":"POST","path":"/api/v1/release-orders/:id/approve","status":200,"duration_ms":26}
{"request_id":"rcc-c4d9fee15c4639092fa2be89632f4cb4","method":"GET","path":"/api/v1/auth/session","status":200,"duration_ms":0}
{"request_id":"rcc-cafb9e0b616bc51232bff1662f9e237d","method":"POST","path":"/api/v1/release-orders/:id/execute","status":200,"duration_ms":83}
{"request_id":"rcc-476e5336dcae0d057db1ab4f51181e75","method":"GET","path":"/api/v1/auth/session","status":200,"duration_ms":2}
{"request_id":"rcc-f2d6450c7095183a9fc89b6aa67d0797","method":"GET","path":"/api/v1/release-orders/:id","status":200,"duration_ms":13}
{"request_id":"rcc-bfdcf073538b32ac214cd67e72c5cd2f","method":"GET","path":"/api/v1/table-field-policies/:table_name","status":200,"duration_ms":7}
{"request_id":"rcc-cd1684bfb594e05d24b68611ede5f7f6","method":"GET","path":"/api/v1/release-orders/:id/details","status":200,"duration_ms":8}
{"request_id":"rcc-66ce76a9d61b9916e49ffc69b91bddb0","method":"GET","path":"/api/v1/release-orders/:id/people","status":200,"duration_ms":14}
{"request_id":"rcc-b1d0005d11db3ce159261b84d80b0440","method":"GET","path":"/api/v1/auth/session","status":200,"duration_ms":1}
{"request_id":"rcc-2d64487e6f15493e8c6057a4bdf77b99","method":"POST","path":"/api/v1/release-orders/:id/complete","status":200,"duration_ms":26}
{"request_id":"rcc-433e525106c27e5fa949af3bd3747d7e","method":"GET","path":"/api/v1/auth/session","status":200,"duration_ms":1}
{"request_id":"rcc-e12d2285c8a276ef4fdeef3a2f6f1a50","method":"POST","path":"/api/v1/tables/:table_name/query","status":200,"duration_ms":13}
{"request_id":"rcc-682265c7bbbd47290ebeeeca19dbea1b","method":"GET","path":"/api/v1/auth/session","status":200,"duration_ms":2}
{"request_id":"rcc-686434f50825de70457e7f9278665421","method":"GET","path":"/api/v1/table-policies","status":200,"duration_ms":2}
{"request_id":"rcc-46cdd90f8537c920f532a2b7f0ba1ff7","method":"GET","path":"/api/v1/mutation-policy-types","status":200,"duration_ms":1}
{"request_id":"rcc-07a578fbb680b7b2aaecb0c25c8076c7","method":"GET","path":"/api/v1/query-policy-types","status":200,"duration_ms":2}
{"request_id":"rcc-1e1940daadbd0cd02062ff1d3b803959","method":"GET","path":"/api/v1/mutation-policies/:code","status":200,"duration_ms":4}
{"request_id":"rcc-09573fcf9ef7f52d961b34540dee2de0","method":"GET","path":"/api/v1/query-policies/:code","status":200,"duration_ms":5}
{"request_id":"rcc-917ee52d071cfd1ee32d5580cc12297d","method":"POST","path":"/api/v1/tables/:table_name/query","status":200,"duration_ms":22}
{"request_id":"rcc-09822210f4b09d55f4fa20d9e51f3a08","method":"GET","path":"/api/v1/table-field-policies/:table_name","status":200,"duration_ms":6}
{"request_id":"rcc-65a3687919e33feaea258ae5fc75e304","method":"GET","path":"/api/v1/mutation-policies/:code","status":200,"duration_ms":3}
{"request_id":"rcc-f443d1da4f27d25c7d7cf200a01b5072","method":"GET","path":"/api/v1/query-policies/:code","status":200,"duration_ms":3}
{"request_id":"rcc-e0b27151300503ec65d89b92f4ce2b2d","method":"POST","path":"/api/v1/tables/:table_name/query","status":200,"duration_ms":24}
{"request_id":"rcc-fb6cf11892c8c64192fbc37fdbc20ff1","method":"GET","path":"/api/v1/table-field-policies/:table_name","status":200,"duration_ms":10}
{"request_id":"rcc-ee954f7db36b08c0a17191667e00bf61","method":"GET","path":"/api/v1/table-field-policies/:table_name","status":200,"duration_ms":6}
{"request_id":"rcc-b54a2b6faf9acc245be239a436502232","method":"GET","path":"/api/v1/auth/session","status":200,"duration_ms":2}
{"request_id":"rcc-c41a9a455e0660d508ed5cd956a84d37","method":"POST","path":"/api/v1/tables/:table_name/query","status":200,"duration_ms":19}
{"request_id":"rcc-103ab6e8de7b9213105e5402e0f6130c","method":"GET","path":"/api/v1/auth/session","status":200,"duration_ms":1}
{"request_id":"rcc-a6bf05731ec22cd7267ca483fdb00098","method":"GET","path":"/api/v1/table-policies/:table_name","status":200,"duration_ms":3}
{"request_id":"rcc-43a78eadf8c1d34fa832e54739899548","method":"GET","path":"/api/v1/auth/session","status":200,"duration_ms":1}
{"request_id":"rcc-6b744bc4cca9169021093a9aa90f3be8","method":"GET","path":"/api/v1/mutation-policies/:code","status":200,"duration_ms":3}
{"request_id":"rcc-3b14b93e0ffb5e7ce475697aa0caf84f","method":"POST","path":"/api/v1/auth/activity","status":200,"duration_ms":15}
{"request_id":"rcc-775f23ea5af1c08a1b6ce4eb75ec9c06","method":"POST","path":"/api/v1/release-orders","status":201,"duration_ms":46}
{"request_id":"rcc-f28bc7fcda7494481cc99a202dc6d5d0","method":"GET","path":"/api/v1/release-orders/:id","status":200,"duration_ms":15}
{"request_id":"rcc-ef78687168f9d694d3ad8b03e75a86e8","method":"GET","path":"/api/v1/table-field-policies/:table_name","status":200,"duration_ms":7}
{"request_id":"rcc-906a11c04f3be3c16c2f65949cda97e2","method":"GET","path":"/api/v1/release-orders/:id/details","status":200,"duration_ms":10}
{"request_id":"rcc-1e4879901ef1db1d0161036b473aac34","method":"GET","path":"/api/v1/release-orders/:id/people","status":200,"duration_ms":23}
{"request_id":"rcc-623d9b0cdca8ebf1ee69c2174ad85262","method":"GET","path":"/api/v1/auth/session","status":200,"duration_ms":1}
{"request_id":"rcc-12c230e6466a5f2d3fd083580a6f3c42","method":"POST","path":"/api/v1/release-orders/:id/submit","status":200,"duration_ms":80}
{"request_id":"rcc-e7f5319340dddebe9d6067265987dc83","method":"GET","path":"/api/v1/auth/session","status":200,"duration_ms":2}
{"request_id":"rcc-94ef9dbf415ee376598078f0d5d25652","method":"GET","path":"/api/v1/release-orders/:id","status":200,"duration_ms":10}
{"request_id":"rcc-461ed076d54fac3767f2ede23204cb63","method":"GET","path":"/api/v1/auth/session","status":200,"duration_ms":1}
{"request_id":"rcc-87ae916f61939efc2c0c34c0782e887f","method":"POST","path":"/api/v1/release-orders/:id/approve","status":200,"duration_ms":39}
{"request_id":"rcc-aba727bd98ad103bf61829c9bbeae48c","method":"GET","path":"/api/v1/auth/session","status":200,"duration_ms":1}
{"request_id":"rcc-5544385b069f82fba2c42e9e0ae813ad","method":"POST","path":"/api/v1/release-orders/:id/execute","status":200,"duration_ms":89}
{"request_id":"rcc-93807fbf71e925a29f74dd1978b76e65","method":"GET","path":"/api/v1/auth/session","status":200,"duration_ms":3}
{"request_id":"rcc-75e17a91fe0e321b5be6d781189690c2","method":"GET","path":"/api/v1/release-orders/:id","status":200,"duration_ms":25}
{"request_id":"rcc-f248045ec9c1964e26db2ddb2eb1a3a4","method":"GET","path":"/api/v1/table-field-policies/:table_name","status":200,"duration_ms":12}
{"request_id":"rcc-c1cfbd078e9fa99b77c8d6afa75d6858","method":"GET","path":"/api/v1/release-orders/:id/details","status":200,"duration_ms":16}
{"request_id":"rcc-589fa795ce7cf581596fd8a2ac51498e","method":"GET","path":"/api/v1/release-orders/:id/people","status":200,"duration_ms":27}
{"request_id":"rcc-af1fbe74682d4ca8ad3c72665addce3e","method":"GET","path":"/api/v1/auth/session","status":200,"duration_ms":2}
{"request_id":"rcc-8ad50dde3bd26df9c7ac0ff4d35836a4","method":"POST","path":"/api/v1/release-orders/:id/complete","status":200,"duration_ms":41}
{"request_id":"rcc-937692d78371e2316119b8cc60331384","method":"GET","path":"/api/v1/auth/session","status":200,"duration_ms":2}
{"request_id":"rcc-66528bc1aff5ab96ae494aee7a9886a4","method":"POST","path":"/api/v1/tables/:table_name/query","status":200,"duration_ms":22}
{"request_id":"rcc-90c34cf46c79520304170dbb764b0ad9","method":"GET","path":"/api/v1/auth/session","status":200,"duration_ms":31}
{"request_id":"rcc-219a87ddf1f5e974afa15ba42ad38fd1","method":"GET","path":"/api/v1/table-policies","status":200,"duration_ms":8}
{"request_id":"rcc-7a6d95c0b2d33ba9d35e8e63f2c5a9e6","method":"GET","path":"/api/v1/query-policy-types","status":200,"duration_ms":4}
{"request_id":"rcc-a41a7e95785d24c759297432a2b2249f","method":"GET","path":"/api/v1/mutation-policy-types","status":200,"duration_ms":4}
{"request_id":"rcc-3c87c4c8de4dbce4103909acc86f52a8","method":"GET","path":"/api/v1/query-policies/:code","status":200,"duration_ms":9}
{"request_id":"rcc-18727e2814d376d420f76bacb67b0fd6","method":"GET","path":"/api/v1/mutation-policies/:code","status":200,"duration_ms":12}
{"request_id":"rcc-e66a22af33371ec004ef5631388102be","method":"GET","path":"/api/v1/query-policies/:code","status":200,"duration_ms":4}
{"request_id":"rcc-72f3a9b6751908e8a754ddc33e021465","method":"GET","path":"/api/v1/mutation-policies/:code","status":200,"duration_ms":11}
{"request_id":"rcc-804ff72272ba1bf7ba0a0cf0530dfdf7","method":"POST","path":"/api/v1/tables/:table_name/query","status":200,"duration_ms":50}
{"request_id":"rcc-b842cc0e6cfd89ef82192dc785f78005","method":"POST","path":"/api/v1/tables/:table_name/query","status":200,"duration_ms":25}
{"request_id":"rcc-8f804accd5fe9be4e21d9b5ac133899a","method":"GET","path":"/api/v1/table-field-policies/:table_name","status":200,"duration_ms":15}
{"request_id":"rcc-ceeb65953d988b617e464d0b9f9a9ff9","method":"GET","path":"/api/v1/table-field-policies/:table_name","status":200,"duration_ms":21}
{"request_id":"rcc-04f4f1ce142fe2e2160e0fe95f6900ab","method":"POST","path":"/api/v1/release-orders","status":201,"duration_ms":43}
{"request_id":"rcc-3c61d547585010d73490444b17d7ad6f","method":"GET","path":"/api/v1/release-orders/:id","status":200,"duration_ms":14}
{"request_id":"rcc-96d26568968d253ab63e860e4e26b994","method":"GET","path":"/api/v1/table-field-policies/:table_name","status":200,"duration_ms":6}
{"request_id":"rcc-58580b5a387c5ecadf7a80342312ea8a","method":"GET","path":"/api/v1/release-orders/:id/details","status":200,"duration_ms":8}
{"request_id":"rcc-cf4e4a249f77bd03c3cf27a5f9c04029","method":"GET","path":"/api/v1/release-orders/:id/people","status":200,"duration_ms":29}
{"request_id":"rcc-7e74d9657292ad9dd01a6be68376ecae","method":"GET","path":"/api/v1/auth/session","status":200,"duration_ms":1}
{"request_id":"rcc-60b243063a68421e54da9046ab07d4a5","method":"POST","path":"/api/v1/release-orders/:id/submit","status":200,"duration_ms":76}
{"request_id":"rcc-3a1f2bc02bf5b1fe9d93200a5a469f50","method":"GET","path":"/api/v1/auth/session","status":200,"duration_ms":1}
{"request_id":"rcc-7524fe5f0b886a95eef215233a9d266a","method":"GET","path":"/api/v1/release-orders/:id","status":200,"duration_ms":10}
{"request_id":"rcc-67c8c65d54bafe937c6ebc667716f5ca","method":"GET","path":"/api/v1/auth/session","status":200,"duration_ms":1}
{"request_id":"rcc-8c213e1886b659dab912adb6244f74e2","method":"POST","path":"/api/v1/release-orders/:id/approve","status":200,"duration_ms":38}
{"request_id":"rcc-00048019409a8eb61bbcfaa80e7ec65b","method":"GET","path":"/api/v1/auth/session","status":200,"duration_ms":1}
{"request_id":"rcc-fc77b594df4f7977391ff2e7625e3bdc","method":"POST","path":"/api/v1/release-orders/:id/execute","status":200,"duration_ms":89}
{"request_id":"rcc-6eb488f0b03098d925b6d56cfc876e8b","method":"GET","path":"/api/v1/auth/session","status":200,"duration_ms":2}
{"request_id":"rcc-e84c773f1ce6d63e480de805440a657d","method":"GET","path":"/api/v1/release-orders/:id","status":200,"duration_ms":13}
{"request_id":"rcc-f10738c15e5c30a4accbe47c0d0179ae","method":"GET","path":"/api/v1/table-field-policies/:table_name","status":200,"duration_ms":7}
{"request_id":"rcc-849d2d11179c3a6cacb6a675752cc617","method":"GET","path":"/api/v1/release-orders/:id/details","status":200,"duration_ms":9}
{"request_id":"rcc-59e46cea7ea51cc58f2bc3e557f114f3","method":"GET","path":"/api/v1/release-orders/:id/people","status":200,"duration_ms":15}
{"request_id":"rcc-673f062d2ca588dacd9599a92b985b49","method":"GET","path":"/api/v1/auth/session","status":200,"duration_ms":1}
{"request_id":"rcc-a97af6256041ca50f3cc72ae7fce4deb","method":"POST","path":"/api/v1/release-orders/:id/complete","status":200,"duration_ms":26}
{"request_id":"rcc-96efb90214ac25dde3b85a73405a90dd","method":"GET","path":"/api/v1/auth/session","status":200,"duration_ms":1}
{"request_id":"rcc-7bf641a9564e43d1fa4e397ebc0670b8","method":"POST","path":"/api/v1/tables/:table_name/query","status":200,"duration_ms":15}
{"request_id":"rcc-f712ede577cd453eb13420288289cd8b","method":"GET","path":"/api/v1/auth/session","status":200,"duration_ms":2}
{"request_id":"rcc-534a9d9eec474db6c226cecaa4df67ce","method":"GET","path":"/api/v1/table-policies","status":200,"duration_ms":2}
{"request_id":"rcc-495c67ea88687f4184b33e6cf5120e64","method":"GET","path":"/api/v1/mutation-policy-types","status":200,"duration_ms":1}
{"request_id":"rcc-28b8c0684a830b246519b1d0fc516763","method":"GET","path":"/api/v1/query-policy-types","status":200,"duration_ms":2}
{"request_id":"rcc-41fbc09a130eda8e0ab9fb1ea23a91ed","method":"GET","path":"/api/v1/mutation-policies/:code","status":200,"duration_ms":4}
{"request_id":"rcc-44120efdc0190326d70c47e041a18d51","method":"GET","path":"/api/v1/query-policies/:code","status":200,"duration_ms":5}
{"request_id":"rcc-dd84637264c9ac04ac61a9244f013801","method":"POST","path":"/api/v1/tables/:table_name/query","status":200,"duration_ms":21}
{"request_id":"rcc-e7b3697ae4ac15df4154ab57525f5b2b","method":"GET","path":"/api/v1/table-field-policies/:table_name","status":200,"duration_ms":6}
{"request_id":"rcc-e57e0890dbe20588cf318801a3bbf68c","method":"GET","path":"/api/v1/query-policies/:code","status":200,"duration_ms":3}
{"request_id":"rcc-074c32ffb574da980c092d3843693e7e","method":"GET","path":"/api/v1/mutation-policies/:code","status":200,"duration_ms":3}
{"request_id":"rcc-45446128c4e4cf87fe5c46d3cc257a02","method":"POST","path":"/api/v1/tables/:table_name/query","status":200,"duration_ms":18}
{"request_id":"rcc-8602a9bef078c608bdc9e5d61d5d0541","method":"GET","path":"/api/v1/table-field-policies/:table_name","status":200,"duration_ms":7}
{"request_id":"rcc-b7e048568b806ec2b5ec8ac3d3c912e0","method":"GET","path":"/api/v1/table-field-policies/:table_name","status":200,"duration_ms":5}
{"request_id":"rcc-27b7b90fcf0a891203816dc2f6a72fc8","method":"GET","path":"/api/v1/auth/session","status":200,"duration_ms":2}
{"request_id":"rcc-059f4e0376ffcbcf1f29363000d4a5c2","method":"POST","path":"/api/v1/tables/:table_name/query","status":200,"duration_ms":19}
{"request_id":"rcc-e2ea990b5a676f15361ae36763c9a4c3","method":"GET","path":"/api/v1/auth/session","status":200,"duration_ms":2}
{"request_id":"rcc-54e2b6ac68cab0e03e69e55d12640ff3","method":"GET","path":"/api/v1/table-policies/:table_name","status":200,"duration_ms":2}
{"request_id":"rcc-7edd0fd8d62179d2a773f833b90c38f1","method":"GET","path":"/api/v1/auth/session","status":200,"duration_ms":2}
{"request_id":"rcc-f9e98060dd6102ad55b66488101732de","method":"GET","path":"/api/v1/mutation-policies/:code","status":200,"duration_ms":2}
{"request_id":"rcc-2347f6b030199493c455424920471c49","method":"POST","path":"/api/v1/release-orders","status":201,"duration_ms":42}
{"request_id":"rcc-46646174f8cd7bbd10e07fe986cc0f7c","method":"GET","path":"/api/v1/release-orders/:id","status":200,"duration_ms":16}
{"request_id":"rcc-7d513cbe56d54bbc7cf4a31c343b8fda","method":"GET","path":"/api/v1/table-field-policies/:table_name","status":200,"duration_ms":6}
{"request_id":"rcc-1c8be11a7dd83f469d9e8266ea1c2b71","method":"GET","path":"/api/v1/release-orders/:id/details","status":200,"duration_ms":8}
{"request_id":"rcc-ed23f9d794a70ac9320bb282fe620c94","method":"GET","path":"/api/v1/release-orders/:id/people","status":200,"duration_ms":19}
{"request_id":"rcc-856a08141e0a850548c7a14dc36e09f6","method":"GET","path":"/api/v1/auth/session","status":200,"duration_ms":1}
{"request_id":"rcc-de9540a2eae6e3553acb9cacbe218208","method":"POST","path":"/api/v1/release-orders/:id/submit","status":200,"duration_ms":86}
{"request_id":"rcc-4631168051a6d6ec357da64b28e7b190","method":"GET","path":"/api/v1/auth/session","status":200,"duration_ms":1}
{"request_id":"rcc-fd2919d53f1ed2d4ffab4fee0817fd47","method":"GET","path":"/api/v1/release-orders/:id","status":200,"duration_ms":10}
{"request_id":"rcc-048db2f7d4782c938acfe037151e0c7e","method":"GET","path":"/api/v1/auth/session","status":200,"duration_ms":1}
{"request_id":"rcc-8a210c7d1945bbff3452af59c8d770b0","method":"POST","path":"/api/v1/release-orders/:id/approve","status":200,"duration_ms":25}
{"request_id":"rcc-cf31bb30066def191a32e2d81a1daed6","method":"GET","path":"/api/v1/auth/session","status":200,"duration_ms":0}
{"request_id":"rcc-15b53950cd5c2c233f575bc05bbdc6f1","method":"POST","path":"/api/v1/release-orders/:id/execute","status":200,"duration_ms":83}
{"request_id":"rcc-2ebd843983745ec81ac76f913850652b","method":"GET","path":"/api/v1/auth/session","status":200,"duration_ms":2}
{"request_id":"rcc-eab2c1af07d13b29cced766c73205a40","method":"GET","path":"/api/v1/release-orders/:id","status":200,"duration_ms":12}
{"request_id":"rcc-190d7af82f63de2ed5f1f36d6e3e4f66","method":"GET","path":"/api/v1/table-field-policies/:table_name","status":200,"duration_ms":7}
{"request_id":"rcc-09959b0b6678e33b04224286e71b7bdb","method":"GET","path":"/api/v1/release-orders/:id/details","status":200,"duration_ms":8}
{"request_id":"rcc-5958728ec7dfe1b0d1515c82885008cb","method":"GET","path":"/api/v1/release-orders/:id/people","status":200,"duration_ms":15}
{"request_id":"rcc-ae4dacdc2b9ae60bbb8a5326a650c912","method":"GET","path":"/api/v1/auth/session","status":200,"duration_ms":2}
{"request_id":"rcc-c2d8cd4bb8ddefae2336eeec0851e1f8","method":"POST","path":"/api/v1/release-orders/:id/complete","status":200,"duration_ms":26}
{"request_id":"rcc-99d677d8b7eba79e787c21cd3874e9e1","method":"GET","path":"/api/v1/auth/session","status":200,"duration_ms":1}
{"request_id":"rcc-fb27b27a734e0c4775c146cc0ae9e4ab","method":"POST","path":"/api/v1/tables/:table_name/query","status":200,"duration_ms":13}
{"request_id":"rcc-e4eabe300182b3d56b3ff9f5442cfbd6","method":"GET","path":"/api/v1/auth/session","status":200,"duration_ms":2}
{"request_id":"rcc-43daf3470fa45dfce3093b86fc39390f","method":"GET","path":"/api/v1/table-policies","status":200,"duration_ms":2}
{"request_id":"rcc-50915f23c8cd3937d4dda429c4a444ec","method":"GET","path":"/api/v1/query-policy-types","status":200,"duration_ms":2}
{"request_id":"rcc-61a8f704088520d4866c9dd88a679f52","method":"GET","path":"/api/v1/mutation-policy-types","status":200,"duration_ms":2}
{"request_id":"rcc-33888bed2258528bf921cc5af52d5beb","method":"GET","path":"/api/v1/query-policies/:code","status":200,"duration_ms":4}
{"request_id":"rcc-f982c2fc984d45d32d9c61343645f754","method":"GET","path":"/api/v1/mutation-policies/:code","status":200,"duration_ms":3}
{"request_id":"rcc-6b59a821d74818bc5ebbcc1f05c2bc56","method":"POST","path":"/api/v1/tables/:table_name/query","status":200,"duration_ms":21}
{"request_id":"rcc-cbc9f5806012404f006377c9b305bd8f","method":"GET","path":"/api/v1/table-field-policies/:table_name","status":200,"duration_ms":6}
{"request_id":"rcc-6f6723211226ae12669fd418a98482a2","method":"GET","path":"/api/v1/mutation-policies/:code","status":200,"duration_ms":3}
{"request_id":"rcc-5bb91cb98524236aef2276db69345a1a","method":"GET","path":"/api/v1/query-policies/:code","status":200,"duration_ms":3}
{"request_id":"rcc-b959cc2e27647a1317b65e9f37843b2f","method":"POST","path":"/api/v1/tables/:table_name/query","status":200,"duration_ms":13}
{"request_id":"rcc-a3b806e5202d418d8b52d8f46a6d6be1","method":"GET","path":"/api/v1/table-field-policies/:table_name","status":200,"duration_ms":8}
{"request_id":"rcc-1fa44ac80c2563336e68ba2a31431da5","method":"GET","path":"/api/v1/table-field-policies/:table_name","status":200,"duration_ms":7}
{"request_id":"rcc-0efb6d3ac8dd0270259beb0eb5cf2004","method":"POST","path":"/api/v1/release-orders","status":201,"duration_ms":40}
{"request_id":"rcc-2514c850f30d1257dd3e02068fe57e67","method":"GET","path":"/api/v1/release-orders/:id","status":200,"duration_ms":15}
{"request_id":"rcc-62784ef932c77185d1904f66b7ab9588","method":"GET","path":"/api/v1/table-field-policies/:table_name","status":200,"duration_ms":6}
{"request_id":"rcc-0edfc622b0d9d760257c995ed4538bbe","method":"GET","path":"/api/v1/release-orders/:id/details","status":200,"duration_ms":8}
{"request_id":"rcc-e1bbadfc7f287e9df2aaf33f816efaa9","method":"GET","path":"/api/v1/release-orders/:id/people","status":200,"duration_ms":20}
{"request_id":"rcc-b0ce230d5c7afbd5faf06ed3ce202470","method":"GET","path":"/api/v1/auth/session","status":200,"duration_ms":2}
{"request_id":"rcc-75c792f2208f07c081cb04c7d80cf6c8","method":"POST","path":"/api/v1/release-orders/:id/submit","status":200,"duration_ms":71}
{"request_id":"rcc-e8dff18cf657a8bd37829dfbbcef8883","method":"GET","path":"/api/v1/auth/session","status":200,"duration_ms":1}
{"request_id":"rcc-5476ae3b2b4afdbb69d6753130012661","method":"GET","path":"/api/v1/release-orders/:id","status":200,"duration_ms":8}
{"request_id":"rcc-aa0e3e55f0276fbe9d3ff87e7f00da5b","method":"GET","path":"/api/v1/auth/session","status":200,"duration_ms":1}
{"request_id":"rcc-45e499739f8b1842cf6d4e7f1c1673a9","method":"POST","path":"/api/v1/release-orders/:id/approve","status":200,"duration_ms":29}
{"request_id":"rcc-45c0de2c0f9049b28aafab85a6ec76cf","method":"GET","path":"/api/v1/auth/session","status":200,"duration_ms":1}
{"request_id":"rcc-2bbd9179f4d29501be0fe2a1729b6f4c","method":"POST","path":"/api/v1/release-orders/:id/execute","status":200,"duration_ms":81}
{"request_id":"rcc-08c7c3a854421ea9a8481c1867bc3b9b","method":"GET","path":"/api/v1/auth/session","status":200,"duration_ms":2}
{"request_id":"rcc-f8abedb3129f67557451c6c3ecfc60ab","method":"GET","path":"/api/v1/release-orders/:id","status":200,"duration_ms":12}
{"request_id":"rcc-a445f3bec2f128cde01d3200f0da3574","method":"GET","path":"/api/v1/table-field-policies/:table_name","status":200,"duration_ms":7}
{"request_id":"rcc-70db3bb84513ff8e85f010141eb447da","method":"GET","path":"/api/v1/release-orders/:id/details","status":200,"duration_ms":9}
{"request_id":"rcc-2b87f934e58509ba53b93ce21f38fcad","method":"GET","path":"/api/v1/release-orders/:id/people","status":200,"duration_ms":15}
{"request_id":"rcc-dac88e55fe544f6c1dc14ab1322408cb","method":"GET","path":"/api/v1/auth/session","status":200,"duration_ms":1}
{"request_id":"rcc-d4e259a2492b1a1eca78bb201c7f6b5b","method":"POST","path":"/api/v1/release-orders/:id/complete","status":200,"duration_ms":27}
{"request_id":"rcc-e6cb7fab156ad652067c6c8a53d8b327","method":"GET","path":"/api/v1/auth/session","status":200,"duration_ms":1}
{"request_id":"rcc-c1199a64321051a9659e696b4603884e","method":"POST","path":"/api/v1/tables/:table_name/query","status":200,"duration_ms":15}
{"request_id":"rcc-953d873af0a044a2b1a6860b4a525a91","method":"GET","path":"/api/v1/auth/session","status":200,"duration_ms":2}
{"request_id":"rcc-580996485e0e4c36103a6fcd333ee918","method":"GET","path":"/api/v1/table-policies","status":200,"duration_ms":2}
{"request_id":"rcc-e65a697b165942a692dbf46cb2904383","method":"GET","path":"/api/v1/query-policy-types","status":200,"duration_ms":1}
{"request_id":"rcc-2d6b0045a7caffce61d3b5dbe2b62785","method":"GET","path":"/api/v1/mutation-policy-types","status":200,"duration_ms":1}
{"request_id":"rcc-fc0016e590d673d7e118204fa4287d64","method":"GET","path":"/api/v1/mutation-policies/:code","status":200,"duration_ms":5}
{"request_id":"rcc-fb53ae9dbac0f6da352c694500fb60e2","method":"GET","path":"/api/v1/query-policies/:code","status":200,"duration_ms":5}
{"request_id":"rcc-0290760efed3841b8daed67faf33f059","method":"POST","path":"/api/v1/tables/:table_name/query","status":200,"duration_ms":21}
{"request_id":"rcc-9607a1859d44b180a901498cde1eac95","method":"GET","path":"/api/v1/table-field-policies/:table_name","status":200,"duration_ms":6}
{"request_id":"rcc-62ef9a7131df9c59f72ff5766b82505b","method":"GET","path":"/api/v1/mutation-policies/:code","status":200,"duration_ms":5}
{"request_id":"rcc-b0ccf5baf8a33dbbbeab45060fde5b75","method":"GET","path":"/api/v1/query-policies/:code","status":200,"duration_ms":6}
{"request_id":"rcc-bcd3fbd717bde78b227e2fbf92e3ff3a","method":"POST","path":"/api/v1/tables/:table_name/query","status":200,"duration_ms":21}
{"request_id":"rcc-38ef21d23c92deba13b92b5ed495bff0","method":"GET","path":"/api/v1/table-field-policies/:table_name","status":200,"duration_ms":7}
{"request_id":"rcc-d0ca87ea248e85569f36d2968ff6c2fb","method":"GET","path":"/api/v1/table-field-policies/:table_name","status":200,"duration_ms":5}
{"request_id":"rcc-969be7de631516e797016fc71fe7c0d8","method":"GET","path":"/api/v1/auth/session","status":200,"duration_ms":2}
{"request_id":"rcc-d71d144beeecb259e5b1a85979d8e0ce","method":"POST","path":"/api/v1/tables/:table_name/query","status":200,"duration_ms":17}
{"request_id":"rcc-a7e1ff6c206a46c9c6522a44903cfe0b","method":"GET","path":"/api/v1/auth/session","status":200,"duration_ms":1}
{"request_id":"rcc-53c455a71a2ecbee64aa6f7bc83485fc","method":"GET","path":"/api/v1/table-policies/:table_name","status":200,"duration_ms":2}
{"request_id":"rcc-774a0cc6352e6ea10537d44c6ee300ee","method":"GET","path":"/api/v1/auth/session","status":200,"duration_ms":2}
{"request_id":"rcc-8a6b64e7b0a224a9b5846a8dce6ad4a6","method":"GET","path":"/api/v1/mutation-policies/:code","status":200,"duration_ms":2}
{"request_id":"rcc-6f1cf8814aaeca3be339667c0246c8b7","method":"POST","path":"/api/v1/release-orders","status":201,"duration_ms":42}
{"request_id":"rcc-ba16e97d0255e0dd6d976c5f3af0dfb3","method":"GET","path":"/api/v1/release-orders/:id","status":200,"duration_ms":15}
{"request_id":"rcc-66866a871101e1bc27c798e3f3d3ebcc","method":"GET","path":"/api/v1/table-field-policies/:table_name","status":200,"duration_ms":8}
{"request_id":"rcc-e80c25b3da8bc231a47a1b7d98333491","method":"GET","path":"/api/v1/release-orders/:id/details","status":200,"duration_ms":8}
{"request_id":"rcc-a92952307afd37c86937b469c29a0b8b","method":"GET","path":"/api/v1/release-orders/:id/people","status":200,"duration_ms":21}
{"request_id":"rcc-81b91beeb47f3ea420b8b465d03663bb","method":"GET","path":"/api/v1/auth/session","status":200,"duration_ms":1}
{"request_id":"rcc-44273fb21eff72b8b8c8904d41f17740","method":"POST","path":"/api/v1/release-orders/:id/submit","status":200,"duration_ms":75}
{"request_id":"rcc-9794376ef2061ab3650fc0cb7d54f0d6","method":"GET","path":"/api/v1/auth/session","status":200,"duration_ms":1}
{"request_id":"rcc-0dafb0c67ef431e314f7b1edbb8d6458","method":"GET","path":"/api/v1/release-orders/:id","status":200,"duration_ms":10}
{"request_id":"rcc-4e115009747aca0a99780a2b0b414ee8","method":"GET","path":"/api/v1/auth/session","status":200,"duration_ms":1}
{"request_id":"rcc-a70ddbb2ceb3f1db4db6a752e5e0b38d","method":"POST","path":"/api/v1/release-orders/:id/approve","status":200,"duration_ms":28}
{"request_id":"rcc-b7f2a2cd37291576cbc2291fc052d0f2","method":"GET","path":"/api/v1/auth/session","status":200,"duration_ms":1}
{"request_id":"rcc-63cffe7febdd64602b21ca928c4442ae","method":"POST","path":"/api/v1/release-orders/:id/execute","status":200,"duration_ms":80}
{"request_id":"rcc-3266189de292bf67aee86f885197f044","method":"GET","path":"/api/v1/auth/session","status":200,"duration_ms":2}
{"request_id":"rcc-cbabf023295efedee50a6bd5f9dfcb73","method":"GET","path":"/api/v1/release-orders/:id","status":200,"duration_ms":13}
{"request_id":"rcc-837614d5c982ab35fb4609788d9b8f12","method":"GET","path":"/api/v1/table-field-policies/:table_name","status":200,"duration_ms":7}
{"request_id":"rcc-0ff7806f12b05fa4c5d18753ea0e11cd","method":"GET","path":"/api/v1/release-orders/:id/details","status":200,"duration_ms":10}
{"request_id":"rcc-486c3f1cdce39f12e7c5fcda95f0f64c","method":"GET","path":"/api/v1/release-orders/:id/people","status":200,"duration_ms":15}
{"request_id":"rcc-0811ce92224ab01a77a897fb7a3738a6","method":"GET","path":"/api/v1/auth/session","status":200,"duration_ms":1}
{"request_id":"rcc-fc6087244e8506feff2b85abb775fc89","method":"POST","path":"/api/v1/release-orders/:id/complete","status":200,"duration_ms":25}
{"request_id":"rcc-cf74c4786008164374ec81070008d79d","method":"GET","path":"/api/v1/auth/session","status":200,"duration_ms":1}
{"request_id":"rcc-b43d0ecc6b471ce468c3423b30450d60","method":"POST","path":"/api/v1/tables/:table_name/query","status":200,"duration_ms":13}
{"request_id":"rcc-d16937f5138177a487d6715966943c18","method":"GET","path":"/api/v1/auth/session","status":200,"duration_ms":2}
{"request_id":"rcc-4b5665eeefc05d10cc31e11d272b2e2a","method":"GET","path":"/api/v1/table-policies","status":200,"duration_ms":3}
{"request_id":"rcc-5185dad41b5b556b4c9f1693e48ee66e","method":"GET","path":"/api/v1/query-policy-types","status":200,"duration_ms":1}
{"request_id":"rcc-c45ec9c8c7fb909126bc05ec46ca6a65","method":"GET","path":"/api/v1/mutation-policy-types","status":200,"duration_ms":1}
{"request_id":"rcc-22033f7f93b8e620fc4d25bbb3ebb724","method":"GET","path":"/api/v1/query-policies/:code","status":200,"duration_ms":3}
{"request_id":"rcc-d0bc4c9746ada671a94ee18e6ba91702","method":"GET","path":"/api/v1/mutation-policies/:code","status":200,"duration_ms":4}
{"request_id":"rcc-a179cd8884a3ce9378f64fcdcb02a221","method":"POST","path":"/api/v1/tables/:table_name/query","status":200,"duration_ms":22}
{"request_id":"rcc-ead2804684b19eab50b3eaad35d05e0b","method":"GET","path":"/api/v1/table-field-policies/:table_name","status":200,"duration_ms":7}
{"request_id":"rcc-ab57ca3e9cb67f49e411f66d81e439f7","method":"GET","path":"/api/v1/query-policies/:code","status":200,"duration_ms":4}
{"request_id":"rcc-2270663a41bd72bcad192f680f9a4983","method":"GET","path":"/api/v1/mutation-policies/:code","status":200,"duration_ms":4}
{"request_id":"rcc-50a20d055d46abc7c8f040518ea4addf","method":"POST","path":"/api/v1/tables/:table_name/query","status":200,"duration_ms":13}
{"request_id":"rcc-8cae7e639c74dfbe564590ceaaa8a6a7","method":"GET","path":"/api/v1/table-field-policies/:table_name","status":200,"duration_ms":9}
{"request_id":"rcc-1dc52eeaadddb3072717c15c9701b834","method":"GET","path":"/api/v1/table-field-policies/:table_name","status":200,"duration_ms":7}
{"request_id":"rcc-30c0eeb85fed67c47e7bc7d117bde5c8","method":"POST","path":"/api/v1/release-orders","status":201,"duration_ms":37}
{"request_id":"rcc-38787c69a8a0f0dee4b46c11cb5f0f85","method":"GET","path":"/api/v1/release-orders/:id","status":200,"duration_ms":17}
{"request_id":"rcc-17856db7c3a173a73b6d5fb8f110b0b8","method":"GET","path":"/api/v1/table-field-policies/:table_name","status":200,"duration_ms":6}
{"request_id":"rcc-cd9169fc08a91fe2b817616ac0757076","method":"GET","path":"/api/v1/release-orders/:id/details","status":200,"duration_ms":8}
{"request_id":"rcc-f5c2196207943094fb874953302baf0d","method":"GET","path":"/api/v1/release-orders/:id/people","status":200,"duration_ms":19}
{"request_id":"rcc-38b21dd35c9eefc6ff71710857df2fd0","method":"GET","path":"/api/v1/auth/session","status":200,"duration_ms":1}
{"request_id":"rcc-b555072bc399485616e895f0cadc625f","method":"POST","path":"/api/v1/release-orders/:id/submit","status":200,"duration_ms":70}
{"request_id":"rcc-eee57ce2fb2d31698eff4ab55dc660c3","method":"GET","path":"/api/v1/auth/session","status":200,"duration_ms":1}
{"request_id":"rcc-43e358f8756f77208c5f6b5e7659d634","method":"GET","path":"/api/v1/release-orders/:id","status":200,"duration_ms":9}
{"request_id":"rcc-96af64b20564d365827029a2906548d8","method":"GET","path":"/api/v1/auth/session","status":200,"duration_ms":1}
{"request_id":"rcc-df59bcbc2c859637e424d3a79d3f63d4","method":"POST","path":"/api/v1/release-orders/:id/approve","status":200,"duration_ms":28}
{"request_id":"rcc-14de17abefa9d6cbe9be37afcc7c220f","method":"GET","path":"/api/v1/auth/session","status":200,"duration_ms":1}
{"request_id":"rcc-1f565deaad767493747e72c76a9de59b","method":"POST","path":"/api/v1/release-orders/:id/execute","status":200,"duration_ms":83}
{"request_id":"rcc-abff19560204aca43a6e38c7efc261d7","method":"GET","path":"/api/v1/auth/session","status":200,"duration_ms":2}
{"request_id":"rcc-87e541ae181740a7746f22b5a3e6e047","method":"GET","path":"/api/v1/release-orders/:id","status":200,"duration_ms":13}
{"request_id":"rcc-5697173981ff0c6c0069b3ed1a795b32","method":"GET","path":"/api/v1/table-field-policies/:table_name","status":200,"duration_ms":6}
{"request_id":"rcc-b9a0fca34029a4cc021c9b22b143c99b","method":"GET","path":"/api/v1/release-orders/:id/details","status":200,"duration_ms":7}
{"request_id":"rcc-7fa8cdde0dcbd1f74c9686c5343dc5b7","method":"GET","path":"/api/v1/release-orders/:id/people","status":200,"duration_ms":16}
{"request_id":"rcc-468c07d610d11a0678e431b2856ab097","method":"GET","path":"/api/v1/auth/session","status":200,"duration_ms":1}
{"request_id":"rcc-25977ddc760762ae918cabb2fe98f644","method":"POST","path":"/api/v1/release-orders/:id/complete","status":200,"duration_ms":27}
{"request_id":"rcc-5e4aba95b049b8dab31f15cb8a5e950c","method":"GET","path":"/api/v1/auth/session","status":200,"duration_ms":2}
{"request_id":"rcc-75803463a4427a80a6ca5a20d6fb2d57","method":"POST","path":"/api/v1/tables/:table_name/query","status":200,"duration_ms":16}
{"request_id":"rcc-9adf840faa78dfc60152e648b9a95c7e","method":"GET","path":"/api/v1/auth/session","status":200,"duration_ms":1}
{"request_id":"rcc-6973a5fda3b3612ad60468b3c05aaf5f","method":"GET","path":"/api/v1/table-policies","status":200,"duration_ms":3}
{"request_id":"rcc-8045cb94c8a00a0d0ddbfc54251d2bb2","method":"GET","path":"/api/v1/mutation-policy-types","status":200,"duration_ms":1}
{"request_id":"rcc-4e5ca377b558b7b9c77dcd65d1fcf8b6","method":"GET","path":"/api/v1/query-policy-types","status":200,"duration_ms":2}
{"request_id":"rcc-2ba8f3e925b0f9605bb70f88340854ea","method":"GET","path":"/api/v1/query-policies/:code","status":200,"duration_ms":4}
{"request_id":"rcc-a30c7d6450b38f4df7b67a70aa58c52e","method":"GET","path":"/api/v1/mutation-policies/:code","status":200,"duration_ms":4}
{"request_id":"rcc-e520e65bf6603f44ef041c5f13053e67","method":"POST","path":"/api/v1/tables/:table_name/query","status":200,"duration_ms":20}
{"request_id":"rcc-ae2c012411ab8fb1597246225a5c766e","method":"GET","path":"/api/v1/table-field-policies/:table_name","status":200,"duration_ms":7}
{"request_id":"rcc-b6ee3c41c2777fff7e298a36538a10ab","method":"GET","path":"/api/v1/mutation-policies/:code","status":200,"duration_ms":3}
{"request_id":"rcc-25c1c3353fe862a46f123d8f7b65de05","method":"GET","path":"/api/v1/query-policies/:code","status":200,"duration_ms":3}
{"request_id":"rcc-a2fb76c72d1c8a2ea52f0eecb4bccbe8","method":"POST","path":"/api/v1/tables/:table_name/query","status":200,"duration_ms":18}
{"request_id":"rcc-f5a815cd17541fa74212bc6a48305d97","method":"GET","path":"/api/v1/table-field-policies/:table_name","status":200,"duration_ms":7}
{"request_id":"rcc-07d93af68d68a5bf36d05edecd5e3245","method":"GET","path":"/api/v1/table-field-policies/:table_name","status":200,"duration_ms":6}
{"request_id":"rcc-eb59a68b85b5d2107194d2e8009a37c1","method":"GET","path":"/api/v1/auth/session","status":200,"duration_ms":2}
{"request_id":"rcc-432c998b45ee69e621327c2900dfc32e","method":"POST","path":"/api/v1/tables/:table_name/query","status":200,"duration_ms":19}
{"request_id":"rcc-78e24bb6e5cd0ca6b0ddedc00535f9ad","method":"GET","path":"/api/v1/auth/session","status":200,"duration_ms":1}
{"request_id":"rcc-f727ec4be569be8052e10c5d8140fc8d","method":"GET","path":"/api/v1/table-policies/:table_name","status":200,"duration_ms":3}
{"request_id":"rcc-90d5c6d630fe8a7250c52623b95804e3","method":"GET","path":"/api/v1/auth/session","status":200,"duration_ms":1}
{"request_id":"rcc-672e9637ff932659238fe112ac766933","method":"GET","path":"/api/v1/mutation-policies/:code","status":200,"duration_ms":2}
{"request_id":"rcc-3c2e9fb0006c76b296848acb16828417","method":"POST","path":"/api/v1/release-orders","status":201,"duration_ms":42}
{"request_id":"rcc-763d5e547448a61efcf930c8be5de928","method":"GET","path":"/api/v1/release-orders/:id","status":200,"duration_ms":15}
{"request_id":"rcc-89363283e0c54e28599c820b767d630c","method":"GET","path":"/api/v1/table-field-policies/:table_name","status":200,"duration_ms":7}
{"request_id":"rcc-4b453affb0a2fe1e0f99d7ff7ec7cda1","method":"GET","path":"/api/v1/release-orders/:id/details","status":200,"duration_ms":9}
{"request_id":"rcc-e4d896964e2a65282a6385a3805746ff","method":"GET","path":"/api/v1/release-orders/:id/people","status":200,"duration_ms":19}
{"request_id":"rcc-1e35912d50050eb5f6cba24de1b5c89a","method":"GET","path":"/api/v1/auth/session","status":200,"duration_ms":1}
{"request_id":"rcc-cacb3fda1b2fe926e9d832bb39a71c55","method":"POST","path":"/api/v1/release-orders/:id/submit","status":200,"duration_ms":68}
{"request_id":"rcc-d1377a2bcd3611fd8e50c213144b82c9","method":"GET","path":"/api/v1/auth/session","status":200,"duration_ms":1}
{"request_id":"rcc-f20677d6c41a7d4c9650e539ec9e4751","method":"GET","path":"/api/v1/release-orders/:id","status":200,"duration_ms":10}
{"request_id":"rcc-e1c1053cb56d5b5f4fb769a107af7343","method":"GET","path":"/api/v1/auth/session","status":200,"duration_ms":1}
{"request_id":"rcc-16516442bf73706a69cc5cb2daf1ae80","method":"POST","path":"/api/v1/release-orders/:id/approve","status":200,"duration_ms":28}
{"request_id":"rcc-c8b5d02ca103fd4e5755c4e346851c34","method":"GET","path":"/api/v1/auth/session","status":200,"duration_ms":1}
{"request_id":"rcc-47ca7e46f44d872bbb2ff9403d1187ac","method":"POST","path":"/api/v1/release-orders/:id/execute","status":200,"duration_ms":84}
{"request_id":"rcc-ec2d3fe5529b2bb0f57d608d3098809e","method":"GET","path":"/api/v1/auth/session","status":200,"duration_ms":2}
{"request_id":"rcc-a64da8d7858182341ff08b5a07b0385c","method":"GET","path":"/api/v1/release-orders/:id","status":200,"duration_ms":13}
{"request_id":"rcc-6c8c852fc0dc71ecd66b1fc148f6200d","method":"GET","path":"/api/v1/table-field-policies/:table_name","status":200,"duration_ms":7}
{"request_id":"rcc-d0b194e98f52514b514a4df81dadcb64","method":"GET","path":"/api/v1/release-orders/:id/details","status":200,"duration_ms":9}
{"request_id":"rcc-ee1011aa84b2b16580f16c5bae7db66b","method":"GET","path":"/api/v1/release-orders/:id/people","status":200,"duration_ms":16}
{"request_id":"rcc-c5a7d5688277f3390e66f15b100cb4f5","method":"GET","path":"/api/v1/auth/session","status":200,"duration_ms":1}
{"request_id":"rcc-c1b1457283f3ffe009fbcadb3473c04b","method":"POST","path":"/api/v1/release-orders/:id/complete","status":200,"duration_ms":25}
{"request_id":"rcc-99c464bcf71116352352f8c37a538cf4","method":"GET","path":"/api/v1/auth/session","status":200,"duration_ms":1}
{"request_id":"rcc-38c718c75e09ee8a01c56ce62ddbdb83","method":"POST","path":"/api/v1/tables/:table_name/query","status":200,"duration_ms":12}
{"request_id":"rcc-fef38d832502a844926dc12407411771","method":"GET","path":"/api/v1/auth/session","status":200,"duration_ms":2}
{"request_id":"rcc-fa275add2977d6b672d5a0a309577169","method":"GET","path":"/api/v1/table-policies","status":200,"duration_ms":2}
{"request_id":"rcc-ec9a4237e5169d9ca17f691a887280e9","method":"GET","path":"/api/v1/mutation-policy-types","status":200,"duration_ms":1}
{"request_id":"rcc-814476d50f6a2166d9beaa94fd22a070","method":"GET","path":"/api/v1/query-policy-types","status":200,"duration_ms":2}
{"request_id":"rcc-12858ae543da238cbe9753a6234c6701","method":"GET","path":"/api/v1/query-policies/:code","status":200,"duration_ms":3}
{"request_id":"rcc-8c4ed1ee538a7953c70469c33c0cce0f","method":"GET","path":"/api/v1/mutation-policies/:code","status":200,"duration_ms":3}
{"request_id":"rcc-276f886066a4d7db1344e62f2a7071c3","method":"POST","path":"/api/v1/tables/:table_name/query","status":200,"duration_ms":19}
{"request_id":"rcc-e16bf1987a057e74e9251b136c2579d9","method":"GET","path":"/api/v1/table-field-policies/:table_name","status":200,"duration_ms":6}
{"request_id":"rcc-100b0fd4d0cf2c2d55a659a0d3db2298","method":"GET","path":"/api/v1/mutation-policies/:code","status":200,"duration_ms":4}
{"request_id":"rcc-867fa9278ca0ee68ef78b514c453fee1","method":"GET","path":"/api/v1/query-policies/:code","status":200,"duration_ms":4}
{"request_id":"rcc-4d116af82b6d7146831c741a6ed8dd94","method":"POST","path":"/api/v1/tables/:table_name/query","status":200,"duration_ms":14}
{"request_id":"rcc-b042bdfd8a8f02d2b80edd041945c927","method":"GET","path":"/api/v1/table-field-policies/:table_name","status":200,"duration_ms":8}
{"request_id":"rcc-ddd10420bf96abca7ae6c5aaf0a19ea9","method":"GET","path":"/api/v1/table-field-policies/:table_name","status":200,"duration_ms":7}
{"request_id":"rcc-c7282ed6e1cea3dbeadd031c204c5482","method":"POST","path":"/api/v1/release-orders","status":201,"duration_ms":39}
{"request_id":"rcc-53386150383155dbfd63ddb3341ea750","method":"GET","path":"/api/v1/release-orders/:id","status":200,"duration_ms":16}
{"request_id":"rcc-ee1fdc1898e3c4e11525cc1a38b23fcb","method":"GET","path":"/api/v1/table-field-policies/:table_name","status":200,"duration_ms":6}
{"request_id":"rcc-d1cbe5d8cf2efab89c348c2dcbafd7b4","method":"GET","path":"/api/v1/release-orders/:id/details","status":200,"duration_ms":8}
{"request_id":"rcc-aee1eb61d357fb57213894a527e71a10","method":"GET","path":"/api/v1/release-orders/:id/people","status":200,"duration_ms":19}
{"request_id":"rcc-f69a532ecba0f031bc39332bc66f6a87","method":"GET","path":"/api/v1/auth/session","status":200,"duration_ms":1}
{"request_id":"rcc-f482a4be10b7b82b83114b0ef0fdbe84","method":"POST","path":"/api/v1/release-orders/:id/submit","status":200,"duration_ms":75}
{"request_id":"rcc-138950f9252b3c082710800e5587eda9","method":"GET","path":"/api/v1/auth/session","status":200,"duration_ms":1}
{"request_id":"rcc-7b124c169f428191d1d2cd0ebc808344","method":"GET","path":"/api/v1/release-orders/:id","status":200,"duration_ms":10}
{"request_id":"rcc-c0943056674f96836c489cb67fd1d08e","method":"GET","path":"/api/v1/auth/session","status":200,"duration_ms":1}
{"request_id":"rcc-3693f698332c2693edf221314c887e53","method":"POST","path":"/api/v1/release-orders/:id/approve","status":200,"duration_ms":27}
{"request_id":"rcc-73eede6f3d1110914b4dd4948f392eb7","method":"GET","path":"/api/v1/auth/session","status":200,"duration_ms":0}
{"request_id":"rcc-9f891b2ee34525994e86f4f213811ad2","method":"POST","path":"/api/v1/release-orders/:id/execute","status":200,"duration_ms":84}
{"request_id":"rcc-5e02197b49ca0172d2d3e36fda1c7d94","method":"GET","path":"/api/v1/auth/session","status":200,"duration_ms":2}
{"request_id":"rcc-2a8d73e23791b7513d95cdb7a3b8cb1b","method":"GET","path":"/api/v1/release-orders/:id","status":200,"duration_ms":12}
{"request_id":"rcc-d29023d3c0b8ca8d2c18d00052057b30","method":"GET","path":"/api/v1/table-field-policies/:table_name","status":200,"duration_ms":7}
{"request_id":"rcc-e2f44430ed5f84dbcd5002635f5c94d9","method":"GET","path":"/api/v1/release-orders/:id/details","status":200,"duration_ms":8}
{"request_id":"rcc-016b3f29b3352afc40dec46bd753c8bb","method":"GET","path":"/api/v1/release-orders/:id/people","status":200,"duration_ms":16}
{"request_id":"rcc-5fb73dac4e733f96cee9d9733ed76b9a","method":"GET","path":"/api/v1/auth/session","status":200,"duration_ms":1}
{"request_id":"rcc-cb591c92cb12d51d09d8bcd11fb55deb","method":"POST","path":"/api/v1/release-orders/:id/complete","status":200,"duration_ms":25}
{"request_id":"rcc-1f842a3260744036404793e763262e5f","method":"GET","path":"/api/v1/auth/session","status":200,"duration_ms":1}
{"request_id":"rcc-0ce66a103089893706355ae79c3020f0","method":"POST","path":"/api/v1/tables/:table_name/query","status":200,"duration_ms":15}
{"request_id":"rcc-c66801cf3231adfbff5ac8098884eba8","method":"GET","path":"/api/v1/auth/session","status":200,"duration_ms":2}
{"request_id":"rcc-57d8ed67767749a59ec569e8172e0f81","method":"GET","path":"/api/v1/table-policies","status":200,"duration_ms":3}
{"request_id":"rcc-53a05e048ebb11eb6ce9007031d6caee","method":"GET","path":"/api/v1/query-policy-types","status":200,"duration_ms":2}
{"request_id":"rcc-f682ef7f7598408b75908e43ea103b4f","method":"GET","path":"/api/v1/mutation-policy-types","status":200,"duration_ms":2}
{"request_id":"rcc-b3f55cc5f0008e90d841f98b23d01dd3","method":"GET","path":"/api/v1/mutation-policies/:code","status":200,"duration_ms":5}
{"request_id":"rcc-1daf0650654c739c1d48bef0aa41f7ef","method":"GET","path":"/api/v1/query-policies/:code","status":200,"duration_ms":6}
{"request_id":"rcc-b076b599e77f125b97fd086e453bda80","method":"POST","path":"/api/v1/tables/:table_name/query","status":200,"duration_ms":24}
{"request_id":"rcc-0f4aa62800462d9e2bb129f9a96f9aef","method":"GET","path":"/api/v1/table-field-policies/:table_name","status":200,"duration_ms":7}
{"request_id":"rcc-4660b91bee421ff5f1d9761d3167f3a0","method":"GET","path":"/api/v1/query-policies/:code","status":200,"duration_ms":3}
{"request_id":"rcc-23b2ff53b66537e94918c6b7034076ea","method":"GET","path":"/api/v1/mutation-policies/:code","status":200,"duration_ms":3}
{"request_id":"rcc-11b239cae6fab9c4ec0457d0f01ffed5","method":"POST","path":"/api/v1/tables/:table_name/query","status":200,"duration_ms":19}
{"request_id":"rcc-1f7b68fd9c0fdcf0b9b1997181a1f524","method":"GET","path":"/api/v1/table-field-policies/:table_name","status":200,"duration_ms":8}
{"request_id":"rcc-f79dd95c0a00bf28e59471dabb39a4fe","method":"GET","path":"/api/v1/table-field-policies/:table_name","status":200,"duration_ms":7}
{"request_id":"rcc-a23a335f75cf53a1238afa82233ee157","method":"GET","path":"/api/v1/auth/session","status":200,"duration_ms":1}
{"request_id":"rcc-704ff6c81915b9f9548b0635da89e2b0","method":"POST","path":"/api/v1/tables/:table_name/query","status":200,"duration_ms":17}
{"request_id":"rcc-05ce6b0ba8cfe5e1ae83c364314f35f4","method":"GET","path":"/api/v1/auth/session","status":200,"duration_ms":2}
{"request_id":"rcc-8cc1e113a83f92f474dc1ab7903b403b","method":"GET","path":"/api/v1/table-policies/:table_name","status":200,"duration_ms":2}
{"request_id":"rcc-edc5d8b0d28d5a9bbd2d94e1a8da70df","method":"GET","path":"/api/v1/auth/session","status":200,"duration_ms":1}
{"request_id":"rcc-45c2b789adc4c5d4c154527b9ee5a9a7","method":"GET","path":"/api/v1/mutation-policies/:code","status":200,"duration_ms":2}
{"request_id":"rcc-0bc34c699fd34f03f52316ae7fa6a4a4","method":"POST","path":"/api/v1/release-orders","status":201,"duration_ms":39}
{"request_id":"rcc-b75b944815f911b9401c7d1967c5b27d","method":"GET","path":"/api/v1/release-orders/:id","status":200,"duration_ms":16}
{"request_id":"rcc-cf8c702ad81e64322d2622a6774382ff","method":"GET","path":"/api/v1/table-field-policies/:table_name","status":200,"duration_ms":6}
{"request_id":"rcc-4af364ab35740c50a6d8843675a55ddb","method":"GET","path":"/api/v1/release-orders/:id/details","status":200,"duration_ms":8}
{"request_id":"rcc-9ce20abb01a18b2cb13280570e0437e2","method":"GET","path":"/api/v1/release-orders/:id/people","status":200,"duration_ms":20}
{"request_id":"rcc-5dfb22cec30e67ef2233482168d7bc4e","method":"GET","path":"/api/v1/auth/session","status":200,"duration_ms":1}
{"request_id":"rcc-15a0ef1af77e4ec0bb4f982e00dcfb56","method":"POST","path":"/api/v1/release-orders/:id/submit","status":200,"duration_ms":75}
{"request_id":"rcc-8cb19b2c00424e6bba790e49fea0ba31","method":"GET","path":"/api/v1/auth/session","status":200,"duration_ms":1}
{"request_id":"rcc-1011dc93ba65d505b84266136652c1a1","method":"GET","path":"/api/v1/release-orders/:id","status":200,"duration_ms":10}
{"request_id":"rcc-12d15d32fd548ec01f0b1b5d66b831e2","method":"GET","path":"/api/v1/auth/session","status":200,"duration_ms":1}
{"request_id":"rcc-af83fcf5ce7778d7a493ea5fa69004b8","method":"POST","path":"/api/v1/release-orders/:id/approve","status":200,"duration_ms":26}
{"request_id":"rcc-240046710cf8e215be59c59b371f105e","method":"GET","path":"/api/v1/auth/session","status":200,"duration_ms":1}
{"request_id":"rcc-66eb3bdf62decabc94544240c7152540","method":"POST","path":"/api/v1/release-orders/:id/execute","status":200,"duration_ms":83}
{"request_id":"rcc-4f31e849b7ad4e71f1fe582395887417","method":"GET","path":"/api/v1/auth/session","status":200,"duration_ms":2}
{"request_id":"rcc-d210652e6bbd5a59706472c6f7322f5d","method":"GET","path":"/api/v1/release-orders/:id","status":200,"duration_ms":13}
{"request_id":"rcc-0a3b89786af532309ea8506666e2b39c","method":"GET","path":"/api/v1/table-field-policies/:table_name","status":200,"duration_ms":7}
{"request_id":"rcc-7eab58f13c014f6ec52ee915debf7aad","method":"GET","path":"/api/v1/release-orders/:id/details","status":200,"duration_ms":9}
{"request_id":"rcc-00f8858d5ec1ccc7470db188de30f93d","method":"GET","path":"/api/v1/release-orders/:id/people","status":200,"duration_ms":15}
{"request_id":"rcc-a956e29e9440eb67189273ec3e509be5","method":"GET","path":"/api/v1/auth/session","status":200,"duration_ms":1}
{"request_id":"rcc-7979b413b55c669afe80a9041b8357bc","method":"POST","path":"/api/v1/release-orders/:id/complete","status":200,"duration_ms":26}
{"request_id":"rcc-265275eb61b1691c6a6d2df9322d3894","method":"GET","path":"/api/v1/auth/session","status":200,"duration_ms":1}
{"request_id":"rcc-ac47c6d03c644fa9cd56d3402511af0d","method":"POST","path":"/api/v1/tables/:table_name/query","status":200,"duration_ms":15}
{"request_id":"rcc-41e21b01056cb14bcaed84b92f0c7280","method":"GET","path":"/api/v1/auth/session","status":200,"duration_ms":2}
{"request_id":"rcc-32e7ebfdc13642c06969a6e63c205325","method":"GET","path":"/api/v1/table-policies","status":200,"duration_ms":3}
{"request_id":"rcc-914936e576b30911c92865cfb925f6d4","method":"GET","path":"/api/v1/mutation-policy-types","status":200,"duration_ms":3}
{"request_id":"rcc-27d0cc3a4aa543617c3b29ac181b30f0","method":"GET","path":"/api/v1/query-policy-types","status":200,"duration_ms":3}
{"request_id":"rcc-72e88b8204341b6e94e883f47e18d19a","method":"GET","path":"/api/v1/mutation-policies/:code","status":200,"duration_ms":5}
{"request_id":"rcc-28952cfa959ddbb200b9f329c4d9eab3","method":"GET","path":"/api/v1/query-policies/:code","status":200,"duration_ms":5}
{"request_id":"rcc-0cc92a67c8809c1c3ae0b9b28f40fa86","method":"POST","path":"/api/v1/tables/:table_name/query","status":200,"duration_ms":21}
{"request_id":"rcc-7157187d5446d08c4e2f3e3be0852106","method":"GET","path":"/api/v1/table-field-policies/:table_name","status":200,"duration_ms":7}
{"request_id":"rcc-f5616caf2fbe229ecfaf9074eab5cb66","method":"GET","path":"/api/v1/mutation-policies/:code","status":200,"duration_ms":4}
{"request_id":"rcc-88853bceb56909fdf23a5fc6f4c2b16b","method":"GET","path":"/api/v1/query-policies/:code","status":200,"duration_ms":4}
{"request_id":"rcc-dc29ff2601a4367713bf19a384ef07e2","method":"POST","path":"/api/v1/tables/:table_name/query","status":200,"duration_ms":12}
{"request_id":"rcc-d249c5f747c285a212a452d7d16633f9","method":"GET","path":"/api/v1/table-field-policies/:table_name","status":200,"duration_ms":7}
{"request_id":"rcc-56624128bbdb9247fcde2ededbd242d8","method":"GET","path":"/api/v1/table-field-policies/:table_name","status":200,"duration_ms":6}
{"request_id":"rcc-3ed6aa75637bd2418f0b1d10e63cc040","method":"POST","path":"/api/v1/release-orders","status":422,"duration_ms":19}
{"request_id":"rcc-09212595d24238afefc2012337c1323f","method":"GET","path":"/api/v1/auth/session","status":200,"duration_ms":1}
{"request_id":"rcc-b4241fcb16fe25615787b58984652347","method":"GET","path":"/api/v1/table-policies","status":200,"duration_ms":3}
{"request_id":"rcc-409f8e53a4e06305f57d84f50b6ac084","method":"GET","path":"/api/v1/query-policy-types","status":200,"duration_ms":1}
{"request_id":"rcc-f5496757b53f5c3f6ef495e9a3f710e6","method":"GET","path":"/api/v1/mutation-policy-types","status":200,"duration_ms":1}
{"request_id":"rcc-18af1156f269cf56ba607ddc299b79e8","method":"GET","path":"/api/v1/query-policies/:code","status":200,"duration_ms":4}
{"request_id":"rcc-2a01f64c9108a811b0042ce039357247","method":"GET","path":"/api/v1/mutation-policies/:code","status":200,"duration_ms":3}
{"request_id":"rcc-1f0747302d17c62b34378418edb55a86","method":"GET","path":"/api/v1/query-policies/:code","status":200,"duration_ms":3}
{"request_id":"rcc-f6564f2a42fa8748a829b48174c38e11","method":"GET","path":"/api/v1/mutation-policies/:code","status":200,"duration_ms":3}
{"request_id":"rcc-7cbee793ac8956031942e88c496d8df9","method":"POST","path":"/api/v1/tables/:table_name/query","status":200,"duration_ms":25}
{"request_id":"rcc-20cb4731a798a290aca20b36329cfe92","method":"POST","path":"/api/v1/tables/:table_name/query","status":200,"duration_ms":13}
{"request_id":"rcc-1c1b51348d2327bc431980382cae8069","method":"GET","path":"/api/v1/table-field-policies/:table_name","status":200,"duration_ms":6}
{"request_id":"rcc-5fcae6e16a54204277630c9524f0b910","method":"GET","path":"/api/v1/table-field-policies/:table_name","status":200,"duration_ms":6}
{"request_id":"rcc-584189295eb2ff6795e69612b9820949","method":"POST","path":"/api/v1/release-orders","status":201,"duration_ms":41}
{"request_id":"rcc-9d72d759f549e38c799f6789fa367d0f","method":"GET","path":"/api/v1/release-orders/:id","status":200,"duration_ms":13}
{"request_id":"rcc-0093104e4ab6460f2d8aef7b08172ad2","method":"GET","path":"/api/v1/table-field-policies/:table_name","status":200,"duration_ms":7}
{"request_id":"rcc-4895c0925220ebb985e4e69f83a02552","method":"GET","path":"/api/v1/release-orders/:id/details","status":200,"duration_ms":9}
{"request_id":"rcc-d05f258686f7d7a3205f97c5c5226e9d","method":"GET","path":"/api/v1/auth/session","status":200,"duration_ms":2}
{"request_id":"rcc-0c7246205a541af049972d7521b46ea4","method":"GET","path":"/api/v1/release-orders/:id/people","status":200,"duration_ms":22}
{"request_id":"rcc-34c79c5aa3035973f84516112a8fd85c","method":"POST","path":"/api/v1/release-orders/:id/submit","status":200,"duration_ms":74}
{"request_id":"rcc-af62d6691e83a46774485075c1b9cf36","method":"GET","path":"/api/v1/auth/session","status":200,"duration_ms":1}
{"request_id":"rcc-b8f2d94d6515a6707a390030f9adeeef","method":"GET","path":"/api/v1/release-orders/:id","status":200,"duration_ms":9}
{"request_id":"rcc-3a52377a80bdbc63650cb19c5d5faaac","method":"GET","path":"/api/v1/auth/session","status":200,"duration_ms":0}
{"request_id":"rcc-846503eeb2d0a0cac09333a318238e6b","method":"POST","path":"/api/v1/release-orders/:id/approve","status":200,"duration_ms":29}
{"request_id":"rcc-6ff04cfb6fac01e430bb517f10a62366","method":"GET","path":"/api/v1/auth/session","status":200,"duration_ms":1}
{"request_id":"rcc-3ec8f8aeeec69662e460c0e27cff7851","method":"POST","path":"/api/v1/release-orders/:id/execute","status":200,"duration_ms":84}
{"request_id":"rcc-ffad5a99bf1bb76813935f81d5d4e699","method":"GET","path":"/api/v1/auth/session","status":200,"duration_ms":2}
{"request_id":"rcc-4317c4b4c8df786e56f804831db8ef7d","method":"GET","path":"/api/v1/release-orders/:id","status":200,"duration_ms":15}
{"request_id":"rcc-a846752cb14445e9720f989db7ba2dff","method":"GET","path":"/api/v1/table-field-policies/:table_name","status":200,"duration_ms":6}
{"request_id":"rcc-6917a45cef996248611e0e2921192bfa","method":"GET","path":"/api/v1/release-orders/:id/details","status":200,"duration_ms":8}
{"request_id":"rcc-12b9c69377da0acf107b3810a329b31e","method":"GET","path":"/api/v1/release-orders/:id/people","status":200,"duration_ms":15}
{"request_id":"rcc-10d4846d980afc6cc22921e2d1c76374","method":"GET","path":"/api/v1/auth/session","status":200,"duration_ms":1}
{"request_id":"rcc-83291b41ff0a33435c6ceef103996151","method":"POST","path":"/api/v1/release-orders/:id/complete","status":200,"duration_ms":26}
{"request_id":"rcc-ee410af821566153cb44125fd99ab5c9","method":"GET","path":"/api/v1/auth/session","status":200,"duration_ms":1}
{"request_id":"rcc-0711b6275f506b6dbb8a8cf19a28f2f8","method":"POST","path":"/api/v1/tables/:table_name/query","status":200,"duration_ms":14}
{"request_id":"rcc-95f65eecda8838a29910f7b9af7e870e","method":"GET","path":"/api/v1/auth/session","status":200,"duration_ms":2}
{"request_id":"rcc-8af7d177a79bcb8910b2eb3dc886e456","method":"GET","path":"/api/v1/table-policies","status":200,"duration_ms":2}
{"request_id":"rcc-d6e809c8781107f3fa76bb2f0285e8f8","method":"GET","path":"/api/v1/query-policy-types","status":200,"duration_ms":1}
{"request_id":"rcc-0838f22cf5d8addf3109d2b89761c040","method":"GET","path":"/api/v1/mutation-policy-types","status":200,"duration_ms":1}
{"request_id":"rcc-1f2c61cee808208c0b5ef372da577a5d","method":"GET","path":"/api/v1/query-policies/:code","status":200,"duration_ms":3}
{"request_id":"rcc-5f065f3facba5a54124ee57fbe973e8e","method":"GET","path":"/api/v1/mutation-policies/:code","status":200,"duration_ms":3}
{"request_id":"rcc-021fcf18c6ed8fb119082e08fa1923ae","method":"POST","path":"/api/v1/tables/:table_name/query","status":200,"duration_ms":19}
{"request_id":"rcc-64ff06c3ce0a5bd68f4dd6f3da2a10dc","method":"GET","path":"/api/v1/table-field-policies/:table_name","status":200,"duration_ms":6}
{"request_id":"rcc-38712533b5fedad3105e059be8384cdd","method":"GET","path":"/api/v1/query-policies/:code","status":200,"duration_ms":3}
{"request_id":"rcc-8da75a91a2c51c10cce480f4a8b3c631","method":"GET","path":"/api/v1/mutation-policies/:code","status":200,"duration_ms":3}
{"request_id":"rcc-95fe3984a70e6ebfdee027c30ea00b1c","method":"POST","path":"/api/v1/tables/:table_name/query","status":200,"duration_ms":18}
{"request_id":"rcc-f02ade65712bc71ae76a3cda6a156a94","method":"GET","path":"/api/v1/table-field-policies/:table_name","status":200,"duration_ms":7}
{"request_id":"rcc-64a4dadf7a66fa2b1490953328983bb5","method":"GET","path":"/api/v1/table-field-policies/:table_name","status":200,"duration_ms":6}
{"request_id":"rcc-b0f3707768996173ed8b359b3e9b1ffc","method":"GET","path":"/api/v1/auth/session","status":200,"duration_ms":2}
{"request_id":"rcc-5be6ba7c60738ff746d7e1533c300898","method":"POST","path":"/api/v1/tables/:table_name/query","status":200,"duration_ms":17}
{"request_id":"rcc-dfcac9351b3561321b471913ed35a857","method":"GET","path":"/api/v1/auth/session","status":200,"duration_ms":1}
{"request_id":"rcc-26bf09121b4e276219809319d084d990","method":"GET","path":"/api/v1/table-policies/:table_name","status":200,"duration_ms":2}
{"request_id":"rcc-afc474d60c9b1786d91dd80471e279c2","method":"GET","path":"/api/v1/auth/session","status":200,"duration_ms":1}
{"request_id":"rcc-958f6d3d33ef16df5dbb5674e1e4fea8","method":"GET","path":"/api/v1/mutation-policies/:code","status":200,"duration_ms":2}
{"request_id":"rcc-53c640e203e33f564d492c0d5389e73a","method":"POST","path":"/api/v1/release-orders","status":201,"duration_ms":38}
{"request_id":"rcc-3307aa300c0fb338a2af937f354bd029","method":"GET","path":"/api/v1/release-orders/:id","status":200,"duration_ms":17}
{"request_id":"rcc-44b6e406005122553943cefb687bf792","method":"GET","path":"/api/v1/table-field-policies/:table_name","status":200,"duration_ms":7}
{"request_id":"rcc-b0623768ae962ebbe2a70595e505d721","method":"GET","path":"/api/v1/release-orders/:id/details","status":200,"duration_ms":9}
{"request_id":"rcc-ad9e0b04a7c0dd403a9dbdbb069d126d","method":"GET","path":"/api/v1/release-orders/:id/people","status":200,"duration_ms":20}
{"request_id":"rcc-00938a50f0f5febe9cf248627ad1ece2","method":"GET","path":"/api/v1/auth/session","status":200,"duration_ms":1}
{"request_id":"rcc-be298fa2c1f7ef796838c5f6061d0118","method":"POST","path":"/api/v1/release-orders/:id/submit","status":200,"duration_ms":77}
{"request_id":"rcc-12ccbb3a29567e21e58160dd51c6db01","method":"GET","path":"/api/v1/auth/session","status":200,"duration_ms":1}
{"request_id":"rcc-043515c0d446e233d586b293e62be6a8","method":"GET","path":"/api/v1/release-orders/:id","status":200,"duration_ms":8}
{"request_id":"rcc-a920c022de8a53c7a89dca1922b8b23e","method":"GET","path":"/api/v1/auth/session","status":200,"duration_ms":0}
{"request_id":"rcc-16c963383c84ddb66a1699cdf3b28686","method":"POST","path":"/api/v1/release-orders/:id/approve","status":200,"duration_ms":28}
{"request_id":"rcc-e228d5e1841594d80d27ac25def42099","method":"GET","path":"/api/v1/auth/session","status":200,"duration_ms":0}
{"request_id":"rcc-5eb7739e555896e6fcd548eebba87e73","method":"POST","path":"/api/v1/release-orders/:id/execute","status":200,"duration_ms":90}
{"request_id":"rcc-24c59d758f989f567650a1714f656118","method":"GET","path":"/api/v1/auth/session","status":200,"duration_ms":2}
{"request_id":"rcc-e7c555f71a1979f30e2a04dc34c48d3d","method":"GET","path":"/api/v1/release-orders/:id","status":200,"duration_ms":12}
{"request_id":"rcc-b280a859fe66391de3917aa2ea1a33d0","method":"GET","path":"/api/v1/table-field-policies/:table_name","status":200,"duration_ms":7}
{"request_id":"rcc-20243a6bc47183ec5861bb460ca900c0","method":"GET","path":"/api/v1/release-orders/:id/details","status":200,"duration_ms":10}
{"request_id":"rcc-ba45163424ab4a031101db09174f0128","method":"GET","path":"/api/v1/auth/session","status":200,"duration_ms":1}
{"request_id":"rcc-15818527e124ce2193954f85061dde63","method":"GET","path":"/api/v1/release-orders/:id/people","status":200,"duration_ms":17}
{"request_id":"rcc-179f39c15c58bfc13daa59ec00601867","method":"POST","path":"/api/v1/release-orders/:id/complete","status":200,"duration_ms":26}
{"request_id":"rcc-83bc2ea5a4df4913173bb595189c492b","method":"GET","path":"/api/v1/auth/session","status":200,"duration_ms":1}
{"request_id":"rcc-c2a1a85833e171c0976f1679f79b06fe","method":"POST","path":"/api/v1/tables/:table_name/query","status":200,"duration_ms":13}
{"request_id":"rcc-a0f00b95cd9eb94f06ae04e4dbdcd67d","method":"GET","path":"/api/v1/auth/session","status":200,"duration_ms":2}
{"request_id":"rcc-a3f844d0cebd85eadaa1c529bec4b42a","method":"GET","path":"/api/v1/table-policies","status":200,"duration_ms":2}
{"request_id":"rcc-8387b3b6148907f4e9c474fd2cf827a2","method":"GET","path":"/api/v1/query-policy-types","status":200,"duration_ms":1}
{"request_id":"rcc-ecabc93fbac9ffe99247a1199405569f","method":"GET","path":"/api/v1/mutation-policy-types","status":200,"duration_ms":1}
{"request_id":"rcc-26434d5fd650110929bb327aaa220fd5","method":"GET","path":"/api/v1/query-policies/:code","status":200,"duration_ms":3}
{"request_id":"rcc-53cfc7b5d8ca9e6cf99f0b051b8569df","method":"GET","path":"/api/v1/mutation-policies/:code","status":200,"duration_ms":3}
{"request_id":"rcc-accc010241aa42c3ff6be403ee8b9ebd","method":"POST","path":"/api/v1/tables/:table_name/query","status":200,"duration_ms":20}
{"request_id":"rcc-d53ba8241d87f7908448f3d175afb519","method":"GET","path":"/api/v1/mutation-policies/:code","status":200,"duration_ms":3}
{"request_id":"rcc-1aee3b558f06d74577c7df152e3d3258","method":"GET","path":"/api/v1/query-policies/:code","status":200,"duration_ms":3}
{"request_id":"rcc-5ec585f8bd1687a92c84ee264812a1dd","method":"POST","path":"/api/v1/tables/:table_name/query","status":200,"duration_ms":13}
{"request_id":"rcc-25e49aef706ae7856536e8e0745d0557","method":"GET","path":"/api/v1/table-field-policies/:table_name","status":200,"duration_ms":6}
{"request_id":"rcc-03b558866e8a67ae1c2677e4aab785ff","method":"GET","path":"/api/v1/table-field-policies/:table_name","status":200,"duration_ms":6}
{"request_id":"rcc-593fa218db21e71b381606fd0018e7bc","method":"POST","path":"/api/v1/release-orders","status":201,"duration_ms":40}
{"request_id":"rcc-3d23f409f4bbc156347423142cd17da8","method":"GET","path":"/api/v1/release-orders/:id","status":200,"duration_ms":16}
{"request_id":"rcc-cd7949b58412ad5cb1822025698218a4","method":"GET","path":"/api/v1/table-field-policies/:table_name","status":200,"duration_ms":7}
{"request_id":"rcc-95483fad7c98b438fd0088d410bd3edd","method":"GET","path":"/api/v1/release-orders/:id/details","status":200,"duration_ms":8}
{"request_id":"rcc-4a5a710ea0b71c9c0733bba6afced695","method":"GET","path":"/api/v1/release-orders/:id/people","status":200,"duration_ms":20}
{"request_id":"rcc-9b54ff95822650ea05ed01f22457d5ce","method":"GET","path":"/api/v1/auth/session","status":200,"duration_ms":1}
{"request_id":"rcc-ab41d65a6751c9ea5205170fee4dd3b4","method":"POST","path":"/api/v1/release-orders/:id/submit","status":200,"duration_ms":85}
{"request_id":"rcc-fec02d41e71f65c6bd9cb4374986a518","method":"GET","path":"/api/v1/auth/session","status":200,"duration_ms":1}
{"request_id":"rcc-2903cb06917d265b66591bff835ec170","method":"GET","path":"/api/v1/release-orders/:id","status":200,"duration_ms":8}
{"request_id":"rcc-e5a04224d729354151ee19f9b3c80341","method":"GET","path":"/api/v1/auth/session","status":200,"duration_ms":1}
{"request_id":"rcc-1771e1d704d93840436fcf8a187da7e4","method":"POST","path":"/api/v1/release-orders/:id/approve","status":200,"duration_ms":27}
{"request_id":"rcc-94f3f56df48c2b2a2cdb31bf11419552","method":"GET","path":"/api/v1/auth/session","status":200,"duration_ms":1}
{"request_id":"rcc-f26e87a5dd6f0f8b3d0225af4bc48f74","method":"POST","path":"/api/v1/release-orders/:id/execute","status":200,"duration_ms":83}
{"request_id":"rcc-4f5e6f20064fcbd306d48d051b95e743","method":"GET","path":"/api/v1/auth/session","status":200,"duration_ms":2}
{"request_id":"rcc-424d26f141a0d0a193cdf9d89dd75a08","method":"GET","path":"/api/v1/release-orders/:id","status":200,"duration_ms":12}
{"request_id":"rcc-5a94ebe51dfaec511eee1a0b58b0f281","method":"GET","path":"/api/v1/table-field-policies/:table_name","status":200,"duration_ms":6}
{"request_id":"rcc-67d3c6a7949ec3d30a2657c8072b96f6","method":"GET","path":"/api/v1/release-orders/:id/details","status":200,"duration_ms":8}
{"request_id":"rcc-ae08947232417a8f8f679c167493f7e7","method":"GET","path":"/api/v1/release-orders/:id/people","status":200,"duration_ms":14}
{"request_id":"rcc-6383f290a34fe7dbf975d36a50dbe471","method":"GET","path":"/api/v1/auth/session","status":200,"duration_ms":1}
{"request_id":"rcc-b5dcd55c14d70448386f5719272e7446","method":"POST","path":"/api/v1/release-orders/:id/complete","status":200,"duration_ms":25}
{"request_id":"rcc-1f522d959688bc1ae73903b08b353d5f","method":"GET","path":"/api/v1/auth/session","status":200,"duration_ms":1}
{"request_id":"rcc-c0c5ed043dbbcb57dddb7b03c0365974","method":"POST","path":"/api/v1/tables/:table_name/query","status":200,"duration_ms":15}
{"request_id":"rcc-4810a8dc76432ca0249a4d4016565c31","method":"GET","path":"/api/v1/auth/session","status":200,"duration_ms":2}
{"request_id":"rcc-c3177f09aedbe141d80796405881f074","method":"GET","path":"/api/v1/table-policies","status":200,"duration_ms":2}
{"request_id":"rcc-1b28156078d804a809e7631647153b6e","method":"GET","path":"/api/v1/query-policy-types","status":200,"duration_ms":1}
{"request_id":"rcc-ee3dd72519b999ff21efb5a4f5ad59ad","method":"GET","path":"/api/v1/mutation-policy-types","status":200,"duration_ms":2}
{"request_id":"rcc-5224892d6851be4c44b0a0a2c849f072","method":"GET","path":"/api/v1/query-policies/:code","status":200,"duration_ms":4}
{"request_id":"rcc-0a6dbf96a535221871e3a2f922e86dee","method":"GET","path":"/api/v1/mutation-policies/:code","status":200,"duration_ms":3}
{"request_id":"rcc-891f11365682192474300bd3d7338a2e","method":"POST","path":"/api/v1/tables/:table_name/query","status":200,"duration_ms":20}
{"request_id":"rcc-d33d7a1032a9f41031a5d00eb5c3fa48","method":"GET","path":"/api/v1/table-field-policies/:table_name","status":200,"duration_ms":6}
{"request_id":"rcc-8b9a898712328a27c4b8dcaeaa5f1550","method":"GET","path":"/api/v1/mutation-policies/:code","status":200,"duration_ms":3}
{"request_id":"rcc-10b9db7959c71057c49f4e6b59c3878b","method":"GET","path":"/api/v1/query-policies/:code","status":200,"duration_ms":3}
{"request_id":"rcc-e9bab87f8557d9e9c465efe7c2286fc5","method":"POST","path":"/api/v1/tables/:table_name/query","status":200,"duration_ms":18}
{"request_id":"rcc-57915e2631e259934db8925905fa16ee","method":"GET","path":"/api/v1/table-field-policies/:table_name","status":200,"duration_ms":7}
{"request_id":"rcc-05859a5b4558691b29f8478ce58b2083","method":"GET","path":"/api/v1/table-field-policies/:table_name","status":200,"duration_ms":6}
{"request_id":"rcc-89c42cdfffe26e7dcedbe1ed30410969","method":"GET","path":"/api/v1/auth/session","status":200,"duration_ms":2}
{"request_id":"rcc-c599acf51d3915132e9fe335bf8dbd72","method":"POST","path":"/api/v1/tables/:table_name/query","status":200,"duration_ms":18}
{"request_id":"rcc-bc309a687fbc62e9569ce7292773cc96","method":"GET","path":"/api/v1/auth/session","status":200,"duration_ms":1}
{"request_id":"rcc-b38d338601b52993791833eb38e4c07c","method":"GET","path":"/api/v1/table-policies/:table_name","status":200,"duration_ms":2}
{"request_id":"rcc-bbb03ab0b5efd8cc413ef211126c72f1","method":"GET","path":"/api/v1/auth/session","status":200,"duration_ms":1}
{"request_id":"rcc-4e40c6a230020bc0fe5efa2ef4ba5ace","method":"GET","path":"/api/v1/mutation-policies/:code","status":200,"duration_ms":3}
{"request_id":"rcc-1e2b5ded6c49bc497467f6684ad5f2dc","method":"POST","path":"/api/v1/release-orders","status":201,"duration_ms":41}
{"request_id":"rcc-0de1c82b714d57d028273aaab7956903","method":"GET","path":"/api/v1/release-orders/:id","status":200,"duration_ms":19}
{"request_id":"rcc-b291fa809f71073cdc1186c79d5fbc16","method":"GET","path":"/api/v1/table-field-policies/:table_name","status":200,"duration_ms":9}
{"request_id":"rcc-123e2ef4e6de54090f52f869047f951a","method":"GET","path":"/api/v1/release-orders/:id/details","status":200,"duration_ms":13}
{"request_id":"rcc-42a8ccf0b5da91785e628d2e959f34f9","method":"GET","path":"/api/v1/release-orders/:id/people","status":200,"duration_ms":24}
{"request_id":"rcc-07f396d95834e3abd24f1336a346e939","method":"GET","path":"/api/v1/auth/session","status":200,"duration_ms":1}
{"request_id":"rcc-61246241d72908064bcd58d617481e99","method":"POST","path":"/api/v1/release-orders/:id/submit","status":200,"duration_ms":76}
{"request_id":"rcc-f991f39a4e17d133f69c39e5f62071bf","method":"GET","path":"/api/v1/auth/session","status":200,"duration_ms":2}
{"request_id":"rcc-eeed5d141c1abde1ac7eacfa00e461de","method":"GET","path":"/api/v1/release-orders/:id","status":200,"duration_ms":8}
{"request_id":"rcc-fe394aa82a9a59083cf11bfc2ef8f316","method":"GET","path":"/api/v1/auth/session","status":200,"duration_ms":0}
{"request_id":"rcc-13ab0b6ef472cf4764cadbd3bd8a069b","method":"POST","path":"/api/v1/release-orders/:id/approve","status":200,"duration_ms":27}
{"request_id":"rcc-91d044f38c16499b6132090752a7a52a","method":"GET","path":"/api/v1/auth/session","status":200,"duration_ms":0}
{"request_id":"rcc-418c2857527c4a96a319ece15123b044","method":"POST","path":"/api/v1/release-orders/:id/execute","status":200,"duration_ms":82}
{"request_id":"rcc-cb701daf1cefb1e79b0bfab65110f629","method":"GET","path":"/api/v1/auth/session","status":200,"duration_ms":2}
{"request_id":"rcc-def3117595eb5cec6a3bb47453f2a772","method":"GET","path":"/api/v1/release-orders/:id","status":200,"duration_ms":12}
{"request_id":"rcc-cb6dcb5c0e4fcd74354dd8c749d2f704","method":"GET","path":"/api/v1/table-field-policies/:table_name","status":200,"duration_ms":7}
{"request_id":"rcc-464d6a268cc940e194ed4ad65788e083","method":"GET","path":"/api/v1/release-orders/:id/details","status":200,"duration_ms":9}
{"request_id":"rcc-0f5b166b349e97208500fe1af3be389a","method":"GET","path":"/api/v1/release-orders/:id/people","status":200,"duration_ms":15}
{"request_id":"rcc-e120218332ad9ffe85d01061e9877c4d","method":"GET","path":"/api/v1/auth/session","status":200,"duration_ms":1}
{"request_id":"rcc-a306f9767c652b2efa6152802df7eec5","method":"POST","path":"/api/v1/release-orders/:id/complete","status":200,"duration_ms":27}
{"request_id":"rcc-28b7fa01ad4cbebd117369882451e444","method":"GET","path":"/api/v1/auth/session","status":200,"duration_ms":1}
{"request_id":"rcc-2625b0d4baca5b8f8191d1f2ec530505","method":"POST","path":"/api/v1/tables/:table_name/query","status":200,"duration_ms":12}
{"request_id":"rcc-6ec90ac2fb6ffb1ee1ec6505a0fb69bd","method":"GET","path":"/api/v1/auth/session","status":200,"duration_ms":2}
{"request_id":"rcc-c7251d64b8f3ee52162c813309e89379","method":"GET","path":"/api/v1/table-policies","status":200,"duration_ms":2}
{"request_id":"rcc-c5d65e9f0d1d408dd56fd0f976aa9951","method":"GET","path":"/api/v1/query-policy-types","status":200,"duration_ms":1}
{"request_id":"rcc-4819df949dd07f8d311311ce4b8d541e","method":"GET","path":"/api/v1/mutation-policy-types","status":200,"duration_ms":1}
{"request_id":"rcc-77e8dd26c0b4cb210e191b17f5397162","method":"GET","path":"/api/v1/query-policies/:code","status":200,"duration_ms":4}
{"request_id":"rcc-3deffc04be911c15ac00f1065e49c772","method":"GET","path":"/api/v1/mutation-policies/:code","status":200,"duration_ms":4}
{"request_id":"rcc-cf2d02837e5753a3f3ab31bb1e91bddf","method":"POST","path":"/api/v1/tables/:table_name/query","status":200,"duration_ms":21}
{"request_id":"rcc-a88ef42c4d7c24cb6b489e2841a08528","method":"GET","path":"/api/v1/table-field-policies/:table_name","status":200,"duration_ms":7}
{"request_id":"rcc-d9904c1a24891570d35a7353e22950fc","method":"GET","path":"/api/v1/mutation-policies/:code","status":200,"duration_ms":3}
{"request_id":"rcc-131c0b0165f7c61d3cf2dca23305614e","method":"GET","path":"/api/v1/query-policies/:code","status":200,"duration_ms":4}
{"request_id":"rcc-4bf5a826fb10c5de8d0820a5b403e0a8","method":"POST","path":"/api/v1/tables/:table_name/query","status":200,"duration_ms":14}
{"request_id":"rcc-426ea8ffa6b1448a3ea658e2f433eb91","method":"GET","path":"/api/v1/table-field-policies/:table_name","status":200,"duration_ms":7}
{"request_id":"rcc-136046075c5e25421733b8344537d3d5","method":"GET","path":"/api/v1/table-field-policies/:table_name","status":200,"duration_ms":6}
{"request_id":"rcc-97f879b0adfc0f5243918c27ab3a97d7","method":"POST","path":"/api/v1/release-orders","status":201,"duration_ms":41}
{"request_id":"rcc-b5e5daaa447374df08c4c06da1031685","method":"GET","path":"/api/v1/release-orders/:id","status":200,"duration_ms":16}
{"request_id":"rcc-d3ef55459f28dfe778ce0896da2372f8","method":"GET","path":"/api/v1/table-field-policies/:table_name","status":200,"duration_ms":7}
{"request_id":"rcc-8eb930cdd0ebc7ee65d9fba0f9face6c","method":"GET","path":"/api/v1/release-orders/:id/details","status":200,"duration_ms":9}
{"request_id":"rcc-dbd9512f99ab70ef39277cc1a51668ea","method":"GET","path":"/api/v1/release-orders/:id/people","status":200,"duration_ms":20}
{"request_id":"rcc-54f92c6dec556156b7f41b0d6c10ba49","method":"GET","path":"/api/v1/auth/session","status":200,"duration_ms":2}
{"request_id":"rcc-f7c2ec4a60dd040aed81ba44e2942df6","method":"POST","path":"/api/v1/release-orders/:id/submit","status":200,"duration_ms":74}
{"request_id":"rcc-c1b055a1b283f5b4a56a569408e16546","method":"GET","path":"/api/v1/auth/session","status":200,"duration_ms":1}
{"request_id":"rcc-bea3d621499131848291c9311b066f2c","method":"GET","path":"/api/v1/release-orders/:id","status":200,"duration_ms":9}
{"request_id":"rcc-b969e243c3d3be40d124be41e423b135","method":"GET","path":"/api/v1/auth/session","status":200,"duration_ms":1}
{"request_id":"rcc-05bbc97f9cf11d48200a698d54dfbc6d","method":"POST","path":"/api/v1/release-orders/:id/approve","status":200,"duration_ms":29}
{"request_id":"rcc-0de8cda64f62917ffda39155e9f8be8c","method":"GET","path":"/api/v1/auth/session","status":200,"duration_ms":0}
{"request_id":"rcc-f5a3472d653f42aa1c67ea18d38859f8","method":"POST","path":"/api/v1/release-orders/:id/execute","status":200,"duration_ms":80}
{"request_id":"rcc-c03cebeddc500f6a125d19c91edb2b83","method":"GET","path":"/api/v1/auth/session","status":200,"duration_ms":1}
{"request_id":"rcc-c753ff61691ca16880383e7a1ed206e8","method":"GET","path":"/api/v1/release-orders/:id","status":200,"duration_ms":13}
{"request_id":"rcc-6912ffb8565282fb061e866b98e49e50","method":"GET","path":"/api/v1/table-field-policies/:table_name","status":200,"duration_ms":7}
{"request_id":"rcc-441d0f64211e81dff1be803f7ed799a0","method":"GET","path":"/api/v1/release-orders/:id/details","status":200,"duration_ms":8}
{"request_id":"rcc-23c836ef42cb463cc2f1e9325992333c","method":"GET","path":"/api/v1/release-orders/:id/people","status":200,"duration_ms":14}
{"request_id":"rcc-c7a675ba748dfa97e755a3e7fe74b5e2","method":"GET","path":"/api/v1/auth/session","status":200,"duration_ms":1}
{"request_id":"rcc-baf6579c6f419736de741c05ea3192b4","method":"POST","path":"/api/v1/release-orders/:id/complete","status":200,"duration_ms":28}
{"request_id":"rcc-625bbb88be2a1b5eb69e8940a4376564","method":"GET","path":"/api/v1/auth/session","status":200,"duration_ms":1}
{"request_id":"rcc-307ae1ab55c5255a837ed0e98a74672f","method":"POST","path":"/api/v1/tables/:table_name/query","status":200,"duration_ms":15}
{"request_id":"rcc-ab2cc83672b229d8d03d4bf6f1c99c1f","method":"GET","path":"/api/v1/auth/session","status":200,"duration_ms":2}
{"request_id":"rcc-8e9419239036ad7ea44a32163583be51","method":"GET","path":"/api/v1/table-policies","status":200,"duration_ms":2}
{"request_id":"rcc-8133ef2c2b76488975ce93b3b6108b34","method":"GET","path":"/api/v1/mutation-policy-types","status":200,"duration_ms":1}
{"request_id":"rcc-94501fc02f6826d4a409b1a41a663b74","method":"GET","path":"/api/v1/query-policy-types","status":200,"duration_ms":2}
{"request_id":"rcc-d52e79006a5d4f26df56c8e11383d32d","method":"GET","path":"/api/v1/query-policies/:code","status":200,"duration_ms":3}
{"request_id":"rcc-006e78dc9589337fd8ab745f77898404","method":"GET","path":"/api/v1/mutation-policies/:code","status":200,"duration_ms":3}
{"request_id":"rcc-fd8f454a855c293badb8d47ea82f707a","method":"POST","path":"/api/v1/tables/:table_name/query","status":200,"duration_ms":21}
{"request_id":"rcc-6f26dcc45747776d581fea9a67336291","method":"GET","path":"/api/v1/query-policies/:code","status":200,"duration_ms":3}
{"request_id":"rcc-4b0851226e76728b31a7cbefb9da13d2","method":"GET","path":"/api/v1/mutation-policies/:code","status":200,"duration_ms":3}
{"request_id":"rcc-4a8be5c0660e1ac6cdb6e7b4d3c2e32d","method":"POST","path":"/api/v1/tables/:table_name/query","status":200,"duration_ms":18}
{"request_id":"rcc-6276533dcc3699c6c9b120434871666e","method":"GET","path":"/api/v1/table-field-policies/:table_name","status":200,"duration_ms":40}
{"request_id":"rcc-d1c25b4c920f0378934bd423ccb1e5ef","method":"GET","path":"/api/v1/table-field-policies/:table_name","status":200,"duration_ms":6}
{"request_id":"rcc-c5397c82e6a569953eab4e39dc65e890","method":"GET","path":"/api/v1/auth/session","status":200,"duration_ms":1}
{"request_id":"rcc-bc5c0a16c3a94b709bafd4f8f1a60284","method":"POST","path":"/api/v1/tables/:table_name/query","status":200,"duration_ms":16}
{"request_id":"rcc-6f9310e20ec4831ee81b13a36fb7c882","method":"GET","path":"/api/v1/auth/session","status":200,"duration_ms":1}
{"request_id":"rcc-463555d99e80b4a1c2074d3a6205a93b","method":"GET","path":"/api/v1/table-policies/:table_name","status":200,"duration_ms":3}
{"request_id":"rcc-ce693c219571e1db03f225c15ed49301","method":"GET","path":"/api/v1/auth/session","status":200,"duration_ms":1}
{"request_id":"rcc-e678cfe0691b09651e93ece057eb9241","method":"GET","path":"/api/v1/mutation-policies/:code","status":200,"duration_ms":2}
{"request_id":"rcc-0fb2d8773c0c7b42cd01cdcbb59665bb","method":"POST","path":"/api/v1/release-orders","status":201,"duration_ms":43}
{"request_id":"rcc-1dcc7a11714690e47d68a78f63098605","method":"GET","path":"/api/v1/release-orders/:id","status":200,"duration_ms":16}
{"request_id":"rcc-56b92594e70f0bcbc79d3a27f2718c2f","method":"GET","path":"/api/v1/table-field-policies/:table_name","status":200,"duration_ms":6}
{"request_id":"rcc-f5cdef923a763b39c90ff449c2fdaf5c","method":"GET","path":"/api/v1/release-orders/:id/details","status":200,"duration_ms":8}
{"request_id":"rcc-acaa8dbf4308877e2bc75ee8355e2747","method":"GET","path":"/api/v1/release-orders/:id/people","status":200,"duration_ms":22}
{"request_id":"rcc-303253ca2772a6350560009097422eb8","method":"GET","path":"/api/v1/auth/session","status":200,"duration_ms":1}
{"request_id":"rcc-6120553168bc8465bbba7ee63147a54c","method":"POST","path":"/api/v1/release-orders/:id/submit","status":200,"duration_ms":77}
{"request_id":"rcc-70a246ba1bb880841a5a6628a4311fa3","method":"GET","path":"/api/v1/auth/session","status":200,"duration_ms":1}
{"request_id":"rcc-a3cb872330181c59425f1d76d686fd47","method":"GET","path":"/api/v1/release-orders/:id","status":200,"duration_ms":7}
{"request_id":"rcc-e6d2c266c36043ceb06fa9de080cc56d","method":"GET","path":"/api/v1/auth/session","status":200,"duration_ms":0}
{"request_id":"rcc-d3f7646de7129608b42913a0ddd022c0","method":"POST","path":"/api/v1/release-orders/:id/approve","status":200,"duration_ms":28}
{"request_id":"rcc-7f6c8d148816bb841cf0e9a809b2228b","method":"GET","path":"/api/v1/auth/session","status":200,"duration_ms":1}
{"request_id":"rcc-5f9e3aeac8984dca1303ba0bd93a873d","method":"POST","path":"/api/v1/release-orders/:id/execute","status":200,"duration_ms":81}
{"request_id":"rcc-b6843a6e7cb0b095db7c8252648d593d","method":"GET","path":"/api/v1/auth/session","status":200,"duration_ms":2}
{"request_id":"rcc-de6085bd8f2a20bf975de8535a15715c","method":"GET","path":"/api/v1/release-orders/:id","status":200,"duration_ms":12}
{"request_id":"rcc-5445c072ff5d80888da52961f5a6f112","method":"GET","path":"/api/v1/table-field-policies/:table_name","status":200,"duration_ms":7}
{"request_id":"rcc-253fdd93957b5220c4ba0e5e3006f39e","method":"GET","path":"/api/v1/release-orders/:id/details","status":200,"duration_ms":9}
{"request_id":"rcc-533e76e822ddabfda967f7c96fb40985","method":"GET","path":"/api/v1/release-orders/:id/people","status":200,"duration_ms":15}
{"request_id":"rcc-1c97a466a1a413b83e68e4f2bfe064a2","method":"GET","path":"/api/v1/auth/session","status":200,"duration_ms":1}
{"request_id":"rcc-7f7c93037a7e4fa5e1c37d0314404c68","method":"POST","path":"/api/v1/release-orders/:id/complete","status":200,"duration_ms":28}
{"request_id":"rcc-3b45683222dcfc846ca2536c40d38739","method":"GET","path":"/api/v1/auth/session","status":200,"duration_ms":1}
{"request_id":"rcc-fdcd49953e07ac06555f20858435cf48","method":"POST","path":"/api/v1/tables/:table_name/query","status":200,"duration_ms":13}
{"request_id":"rcc-3773d46eb4fbe51d308615acdbe340ba","method":"GET","path":"/api/v1/auth/session","status":200,"duration_ms":2}
{"request_id":"rcc-55f1fccaabfa2e9b243cbaa035d2eaa4","method":"GET","path":"/api/v1/table-policies","status":200,"duration_ms":2}
{"request_id":"rcc-698a503686482314ba3c69b1c52104d1","method":"GET","path":"/api/v1/mutation-policy-types","status":200,"duration_ms":1}
{"request_id":"rcc-2b1685115e3a5c4b125f910aabc8166a","method":"GET","path":"/api/v1/query-policy-types","status":200,"duration_ms":1}
{"request_id":"rcc-935643d15543250b84f378e456cae68e","method":"GET","path":"/api/v1/query-policies/:code","status":200,"duration_ms":5}
{"request_id":"rcc-3bcd71faa80c5ab1034ff4be54e147f9","method":"GET","path":"/api/v1/mutation-policies/:code","status":200,"duration_ms":4}
{"request_id":"rcc-3ee2dd19196544c9d56e90022284b24a","method":"POST","path":"/api/v1/tables/:table_name/query","status":200,"duration_ms":19}
{"request_id":"rcc-b653e6da2d8e178190859b8c6594f3ff","method":"GET","path":"/api/v1/table-field-policies/:table_name","status":200,"duration_ms":6}
{"request_id":"rcc-fb3902efa590e1d8f7856a6b215d0bef","method":"GET","path":"/api/v1/query-policies/:code","status":200,"duration_ms":3}
{"request_id":"rcc-0653d48ef7076b7bebe330ef0eec9775","method":"GET","path":"/api/v1/mutation-policies/:code","status":200,"duration_ms":3}
{"request_id":"rcc-19ca0a21685e7d96aa2e2bc13e0fbbf2","method":"POST","path":"/api/v1/tables/:table_name/query","status":200,"duration_ms":13}
{"request_id":"rcc-406dd2966c3eb45e55b6f9006725a562","method":"GET","path":"/api/v1/table-field-policies/:table_name","status":200,"duration_ms":7}
{"request_id":"rcc-fa66d318da23b006cd7b2f4d23afcd99","method":"GET","path":"/api/v1/table-field-policies/:table_name","status":200,"duration_ms":6}
{"request_id":"rcc-11db9044221964cd83374c5eab13176b","method":"POST","path":"/api/v1/release-orders","status":201,"duration_ms":39}
{"request_id":"rcc-37b3a2b682d2f96165c825b36504dd4e","method":"GET","path":"/api/v1/release-orders/:id","status":200,"duration_ms":16}
{"request_id":"rcc-e3e4dbe986547975233d0f728c51df22","method":"GET","path":"/api/v1/table-field-policies/:table_name","status":200,"duration_ms":6}
{"request_id":"rcc-4bc235291faa71b2f50196107afabf8a","method":"GET","path":"/api/v1/release-orders/:id/details","status":200,"duration_ms":7}
{"request_id":"rcc-ac359713d808c0a90f1978575cf296aa","method":"GET","path":"/api/v1/release-orders/:id/people","status":200,"duration_ms":20}
{"request_id":"rcc-4c39eabe60fb968dbc27d808f54b6fa8","method":"GET","path":"/api/v1/auth/session","status":200,"duration_ms":1}
{"request_id":"rcc-f36504fbad45e263a227502218d37b34","method":"POST","path":"/api/v1/release-orders/:id/submit","status":200,"duration_ms":70}
{"request_id":"rcc-489bb1c5d85fa901da708299bee99c4c","method":"GET","path":"/api/v1/auth/session","status":200,"duration_ms":1}
{"request_id":"rcc-57215d24debcebc6de5478cb560f7a19","method":"GET","path":"/api/v1/release-orders/:id","status":200,"duration_ms":9}
{"request_id":"rcc-d6b06769ce7a967cc7615d711cb1661b","method":"GET","path":"/api/v1/auth/session","status":200,"duration_ms":1}
{"request_id":"rcc-d8856450c8b2b744ec1385fb246b8ff4","method":"POST","path":"/api/v1/release-orders/:id/approve","status":200,"duration_ms":28}
{"request_id":"rcc-fc0d4000f2d5ef2b2f351fc96975117e","method":"GET","path":"/api/v1/auth/session","status":200,"duration_ms":1}
{"request_id":"rcc-ed6cd0b840353c8c3e1b3abe9c6284b6","method":"POST","path":"/api/v1/release-orders/:id/execute","status":200,"duration_ms":82}
{"request_id":"rcc-fdcac6b0a63f796648a3653a872b3357","method":"GET","path":"/api/v1/auth/session","status":200,"duration_ms":2}
{"request_id":"rcc-42bc7d0e1ca53f618a766cc564ac8aba","method":"GET","path":"/api/v1/release-orders/:id","status":200,"duration_ms":11}
{"request_id":"rcc-dba789a858de58a7eaa4e63fd594dcea","method":"GET","path":"/api/v1/table-field-policies/:table_name","status":200,"duration_ms":7}
{"request_id":"rcc-352dc8c7a0465403546405c78465e2dc","method":"GET","path":"/api/v1/release-orders/:id/details","status":200,"duration_ms":7}
{"request_id":"rcc-76c37b5d2464ded2a9e1dd0fd917585b","method":"GET","path":"/api/v1/auth/session","status":200,"duration_ms":1}
{"request_id":"rcc-83eb6325ccb71bef82b62572db2f3de5","method":"GET","path":"/api/v1/release-orders/:id/people","status":200,"duration_ms":16}
{"request_id":"rcc-040c10cec1e79866b676239d3c99d407","method":"POST","path":"/api/v1/release-orders/:id/complete","status":200,"duration_ms":29}
{"request_id":"rcc-2ae0f280e7f666e623d4bc0e2509857b","method":"GET","path":"/api/v1/auth/session","status":200,"duration_ms":1}
{"request_id":"rcc-0a77c1c3df27e572e5617beaaf485bd8","method":"POST","path":"/api/v1/tables/:table_name/query","status":200,"duration_ms":15}
{"request_id":"rcc-4c013d4fa8c9d483d2d273d27ae6ae55","method":"GET","path":"/api/v1/auth/session","status":200,"duration_ms":1}
{"request_id":"rcc-0f6c7f73da054c2b7b0c78c76e0f9b93","method":"GET","path":"/api/v1/table-policies","status":200,"duration_ms":2}
{"request_id":"rcc-121f6ad8898d92be40bc9ce65596ba1e","method":"GET","path":"/api/v1/query-policy-types","status":200,"duration_ms":1}
{"request_id":"rcc-8c8327c00a07b1e962292c4ea10bcf47","method":"GET","path":"/api/v1/mutation-policy-types","status":200,"duration_ms":1}
{"request_id":"rcc-75509ab466780a9b80238aa9ab1e9fe9","method":"GET","path":"/api/v1/query-policies/:code","status":200,"duration_ms":4}
{"request_id":"rcc-fbad298ad756b195f204546a16e84ba7","method":"GET","path":"/api/v1/mutation-policies/:code","status":200,"duration_ms":4}
{"request_id":"rcc-94562d3a1727d67e36a687194a29035e","method":"POST","path":"/api/v1/tables/:table_name/query","status":200,"duration_ms":21}
{"request_id":"rcc-80821f9a987b38fb4cde0b3dbfd1b0cd","method":"GET","path":"/api/v1/table-field-policies/:table_name","status":200,"duration_ms":6}
{"request_id":"rcc-d64b7ac694d91bbe2a5463dc18f825db","method":"GET","path":"/api/v1/mutation-policies/:code","status":200,"duration_ms":4}
{"request_id":"rcc-861eab8cb4ef07ea9b4e3d8bfe2d17a2","method":"GET","path":"/api/v1/query-policies/:code","status":200,"duration_ms":4}
{"request_id":"rcc-7c196f5af403ef28ae96b60bf1d9384b","method":"POST","path":"/api/v1/tables/:table_name/query","status":200,"duration_ms":19}
{"request_id":"rcc-b23b5441b68749bce8be6f610e930ef5","method":"GET","path":"/api/v1/table-field-policies/:table_name","status":200,"duration_ms":7}
{"request_id":"rcc-578ea1a7fd28302127d44a93d5c663a2","method":"GET","path":"/api/v1/table-field-policies/:table_name","status":200,"duration_ms":7}
{"request_id":"rcc-3d45db4c90fa6f6dac34a6eda35df40d","method":"GET","path":"/api/v1/auth/session","status":200,"duration_ms":1}
{"request_id":"rcc-96ceec3a7ac11fd67d21f06a3d0dfe7a","method":"POST","path":"/api/v1/tables/:table_name/query","status":200,"duration_ms":17}
{"request_id":"rcc-11dc0239c5ea127249224554cb44e55a","method":"GET","path":"/api/v1/auth/session","status":200,"duration_ms":1}
{"request_id":"rcc-8283e6db39d42e3e7d03fb6418096f81","method":"GET","path":"/api/v1/table-policies/:table_name","status":200,"duration_ms":2}
{"request_id":"rcc-6cd24586d9968399e281c1dddaf87c40","method":"GET","path":"/api/v1/auth/session","status":200,"duration_ms":1}
{"request_id":"rcc-14d5bf3b1d77b90aeabd99dfbe088232","method":"GET","path":"/api/v1/mutation-policies/:code","status":200,"duration_ms":2}
{"request_id":"rcc-45c82d1e96ddc7c5346890b641c93dfc","method":"POST","path":"/api/v1/release-orders","status":201,"duration_ms":40}
{"request_id":"rcc-964b4277e8cac38a22bacd78eccef27d","method":"GET","path":"/api/v1/release-orders/:id","status":200,"duration_ms":13}
{"request_id":"rcc-e0145b2a985c401c3705956cdc9ae091","method":"GET","path":"/api/v1/table-field-policies/:table_name","status":200,"duration_ms":6}
{"request_id":"rcc-d38a3827f6b22135cc2dccc235bcf7bb","method":"GET","path":"/api/v1/release-orders/:id/details","status":200,"duration_ms":8}
{"request_id":"rcc-e32ac3031cade336e01406f2213f3a58","method":"GET","path":"/api/v1/auth/session","status":200,"duration_ms":1}
{"request_id":"rcc-bfd5d3f5f59f6436cf9180a79ddd97b4","method":"GET","path":"/api/v1/release-orders/:id/people","status":200,"duration_ms":22}
{"request_id":"rcc-a62687fd16f0e1a6774342df08837c56","method":"POST","path":"/api/v1/release-orders/:id/submit","status":200,"duration_ms":76}
{"request_id":"rcc-8e9dc79eeadf2d2e4737d1d9db36fcf6","method":"GET","path":"/api/v1/auth/session","status":200,"duration_ms":1}
{"request_id":"rcc-4fabc7cd8eb54206cee5e9a3987522dc","method":"GET","path":"/api/v1/release-orders/:id","status":200,"duration_ms":8}
{"request_id":"rcc-143223826000ddc103e2328661044e82","method":"GET","path":"/api/v1/auth/session","status":200,"duration_ms":1}
{"request_id":"rcc-f53dd79542371b7925c19c6b4cf38e50","method":"POST","path":"/api/v1/release-orders/:id/approve","status":200,"duration_ms":30}
{"request_id":"rcc-4d51c168849b66aed77e16f1f5ee93ce","method":"GET","path":"/api/v1/auth/session","status":200,"duration_ms":1}
{"request_id":"rcc-3eba0c7453657b39f1e96d600cde2fcc","method":"POST","path":"/api/v1/release-orders/:id/execute","status":200,"duration_ms":79}
{"request_id":"rcc-89b80aeb986f0f1e7358470a3d6a5e76","method":"GET","path":"/api/v1/auth/session","status":200,"duration_ms":1}
{"request_id":"rcc-754578a572de70ca76d666ed364d9b42","method":"GET","path":"/api/v1/release-orders/:id","status":200,"duration_ms":13}
{"request_id":"rcc-95f853094a507ce5d86039e06b026da5","method":"GET","path":"/api/v1/table-field-policies/:table_name","status":200,"duration_ms":6}
{"request_id":"rcc-1e796ac05bd42e340b2c6ae608ff046a","method":"GET","path":"/api/v1/release-orders/:id/details","status":200,"duration_ms":8}
{"request_id":"rcc-63c95744920b4e57adca8f38e3f13e7d","method":"GET","path":"/api/v1/release-orders/:id/people","status":200,"duration_ms":15}
{"request_id":"rcc-c178a7026299bd93272ba5fe3d16ea6d","method":"GET","path":"/api/v1/auth/session","status":200,"duration_ms":1}
{"request_id":"rcc-8d5b0bf5f7d1c9df66281e051fd4cac1","method":"POST","path":"/api/v1/release-orders/:id/complete","status":200,"duration_ms":28}
{"request_id":"rcc-57a3b037d623deabdd86829254e3e3e6","method":"GET","path":"/api/v1/auth/session","status":200,"duration_ms":1}
{"request_id":"rcc-87f05cfcb854eac5c8412573e2031283","method":"POST","path":"/api/v1/tables/:table_name/query","status":200,"duration_ms":13}
{"request_id":"rcc-403f433a2923a8ca77f57ef2bb80a259","method":"GET","path":"/api/v1/auth/session","status":200,"duration_ms":1}
{"request_id":"rcc-2dbce25de7dc164ddccf860547a9e89b","method":"GET","path":"/api/v1/table-policies","status":200,"duration_ms":2}
{"request_id":"rcc-0a60cf5760baf4bd8c844c979b4fbfe6","method":"GET","path":"/api/v1/mutation-policy-types","status":200,"duration_ms":1}
{"request_id":"rcc-b04bb5f2c2291c94cdeeb1efa72dfd46","method":"GET","path":"/api/v1/query-policy-types","status":200,"duration_ms":3}
{"request_id":"rcc-7dbd048eb09d08e550386973895204ce","method":"GET","path":"/api/v1/query-policies/:code","status":200,"duration_ms":5}
{"request_id":"rcc-3f021009efd5fd7f9204fc62fa72dd3d","method":"GET","path":"/api/v1/mutation-policies/:code","status":200,"duration_ms":5}
{"request_id":"rcc-5e99d5f363b254d59448c2962adcf3e0","method":"POST","path":"/api/v1/tables/:table_name/query","status":200,"duration_ms":20}
{"request_id":"rcc-5703fa775ce8323801670a3a3a0f536a","method":"GET","path":"/api/v1/table-field-policies/:table_name","status":200,"duration_ms":7}
{"request_id":"rcc-4a2c829abb8580b2b6873a477df9f62f","method":"GET","path":"/api/v1/query-policies/:code","status":200,"duration_ms":3}
{"request_id":"rcc-ffdd1edf3366be5e3faa05d279d36e6b","method":"GET","path":"/api/v1/mutation-policies/:code","status":200,"duration_ms":3}
{"request_id":"rcc-8d921a5c74f8e69a239dd49507a88bc6","method":"POST","path":"/api/v1/tables/:table_name/query","status":200,"duration_ms":13}
{"request_id":"rcc-bf025926bdc6cd69f0d768c54f70b0ff","method":"GET","path":"/api/v1/table-field-policies/:table_name","status":200,"duration_ms":7}
{"request_id":"rcc-db63bdf0d87e1fdaebaec643ca0b1e01","method":"GET","path":"/api/v1/table-field-policies/:table_name","status":200,"duration_ms":6}
{"request_id":"rcc-fd88feb966d0679e9c7cd3dc6c73c2e0","method":"POST","path":"/api/v1/release-orders","status":201,"duration_ms":41}
{"request_id":"rcc-aedba9fbe234e857921690053670fc07","method":"GET","path":"/api/v1/release-orders/:id","status":200,"duration_ms":15}
{"request_id":"rcc-8fda0a2256aed0c27a9acf5ae6276377","method":"GET","path":"/api/v1/table-field-policies/:table_name","status":200,"duration_ms":7}
{"request_id":"rcc-0ed2d6a10ba668b050113336c1d4a50d","method":"GET","path":"/api/v1/release-orders/:id/details","status":200,"duration_ms":8}
{"request_id":"rcc-617fc154f2f532d4fc7335d5084cfd0f","method":"GET","path":"/api/v1/release-orders/:id/people","status":200,"duration_ms":23}
{"request_id":"rcc-d20baa5150e1ee61909a058675a5d7b0","method":"GET","path":"/api/v1/auth/session","status":200,"duration_ms":1}
{"request_id":"rcc-167924925ee4b97d08bc052ba72d164b","method":"POST","path":"/api/v1/release-orders/:id/submit","status":200,"duration_ms":73}
{"request_id":"rcc-66573d8f4c976fbd7709511778fdfe12","method":"GET","path":"/api/v1/auth/session","status":200,"duration_ms":1}
{"request_id":"rcc-10d4930ead8fe325ade2692c12ea83d8","method":"GET","path":"/api/v1/release-orders/:id","status":200,"duration_ms":10}
{"request_id":"rcc-7c286b43aba2d6ede2f604c8aee559a7","method":"GET","path":"/api/v1/auth/session","status":200,"duration_ms":1}
{"request_id":"rcc-8c44ede43f478a32fdab5d69d003f24e","method":"POST","path":"/api/v1/release-orders/:id/approve","status":200,"duration_ms":26}
{"request_id":"rcc-90b1760b746e229a06e14699bd245546","method":"GET","path":"/api/v1/auth/session","status":200,"duration_ms":1}
{"request_id":"rcc-d41088a28138e8cfc2dd80a72696d0c8","method":"POST","path":"/api/v1/release-orders/:id/execute","status":200,"duration_ms":87}
{"request_id":"rcc-b207a4d63dbb81715cde868ca30c0fc3","method":"GET","path":"/api/v1/auth/session","status":200,"duration_ms":2}
{"request_id":"rcc-de1c2f517620603642bdef1e447b3945","method":"GET","path":"/api/v1/release-orders/:id","status":200,"duration_ms":11}
{"request_id":"rcc-a162242a2b2c30debf306e7c2ddf9756","method":"GET","path":"/api/v1/table-field-policies/:table_name","status":200,"duration_ms":8}
{"request_id":"rcc-ea8b35eaa0d064eace07e946ee4c8fe8","method":"GET","path":"/api/v1/release-orders/:id/details","status":200,"duration_ms":10}
{"request_id":"rcc-c198a0587265198acb64c4fc3d79bb00","method":"GET","path":"/api/v1/auth/session","status":200,"duration_ms":1}
{"request_id":"rcc-8ecf5d93f9acc71469669ecc19c7546a","method":"GET","path":"/api/v1/release-orders/:id/people","status":200,"duration_ms":18}
{"request_id":"rcc-deeeb8a9b251848c64123f104995db87","method":"POST","path":"/api/v1/release-orders/:id/complete","status":200,"duration_ms":27}
{"request_id":"rcc-239dc85dc8c83bdcfe568b2ae366f977","method":"GET","path":"/api/v1/auth/session","status":200,"duration_ms":1}
{"request_id":"rcc-60eb85dab133f5a637a924528c9cf46b","method":"POST","path":"/api/v1/tables/:table_name/query","status":200,"duration_ms":16}
{"request_id":"rcc-e456050d61806ea673ebb7ab155aba29","method":"GET","path":"/api/v1/auth/session","status":200,"duration_ms":2}
{"request_id":"rcc-6b19757a4ec24231abbcfb86538e99a9","method":"GET","path":"/api/v1/table-policies","status":200,"duration_ms":3}
{"request_id":"rcc-803056b1a360876d98765f5862d7164c","method":"GET","path":"/api/v1/mutation-policy-types","status":200,"duration_ms":5}
{"request_id":"rcc-b237fd05bc16598545b2e3a0e3b89fc2","method":"GET","path":"/api/v1/query-policy-types","status":200,"duration_ms":6}
{"request_id":"rcc-5a83674ea7ae5584172cd3a2ea0b95b8","method":"GET","path":"/api/v1/mutation-policies/:code","status":200,"duration_ms":7}
{"request_id":"rcc-08ae3b8528f258884aae6833c9f0ddab","method":"GET","path":"/api/v1/query-policies/:code","status":200,"duration_ms":9}
{"request_id":"rcc-00521f61d16e98ccef904636c6d4e3e3","method":"POST","path":"/api/v1/tables/:table_name/query","status":200,"duration_ms":23}
{"request_id":"rcc-1d009fbd20251772d8ccc83df4ab64aa","method":"GET","path":"/api/v1/table-field-policies/:table_name","status":200,"duration_ms":6}
{"request_id":"rcc-c5cfa3d5bedf0e8716157a4e162c66d3","method":"GET","path":"/api/v1/mutation-policies/:code","status":200,"duration_ms":4}
{"request_id":"rcc-67779df2e04e267bde4b6030483d21bd","method":"GET","path":"/api/v1/query-policies/:code","status":200,"duration_ms":4}
{"request_id":"rcc-272c8e172da3cf7e715012594042db6e","method":"POST","path":"/api/v1/tables/:table_name/query","status":200,"duration_ms":18}
{"request_id":"rcc-7c98f6bad5cbc89fd8f11899528e2c37","method":"GET","path":"/api/v1/table-field-policies/:table_name","status":200,"duration_ms":7}
{"request_id":"rcc-328e9033fa73f863f8e63b4df78d1d2b","method":"GET","path":"/api/v1/table-field-policies/:table_name","status":200,"duration_ms":6}
{"request_id":"rcc-e6421b0bdbf9bcfadebcf8eab8da248d","method":"GET","path":"/api/v1/auth/session","status":200,"duration_ms":2}
{"request_id":"rcc-feef56f58b34463899252fc2c11af9e3","method":"POST","path":"/api/v1/tables/:table_name/query","status":200,"duration_ms":17}
{"request_id":"rcc-8c42b98cacb9d35c248d208d3bec2587","method":"GET","path":"/api/v1/auth/session","status":200,"duration_ms":1}
{"request_id":"rcc-c640fbea270012067d47d5f0b14d4d97","method":"GET","path":"/api/v1/table-policies/:table_name","status":200,"duration_ms":2}
{"request_id":"rcc-625c6333969ea5af656e9f544da02038","method":"GET","path":"/api/v1/auth/session","status":200,"duration_ms":1}
{"request_id":"rcc-35009c6c4ede15fd27af8c58f9aab56f","method":"GET","path":"/api/v1/mutation-policies/:code","status":200,"duration_ms":2}
{"request_id":"rcc-d913c3db29a71fb7e2f4cfe556ab379c","method":"POST","path":"/api/v1/release-orders","status":201,"duration_ms":43}
{"request_id":"rcc-9ef3a0413c3c27afdb92b73007a9488a","method":"GET","path":"/api/v1/release-orders/:id","status":200,"duration_ms":15}
{"request_id":"rcc-3a9f9245a91d3e4e3330880c56475b18","method":"GET","path":"/api/v1/table-field-policies/:table_name","status":200,"duration_ms":6}
{"request_id":"rcc-930df0ed4dd8cff48e3f3c4cc5693599","method":"GET","path":"/api/v1/release-orders/:id/details","status":200,"duration_ms":8}
{"request_id":"rcc-9a6764251d27930d29944fb3b1c386b8","method":"GET","path":"/api/v1/release-orders/:id/people","status":200,"duration_ms":18}
{"request_id":"rcc-c21aa591c21c09ceb36b83c5dd6a9e24","method":"GET","path":"/api/v1/auth/session","status":200,"duration_ms":1}
{"request_id":"rcc-a53566745af52cdf07fdfba6506cb2a7","method":"POST","path":"/api/v1/release-orders/:id/submit","status":200,"duration_ms":71}
{"request_id":"rcc-e8d5bbbfe8fa4333e6fbf4e198da9a86","method":"GET","path":"/api/v1/auth/session","status":200,"duration_ms":1}
{"request_id":"rcc-9c1eaccfbbab36c2fbaa1720982ccedc","method":"GET","path":"/api/v1/release-orders/:id","status":200,"duration_ms":10}
{"request_id":"rcc-0d111865c5e65ac7bcfc97807389d6a9","method":"GET","path":"/api/v1/auth/session","status":200,"duration_ms":1}
{"request_id":"rcc-f5b98f38c481bedbf3159f49f12027f6","method":"POST","path":"/api/v1/release-orders/:id/approve","status":200,"duration_ms":30}
{"request_id":"rcc-e5b860865c65206fb6a46d5ee005adf3","method":"GET","path":"/api/v1/auth/session","status":200,"duration_ms":1}
{"request_id":"rcc-6c07f310a30ec0919f45d58b2377f1e3","method":"POST","path":"/api/v1/release-orders/:id/execute","status":200,"duration_ms":90}
{"request_id":"rcc-a99e4adff3751b60127e7614c39b222a","method":"GET","path":"/api/v1/auth/session","status":200,"duration_ms":2}
{"request_id":"rcc-d5ec3f0aafe418ad011e6512d0461d99","method":"GET","path":"/api/v1/release-orders/:id","status":200,"duration_ms":13}
{"request_id":"rcc-61ff33f8f1eb577bc1f6a5666c05de1c","method":"GET","path":"/api/v1/table-field-policies/:table_name","status":200,"duration_ms":9}
{"request_id":"rcc-bd790058543862cfe70a13b0aa4e3ea4","method":"GET","path":"/api/v1/release-orders/:id/details","status":200,"duration_ms":12}
{"request_id":"rcc-959356d783eb70d5c34f02a5ea12cafb","method":"GET","path":"/api/v1/release-orders/:id/people","status":200,"duration_ms":21}
{"request_id":"rcc-1ab2ec881c91786102ef41441c889aae","method":"GET","path":"/api/v1/auth/session","status":200,"duration_ms":2}
{"request_id":"rcc-1ca16aaadaf55c55ed73daf7fa3ed293","method":"POST","path":"/api/v1/release-orders/:id/complete","status":200,"duration_ms":29}
{"request_id":"rcc-1e6e72f3244033dd37626a8c2f0e209e","method":"GET","path":"/api/v1/auth/session","status":200,"duration_ms":1}
{"request_id":"rcc-fafb792927439499f9ac2100180bd8f4","method":"POST","path":"/api/v1/tables/:table_name/query","status":200,"duration_ms":15}
{"request_id":"rcc-761402ed1eee54e741c5cc2fad1da062","method":"GET","path":"/api/v1/auth/session","status":200,"duration_ms":3}
{"request_id":"rcc-1d54e76e9bbe668d4e21b15dc6948ee4","method":"GET","path":"/api/v1/table-policies","status":200,"duration_ms":3}
{"request_id":"rcc-070c48f995e1ae4dbf5cc3ab6f1065f0","method":"GET","path":"/api/v1/mutation-policy-types","status":200,"duration_ms":2}
{"request_id":"rcc-9f6207ea72ba8fcd25eef8dcc1ae2427","method":"GET","path":"/api/v1/query-policy-types","status":200,"duration_ms":2}
{"request_id":"rcc-84c1ddd86cbd7bdb6175b713be8fcef6","method":"GET","path":"/api/v1/query-policies/:code","status":200,"duration_ms":6}
{"request_id":"rcc-695b6a7ecc4e001b684ff9b91d705d72","method":"GET","path":"/api/v1/mutation-policies/:code","status":200,"duration_ms":6}
{"request_id":"rcc-0be0823b4e601902e6dad51f766d6c84","method":"POST","path":"/api/v1/tables/:table_name/query","status":200,"duration_ms":23}
{"request_id":"rcc-f5c2323af6a7de8b0947e7b904a590cf","method":"GET","path":"/api/v1/table-field-policies/:table_name","status":200,"duration_ms":8}
{"request_id":"rcc-211fb0df108a888b45d6d4eda953febf","method":"GET","path":"/api/v1/query-policies/:code","status":200,"duration_ms":5}
{"request_id":"rcc-6c0d3f0bd9317da8f077a188790e1b40","method":"GET","path":"/api/v1/mutation-policies/:code","status":200,"duration_ms":5}
{"request_id":"rcc-e87a8897655b880580ee6752a95e53a0","method":"POST","path":"/api/v1/tables/:table_name/query","status":200,"duration_ms":18}
{"request_id":"rcc-151df1dcd1156b64f6f4147e227fe198","method":"GET","path":"/api/v1/table-field-policies/:table_name","status":200,"duration_ms":10}
{"request_id":"rcc-36aa1b3d3848e1c41db2b025ecb043cc","method":"GET","path":"/api/v1/table-field-policies/:table_name","status":200,"duration_ms":7}
{"request_id":"rcc-9cda4799f139d7c10ecb2f3d63c137ae","method":"POST","path":"/api/v1/release-orders","status":201,"duration_ms":44}
{"request_id":"rcc-f8eec073071c92c21b2ab11ffc2856e4","method":"GET","path":"/api/v1/release-orders/:id","status":200,"duration_ms":17}
{"request_id":"rcc-a78a9b64a25e119bc2e1e319dc52d774","method":"GET","path":"/api/v1/table-field-policies/:table_name","status":200,"duration_ms":6}
{"request_id":"rcc-742d64cef0cd2cf22a04e1f561792ab8","method":"GET","path":"/api/v1/release-orders/:id/details","status":200,"duration_ms":9}
{"request_id":"rcc-ec5a0742244e19e9056977c805fa4825","method":"GET","path":"/api/v1/release-orders/:id/people","status":200,"duration_ms":20}
{"request_id":"rcc-9d8e502ef6228077eda56d46d22cce72","method":"GET","path":"/api/v1/auth/session","status":200,"duration_ms":1}
{"request_id":"rcc-f821363b427f5e2d296c32bb903c4944","method":"POST","path":"/api/v1/release-orders/:id/submit","status":200,"duration_ms":71}
{"request_id":"rcc-e2c57b915ab10004ae84ddf953ba64f9","method":"GET","path":"/api/v1/auth/session","status":200,"duration_ms":1}
{"request_id":"rcc-7b0d4de4e89676ed183261d311fce53d","method":"GET","path":"/api/v1/release-orders/:id","status":200,"duration_ms":8}
{"request_id":"rcc-d7ee82c0cc008c6cd42848aa36b5c415","method":"GET","path":"/api/v1/auth/session","status":200,"duration_ms":1}
{"request_id":"rcc-10920706fda536be88c57d4a2dcbecc1","method":"POST","path":"/api/v1/release-orders/:id/approve","status":200,"duration_ms":30}
{"request_id":"rcc-f041c7824a1010b660462ea0d113d16c","method":"GET","path":"/api/v1/auth/session","status":200,"duration_ms":1}
{"request_id":"rcc-15cf3e133d88d744916d523985af19bd","method":"POST","path":"/api/v1/release-orders/:id/execute","status":200,"duration_ms":82}
{"request_id":"rcc-4c9e525a3c3657ffe73dff37c8a6d7f8","method":"GET","path":"/api/v1/auth/session","status":200,"duration_ms":1}
{"request_id":"rcc-e3a6d895fef541041c26929bf4adbfc7","method":"GET","path":"/api/v1/release-orders/:id","status":200,"duration_ms":12}
{"request_id":"rcc-d96bfadc0ee8f92ba88c43ccfe0464b6","method":"GET","path":"/api/v1/table-field-policies/:table_name","status":200,"duration_ms":8}
{"request_id":"rcc-9305bcbfb040c22b1f1d1f48d20f6add","method":"GET","path":"/api/v1/release-orders/:id/details","status":200,"duration_ms":8}
{"request_id":"rcc-265faaa142bfe518a40d5404354e27be","method":"GET","path":"/api/v1/release-orders/:id/people","status":200,"duration_ms":15}
{"request_id":"rcc-1f027ed74cd8e3dbad54e654ae432105","method":"GET","path":"/api/v1/auth/session","status":200,"duration_ms":1}
{"request_id":"rcc-f9b48ede1a21b6374beb5cb183891baf","method":"POST","path":"/api/v1/release-orders/:id/complete","status":200,"duration_ms":27}
{"request_id":"rcc-be7e2efebcc3d48d2c2468dbe388610c","method":"GET","path":"/api/v1/auth/session","status":200,"duration_ms":1}
{"request_id":"rcc-ae85dfc5271f98604c21abedd80ea131","method":"POST","path":"/api/v1/tables/:table_name/query","status":200,"duration_ms":16}
{"request_id":"rcc-d3f98135d2d03cc9e4835bbbdf7d0359","method":"GET","path":"/api/v1/auth/session","status":200,"duration_ms":2}
{"request_id":"rcc-6578bb08ae00ea74513892104310022f","method":"GET","path":"/api/v1/table-policies","status":200,"duration_ms":2}
{"request_id":"rcc-7f0381ff9ab867e5c39629cd6d112bc0","method":"GET","path":"/api/v1/query-policy-types","status":200,"duration_ms":2}
{"request_id":"rcc-2f1fa0bc20a3efc4287873a923c12a67","method":"GET","path":"/api/v1/mutation-policy-types","status":200,"duration_ms":1}
{"request_id":"rcc-7c279c838d4cb86115fb427faba70d7e","method":"GET","path":"/api/v1/mutation-policies/:code","status":200,"duration_ms":4}
{"request_id":"rcc-a629f8595bf1dc81d2909ddd06fbfce9","method":"GET","path":"/api/v1/query-policies/:code","status":200,"duration_ms":5}
{"request_id":"rcc-a30e2e7f4249b311fc1c135d6d04f676","method":"POST","path":"/api/v1/tables/:table_name/query","status":200,"duration_ms":21}
{"request_id":"rcc-1b9dd6a42fd4cdd57e571d0857da8c55","method":"GET","path":"/api/v1/table-field-policies/:table_name","status":200,"duration_ms":6}
{"request_id":"rcc-2ccc7f7640b04dc446a93f10899c6f83","method":"GET","path":"/api/v1/query-policies/:code","status":200,"duration_ms":3}
{"request_id":"rcc-476348a7735a183b093c2bf0845a5429","method":"GET","path":"/api/v1/mutation-policies/:code","status":200,"duration_ms":3}
{"request_id":"rcc-bcd6e1ed82f697aa0acbde2ac49bd111","method":"POST","path":"/api/v1/tables/:table_name/query","status":200,"duration_ms":19}
{"request_id":"rcc-feb5b6011583c558a5f1793340812e6f","method":"GET","path":"/api/v1/table-field-policies/:table_name","status":200,"duration_ms":9}
{"request_id":"rcc-463d915072220864c56e00c46a3cb87c","method":"GET","path":"/api/v1/table-field-policies/:table_name","status":200,"duration_ms":7}
{"request_id":"rcc-2fee1724b699d4512a9add2a4a728fc7","method":"GET","path":"/api/v1/auth/session","status":200,"duration_ms":1}
{"request_id":"rcc-4027995ddc76cb5e3d5ef8d9a53b9ab1","method":"POST","path":"/api/v1/tables/:table_name/query","status":200,"duration_ms":18}
{"request_id":"rcc-8d0454cbe1897c11179c30d81d12050a","method":"GET","path":"/api/v1/auth/session","status":200,"duration_ms":1}
{"request_id":"rcc-279796f181d80ee8de81bf9c29573bb7","method":"GET","path":"/api/v1/table-policies/:table_name","status":200,"duration_ms":3}
{"request_id":"rcc-755eaa380c99890c06883cf098deac54","method":"GET","path":"/api/v1/auth/session","status":200,"duration_ms":1}
{"request_id":"rcc-39761692f086b8abcc90b8bc7461efb9","method":"GET","path":"/api/v1/mutation-policies/:code","status":200,"duration_ms":3}
{"request_id":"rcc-28d44390971a1a2fbda62c96e0b73e95","method":"POST","path":"/api/v1/release-orders","status":201,"duration_ms":44}
{"request_id":"rcc-e183f84349989c571ba9e2980452495f","method":"GET","path":"/api/v1/release-orders/:id","status":200,"duration_ms":21}
{"request_id":"rcc-94213846dc633c29d98162575da14354","method":"GET","path":"/api/v1/table-field-policies/:table_name","status":200,"duration_ms":23}
{"request_id":"rcc-a4f6374c6d54db063c14eaf08721084f","method":"GET","path":"/api/v1/release-orders/:id/details","status":200,"duration_ms":27}
{"request_id":"rcc-65bf8222bec7084047ce24dc6ba84e76","method":"GET","path":"/api/v1/auth/session","status":200,"duration_ms":1}
{"request_id":"rcc-d5292bcff2ab30d18acab2400e976b05","method":"GET","path":"/api/v1/release-orders/:id/people","status":200,"duration_ms":49}
{"request_id":"rcc-ad638b29fa5f8e56c4c41dd0d8770c5f","method":"POST","path":"/api/v1/release-orders/:id/submit","status":200,"duration_ms":73}
{"request_id":"rcc-f64d628608f716813701b44ea26c07bb","method":"GET","path":"/api/v1/auth/session","status":200,"duration_ms":1}
{"request_id":"rcc-343a227d960cda5af59d4095eb9d2d88","method":"GET","path":"/api/v1/release-orders/:id","status":200,"duration_ms":9}
{"request_id":"rcc-2feeeae4e1cac4c978d7f6c3aac49d30","method":"GET","path":"/api/v1/auth/session","status":200,"duration_ms":1}
{"request_id":"rcc-7b08768e5803a0ed25d65a3c711fa597","method":"POST","path":"/api/v1/release-orders/:id/approve","status":200,"duration_ms":28}
{"request_id":"rcc-a65e574338728fea38a988be58da58e9","method":"GET","path":"/api/v1/auth/session","status":200,"duration_ms":1}
{"request_id":"rcc-ba29a50c848707804a5d2b9e582cdf6c","method":"POST","path":"/api/v1/release-orders/:id/execute","status":200,"duration_ms":80}
{"request_id":"rcc-c8eb9d4202f363a9542a12de858b0398","method":"GET","path":"/api/v1/auth/session","status":200,"duration_ms":2}
{"request_id":"rcc-d1b25d6c71a9f380ddc4a30b433050af","method":"GET","path":"/api/v1/release-orders/:id","status":200,"duration_ms":10}
{"request_id":"rcc-0363d0d8e292f8c2c69a25b2dfabb7b7","method":"GET","path":"/api/v1/table-field-policies/:table_name","status":200,"duration_ms":7}
{"request_id":"rcc-e536630d44262b9b6333bb58ea42a0b6","method":"GET","path":"/api/v1/release-orders/:id/details","status":200,"duration_ms":10}
{"request_id":"rcc-d142d3bf4adefe332dbd509bf2665822","method":"GET","path":"/api/v1/auth/session","status":200,"duration_ms":1}
{"request_id":"rcc-7b8da067dc85590ceb0fce037d66cd6c","method":"GET","path":"/api/v1/release-orders/:id/people","status":200,"duration_ms":16}
{"request_id":"rcc-4c5799cef1308bbf153d8e6ea73b03c4","method":"POST","path":"/api/v1/release-orders/:id/complete","status":200,"duration_ms":26}
{"request_id":"rcc-2fce65f7f869c05a58f453c0e728bc34","method":"GET","path":"/api/v1/auth/session","status":200,"duration_ms":1}
{"request_id":"rcc-d03964113d3089689b0f29f7e66649e3","method":"POST","path":"/api/v1/tables/:table_name/query","status":200,"duration_ms":13}
{"request_id":"rcc-e928bc4ea51e2b0a5d94d5ba6d2ba9dd","method":"GET","path":"/api/v1/auth/session","status":200,"duration_ms":2}
{"request_id":"rcc-ca1ebbb8f915d3571d4fe502dfbc0c34","method":"GET","path":"/api/v1/table-policies","status":200,"duration_ms":3}
{"request_id":"rcc-133cd1242f01067ccaa20d977e14aab8","method":"GET","path":"/api/v1/mutation-policy-types","status":200,"duration_ms":1}
{"request_id":"rcc-a2f96cb3afaff962ced05432a7c9bcde","method":"GET","path":"/api/v1/query-policy-types","status":200,"duration_ms":2}
{"request_id":"rcc-e5ef66cae81d6d7f499b2b6ddd9055a0","method":"GET","path":"/api/v1/query-policies/:code","status":200,"duration_ms":5}
{"request_id":"rcc-4879852e495c5444b5a323b36613bb53","method":"GET","path":"/api/v1/mutation-policies/:code","status":200,"duration_ms":4}
{"request_id":"rcc-fb91c40613a52e1fe3c5efaf136511cc","method":"POST","path":"/api/v1/tables/:table_name/query","status":200,"duration_ms":21}
{"request_id":"rcc-03268629d0c8831cabc3faa723ece1c0","method":"GET","path":"/api/v1/table-field-policies/:table_name","status":200,"duration_ms":7}
{"request_id":"rcc-7d07f5310dc9d2a554e239bc5e7dce77","method":"GET","path":"/api/v1/query-policies/:code","status":200,"duration_ms":3}
{"request_id":"rcc-53b9b557f865e66170ded5cf4ebd346a","method":"GET","path":"/api/v1/mutation-policies/:code","status":200,"duration_ms":3}
{"request_id":"rcc-01a96ece72f81befe2d41997bd4cabdf","method":"POST","path":"/api/v1/tables/:table_name/query","status":200,"duration_ms":13}
{"request_id":"rcc-44d7d5a85917bccb69860cc3ed12d022","method":"GET","path":"/api/v1/table-field-policies/:table_name","status":200,"duration_ms":7}
{"request_id":"rcc-e9dcd007e279bf08a6946a2e27dfee6b","method":"GET","path":"/api/v1/table-field-policies/:table_name","status":200,"duration_ms":7}
{"request_id":"rcc-f7423d8571c7b119817a12b53b3b1240","method":"POST","path":"/api/v1/release-orders","status":201,"duration_ms":47}
{"request_id":"rcc-e30eecf4b23044673dd1d9b07e5c2886","method":"GET","path":"/api/v1/release-orders/:id","status":200,"duration_ms":15}
{"request_id":"rcc-4918a3285f59d68574df3341c02346c0","method":"GET","path":"/api/v1/table-field-policies/:table_name","status":200,"duration_ms":7}
{"request_id":"rcc-9176b2304273765857d584836d68da6b","method":"GET","path":"/api/v1/release-orders/:id/details","status":200,"duration_ms":9}
{"request_id":"rcc-d789011a245c724f755a8b802216556c","method":"GET","path":"/api/v1/release-orders/:id/people","status":200,"duration_ms":23}
{"request_id":"rcc-e680c094d2a473783f6039134f7e2530","method":"GET","path":"/api/v1/auth/session","status":200,"duration_ms":2}
{"request_id":"rcc-ed0ac032dae90a1e34b3a19431fc3681","method":"POST","path":"/api/v1/release-orders/:id/submit","status":200,"duration_ms":83}
{"request_id":"rcc-3d7ccb92fdec2be8deb497c459ec2742","method":"GET","path":"/api/v1/auth/session","status":200,"duration_ms":0}
{"request_id":"rcc-113b1923360e10aa01ba6af8167b6df1","method":"GET","path":"/api/v1/release-orders/:id","status":200,"duration_ms":10}
{"request_id":"rcc-19ee14b175ab99e175e4de7cf08c0943","method":"GET","path":"/api/v1/auth/session","status":200,"duration_ms":0}
{"request_id":"rcc-acf3781726cb5b761458d454d9b33e75","method":"POST","path":"/api/v1/release-orders/:id/approve","status":200,"duration_ms":30}
{"request_id":"rcc-ddf6763f7a7b5f57309de60f80822534","method":"GET","path":"/api/v1/auth/session","status":200,"duration_ms":1}
{"request_id":"rcc-0ca9c8e1ccda4cf0fb115346a4541c6f","method":"POST","path":"/api/v1/release-orders/:id/execute","status":200,"duration_ms":86}
{"request_id":"rcc-305081d218f6399b4334b5c4010c200f","method":"GET","path":"/api/v1/auth/session","status":200,"duration_ms":1}
{"request_id":"rcc-0dddbc6ac4f0321f1bb5d5e19f8ca453","method":"GET","path":"/api/v1/release-orders/:id","status":200,"duration_ms":13}
{"request_id":"rcc-8e7e50051361ff28e07bfbc8fc6c5c12","method":"GET","path":"/api/v1/release-orders/:id/details","status":200,"duration_ms":8}
{"request_id":"rcc-688bac22eac63a437722077a1bfafd2d","method":"GET","path":"/api/v1/table-field-policies/:table_name","status":200,"duration_ms":8}
{"request_id":"rcc-97a5d1ebcc709cec5d67f84741af916a","method":"GET","path":"/api/v1/release-orders/:id/people","status":200,"duration_ms":17}
{"request_id":"rcc-e8602de1f9224ac5fcba0e3b7153eec9","method":"GET","path":"/api/v1/auth/session","status":200,"duration_ms":1}
{"request_id":"rcc-004949491158900833dd2b8587e4b6f0","method":"POST","path":"/api/v1/release-orders/:id/complete","status":200,"duration_ms":32}
{"request_id":"rcc-7a05442861bc0c332ba005aa8c4b8d20","method":"GET","path":"/api/v1/auth/session","status":200,"duration_ms":1}
{"request_id":"rcc-7db1cdffee655a77d8fcf6737a8e76b9","method":"POST","path":"/api/v1/tables/:table_name/query","status":200,"duration_ms":14}
{"request_id":"rcc-8cf5a7bfb75b4b5b577b097789bbb2ea","method":"GET","path":"/api/v1/auth/session","status":200,"duration_ms":2}
{"request_id":"rcc-81473270e48298369d24613668f4e458","method":"GET","path":"/api/v1/table-policies","status":200,"duration_ms":2}
{"request_id":"rcc-ab67eed0b5e61705b7b3baa098e617ca","method":"GET","path":"/api/v1/query-policy-types","status":200,"duration_ms":2}
{"request_id":"rcc-6ff8bdfa04f2e407097f543f893d8662","method":"GET","path":"/api/v1/mutation-policy-types","status":200,"duration_ms":1}
{"request_id":"rcc-db29e5367f2d215075c25f4e6f15dff1","method":"GET","path":"/api/v1/query-policies/:code","status":200,"duration_ms":5}
{"request_id":"rcc-e0e1f75008ac5f023046756fd5e1e171","method":"GET","path":"/api/v1/mutation-policies/:code","status":200,"duration_ms":4}
{"request_id":"rcc-e96dd3118c7035b81001587af3385bf0","method":"POST","path":"/api/v1/tables/:table_name/query","status":200,"duration_ms":26}
{"request_id":"rcc-f256f72970c416c1bd852013358f5ccf","method":"GET","path":"/api/v1/table-field-policies/:table_name","status":200,"duration_ms":6}
{"request_id":"rcc-2a3c6c45dd4d9201b8ee5ddb636ce0a0","method":"GET","path":"/api/v1/query-policies/:code","status":200,"duration_ms":4}
{"request_id":"rcc-7990109e1eba4a5fab16be3c2155a725","method":"GET","path":"/api/v1/mutation-policies/:code","status":200,"duration_ms":4}
{"request_id":"rcc-27ff34f117e62b6c74fa1834910800b4","method":"POST","path":"/api/v1/tables/:table_name/query","status":200,"duration_ms":17}
{"request_id":"rcc-dfc3d3bb42beb38928ec0a7fcd6c7ef7","method":"GET","path":"/api/v1/table-field-policies/:table_name","status":200,"duration_ms":7}
{"request_id":"rcc-dc6f4828e98c5e53c37b8189b055e649","method":"GET","path":"/api/v1/table-field-policies/:table_name","status":200,"duration_ms":6}
{"request_id":"rcc-b703acbe524b24ac29f1d96cc5e91c1b","method":"GET","path":"/api/v1/auth/session","status":200,"duration_ms":2}
{"request_id":"rcc-51e235bcf07917432efb22fdec786b53","method":"POST","path":"/api/v1/tables/:table_name/query","status":200,"duration_ms":17}
{"request_id":"rcc-79d5e1366ebc9c640af1ecf0084a0657","method":"GET","path":"/api/v1/auth/session","status":200,"duration_ms":1}
{"request_id":"rcc-9669d04d63d4fb5050d44320f20ea890","method":"GET","path":"/api/v1/table-policies/:table_name","status":200,"duration_ms":3}
{"request_id":"rcc-b2538d2c0a9b2e798c0b693a28acb594","method":"GET","path":"/api/v1/auth/session","status":200,"duration_ms":5}
{"request_id":"rcc-fd985840d5c2115c95c772d857acbc6a","method":"GET","path":"/api/v1/mutation-policies/:code","status":200,"duration_ms":3}
{"request_id":"rcc-53ea2abe1119b9944d44396c593c7a99","method":"POST","path":"/api/v1/release-orders","status":201,"duration_ms":46}
{"request_id":"rcc-71a0344011bd346fe70b288e524dd44a","method":"GET","path":"/api/v1/release-orders/:id","status":200,"duration_ms":16}
{"request_id":"rcc-cf1e629e9ceff60ab44fadba5d2a3a74","method":"GET","path":"/api/v1/table-field-policies/:table_name","status":200,"duration_ms":7}
{"request_id":"rcc-f025003d066277875556c2ebcc87aa8b","method":"GET","path":"/api/v1/release-orders/:id/details","status":200,"duration_ms":9}
{"request_id":"rcc-c85d3ab59b7cb9efba4143351b2af023","method":"GET","path":"/api/v1/release-orders/:id/people","status":200,"duration_ms":21}
{"request_id":"rcc-153b00089657c6480b4a6a204505a339","method":"GET","path":"/api/v1/auth/session","status":200,"duration_ms":1}
{"request_id":"rcc-e03ea5d1576268531d0c3af783b54f9c","method":"POST","path":"/api/v1/release-orders/:id/submit","status":200,"duration_ms":79}
{"request_id":"rcc-85ab77f50fe9ba758462b36b6c6a146f","method":"GET","path":"/api/v1/auth/session","status":200,"duration_ms":1}
{"request_id":"rcc-0dd4c825fd9b0554a5a1efa7780df2b9","method":"GET","path":"/api/v1/release-orders/:id","status":200,"duration_ms":12}
{"request_id":"rcc-76e6695099b02814e95060389e1c586a","method":"GET","path":"/api/v1/auth/session","status":200,"duration_ms":1}
{"request_id":"rcc-665eb874a8eef933d3ee5d27903dfc1e","method":"POST","path":"/api/v1/release-orders/:id/approve","status":200,"duration_ms":34}
{"request_id":"rcc-74140160f36e361836ea5a9a22b81fa9","method":"GET","path":"/api/v1/auth/session","status":200,"duration_ms":1}
{"request_id":"rcc-d4d758b3a37ac1a6d23b8958e18b78d5","method":"POST","path":"/api/v1/release-orders/:id/execute","status":200,"duration_ms":96}
{"request_id":"rcc-9dc01c7d467ed4c8f9234b347604dc27","method":"GET","path":"/api/v1/auth/session","status":200,"duration_ms":2}
{"request_id":"rcc-3984731d8c5c005b51428c6e962f7ca9","method":"GET","path":"/api/v1/release-orders/:id","status":200,"duration_ms":12}
{"request_id":"rcc-7eaa7bccb13bdcc67b51df1b4ee924a3","method":"GET","path":"/api/v1/table-field-policies/:table_name","status":200,"duration_ms":8}
{"request_id":"rcc-6c390f4a398b979b9c13d982ddf9b0c8","method":"GET","path":"/api/v1/release-orders/:id/details","status":200,"duration_ms":9}
{"request_id":"rcc-6ec9ec023de8a4c3e12831d27454e299","method":"GET","path":"/api/v1/release-orders/:id/people","status":200,"duration_ms":17}
{"request_id":"rcc-a88d8445570bdb90dee1fca33896b3b7","method":"GET","path":"/api/v1/auth/session","status":200,"duration_ms":1}
{"request_id":"rcc-9a1a300f53daf4c77bc16728d2e20329","method":"POST","path":"/api/v1/release-orders/:id/complete","status":200,"duration_ms":32}
{"request_id":"rcc-2b449c2bd48c4a6fa01861a9166fdd17","method":"GET","path":"/api/v1/auth/session","status":200,"duration_ms":1}
{"request_id":"rcc-06fffa3f9390f91fdece2303a91dfc13","method":"POST","path":"/api/v1/tables/:table_name/query","status":200,"duration_ms":14}
{"request_id":"rcc-4752bc045532311de5180233c376ed39","method":"GET","path":"/api/v1/auth/session","status":200,"duration_ms":3}
{"request_id":"rcc-f4501ae865eef8f74bf5593cd4249a58","method":"GET","path":"/api/v1/table-policies","status":200,"duration_ms":4}
{"request_id":"rcc-eef3dd1998deb4c10cd3185457e9bb65","method":"GET","path":"/api/v1/query-policy-types","status":200,"duration_ms":2}
{"request_id":"rcc-1890f6e4eb5ba4205b7579ce47686d0d","method":"GET","path":"/api/v1/mutation-policy-types","status":200,"duration_ms":3}
{"request_id":"rcc-5df097c73accfdf8f76b0c8a747a1d83","method":"GET","path":"/api/v1/mutation-policies/:code","status":200,"duration_ms":6}
{"request_id":"rcc-367d68479357aae264508a920b9967f0","method":"GET","path":"/api/v1/query-policies/:code","status":200,"duration_ms":6}
{"request_id":"rcc-d21f603effb5d0c9f56b17d83da0f24f","method":"POST","path":"/api/v1/tables/:table_name/query","status":200,"duration_ms":25}
{"request_id":"rcc-0966b180c4ec3e1db849b828fea73b94","method":"GET","path":"/api/v1/table-field-policies/:table_name","status":200,"duration_ms":7}
{"request_id":"rcc-f2f08ad982c660128dd0840690cb922f","method":"GET","path":"/api/v1/query-policies/:code","status":200,"duration_ms":5}
{"request_id":"rcc-3bc6218351ae0d54c2ea1a70af17275a","method":"GET","path":"/api/v1/mutation-policies/:code","status":200,"duration_ms":5}
{"request_id":"rcc-38cfab9057e2c947687cb34d376d02bf","method":"POST","path":"/api/v1/tables/:table_name/query","status":200,"duration_ms":16}
{"request_id":"rcc-5b8d97efbdca0cf886843e70ccdbd75b","method":"GET","path":"/api/v1/table-field-policies/:table_name","status":200,"duration_ms":8}
{"request_id":"rcc-f0d2e6829aa9644074326293824cfe21","method":"GET","path":"/api/v1/table-field-policies/:table_name","status":200,"duration_ms":8}
{"request_id":"rcc-809cefb3e35e327e1d88ba15a63fab21","method":"POST","path":"/api/v1/release-orders","status":201,"duration_ms":41}
{"request_id":"rcc-c2b3d4cfcbdc2bcd99d0b4bb3674725d","method":"GET","path":"/api/v1/release-orders/:id","status":200,"duration_ms":17}
{"request_id":"rcc-ccdc5d935fd5774b69c8842c3fd94f86","method":"GET","path":"/api/v1/table-field-policies/:table_name","status":200,"duration_ms":8}
{"request_id":"rcc-54bc1f9af503ae9b5699f40444d94e69","method":"GET","path":"/api/v1/release-orders/:id/details","status":200,"duration_ms":11}
{"request_id":"rcc-a2a8314639a009231aa4f02a5ff8ff3a","method":"GET","path":"/api/v1/release-orders/:id/people","status":200,"duration_ms":22}
{"request_id":"rcc-f5d9743c0b57915d145fb472d49df525","method":"GET","path":"/api/v1/auth/session","status":200,"duration_ms":1}
{"request_id":"rcc-f925e8f2d88a755569d1a140f8d867d0","method":"POST","path":"/api/v1/release-orders/:id/submit","status":200,"duration_ms":75}
{"request_id":"rcc-e7f083f375004d504a8736d405e9fc1b","method":"GET","path":"/api/v1/auth/session","status":200,"duration_ms":1}
{"request_id":"rcc-aba1822b1bbc1012c705b04bff7dc16a","method":"GET","path":"/api/v1/release-orders/:id","status":200,"duration_ms":10}
{"request_id":"rcc-2882a3f5d438aef9f3e4239af85619b8","method":"GET","path":"/api/v1/auth/session","status":200,"duration_ms":1}
{"request_id":"rcc-a2b3acf5c81920afb380ca0e83789be5","method":"POST","path":"/api/v1/release-orders/:id/approve","status":200,"duration_ms":29}
{"request_id":"rcc-2f8050a4870889f39f2f30d28220fe3d","method":"GET","path":"/api/v1/auth/session","status":200,"duration_ms":0}
{"request_id":"rcc-ad65edba5074a2384ee6f7c15870a717","method":"POST","path":"/api/v1/release-orders/:id/execute","status":200,"duration_ms":79}
{"request_id":"rcc-2721592d3cfdd59d37a981acb0160081","method":"GET","path":"/api/v1/auth/session","status":200,"duration_ms":2}
{"request_id":"rcc-5b2ad76c8816f5cfbaa3df76cd521f9e","method":"GET","path":"/api/v1/release-orders/:id","status":200,"duration_ms":11}
{"request_id":"rcc-b8fee4513b70b5139b601d4a8e5cfd65","method":"GET","path":"/api/v1/table-field-policies/:table_name","status":200,"duration_ms":8}
{"request_id":"rcc-17ebe5374c235d66b0a51d5465e0df0c","method":"GET","path":"/api/v1/release-orders/:id/details","status":200,"duration_ms":9}
{"request_id":"rcc-1b20221c5330b788a75b2ca028747978","method":"GET","path":"/api/v1/auth/session","status":200,"duration_ms":1}
{"request_id":"rcc-d2ddf928f28e78292a6233ac98fd0112","method":"GET","path":"/api/v1/release-orders/:id/people","status":200,"duration_ms":18}
{"request_id":"rcc-d99c02d25a81e29703975bb5870c3411","method":"POST","path":"/api/v1/release-orders/:id/complete","status":200,"duration_ms":28}
{"request_id":"rcc-8f62c149b7f63630205787cc68458a9b","method":"GET","path":"/api/v1/auth/session","status":200,"duration_ms":1}
{"request_id":"rcc-08bda71f677ed94f9a009229a46bdafe","method":"POST","path":"/api/v1/tables/:table_name/query","status":200,"duration_ms":15}
{"request_id":"rcc-932e8d0421f1c6610ce6c482158578d4","method":"GET","path":"/api/v1/auth/session","status":200,"duration_ms":2}
{"request_id":"rcc-a8fc04c0b216fab8489b60e1f5f5cedc","method":"GET","path":"/api/v1/table-policies","status":200,"duration_ms":3}
{"request_id":"rcc-af07e161e2a24306f9ae7c8cba42d224","method":"GET","path":"/api/v1/query-policy-types","status":200,"duration_ms":2}
{"request_id":"rcc-fb01bbec390cfb694eb696bf54488c6b","method":"GET","path":"/api/v1/mutation-policy-types","status":200,"duration_ms":2}
{"request_id":"rcc-8342dedc1641581fc5a01011063fe0c4","method":"GET","path":"/api/v1/mutation-policies/:code","status":200,"duration_ms":4}
{"request_id":"rcc-75860156dead1ea5a32e90423f015f23","method":"GET","path":"/api/v1/query-policies/:code","status":200,"duration_ms":5}
{"request_id":"rcc-0be22710aa13b2effa5b99f7e822d2ff","method":"POST","path":"/api/v1/tables/:table_name/query","status":200,"duration_ms":22}
{"request_id":"rcc-9af5cca54815b610543894e2d0f1dddf","method":"GET","path":"/api/v1/table-field-policies/:table_name","status":200,"duration_ms":7}
{"request_id":"rcc-4a47e064a221e2f1b1f2a4999413bfc2","method":"GET","path":"/api/v1/mutation-policies/:code","status":200,"duration_ms":3}
{"request_id":"rcc-c434ad96a607a2eda43f6e8ccbd0cb28","method":"GET","path":"/api/v1/query-policies/:code","status":200,"duration_ms":3}
{"request_id":"rcc-22d615f30cf6be09248ad8de6c1e31a0","method":"POST","path":"/api/v1/tables/:table_name/query","status":200,"duration_ms":20}
{"request_id":"rcc-7dd913fcf3b70cb9740901df52b2b057","method":"GET","path":"/api/v1/table-field-policies/:table_name","status":200,"duration_ms":7}
{"request_id":"rcc-3968705aeb8aaa280b4dec6516b5d94e","method":"GET","path":"/api/v1/table-field-policies/:table_name","status":200,"duration_ms":6}
{"request_id":"rcc-21a4a403e49b94f117aa2ed8c68a6866","method":"GET","path":"/api/v1/auth/session","status":200,"duration_ms":1}
{"request_id":"rcc-bdd9721403488511cad952a60f9e6c51","method":"POST","path":"/api/v1/tables/:table_name/query","status":200,"duration_ms":18}
{"request_id":"rcc-e43044d74ae5d6dc9595478db70e643a","method":"GET","path":"/api/v1/auth/session","status":200,"duration_ms":1}
{"request_id":"rcc-3f1f0b85ddb5964efd9cac6b996d0d95","method":"GET","path":"/api/v1/table-policies/:table_name","status":200,"duration_ms":3}
{"request_id":"rcc-284b9e3d03fd04e73fa615f983d82003","method":"GET","path":"/api/v1/auth/session","status":200,"duration_ms":1}
{"request_id":"rcc-6830c6d559ec01913ced123e0bde5c43","method":"GET","path":"/api/v1/mutation-policies/:code","status":200,"duration_ms":3}
{"request_id":"rcc-5c0585959ef1641f55a56b7e08f56064","method":"POST","path":"/api/v1/release-orders","status":201,"duration_ms":40}
{"request_id":"rcc-1a2f1c078a920c77b62c9549b40a481c","method":"GET","path":"/api/v1/release-orders/:id","status":200,"duration_ms":14}
{"request_id":"rcc-641037c2f4c0e6f614373bff18044ad3","method":"GET","path":"/api/v1/table-field-policies/:table_name","status":200,"duration_ms":6}
{"request_id":"rcc-8f9483fb551b3c4f8b385ef79cc3ff82","method":"GET","path":"/api/v1/release-orders/:id/details","status":200,"duration_ms":9}
{"request_id":"rcc-136c94c1d162050792bb1745588c751d","method":"GET","path":"/api/v1/release-orders/:id/people","status":200,"duration_ms":20}
{"request_id":"rcc-fe15c8af8b5bd13c0d7a01c479d00045","method":"GET","path":"/api/v1/auth/session","status":200,"duration_ms":1}
{"request_id":"rcc-ba795e3ea01f84c4d7ed0a40f087fced","method":"POST","path":"/api/v1/release-orders/:id/submit","status":200,"duration_ms":80}
{"request_id":"rcc-7ba31834a3dc2777384bfa01a9f40c5f","method":"GET","path":"/api/v1/auth/session","status":200,"duration_ms":1}
{"request_id":"rcc-07cb807776f2b4bf13ab748866f4106b","method":"GET","path":"/api/v1/release-orders/:id","status":200,"duration_ms":13}
{"request_id":"rcc-e73ac765123f0d4862a86a32dfab9d1f","method":"GET","path":"/api/v1/auth/session","status":200,"duration_ms":1}
{"request_id":"rcc-c61c3800f10d29e9b340417ea5d01019","method":"POST","path":"/api/v1/release-orders/:id/approve","status":200,"duration_ms":29}
{"request_id":"rcc-93ae84c4f2e0873e63f40428aab37a41","method":"GET","path":"/api/v1/auth/session","status":200,"duration_ms":1}
{"request_id":"rcc-1fcc061003800d306334dc52572f6fbe","method":"POST","path":"/api/v1/release-orders/:id/execute","status":200,"duration_ms":87}
{"request_id":"rcc-6c838ea87b03ad6c11e755fe23836f7b","method":"GET","path":"/api/v1/auth/session","status":200,"duration_ms":2}
{"request_id":"rcc-0033a6fec805af454f9106293e6d4ff6","method":"GET","path":"/api/v1/release-orders/:id","status":200,"duration_ms":13}
{"request_id":"rcc-2b92c0796bab3c327ba3a9f906c8eee4","method":"GET","path":"/api/v1/table-field-policies/:table_name","status":200,"duration_ms":7}
{"request_id":"rcc-39fc5fb9260a1c815dbc895ce46ca027","method":"GET","path":"/api/v1/release-orders/:id/details","status":200,"duration_ms":9}
{"request_id":"rcc-e4f1ead39162de602dfdb6a2ace7acec","method":"GET","path":"/api/v1/release-orders/:id/people","status":200,"duration_ms":14}
{"request_id":"rcc-91d5d9045dcf7bce6c4ddbaa9cb607e3","method":"GET","path":"/api/v1/auth/session","status":200,"duration_ms":2}
{"request_id":"rcc-de402573da8498890276de42a3ac9b97","method":"POST","path":"/api/v1/release-orders/:id/complete","status":200,"duration_ms":26}
{"request_id":"rcc-26f8468d7c91376087069afc8fdb5d63","method":"GET","path":"/api/v1/auth/session","status":200,"duration_ms":1}
{"request_id":"rcc-3a6f800b060a2b18c13d65a0a07a201e","method":"POST","path":"/api/v1/tables/:table_name/query","status":200,"duration_ms":14}
{"request_id":"rcc-48cc597dac28d316e48762949ddaa375","method":"GET","path":"/api/v1/auth/session","status":200,"duration_ms":2}
{"request_id":"rcc-c988d39b1b520821260aa1d360187db5","method":"GET","path":"/api/v1/table-policies","status":200,"duration_ms":2}
{"request_id":"rcc-b39259ab0556337678167f34748ee2e6","method":"GET","path":"/api/v1/query-policy-types","status":200,"duration_ms":2}
{"request_id":"rcc-7294df661e699d3be1f55f43e356f466","method":"GET","path":"/api/v1/mutation-policy-types","status":200,"duration_ms":1}
{"request_id":"rcc-660847c55ebdbae1cabf9b576b81d40b","method":"GET","path":"/api/v1/mutation-policies/:code","status":200,"duration_ms":4}
{"request_id":"rcc-9b43d96d9d05975b07fb6db040b08f8b","method":"GET","path":"/api/v1/query-policies/:code","status":200,"duration_ms":5}
{"request_id":"rcc-6d928359583751c0e8831cfe7917ef5f","method":"POST","path":"/api/v1/tables/:table_name/query","status":200,"duration_ms":20}
{"request_id":"rcc-62266d992fd0bca82eff5c3dc8eec1ea","method":"GET","path":"/api/v1/table-field-policies/:table_name","status":200,"duration_ms":6}
{"request_id":"rcc-f0ee9ee7cba881dc0a4c578230b618d8","method":"GET","path":"/api/v1/mutation-policies/:code","status":200,"duration_ms":3}
{"request_id":"rcc-79d909c71705cbeccb6222b177f0299d","method":"GET","path":"/api/v1/query-policies/:code","status":200,"duration_ms":4}
{"request_id":"rcc-580ed6148209a0cbd0c008f07995a229","method":"POST","path":"/api/v1/tables/:table_name/query","status":200,"duration_ms":14}
{"request_id":"rcc-06b732aec830c8d15bbf08b5aaf24ae0","method":"GET","path":"/api/v1/table-field-policies/:table_name","status":200,"duration_ms":7}
{"request_id":"rcc-5174eafb5064fae5ee30903b8c36bf53","method":"GET","path":"/api/v1/table-field-policies/:table_name","status":200,"duration_ms":6}
{"request_id":"rcc-ca986b2ae726997376ac6a3cf073cb2b","method":"POST","path":"/api/v1/release-orders","status":201,"duration_ms":44}
{"request_id":"rcc-35925e3e2613632574bc89b553d4f15c","method":"GET","path":"/api/v1/release-orders/:id","status":200,"duration_ms":16}
{"request_id":"rcc-678ef18d3b463f8dbf6b9a1c12fa31ee","method":"GET","path":"/api/v1/table-field-policies/:table_name","status":200,"duration_ms":6}
{"request_id":"rcc-c6a2b12ce22ce4906c95b584e587c828","method":"GET","path":"/api/v1/release-orders/:id/details","status":200,"duration_ms":8}
{"request_id":"rcc-74b12dc7248b697c4805b9f673460207","method":"GET","path":"/api/v1/release-orders/:id/people","status":200,"duration_ms":21}
{"request_id":"rcc-ae39bd58da7f53b358472f2ff96e7b88","method":"GET","path":"/api/v1/auth/session","status":200,"duration_ms":1}
{"request_id":"rcc-fee3c5a648139987d7d41f4e860aaea6","method":"POST","path":"/api/v1/release-orders/:id/submit","status":200,"duration_ms":72}
{"request_id":"rcc-bab91271d3b31100cb217bc799dde783","method":"GET","path":"/api/v1/auth/session","status":200,"duration_ms":1}
{"request_id":"rcc-9f7f0d3a68ce7fb882220fff30db8898","method":"GET","path":"/api/v1/release-orders/:id","status":200,"duration_ms":9}
{"request_id":"rcc-bada5d9860afccaf1481e3d5b7993093","method":"GET","path":"/api/v1/auth/session","status":200,"duration_ms":1}
{"request_id":"rcc-be55d5c8b49fac820f37d3aa5aaa3824","method":"POST","path":"/api/v1/release-orders/:id/approve","status":200,"duration_ms":27}
{"request_id":"rcc-610edde12477c0a7b0968645ccf2ce5a","method":"GET","path":"/api/v1/auth/session","status":200,"duration_ms":1}
{"request_id":"rcc-299a310300a977c01107ba769bbd880e","method":"POST","path":"/api/v1/release-orders/:id/execute","status":200,"duration_ms":84}
{"request_id":"rcc-0c3461ae5b6fed8866fdb974254e6f78","method":"GET","path":"/api/v1/auth/session","status":200,"duration_ms":2}
{"request_id":"rcc-8c785760132d16ffc9efd97fb1d13483","method":"GET","path":"/api/v1/release-orders/:id","status":200,"duration_ms":11}
{"request_id":"rcc-3ed7f92ce1c76b26dd823a43df0d09cd","method":"GET","path":"/api/v1/table-field-policies/:table_name","status":200,"duration_ms":10}
{"request_id":"rcc-3f202b469de72ad2afb38e6c7e108b48","method":"GET","path":"/api/v1/release-orders/:id/details","status":200,"duration_ms":11}
{"request_id":"rcc-acd9cddabb0d73a45eea93eef286868b","method":"GET","path":"/api/v1/auth/session","status":200,"duration_ms":1}
{"request_id":"rcc-c0ffde8d277c0e2b36a9258947730dde","method":"GET","path":"/api/v1/release-orders/:id/people","status":200,"duration_ms":22}
{"request_id":"rcc-f19fbaa661d4b2300e462ae25c56576b","method":"POST","path":"/api/v1/release-orders/:id/complete","status":200,"duration_ms":28}
{"request_id":"rcc-51bb409d0e26bbc973804d33c62ad7e3","method":"GET","path":"/api/v1/auth/session","status":200,"duration_ms":1}
{"request_id":"rcc-633beb18db88cc2f7c6d5a7db8cb18d2","method":"POST","path":"/api/v1/tables/:table_name/query","status":200,"duration_ms":12}
{"request_id":"rcc-1c5b168d811f8d63583579b996032266","method":"GET","path":"/api/v1/auth/session","status":200,"duration_ms":5}
{"request_id":"rcc-22ef265e703e9dc965bc26a9dbe59a10","method":"GET","path":"/api/v1/table-policies","status":200,"duration_ms":5}
{"request_id":"rcc-4fcd59f706cfb57132affc51a5d17906","method":"GET","path":"/api/v1/mutation-policy-types","status":200,"duration_ms":3}
{"request_id":"rcc-f1844dcd790867e98e4c499f0b28cade","method":"GET","path":"/api/v1/query-policy-types","status":200,"duration_ms":3}
{"request_id":"rcc-f62cdb46b8af47e0a42484a6a1fcf54f","method":"GET","path":"/api/v1/query-policies/:code","status":200,"duration_ms":11}
{"request_id":"rcc-fb4ced6f0ccd66257a4be1d4ee05fb87","method":"GET","path":"/api/v1/mutation-policies/:code","status":200,"duration_ms":15}
{"request_id":"rcc-38ec77221ee19a92f28a617e67fd2d29","method":"GET","path":"/api/v1/mutation-policies/:code","status":200,"duration_ms":4}
{"request_id":"rcc-92ab2601710d4d88b8923eecee2d80cc","method":"GET","path":"/api/v1/query-policies/:code","status":200,"duration_ms":5}
{"request_id":"rcc-e218953747a3975950528016216fa716","method":"POST","path":"/api/v1/tables/:table_name/query","status":200,"duration_ms":34}
{"request_id":"rcc-6a216a5c2e3aaa40d3b05b32dc6c4d1e","method":"POST","path":"/api/v1/tables/:table_name/query","status":200,"duration_ms":23}
{"request_id":"rcc-3650bbeee7cc079ebdebeff7d199600a","method":"GET","path":"/api/v1/table-field-policies/:table_name","status":200,"duration_ms":6}
{"request_id":"rcc-bf3f061b7b5e0da93d0de8c2db866fde","method":"GET","path":"/api/v1/table-field-policies/:table_name","status":200,"duration_ms":6}
{"request_id":"rcc-e94524b9dbf76c71c579c73ef6d83be7","method":"GET","path":"/api/v1/auth/session","status":200,"duration_ms":1}
{"request_id":"rcc-ab9b4c62da700f4296c0f621acedd617","method":"POST","path":"/api/v1/tables/:table_name/query","status":200,"duration_ms":17}
{"request_id":"rcc-875b3d3aaf6d707e10c54d672f293e7f","method":"GET","path":"/api/v1/auth/session","status":200,"duration_ms":1}
{"request_id":"rcc-820a582e7896857d9811ed15d1d5248d","method":"GET","path":"/api/v1/table-policies/:table_name","status":200,"duration_ms":2}
{"request_id":"rcc-84edd164f8a2572b3e185ba41944354a","method":"GET","path":"/api/v1/auth/session","status":200,"duration_ms":1}
{"request_id":"rcc-e268ff895820669263dfc83882d946cf","method":"GET","path":"/api/v1/mutation-policies/:code","status":200,"duration_ms":2}
{"request_id":"rcc-f47c9a473ee0d704080a11e529dae474","method":"POST","path":"/api/v1/release-orders","status":201,"duration_ms":39}
{"request_id":"rcc-3c1c955c6bcda8d2760a90369fb75db3","method":"GET","path":"/api/v1/release-orders/:id","status":200,"duration_ms":15}
{"request_id":"rcc-454b13502839e1cb738cc10ed9a9c2cb","method":"GET","path":"/api/v1/table-field-policies/:table_name","status":200,"duration_ms":7}
{"request_id":"rcc-f586ef779168f67ebd3c8f17bbe97d5f","method":"GET","path":"/api/v1/release-orders/:id/details","status":200,"duration_ms":8}
{"request_id":"rcc-205612be51a2592f1b3a356614b8b40e","method":"GET","path":"/api/v1/release-orders/:id/people","status":200,"duration_ms":20}
{"request_id":"rcc-5fdc61e495e1f16c3cf2fdf8bfae5a99","method":"GET","path":"/api/v1/auth/session","status":200,"duration_ms":1}
{"request_id":"rcc-08a896965892ee9ff3feea49b13c478c","method":"POST","path":"/api/v1/release-orders/:id/submit","status":200,"duration_ms":72}
{"request_id":"rcc-4fc765aa198e60afe6665a31867bc42c","method":"GET","path":"/api/v1/auth/session","status":200,"duration_ms":1}
{"request_id":"rcc-41c3ae40c36398e6cd7a5d3b2ced5ca3","method":"GET","path":"/api/v1/release-orders/:id","status":200,"duration_ms":9}
{"request_id":"rcc-279e0a271d40504e017cf6137b2958aa","method":"GET","path":"/api/v1/auth/session","status":200,"duration_ms":1}
{"request_id":"rcc-a1354c654ff70094ba152c4a154f0815","method":"POST","path":"/api/v1/release-orders/:id/approve","status":200,"duration_ms":28}
{"request_id":"rcc-9e3342473cae6d7cf1111736cb3ac443","method":"GET","path":"/api/v1/auth/session","status":200,"duration_ms":1}
{"request_id":"rcc-89a55122d42371c96a438299939805f6","method":"POST","path":"/api/v1/release-orders/:id/execute","status":200,"duration_ms":87}
{"request_id":"rcc-7e2ae16edc1495e9676e541ca85eb841","method":"GET","path":"/api/v1/auth/session","status":200,"duration_ms":1}
{"request_id":"rcc-e1ac5a38f402c5f662a29e72c44ab7d2","method":"GET","path":"/api/v1/release-orders/:id","status":200,"duration_ms":13}
{"request_id":"rcc-3f4a6d86e4d49a1430c1a0c469fdfa98","method":"GET","path":"/api/v1/table-field-policies/:table_name","status":200,"duration_ms":7}
{"request_id":"rcc-3c9643e28d8901053f607e49b05fbc00","method":"GET","path":"/api/v1/release-orders/:id/details","status":200,"duration_ms":9}
{"request_id":"rcc-45d615c9f93e46347cfa1ab145faa128","method":"GET","path":"/api/v1/release-orders/:id/people","status":200,"duration_ms":16}
{"request_id":"rcc-1c8ecf467008c683a1dd782371148dbb","method":"GET","path":"/api/v1/auth/session","status":200,"duration_ms":1}
{"request_id":"rcc-7c3f46d8add0fa9d0161e97d6ff9271e","method":"POST","path":"/api/v1/release-orders/:id/complete","status":200,"duration_ms":26}
{"request_id":"rcc-6dd512a48d3e517549ff794e4df96a5a","method":"GET","path":"/api/v1/auth/session","status":200,"duration_ms":1}
{"request_id":"rcc-38da52e43acc63267151f36a1ccdf3fc","method":"POST","path":"/api/v1/tables/:table_name/query","status":200,"duration_ms":14}
{"request_id":"rcc-8ade4779159acac28eef73ba7d211858","method":"GET","path":"/api/v1/auth/session","status":200,"duration_ms":2}
{"request_id":"rcc-147ce7dd294722b36eb6d4a1fe17e997","method":"GET","path":"/api/v1/table-policies","status":200,"duration_ms":2}
{"request_id":"rcc-771ba89809b70bfcaa64d2207211553e","method":"GET","path":"/api/v1/mutation-policy-types","status":200,"duration_ms":1}
{"request_id":"rcc-9e246ba40e09c730ff0f8e9ef241d7f6","method":"GET","path":"/api/v1/query-policy-types","status":200,"duration_ms":1}
{"request_id":"rcc-4b9b4b236115993ea275a115a22a0538","method":"GET","path":"/api/v1/query-policies/:code","status":200,"duration_ms":5}
{"request_id":"rcc-4e62e0aefda7ffa3c71bb1958215e29e","method":"GET","path":"/api/v1/mutation-policies/:code","status":200,"duration_ms":5}
{"request_id":"rcc-2070791163e1d373cb0dcec0b5b5e6c5","method":"POST","path":"/api/v1/tables/:table_name/query","status":200,"duration_ms":21}
{"request_id":"rcc-629b3fb09b0dab1aa8e22156cb45e04a","method":"GET","path":"/api/v1/table-field-policies/:table_name","status":200,"duration_ms":8}
{"request_id":"rcc-e0721b4aeeabf891b854589196e9314f","method":"GET","path":"/api/v1/mutation-policies/:code","status":200,"duration_ms":4}
{"request_id":"rcc-cce4d3ea37861f486bd7eb0ac5f5e5c1","method":"GET","path":"/api/v1/query-policies/:code","status":200,"duration_ms":4}
{"request_id":"rcc-9ca3fc43e5087c073f7c92790efb7937","method":"POST","path":"/api/v1/tables/:table_name/query","status":200,"duration_ms":14}
{"request_id":"rcc-60689ca37bfab914f439a813d7d30381","method":"GET","path":"/api/v1/table-field-policies/:table_name","status":200,"duration_ms":7}
{"request_id":"rcc-70ddc6f7c912d52da67456d1e689cab5","method":"GET","path":"/api/v1/table-field-policies/:table_name","status":200,"duration_ms":6}
{"request_id":"rcc-52203a2e5fae792fcd676639d3fb7442","method":"POST","path":"/api/v1/auth/activity","status":200,"duration_ms":15}
{"request_id":"rcc-80b263864dbcc1dc66732898161618bc","method":"POST","path":"/api/v1/release-orders","status":201,"duration_ms":40}
{"request_id":"rcc-bf698c2b226dcb0d679475d068f86830","method":"GET","path":"/api/v1/release-orders/:id","status":200,"duration_ms":12}
{"request_id":"rcc-e47fb2680938c6786b379cd02514113a","method":"GET","path":"/api/v1/table-field-policies/:table_name","status":200,"duration_ms":6}
{"request_id":"rcc-3cb20b8bd2e286f3bd0a8665ffcfdd19","method":"GET","path":"/api/v1/release-orders/:id/details","status":200,"duration_ms":8}
{"request_id":"rcc-c1afcf5c46a2b81872f1735a858c0cb3","method":"GET","path":"/api/v1/auth/session","status":200,"duration_ms":1}
{"request_id":"rcc-ea5e613457146f4cb4265854154bfaf3","method":"GET","path":"/api/v1/release-orders/:id/people","status":200,"duration_ms":21}
{"request_id":"rcc-f96b148f793c3d5976e558b1d03cd726","method":"POST","path":"/api/v1/release-orders/:id/submit","status":200,"duration_ms":79}
{"request_id":"rcc-f1ae1516c8bee927fe060ccf0992b157","method":"GET","path":"/api/v1/auth/session","status":200,"duration_ms":1}
{"request_id":"rcc-cfc6c55fca2badf69c09b80dd1dbbd28","method":"GET","path":"/api/v1/release-orders/:id","status":200,"duration_ms":12}
{"request_id":"rcc-06bb295444143c55aaa049e1a442514b","method":"GET","path":"/api/v1/auth/session","status":200,"duration_ms":1}
{"request_id":"rcc-cec79d617b19cf4d81649825ee0f48af","method":"POST","path":"/api/v1/release-orders/:id/approve","status":200,"duration_ms":32}
{"request_id":"rcc-041c759a032dfc318b186d086a8c06b0","method":"GET","path":"/api/v1/auth/session","status":200,"duration_ms":1}
{"request_id":"rcc-f94b4b43388eb57eb656457030de8fbf","method":"POST","path":"/api/v1/release-orders/:id/execute","status":200,"duration_ms":79}
{"request_id":"rcc-b0718a9aab2f6e8d34966c3ee0528d1a","method":"GET","path":"/api/v1/auth/session","status":200,"duration_ms":2}
{"request_id":"rcc-a40c964aa0957cba3deeed8bb3f21f7d","method":"GET","path":"/api/v1/release-orders/:id","status":200,"duration_ms":11}
{"request_id":"rcc-08d4eeac9f678c26005a1cb4b5ec2d46","method":"GET","path":"/api/v1/table-field-policies/:table_name","status":200,"duration_ms":7}
{"request_id":"rcc-dfcec04db1829d8b0cd3781f41c2fbd5","method":"GET","path":"/api/v1/release-orders/:id/details","status":200,"duration_ms":9}
{"request_id":"rcc-22fe8926897590c14a8dd79756ee0607","method":"GET","path":"/api/v1/auth/session","status":200,"duration_ms":1}
{"request_id":"rcc-7b82d8d4e281ce305187e87d9e01a7f9","method":"GET","path":"/api/v1/release-orders/:id/people","status":200,"duration_ms":16}
{"request_id":"rcc-c39205d7036b03533bed095be04edfa3","method":"POST","path":"/api/v1/release-orders/:id/complete","status":200,"duration_ms":29}
{"request_id":"rcc-e52febc8efce8d9fae44e4d9c8aba668","method":"GET","path":"/api/v1/auth/session","status":200,"duration_ms":1}
{"request_id":"rcc-59171867343871e23e39a931703d6ba8","method":"POST","path":"/api/v1/tables/:table_name/query","status":200,"duration_ms":16}
{"request_id":"rcc-7351e73807fe8c739de47bc498a2032a","method":"GET","path":"/api/v1/auth/session","status":200,"duration_ms":1}
{"request_id":"rcc-8fafb7817c6d9fe1a04b399e03c49311","method":"GET","path":"/api/v1/table-policies","status":200,"duration_ms":3}
{"request_id":"rcc-b4f3c9cb7352fae2a2fa82f1ec52f26b","method":"GET","path":"/api/v1/query-policy-types","status":200,"duration_ms":2}
{"request_id":"rcc-40a859cf3869b0f0e464da066408b006","method":"GET","path":"/api/v1/mutation-policy-types","status":200,"duration_ms":1}
{"request_id":"rcc-ac29f8d3f464d65da794183fbcf058d3","method":"GET","path":"/api/v1/query-policies/:code","status":200,"duration_ms":3}
{"request_id":"rcc-50d003e7a444d3007969096a8d725fbc","method":"GET","path":"/api/v1/mutation-policies/:code","status":200,"duration_ms":3}
{"request_id":"rcc-ea1f4eded17839b8e760425a6c2a974a","method":"POST","path":"/api/v1/tables/:table_name/query","status":200,"duration_ms":20}
{"request_id":"rcc-3ed4c6843275072ec6ef9c4672324de7","method":"GET","path":"/api/v1/table-field-policies/:table_name","status":200,"duration_ms":6}
{"request_id":"rcc-4f6b60f7f72866510f90f5d6455e179f","method":"GET","path":"/api/v1/mutation-policies/:code","status":200,"duration_ms":3}
{"request_id":"rcc-395dd4cd9800b77ec157c0f1325ce5ea","method":"GET","path":"/api/v1/query-policies/:code","status":200,"duration_ms":3}
{"request_id":"rcc-3c37d0f72101bb91f8918cd4d55c4f4a","method":"POST","path":"/api/v1/tables/:table_name/query","status":200,"duration_ms":19}
{"request_id":"rcc-99ab3840bc54f63273325e6c0b247278","method":"GET","path":"/api/v1/table-field-policies/:table_name","status":200,"duration_ms":7}
{"request_id":"rcc-2ed4171c1082af01699134740e4ad825","method":"GET","path":"/api/v1/table-field-policies/:table_name","status":200,"duration_ms":7}
{"request_id":"rcc-cccb2dfd1873dd122a630fb333f18716","method":"GET","path":"/api/v1/auth/session","status":200,"duration_ms":1}
{"request_id":"rcc-f8f9633ee263c077a5a1a4cd7925b7d9","method":"POST","path":"/api/v1/tables/:table_name/query","status":200,"duration_ms":19}
{"request_id":"rcc-beb1cac38ff27b99ec51fe51364d47c6","method":"GET","path":"/api/v1/auth/session","status":200,"duration_ms":1}
{"request_id":"rcc-d1f28d3364be532a6f652dda75bd069d","method":"GET","path":"/api/v1/table-policies/:table_name","status":200,"duration_ms":2}
{"request_id":"rcc-2f14124d17eea50d7fb506c00c805b8e","method":"GET","path":"/api/v1/auth/session","status":200,"duration_ms":1}
{"request_id":"rcc-b94df77bbb32ce85f6d8b55270f35cf7","method":"GET","path":"/api/v1/mutation-policies/:code","status":200,"duration_ms":2}
{"request_id":"rcc-474a5264731f995c3bc3b9a7aaf01f17","method":"POST","path":"/api/v1/release-orders","status":201,"duration_ms":38}
{"request_id":"rcc-9f64122869b55aeb2d806b02a83d989d","method":"GET","path":"/api/v1/release-orders/:id","status":200,"duration_ms":16}
{"request_id":"rcc-b8e8c019164e52415cc550ff3793977a","method":"GET","path":"/api/v1/table-field-policies/:table_name","status":200,"duration_ms":5}
{"request_id":"rcc-448bd890e95ed8dc8dbc890050fabf82","method":"GET","path":"/api/v1/release-orders/:id/details","status":200,"duration_ms":8}
{"request_id":"rcc-8e2a6eb2421c8fd0a813ab51f84d8215","method":"GET","path":"/api/v1/release-orders/:id/people","status":200,"duration_ms":20}
{"request_id":"rcc-edf1d1bdd88b53dcc1ff3fbf0518279b","method":"GET","path":"/api/v1/auth/session","status":200,"duration_ms":2}
{"request_id":"rcc-284be82f0f85de1839f818286e60c1cb","method":"POST","path":"/api/v1/release-orders/:id/submit","status":200,"duration_ms":75}
{"request_id":"rcc-af2d38481e44dfe3b6f63741ceda5c3b","method":"GET","path":"/api/v1/auth/session","status":200,"duration_ms":2}
{"request_id":"rcc-31707947e690a2d305edcdcdc95363b6","method":"GET","path":"/api/v1/release-orders/:id","status":200,"duration_ms":11}
{"request_id":"rcc-a197f4cfbb1abdb7721ecfee26ec2797","method":"GET","path":"/api/v1/auth/session","status":200,"duration_ms":1}
{"request_id":"rcc-9c15fa665f4b87f07fc4613aff873769","method":"POST","path":"/api/v1/release-orders/:id/approve","status":200,"duration_ms":29}
{"request_id":"rcc-43a05d8e812cc402c05316180413e1b9","method":"GET","path":"/api/v1/auth/session","status":200,"duration_ms":1}
{"request_id":"rcc-d40864c09d85ca1d0d9e0498ee40d8d1","method":"POST","path":"/api/v1/release-orders/:id/execute","status":200,"duration_ms":79}
{"request_id":"rcc-37426c719d5db65792d914ad5ae599f1","method":"GET","path":"/api/v1/auth/session","status":200,"duration_ms":1}
{"request_id":"rcc-8032e4266c5fdced6a115911292956da","method":"GET","path":"/api/v1/release-orders/:id","status":200,"duration_ms":10}
{"request_id":"rcc-351204147a2db3661d35b48703e83b1a","method":"GET","path":"/api/v1/table-field-policies/:table_name","status":200,"duration_ms":7}
{"request_id":"rcc-ce976509e46ef155b1ec9b1325ed5e52","method":"GET","path":"/api/v1/release-orders/:id/details","status":200,"duration_ms":10}
{"request_id":"rcc-5ae4d6253c4e687101f28d0b4ebc9c74","method":"GET","path":"/api/v1/auth/session","status":200,"duration_ms":2}
{"request_id":"rcc-8403fc6dfaa443e30d645fd5d6327137","method":"GET","path":"/api/v1/release-orders/:id/people","status":200,"duration_ms":18}
{"request_id":"rcc-551c607b39e88ef1d044ccc8aa3c5816","method":"POST","path":"/api/v1/release-orders/:id/complete","status":200,"duration_ms":29}
{"request_id":"rcc-91a65c779d6bb52a6bb5b72e985e84b2","method":"GET","path":"/api/v1/auth/session","status":200,"duration_ms":0}
{"request_id":"rcc-75b498bd05ad0cc637e4fe96959d4e82","method":"POST","path":"/api/v1/tables/:table_name/query","status":200,"duration_ms":14}
{"request_id":"rcc-7fff3a3f94fa3c4ce15e4c0662c162cb","method":"GET","path":"/api/v1/auth/session","status":200,"duration_ms":2}
{"request_id":"rcc-45ac40e1184893e18927fab910d1c665","method":"GET","path":"/api/v1/table-policies","status":200,"duration_ms":2}
{"request_id":"rcc-127ed51c096c2db90c95bd489a08269b","method":"GET","path":"/api/v1/mutation-policy-types","status":200,"duration_ms":1}
{"request_id":"rcc-b8839ea680d5808fa53a03cde7b1cf82","method":"GET","path":"/api/v1/query-policy-types","status":200,"duration_ms":2}
{"request_id":"rcc-ce052fa5817a76830679dbd1e5771c07","method":"GET","path":"/api/v1/mutation-policies/:code","status":200,"duration_ms":4}
{"request_id":"rcc-cfe3058103c447042de71e700b827198","method":"GET","path":"/api/v1/query-policies/:code","status":200,"duration_ms":5}
{"request_id":"rcc-51c5b5f6b9ab005a0c8b21c980146c90","method":"POST","path":"/api/v1/tables/:table_name/query","status":200,"duration_ms":21}
{"request_id":"rcc-d81e62efb3e5b988bfe4f8180b56ea37","method":"GET","path":"/api/v1/table-field-policies/:table_name","status":200,"duration_ms":7}
{"request_id":"rcc-faec5baad33c811727357e172efa76df","method":"GET","path":"/api/v1/mutation-policies/:code","status":200,"duration_ms":2}
{"request_id":"rcc-3d0b69d453c83c9b91f7c3cfcdff32d9","method":"GET","path":"/api/v1/query-policies/:code","status":200,"duration_ms":3}
{"request_id":"rcc-eaaaff582bb1040ade7651882b5e1b84","method":"POST","path":"/api/v1/tables/:table_name/query","status":200,"duration_ms":12}
{"request_id":"rcc-1df01aade41903837a3d539c4bce216b","method":"GET","path":"/api/v1/table-field-policies/:table_name","status":200,"duration_ms":9}
{"request_id":"rcc-731b0f83a8e794b5a02e1071d7e53ee0","method":"GET","path":"/api/v1/table-field-policies/:table_name","status":200,"duration_ms":7}
[mysql] 2026/09/11 04:46:57 packets.go:58 unexpected EOF
{"request_id":"rcc-92e8f584aa27c017440ae7f759fb878f","method":"GET","path":"/api/v1/query-policies","status":503,"duration_ms":0}
[mysql] 2026/09/11 04:46:57 packets.go:58 unexpected EOF
{"request_id":"rcc-a05769a8d90a697c8b766ba5c02c4a91","method":"GET","path":"/api/v1/query-policies","status":503,"duration_ms":0}
[mysql] 2026/09/11 04:46:57 packets.go:58 unexpected EOF
{"request_id":"rcc-fbb451614a51840b3588fd3e6d220077","method":"GET","path":"/api/v1/query-policies","status":503,"duration_ms":0}
[mysql] 2026/09/11 04:46:57 packets.go:58 unexpected EOF
{"request_id":"rcc-15819ec3ffb3c80986a5e8ec3ce4447f","method":"GET","path":"/api/v1/query-policies","status":503,"duration_ms":0}
[mysql] 2026/09/11 04:46:57 packets.go:58 unexpected EOF
{"request_id":"rcc-e372e88324d9bbc908061331f9c8857a","method":"GET","path":"/api/v1/query-policies","status":503,"duration_ms":0}
{"request_id":"rcc-6a9caa97dc244d8d5736dfc065eda535","method":"GET","path":"/api/v1/query-policies","status":200,"duration_ms":5}
{"request_id":"rcc-61ac0e9f8bee39657e6c8a033d79b142","method":"POST","path":"/api/v1/release-orders","status":503,"duration_ms":5}
[mysql] 2026/09/11 04:46:58 packets.go:58 unexpected EOF
{"request_id":"rcc-98c627c653c16565d4d21c8f251b3118","method":"GET","path":"/api/v1/query-policies","status":503,"duration_ms":0}
{"request_id":"rcc-c6ff643a5d1fe58016bbb3068a770f22","method":"GET","path":"/api/v1/query-policies","status":200,"duration_ms":4}
{"request_id":"rcc-5c1ee708ac12bda623dc3563c95efd51","method":"POST","path":"/api/v1/release-orders","status":201,"duration_ms":37}
{"request_id":"rcc-2a45ef594ead0379635aef70adc47b89","method":"GET","path":"/api/v1/auth/session","status":200,"duration_ms":1}
{"request_id":"rcc-d79b8d1d3c91546b1068e34862c6936b","method":"GET","path":"/api/v1/release-orders/:id","status":200,"duration_ms":16}
{"request_id":"rcc-fedbd2c2aa6cbbfd5dd0ac3f6fc068d0","method":"POST","path":"/api/v1/release-orders/:id/cancel","status":200,"duration_ms":25}
{"request_id":"rcc-aba3f1c6084b7fd751c8432fb0bde812","method":"GET","path":"/api/v1/release-orders/:id/details","status":409,"duration_ms":6}
{"request_id":"rcc-a9fd14e83de31e56d7dbc1cfb0cd09d2","method":"GET","path":"/api/v1/table-field-policies/:table_name","status":200,"duration_ms":6}
{"request_id":"rcc-868ae66d8cdff42f386834cd1f62b7b6","method":"GET","path":"/api/v1/release-orders/:id/people","status":200,"duration_ms":16}
{"request_id":"rcc-5eeff464bfd00ebdd7d5a4af19894087","method":"GET","path":"/api/v1/auth/session","status":200,"duration_ms":1}
{"request_id":"rcc-37ff40b0c2af0690f0437cd73d3b0d4f","method":"POST","path":"/api/v1/release-orders","status":422,"duration_ms":14}
{"request_id":"rcc-17a12eda8ed34231e9024a2614dd46d1","method":"GET","path":"/api/v1/auth/session","status":200,"duration_ms":1}
{"request_id":"rcc-9784cc22313c6726ef5c0b091fd59f1c","method":"GET","path":"/api/v1/table-policies","status":200,"duration_ms":2}
{"request_id":"rcc-2155078bf3ae112e6c4bd2e87d67e009","method":"GET","path":"/api/v1/query-policy-types","status":200,"duration_ms":2}
{"request_id":"rcc-0f103ce03c801b76486cb9d6379de26b","method":"GET","path":"/api/v1/query-policies/:code","status":200,"duration_ms":4}
{"request_id":"rcc-e9fcad5e67eb48621f6a9f21c1f24103","method":"GET","path":"/api/v1/mutation-policy-types","status":200,"duration_ms":6}
{"request_id":"rcc-215f8890a80bfb21028020fafa3bc596","method":"GET","path":"/api/v1/mutation-policies/:code","status":200,"duration_ms":9}
{"request_id":"rcc-4a5bfc4e55d774a6dce7c4014f80fa5a","method":"POST","path":"/api/v1/tables/:table_name/query","status":200,"duration_ms":21}
{"request_id":"rcc-346a1d884ea276d7302beb35408de5d5","method":"GET","path":"/api/v1/table-field-policies/:table_name","status":200,"duration_ms":6}
{"request_id":"rcc-4bf3d039885f9a99c7622abf9c53377c","method":"GET","path":"/api/v1/mutation-policies/:code","status":200,"duration_ms":4}
{"request_id":"rcc-28356fb4bd257a9c125d675b939e8dfe","method":"GET","path":"/api/v1/query-policies/:code","status":200,"duration_ms":3}
{"request_id":"rcc-31ae92023d00f58990e277ed49bcd404","method":"POST","path":"/api/v1/tables/:table_name/query","status":200,"duration_ms":13}
{"request_id":"rcc-97ab61a41c4eedda3869c26bb66beae7","method":"GET","path":"/api/v1/table-field-policies/:table_name","status":200,"duration_ms":8}
{"request_id":"rcc-382168f7be01c99ef24f2ef22e5636a0","method":"GET","path":"/api/v1/table-field-policies/:table_name","status":200,"duration_ms":6}
{"request_id":"rcc-9a1c9c99b6555a7cef31f62c16706c72","method":"POST","path":"/api/v1/release-orders","status":201,"duration_ms":42}
{"request_id":"rcc-1af62c04ded09975965bec80013ee6f5","method":"GET","path":"/api/v1/release-orders/:id","status":200,"duration_ms":16}
{"request_id":"rcc-53e03b0e8162402b8439339ed9d5c195","method":"GET","path":"/api/v1/table-field-policies/:table_name","status":200,"duration_ms":8}
{"request_id":"rcc-1ded8a22f2f6e3f30016643f9d136800","method":"GET","path":"/api/v1/release-orders/:id/details","status":200,"duration_ms":9}
{"request_id":"rcc-ec21b13feade9e5ef127d50514fbf820","method":"GET","path":"/api/v1/release-orders/:id/people","status":200,"duration_ms":21}
{"request_id":"rcc-cd1dad60e02e8a5de1183cc1e0d33eb7","method":"GET","path":"/api/v1/auth/session","status":200,"duration_ms":1}
{"request_id":"rcc-91b17508e46bbd545718881d52fdab04","method":"POST","path":"/api/v1/release-orders/:id/submit","status":200,"duration_ms":74}
{"request_id":"rcc-175212c11c750d0d6de0ac41b8a1ba7f","method":"GET","path":"/api/v1/auth/session","status":200,"duration_ms":1}
{"request_id":"rcc-5448a4dc4455bebbc646b1cdd149209c","method":"GET","path":"/api/v1/release-orders/:id","status":200,"duration_ms":8}
{"request_id":"rcc-7a75c065defa867145196e63111d272f","method":"GET","path":"/api/v1/auth/session","status":200,"duration_ms":1}
{"request_id":"rcc-6960e1519078069191d4bf955c0c9485","method":"POST","path":"/api/v1/release-orders/:id/approve","status":200,"duration_ms":28}
{"request_id":"rcc-ff5f47ac90a509026be32752949b76b0","method":"GET","path":"/api/v1/auth/session","status":200,"duration_ms":1}
{"request_id":"rcc-628f9ec04288a56bff78df8947191d1c","method":"POST","path":"/api/v1/release-orders/:id/execute","status":200,"duration_ms":81}
{"request_id":"rcc-dd36120f812ee4d982caa244db78c76e","method":"GET","path":"/api/v1/auth/session","status":200,"duration_ms":2}
{"request_id":"rcc-8a124ca5a952831754c64001bfd7502e","method":"GET","path":"/api/v1/release-orders/:id","status":200,"duration_ms":12}
{"request_id":"rcc-11358633f089b9a0a935042dcc5c67db","method":"GET","path":"/api/v1/table-field-policies/:table_name","status":200,"duration_ms":7}
{"request_id":"rcc-f5dc3355a4537dfed46950231e0f870e","method":"GET","path":"/api/v1/release-orders/:id/details","status":200,"duration_ms":8}
{"request_id":"rcc-10b15854ecb182d2c692798bc136cac0","method":"GET","path":"/api/v1/release-orders/:id/people","status":200,"duration_ms":16}
{"request_id":"rcc-092224dc534d3cf2ee07fd124346472c","method":"GET","path":"/api/v1/auth/session","status":200,"duration_ms":2}
{"request_id":"rcc-e53daa69d49ab010c73118f5b27dadc9","method":"POST","path":"/api/v1/release-orders/:id/complete","status":200,"duration_ms":27}
{"request_id":"rcc-84d9a64761c7f1e8b5630b2c055446ee","method":"GET","path":"/api/v1/auth/session","status":200,"duration_ms":1}
{"request_id":"rcc-e9c2ade1b78370b31b72233ee6df2c23","method":"POST","path":"/api/v1/tables/:table_name/query","status":200,"duration_ms":14}
{"request_id":"rcc-c76769bb06f68fa2d556ac18b03419ba","method":"GET","path":"/api/v1/auth/session","status":200,"duration_ms":2}
{"request_id":"rcc-3774f5ad020f7e12a07aaa59d15e458b","method":"GET","path":"/api/v1/table-policies","status":200,"duration_ms":2}
{"request_id":"rcc-3c82648f28644409a784488b315de803","method":"GET","path":"/api/v1/query-policy-types","status":200,"duration_ms":2}
{"request_id":"rcc-25cc8f3d399a9614ce2acbf717f15c00","method":"GET","path":"/api/v1/mutation-policy-types","status":200,"duration_ms":2}
{"request_id":"rcc-a0f10e03d5951b5e43842f95fe4b47a5","method":"GET","path":"/api/v1/mutation-policies/:code","status":200,"duration_ms":4}
{"request_id":"rcc-4436870cd2b23d849ca8d05c2df993ee","method":"GET","path":"/api/v1/query-policies/:code","status":200,"duration_ms":5}
{"request_id":"rcc-26286d61d54fcfead4538aebe15667a6","method":"POST","path":"/api/v1/tables/:table_name/query","status":200,"duration_ms":21}
{"request_id":"rcc-9301ffaedbc5296fa7d432a7d9ddc8cc","method":"GET","path":"/api/v1/table-field-policies/:table_name","status":200,"duration_ms":6}
{"request_id":"rcc-ff4b489ff4e8b0efc089ea7a7332edc2","method":"GET","path":"/api/v1/query-policies/:code","status":200,"duration_ms":3}
{"request_id":"rcc-c71cc44f60e36ab8139bb917fd0e78f4","method":"GET","path":"/api/v1/mutation-policies/:code","status":200,"duration_ms":3}
{"request_id":"rcc-49af4829e7b9a78a72d01ce4855bccbb","method":"POST","path":"/api/v1/tables/:table_name/query","status":200,"duration_ms":12}
{"request_id":"rcc-12575e7d3d5a0c44c0b03c4c600bdd51","method":"GET","path":"/api/v1/table-field-policies/:table_name","status":200,"duration_ms":6}
{"request_id":"rcc-d0c081de5a0eb2720502e184ec447f5b","method":"GET","path":"/api/v1/table-field-policies/:table_name","status":200,"duration_ms":6}
{"request_id":"rcc-84225f6119692d3173d436965eb15882","method":"POST","path":"/api/v1/release-orders","status":201,"duration_ms":38}
{"request_id":"rcc-78e609a68fb47f3e419c09058a2097ec","method":"GET","path":"/api/v1/release-orders/:id","status":200,"duration_ms":15}
{"request_id":"rcc-2d9657b605f0735dbbf51e24ae83bb3a","method":"GET","path":"/api/v1/table-field-policies/:table_name","status":200,"duration_ms":9}
{"request_id":"rcc-ab6e6145af5713cac80806e1ff1577cd","method":"GET","path":"/api/v1/release-orders/:id/details","status":200,"duration_ms":11}
{"request_id":"rcc-f411d9648d424dea645ea32fdd65d431","method":"GET","path":"/api/v1/release-orders/:id/people","status":200,"duration_ms":21}
{"request_id":"rcc-4264c2012d0444f1165074d61537d59a","method":"GET","path":"/api/v1/auth/session","status":200,"duration_ms":1}
{"request_id":"rcc-a0341669337bc03d3ad30c97a0794274","method":"POST","path":"/api/v1/release-orders/:id/submit","status":200,"duration_ms":72}
{"request_id":"rcc-e597c97f2e24e4bb2a396906cb35e9af","method":"GET","path":"/api/v1/auth/session","status":200,"duration_ms":1}
{"request_id":"rcc-bc3f259431713c23b128433cc81b47d9","method":"GET","path":"/api/v1/release-orders/:id","status":200,"duration_ms":9}
{"request_id":"rcc-d97b7b2513fcc944410dc8f9dd086bf5","method":"GET","path":"/api/v1/auth/session","status":200,"duration_ms":1}
{"request_id":"rcc-7075466e842d9377fc75ce746c64174a","method":"POST","path":"/api/v1/release-orders/:id/approve","status":200,"duration_ms":27}
{"request_id":"rcc-5d963414cc0d2c88d931f5c22bade89c","method":"GET","path":"/api/v1/auth/session","status":200,"duration_ms":1}
{"request_id":"rcc-300ff0017c58c553112d75fa9d4d6fcd","method":"POST","path":"/api/v1/release-orders/:id/execute","status":200,"duration_ms":80}
{"request_id":"rcc-650517ceede6099e44455ac6c2b6d4ae","method":"GET","path":"/api/v1/auth/session","status":200,"duration_ms":1}
{"request_id":"rcc-28a0f3b94016d93a85bcf091ec51d00c","method":"GET","path":"/api/v1/release-orders/:id","status":200,"duration_ms":11}
{"request_id":"rcc-9f25c5cd0b6672c7e9cae5f38dc6e624","method":"GET","path":"/api/v1/table-field-policies/:table_name","status":200,"duration_ms":7}
{"request_id":"rcc-deaa512e6bf1daa5299497ec3e322e76","method":"GET","path":"/api/v1/release-orders/:id/details","status":200,"duration_ms":9}
{"request_id":"rcc-07702495ff500ec9813f4d4844054082","method":"GET","path":"/api/v1/auth/session","status":200,"duration_ms":1}
{"request_id":"rcc-46fb36e5b448ef03a79e2c3c0b9f6398","method":"GET","path":"/api/v1/release-orders/:id/people","status":200,"duration_ms":16}
{"request_id":"rcc-d46d177e7d620924dcf0fa6741a30d5d","method":"POST","path":"/api/v1/release-orders/:id/complete","status":200,"duration_ms":29}
{"request_id":"rcc-7e572587bcdda0727724a8c9ad8b257b","method":"GET","path":"/api/v1/auth/session","status":200,"duration_ms":1}
{"request_id":"rcc-544ef1c78a6ea8dca0706634291de014","method":"POST","path":"/api/v1/tables/:table_name/query","status":200,"duration_ms":14}
{"request_id":"rcc-92fc667221fda25d9af839f5da9d2c4a","method":"GET","path":"/api/v1/auth/session","status":200,"duration_ms":1}
{"request_id":"rcc-8df58efbd9610d41367f84ef10edf102","method":"GET","path":"/api/v1/table-policies","status":200,"duration_ms":3}
{"request_id":"rcc-8aaa9d3a8b269c5122533673419e26e6","method":"GET","path":"/api/v1/query-policy-types","status":200,"duration_ms":1}
{"request_id":"rcc-25b7afcadda3b053ff5e3f51baec4173","method":"GET","path":"/api/v1/mutation-policy-types","status":200,"duration_ms":1}
{"request_id":"rcc-9b9c8a8cd627caaabf01f9ba07a05095","method":"GET","path":"/api/v1/query-policies/:code","status":200,"duration_ms":3}
{"request_id":"rcc-c9adc46399f7ce98f92480934385742a","method":"GET","path":"/api/v1/mutation-policies/:code","status":200,"duration_ms":3}
{"request_id":"rcc-e86f8c106a5fff1cfdedac9fd819807c","method":"POST","path":"/api/v1/tables/:table_name/query","status":200,"duration_ms":22}
{"request_id":"rcc-e5e1dcc14ad15e7a0295618a91fd844b","method":"GET","path":"/api/v1/query-policies/:code","status":200,"duration_ms":3}
{"request_id":"rcc-fc450acb9dc4014c491edd5433772c62","method":"GET","path":"/api/v1/mutation-policies/:code","status":200,"duration_ms":3}
{"request_id":"rcc-f20a072010a7386d3e837d7f4d92414e","method":"POST","path":"/api/v1/tables/:table_name/query","status":200,"duration_ms":14}
{"request_id":"rcc-30c9f948f0c3e093900218513c27caa6","method":"GET","path":"/api/v1/table-field-policies/:table_name","status":200,"duration_ms":6}
{"request_id":"rcc-0c0833f16acbb4065c977dbaa54a8789","method":"GET","path":"/api/v1/table-field-policies/:table_name","status":200,"duration_ms":6}
{"request_id":"rcc-4e38abf8681e98d26110ac5f42c1eba1","method":"POST","path":"/api/v1/release-orders","status":201,"duration_ms":45}
{"request_id":"rcc-b04035c9b1064f812f44b173fff9b3a0","method":"GET","path":"/api/v1/release-orders/:id","status":200,"duration_ms":16}
{"request_id":"rcc-7fde97b478f48d3ffa6c483ba9941721","method":"GET","path":"/api/v1/table-field-policies/:table_name","status":200,"duration_ms":7}
{"request_id":"rcc-d46c9bdc0242dc5de75c7b0e34163f0d","method":"GET","path":"/api/v1/release-orders/:id/details","status":200,"duration_ms":8}
{"request_id":"rcc-ee833ac1f029b59dff7063c574b0e532","method":"GET","path":"/api/v1/release-orders/:id/people","status":200,"duration_ms":21}
{"request_id":"rcc-477619378e62887832625f5fe6601aee","method":"GET","path":"/api/v1/auth/session","status":200,"duration_ms":1}
{"request_id":"rcc-ad06faf01e15e1f9db473f39ccabb047","method":"POST","path":"/api/v1/release-orders/:id/submit","status":200,"duration_ms":75}
{"request_id":"rcc-3239715f812e52289dbc3ff7135b3361","method":"GET","path":"/api/v1/auth/session","status":200,"duration_ms":1}
{"request_id":"rcc-168ac2eb3c53d443fcf32c964289d920","method":"GET","path":"/api/v1/release-orders/:id","status":200,"duration_ms":10}
{"request_id":"rcc-5fae1ff71e2f9f8f293c8d0b7483cb2b","method":"GET","path":"/api/v1/auth/session","status":200,"duration_ms":1}
{"request_id":"rcc-dee0e3bcb2a99969c7042cb03c805eb4","method":"POST","path":"/api/v1/release-orders/:id/approve","status":200,"duration_ms":28}
{"request_id":"rcc-c2cda51f667f20d35cfbc5493c9500ae","method":"GET","path":"/api/v1/auth/session","status":200,"duration_ms":0}
{"request_id":"rcc-e0573b0376772ff4b34185394cbc6b2d","method":"POST","path":"/api/v1/release-orders/:id/execute","status":200,"duration_ms":82}
{"request_id":"rcc-d8f31968bcb4202767a32c311cba68f2","method":"GET","path":"/api/v1/auth/session","status":200,"duration_ms":2}
{"request_id":"rcc-e07033fcd43fd0127555df6ff56fa223","method":"GET","path":"/api/v1/release-orders/:id","status":200,"duration_ms":14}
{"request_id":"rcc-a3a57ba83e20a85306f8cc84de261b84","method":"GET","path":"/api/v1/table-field-policies/:table_name","status":200,"duration_ms":9}
{"request_id":"rcc-fec11fe05d1ccb0363eecc015d691c90","method":"GET","path":"/api/v1/release-orders/:id/details","status":200,"duration_ms":10}
{"request_id":"rcc-e5243bf5d7f6236afff24f2998fc0cfe","method":"GET","path":"/api/v1/release-orders/:id/people","status":200,"duration_ms":18}
{"request_id":"rcc-b021334d9441b67b087117a524a1fa78","method":"GET","path":"/api/v1/auth/session","status":200,"duration_ms":1}
{"request_id":"rcc-c925443ae1fc44ab51b41fe4cf6ea758","method":"POST","path":"/api/v1/release-orders/:id/complete","status":200,"duration_ms":30}
{"request_id":"rcc-e26ef0f1e3d1e4721c732dce37e82548","method":"GET","path":"/api/v1/auth/session","status":200,"duration_ms":1}
{"request_id":"rcc-d332cfc9411762cb60acc280a3b52d68","method":"POST","path":"/api/v1/tables/:table_name/query","status":200,"duration_ms":12}
{"request_id":"rcc-b38e6623b3890f816ed48abee29f5d41","method":"GET","path":"/api/v1/auth/session","status":200,"duration_ms":2}
{"request_id":"rcc-bc736ebe563785ffeacee3f7e2516c21","method":"GET","path":"/api/v1/table-policies","status":200,"duration_ms":2}
{"request_id":"rcc-03afe8dfe252c09a15ed1f29d771d826","method":"GET","path":"/api/v1/query-policy-types","status":200,"duration_ms":2}
{"request_id":"rcc-98de64d5f20128b3a533d611a6379c00","method":"GET","path":"/api/v1/mutation-policy-types","status":200,"duration_ms":1}
{"request_id":"rcc-add880b1b35ee533070aaedc2e350e9c","method":"GET","path":"/api/v1/mutation-policies/:code","status":200,"duration_ms":4}
{"request_id":"rcc-6bac95ed83312db8036e2589aefdfd78","method":"GET","path":"/api/v1/query-policies/:code","status":200,"duration_ms":4}
{"request_id":"rcc-3c91bdafe069d0da6307c23f13f9b238","method":"GET","path":"/api/v1/mutation-policies/:code","status":200,"duration_ms":3}
{"request_id":"rcc-84525fd3d11d50632c1fba95b6ecdd48","method":"GET","path":"/api/v1/query-policies/:code","status":200,"duration_ms":3}
{"request_id":"rcc-0edd56e37356ab8e039939ff20ade4dc","method":"POST","path":"/api/v1/tables/:table_name/query","status":200,"duration_ms":24}
{"request_id":"rcc-f2cb7f2bab660b36cd3a9f290ac892b0","method":"POST","path":"/api/v1/tables/:table_name/query","status":200,"duration_ms":15}
{"request_id":"rcc-4adfd4bab5005ab57290a30eb18e4240","method":"GET","path":"/api/v1/table-field-policies/:table_name","status":200,"duration_ms":6}
{"request_id":"rcc-eb6a366a37267b9c76a49c3c33016924","method":"GET","path":"/api/v1/table-field-policies/:table_name","status":200,"duration_ms":6}
{"request_id":"rcc-2c586c4175a177e57f08c75a125b64e3","method":"POST","path":"/api/v1/release-orders","status":201,"duration_ms":41}
{"request_id":"rcc-afd249db50c227c8c4f74464baee81fa","method":"GET","path":"/api/v1/release-orders/:id","status":200,"duration_ms":16}
{"request_id":"rcc-ed879122eb2b2c065224aacf68ff82a5","method":"GET","path":"/api/v1/table-field-policies/:table_name","status":200,"duration_ms":6}
{"request_id":"rcc-2890212e67757558f25e36d7ce6d951b","method":"GET","path":"/api/v1/release-orders/:id/details","status":200,"duration_ms":9}
{"request_id":"rcc-4e18485f0cff387317871f92372cbb69","method":"GET","path":"/api/v1/release-orders/:id/people","status":200,"duration_ms":40}
{"request_id":"rcc-209d2aa44fc50a1f7d9a0294d250afd5","method":"GET","path":"/api/v1/auth/session","status":200,"duration_ms":1}
{"request_id":"rcc-ee1455ee3bb6100913a1fcbd357d5c12","method":"POST","path":"/api/v1/release-orders/:id/submit","status":200,"duration_ms":86}
{"request_id":"rcc-2c0a78836fee9e200860f519106496aa","method":"GET","path":"/api/v1/auth/session","status":200,"duration_ms":1}
{"request_id":"rcc-ccddedd9aff07d5500c36ebe41c1ee1e","method":"GET","path":"/api/v1/release-orders/:id","status":200,"duration_ms":8}
{"request_id":"rcc-8fbe6157c7b520c19f87b7b585a26294","method":"GET","path":"/api/v1/auth/session","status":200,"duration_ms":1}
{"request_id":"rcc-ae80c0602a2d15fe5444137ee421ddd3","method":"POST","path":"/api/v1/release-orders/:id/approve","status":200,"duration_ms":27}
{"request_id":"rcc-babe0b90907bb2e4f745406ebd367d2e","method":"GET","path":"/api/v1/auth/session","status":200,"duration_ms":1}
{"request_id":"rcc-e241c7a5c8d420bc026f724d6b4f0908","method":"POST","path":"/api/v1/release-orders/:id/execute","status":200,"duration_ms":84}
{"request_id":"rcc-b072f8144d351b36997334230c2c39f4","method":"GET","path":"/api/v1/auth/session","status":200,"duration_ms":1}
{"request_id":"rcc-f4d404556bf197adf4f62b5a26ef1049","method":"GET","path":"/api/v1/release-orders/:id","status":200,"duration_ms":12}
{"request_id":"rcc-a2ae8ecc8749d21367f431dae35592c3","method":"GET","path":"/api/v1/table-field-policies/:table_name","status":200,"duration_ms":6}
{"request_id":"rcc-69d77870ebebafaf8b47cddac7a35d5d","method":"GET","path":"/api/v1/release-orders/:id/details","status":200,"duration_ms":8}
{"request_id":"rcc-5b5a5a1b1270a9c1ac2b70bff6d67833","method":"GET","path":"/api/v1/release-orders/:id/people","status":200,"duration_ms":15}
{"request_id":"rcc-f2ce93395d9272ead1d4ebb425cf6870","method":"GET","path":"/api/v1/auth/session","status":200,"duration_ms":1}
{"request_id":"rcc-c828aac0d445498d56407f1714546e5c","method":"POST","path":"/api/v1/release-orders/:id/complete","status":200,"duration_ms":27}
{"request_id":"rcc-f05b5602b392cc017e4b22caed409131","method":"GET","path":"/api/v1/auth/session","status":200,"duration_ms":1}
{"request_id":"rcc-5572e5a31c8fd95483c730155b91347c","method":"POST","path":"/api/v1/tables/:table_name/query","status":200,"duration_ms":12}
{"request_id":"rcc-48544b2fda8e07bd15f8f6aa38583c9b","method":"GET","path":"/api/v1/auth/session","status":200,"duration_ms":2}
{"request_id":"rcc-ec18e13194db1e4387aded6fcbbfcc5f","method":"GET","path":"/api/v1/table-policies","status":200,"duration_ms":2}
{"request_id":"rcc-cd6e1503874aed717ef15eb13152099e","method":"GET","path":"/api/v1/query-policy-types","status":200,"duration_ms":2}
{"request_id":"rcc-edf2183cf01e50f217fc62ccff085101","method":"GET","path":"/api/v1/mutation-policy-types","status":200,"duration_ms":2}
{"request_id":"rcc-54ef2fb90046902572ef9981df2d748c","method":"GET","path":"/api/v1/mutation-policies/:code","status":200,"duration_ms":3}
{"request_id":"rcc-859a1416801aa10bcce0a51b531eaa1f","method":"GET","path":"/api/v1/query-policies/:code","status":200,"duration_ms":5}
{"request_id":"rcc-7bebae8630f60f0a1cd13b82959ce42b","method":"POST","path":"/api/v1/tables/:table_name/query","status":200,"duration_ms":22}
{"request_id":"rcc-79910c1f04207aa084a374908502db5b","method":"GET","path":"/api/v1/table-field-policies/:table_name","status":200,"duration_ms":6}
{"request_id":"rcc-f2ff7790126d9e689a81870ede8f1531","method":"GET","path":"/api/v1/query-policies/:code","status":200,"duration_ms":3}
{"request_id":"rcc-af187c9851d9499013539f59c8c16c83","method":"GET","path":"/api/v1/mutation-policies/:code","status":200,"duration_ms":4}
{"request_id":"rcc-796aa348ffde9daad01811ca5d54c14e","method":"POST","path":"/api/v1/tables/:table_name/query","status":200,"duration_ms":48}
{"request_id":"rcc-21c6799128b0de873e7d485dc13a6705","method":"GET","path":"/api/v1/table-field-policies/:table_name","status":200,"duration_ms":6}
{"request_id":"rcc-a22c1cd3b0ad670a0cc3222da7033bd3","method":"GET","path":"/api/v1/table-field-policies/:table_name","status":200,"duration_ms":6}
{"request_id":"rcc-b92e66646fea1c32fd28bfa9ab107406","method":"GET","path":"/api/v1/auth/session","status":200,"duration_ms":3}
{"request_id":"rcc-9b9175cb6909f8605856e147f6af4540","method":"POST","path":"/api/v1/tables/:table_name/query","status":200,"duration_ms":21}
{"request_id":"rcc-1a307ea0285f4f4af83bdbb50c62224b","method":"GET","path":"/api/v1/auth/session","status":200,"duration_ms":1}
{"request_id":"rcc-f73a40e796aa1e59292fc145839ca135","method":"GET","path":"/api/v1/table-policies/:table_name","status":200,"duration_ms":2}
{"request_id":"rcc-7636cbce4f5aca380a69f0d5e871a8d8","method":"GET","path":"/api/v1/auth/session","status":200,"duration_ms":1}
{"request_id":"rcc-166c6f350670dd003f20bc927ad0a971","method":"GET","path":"/api/v1/mutation-policies/:code","status":200,"duration_ms":2}
{"request_id":"rcc-4ec3b27796e83bb0dd01679d133acbd8","method":"POST","path":"/api/v1/release-orders","status":201,"duration_ms":37}
{"request_id":"rcc-6a903429626a3112b017ea15ef831059","method":"GET","path":"/api/v1/release-orders/:id","status":200,"duration_ms":20}
{"request_id":"rcc-2d6a4e666edfbc99a86d906938f32f13","method":"GET","path":"/api/v1/table-field-policies/:table_name","status":200,"duration_ms":7}
{"request_id":"rcc-0ed018d556c7fddf58068c85256ac58f","method":"GET","path":"/api/v1/release-orders/:id/details","status":200,"duration_ms":9}
{"request_id":"rcc-52aaf054749fac729156e1f0f862992a","method":"GET","path":"/api/v1/release-orders/:id/people","status":200,"duration_ms":19}
{"request_id":"rcc-4cc8cc169fffc9c88bb1506c5ed186ac","method":"GET","path":"/api/v1/auth/session","status":200,"duration_ms":1}
{"request_id":"rcc-02da657d5bb4b63fee6e176851b20fbd","method":"POST","path":"/api/v1/release-orders/:id/submit","status":200,"duration_ms":78}
{"request_id":"rcc-a6661d24a0fd0720e943f7151e6120d5","method":"GET","path":"/api/v1/auth/session","status":200,"duration_ms":1}
{"request_id":"rcc-5a37d8d7d55d8e4ad427b69577ec5b08","method":"GET","path":"/api/v1/release-orders/:id","status":200,"duration_ms":10}
{"request_id":"rcc-99e2643886a9f2a9dd7d1a3793f3ab8f","method":"GET","path":"/api/v1/auth/session","status":200,"duration_ms":1}
{"request_id":"rcc-76ca09694601cd1ed1d38f97e64733c4","method":"POST","path":"/api/v1/release-orders/:id/approve","status":200,"duration_ms":28}
{"request_id":"rcc-2eb89390b7a7f8996be70a9b61943f29","method":"GET","path":"/api/v1/auth/session","status":200,"duration_ms":1}
{"request_id":"rcc-ca291afec8cc0ab6f6439ceff75bd688","method":"POST","path":"/api/v1/release-orders/:id/execute","status":200,"duration_ms":83}
{"request_id":"rcc-89f303b24b85fbdf6e5a67b17df57b23","method":"GET","path":"/api/v1/auth/session","status":200,"duration_ms":2}
{"request_id":"rcc-00d4be601edb9ce480e0a28dd1e4657b","method":"GET","path":"/api/v1/release-orders/:id","status":200,"duration_ms":12}
{"request_id":"rcc-55423a3446f4f68abf7782e79d43d514","method":"GET","path":"/api/v1/table-field-policies/:table_name","status":200,"duration_ms":7}
{"request_id":"rcc-9e28952bd7da53b95fa5058153b6fb0c","method":"GET","path":"/api/v1/release-orders/:id/details","status":200,"duration_ms":9}
{"request_id":"rcc-fa7fb1e0c667df4bc9c296b29e3d6a3e","method":"GET","path":"/api/v1/auth/session","status":200,"duration_ms":1}
{"request_id":"rcc-f0539a76a2c8672db07ae8755ea740d2","method":"GET","path":"/api/v1/release-orders/:id/people","status":200,"duration_ms":18}
{"request_id":"rcc-74c4cbaad292ba082f9cc8a1d6245948","method":"POST","path":"/api/v1/release-orders/:id/complete","status":200,"duration_ms":29}
{"request_id":"rcc-7e12f2ff71b7d34f72b2d81d11ed4b34","method":"GET","path":"/api/v1/auth/session","status":200,"duration_ms":1}
{"request_id":"rcc-af3d73efe26c7d8f819056abcdc028aa","method":"GET","path":"/api/v1/table-policies","status":200,"duration_ms":2}
{"request_id":"rcc-4c86f6d5f87e9377a0b4dd4701aef54d","method":"GET","path":"/api/v1/mutation-policy-types","status":200,"duration_ms":1}
{"request_id":"rcc-3c8edcf705154ac70db68439e90c376d","method":"GET","path":"/api/v1/query-policy-types","status":200,"duration_ms":1}
{"request_id":"rcc-0199862f6785c99b4f51618243c54953","method":"GET","path":"/api/v1/mutation-policies/:code","status":200,"duration_ms":3}
{"request_id":"rcc-d40ff6b09b683c6c126dafda6c591ee7","method":"GET","path":"/api/v1/query-policies/:code","status":200,"duration_ms":3}
{"request_id":"rcc-513ff156550b4fa0e26f00ac514168c2","method":"POST","path":"/api/v1/tables/:table_name/query","status":200,"duration_ms":20}
{"request_id":"rcc-c3dd6b080dc02fe922cab6f0b5988ad6","method":"GET","path":"/api/v1/mutation-policies/:code","status":200,"duration_ms":3}
{"request_id":"rcc-cc5ab671e6bb71832391a53c98625176","method":"GET","path":"/api/v1/query-policies/:code","status":200,"duration_ms":3}
{"request_id":"rcc-45a0fd77fc00e222d0db522f7d1363dc","method":"POST","path":"/api/v1/tables/:table_name/query","status":200,"duration_ms":44}
{"request_id":"rcc-6a1ad8f7b25fee3d5cf04e8d77e58bb8","method":"GET","path":"/api/v1/table-field-policies/:table_name","status":200,"duration_ms":6}
{"request_id":"rcc-a9deb5b792cefdd2b741f6cbf7682078","method":"GET","path":"/api/v1/table-field-policies/:table_name","status":200,"duration_ms":7}
{"request_id":"rcc-cb4c1aafe42de33b563ffaeaa59bd4fe","method":"GET","path":"/api/v1/auth/session","status":200,"duration_ms":1}
{"request_id":"rcc-82463691fe5df0d7196f377dba43ccc8","method":"POST","path":"/api/v1/tables/:table_name/query","status":200,"duration_ms":14}
{"request_id":"rcc-e66edce7aa2ee0d696cac84b3ca60561","method":"GET","path":"/api/v1/auth/session","status":200,"duration_ms":1}
{"request_id":"rcc-b9e6940a21d04efd4a585676e36c2790","method":"GET","path":"/api/v1/table-policies/:table_name","status":200,"duration_ms":2}
{"request_id":"rcc-d99affbe21a5fe9f3c1be224b79d2457","method":"GET","path":"/api/v1/auth/session","status":200,"duration_ms":1}
{"request_id":"rcc-51b1ecd78d35ee63b1924fe3a75e8a95","method":"GET","path":"/api/v1/mutation-policies/:code","status":200,"duration_ms":2}
{"request_id":"rcc-d7ac706ab6c6be625ceb46df2515a0af","method":"POST","path":"/api/v1/release-orders","status":201,"duration_ms":41}
{"request_id":"rcc-16f5af61741ba6aa4501dde6b99a353c","method":"GET","path":"/api/v1/release-orders/:id","status":200,"duration_ms":16}
{"request_id":"rcc-6a3d1db762c456011bd8f0891db47a53","method":"GET","path":"/api/v1/table-field-policies/:table_name","status":200,"duration_ms":6}
{"request_id":"rcc-e6690b992a13c20eb14687006b9829de","method":"GET","path":"/api/v1/release-orders/:id/details","status":200,"duration_ms":9}
{"request_id":"rcc-7996c0a56ea46543783863038207dded","method":"GET","path":"/api/v1/release-orders/:id/people","status":200,"duration_ms":22}
{"request_id":"rcc-d8601797be12cd031970a3e7fdcd11e2","method":"GET","path":"/api/v1/auth/session","status":200,"duration_ms":1}
{"request_id":"rcc-754f77c62eaa5ae8c7293c9293529fd7","method":"POST","path":"/api/v1/release-orders/:id/submit","status":200,"duration_ms":75}
{"request_id":"rcc-2112dc39dff3ad90ff76e1c3a295e33e","method":"GET","path":"/api/v1/auth/session","status":200,"duration_ms":1}
{"request_id":"rcc-772a60f41a209f4880940c7bf837e843","method":"GET","path":"/api/v1/release-orders/:id","status":200,"duration_ms":10}
{"request_id":"rcc-4c54e03f2a127befee91b29aff65fd2d","method":"GET","path":"/api/v1/auth/session","status":200,"duration_ms":1}
{"request_id":"rcc-61933270faef3430ac83476561b8d114","method":"POST","path":"/api/v1/release-orders/:id/approve","status":200,"duration_ms":25}
{"request_id":"rcc-8d634b75cd1fdeff168738a2386ea6ab","method":"GET","path":"/api/v1/auth/session","status":200,"duration_ms":1}
{"request_id":"rcc-78d5dc518019abf4fa295ad8e4f561ae","method":"POST","path":"/api/v1/release-orders/:id/execute","status":200,"duration_ms":89}
{"request_id":"rcc-a6e30555a4855e03ea146a505934afc8","method":"GET","path":"/api/v1/auth/session","status":200,"duration_ms":2}
{"request_id":"rcc-f918c3a3756094b28b01671dc8063e29","method":"GET","path":"/api/v1/release-orders/:id","status":200,"duration_ms":13}
{"request_id":"rcc-d68703e5884be258e491680b260a7b51","method":"GET","path":"/api/v1/table-field-policies/:table_name","status":200,"duration_ms":7}
{"request_id":"rcc-ae4ef189473757a95c8891f8c0a325be","method":"GET","path":"/api/v1/release-orders/:id/details","status":200,"duration_ms":9}
{"request_id":"rcc-8975b976d11deedd852380b0d4225580","method":"GET","path":"/api/v1/release-orders/:id/people","status":200,"duration_ms":17}
{"request_id":"rcc-a277583365f0426cc383ef260ff19909","method":"GET","path":"/api/v1/auth/session","status":200,"duration_ms":1}
{"request_id":"rcc-376d22df086aca394a55c1d1e3f8e227","method":"POST","path":"/api/v1/release-orders/:id/complete","status":200,"duration_ms":26}
{"request_id":"rcc-ca6597bcf2216c166b17baf08b86925a","method":"GET","path":"/api/v1/auth/session","status":200,"duration_ms":2}
{"request_id":"rcc-012d9d454480f99dfc396e1f64c11062","method":"GET","path":"/api/v1/table-policies","status":200,"duration_ms":2}
{"request_id":"rcc-03e38eba39df4f1e2470a1095d74759e","method":"GET","path":"/api/v1/mutation-policy-types","status":200,"duration_ms":1}
{"request_id":"rcc-105f4c93ac46f761e83161d78d36801b","method":"GET","path":"/api/v1/query-policy-types","status":200,"duration_ms":1}
{"request_id":"rcc-1a812b73cf07dfdafffb0dd998a74403","method":"GET","path":"/api/v1/mutation-policies/:code","status":200,"duration_ms":4}
{"request_id":"rcc-7375c9db8ce1110d6d12e59b7ffe3a80","method":"GET","path":"/api/v1/query-policies/:code","status":200,"duration_ms":4}
{"request_id":"rcc-e995c122b63853696a11273e252b2abe","method":"POST","path":"/api/v1/tables/:table_name/query","status":200,"duration_ms":20}
{"request_id":"rcc-b679f458b5bc86f80c95fc5ad9235821","method":"GET","path":"/api/v1/table-field-policies/:table_name","status":200,"duration_ms":8}
{"request_id":"rcc-9a6bec59c008f1d6b1c1cc2cadaffe1c","method":"GET","path":"/api/v1/mutation-policies/:code","status":200,"duration_ms":5}
{"request_id":"rcc-cb4aea1d04197dda25f83b9353545899","method":"GET","path":"/api/v1/query-policies/:code","status":200,"duration_ms":6}
{"request_id":"rcc-7ff455b14af39d08b23884d15885e1f5","method":"POST","path":"/api/v1/tables/:table_name/query","status":200,"duration_ms":50}
{"request_id":"rcc-a0f0bef6ad1cd7cbe800a63ce50cb6fb","method":"GET","path":"/api/v1/table-field-policies/:table_name","status":200,"duration_ms":6}
{"request_id":"rcc-4c4e00d97ae0fd73ff01c060a53c3346","method":"GET","path":"/api/v1/table-field-policies/:table_name","status":200,"duration_ms":7}
{"request_id":"rcc-6a66a88df6ef39e59463681bd12073af","method":"GET","path":"/api/v1/auth/session","status":200,"duration_ms":2}
{"request_id":"rcc-eee0c80dad4e8b8b8361fbb088dcb5ac","method":"POST","path":"/api/v1/tables/:table_name/query","status":200,"duration_ms":19}
{"request_id":"rcc-33c721a5c3bb256426383310bb2c5b9d","method":"GET","path":"/api/v1/auth/session","status":200,"duration_ms":2}
{"request_id":"rcc-ba658e5c968d6c6d1545c3fae5b8c0f6","method":"GET","path":"/api/v1/table-policies/:table_name","status":200,"duration_ms":2}
{"request_id":"rcc-3da60e3afaf9bac709a4af8dd0767102","method":"GET","path":"/api/v1/auth/session","status":200,"duration_ms":1}
{"request_id":"rcc-fbcefd0e6ed8f6c7ca3992696506892c","method":"GET","path":"/api/v1/mutation-policies/:code","status":200,"duration_ms":2}
{"request_id":"rcc-a7706d81dc8ee4081e1d27e33ba12bdf","method":"POST","path":"/api/v1/release-orders","status":201,"duration_ms":44}
{"request_id":"rcc-5ac716df2046fa6c0a62edca36c07cfc","method":"GET","path":"/api/v1/release-orders/:id","status":200,"duration_ms":14}
{"request_id":"rcc-8750a29b6ecac1705ab359ab856225a5","method":"GET","path":"/api/v1/table-field-policies/:table_name","status":200,"duration_ms":7}
{"request_id":"rcc-5f51ae146a2bd39b33945a0ee550824d","method":"GET","path":"/api/v1/release-orders/:id/details","status":200,"duration_ms":8}
{"request_id":"rcc-fd952a5fd1b58f20cfd4d83035d21986","method":"GET","path":"/api/v1/release-orders/:id/people","status":200,"duration_ms":19}
{"request_id":"rcc-31ae3ea031a60fcfbe3a159e0e0094ee","method":"GET","path":"/api/v1/auth/session","status":200,"duration_ms":1}
{"request_id":"rcc-5255b84503176f3f4961025b21f848db","method":"POST","path":"/api/v1/release-orders/:id/submit","status":200,"duration_ms":81}
{"request_id":"rcc-bc8652a12891dc3367d986d6cdc8dd94","method":"GET","path":"/api/v1/auth/session","status":200,"duration_ms":0}
{"request_id":"rcc-89eced62b9c64241e0db746b2674cb3e","method":"GET","path":"/api/v1/release-orders/:id","status":200,"duration_ms":9}
{"request_id":"rcc-770d4ab6036a7ac542da2b65b2272d64","method":"GET","path":"/api/v1/auth/session","status":200,"duration_ms":1}
{"request_id":"rcc-40afc352e53199a641c09476f7f73e9f","method":"POST","path":"/api/v1/release-orders/:id/approve","status":200,"duration_ms":29}
{"request_id":"rcc-d5e08dc68784b29e251bdb5b08946e47","method":"GET","path":"/api/v1/auth/session","status":200,"duration_ms":1}
{"request_id":"rcc-385d5043471ddd4c90221ddc2338f5e1","method":"POST","path":"/api/v1/release-orders/:id/execute","status":200,"duration_ms":85}
{"request_id":"rcc-203c3c2db31a3b4cab2743aa3bc70ed2","method":"GET","path":"/api/v1/auth/session","status":200,"duration_ms":1}
{"request_id":"rcc-2faf6eb23662464a94036dc2f026773e","method":"GET","path":"/api/v1/release-orders/:id","status":200,"duration_ms":12}
{"request_id":"rcc-990c7e56d54e32b78994ca783275a507","method":"GET","path":"/api/v1/table-field-policies/:table_name","status":200,"duration_ms":8}
{"request_id":"rcc-3a47ff1b2088edf2c5597c66a2d3df05","method":"GET","path":"/api/v1/release-orders/:id/details","status":200,"duration_ms":9}
{"request_id":"rcc-73257d2b72fec43fe830d4909468dfb7","method":"GET","path":"/api/v1/auth/session","status":200,"duration_ms":1}
{"request_id":"rcc-e73641ba2ea1e760b95875a6c9e07fac","method":"GET","path":"/api/v1/release-orders/:id/people","status":200,"duration_ms":17}
{"request_id":"rcc-c36cc05a10418c9b790832a853770e2d","method":"POST","path":"/api/v1/release-orders/:id/complete","status":200,"duration_ms":30}
{"request_id":"rcc-44e37307889d1cfbe9aee1b809de6169","method":"GET","path":"/api/v1/auth/session","status":200,"duration_ms":2}
{"request_id":"rcc-99618bb428da648457b642b2d5e3a56e","method":"GET","path":"/api/v1/table-policies","status":200,"duration_ms":2}
{"request_id":"rcc-683fd2d96b797971f5a1b093211f47db","method":"GET","path":"/api/v1/query-policy-types","status":200,"duration_ms":2}
{"request_id":"rcc-6cf25bc0e3ea9f8440213fbfc7267e85","method":"GET","path":"/api/v1/mutation-policy-types","status":200,"duration_ms":1}
{"request_id":"rcc-0a02458267202b292b65773ddaac273c","method":"GET","path":"/api/v1/query-policies/:code","status":200,"duration_ms":3}
{"request_id":"rcc-6d5ed7a717728dafe9a15c8deee5b2ca","method":"GET","path":"/api/v1/mutation-policies/:code","status":200,"duration_ms":3}
{"request_id":"rcc-fb64aa2463d1fb617e42b3c2dff6e8ed","method":"POST","path":"/api/v1/tables/:table_name/query","status":200,"duration_ms":20}
{"request_id":"rcc-ae5e49ec5e2c48388edcd160e9da9a4b","method":"GET","path":"/api/v1/table-field-policies/:table_name","status":200,"duration_ms":7}
{"request_id":"rcc-61cdeb377dd0bfc560fe1cbe3ffc57b7","method":"GET","path":"/api/v1/query-policies/:code","status":200,"duration_ms":3}
{"request_id":"rcc-b8d27c235d76aa192a7662fa191dfa8c","method":"GET","path":"/api/v1/mutation-policies/:code","status":200,"duration_ms":3}
{"request_id":"rcc-868df5fcad59e3d9eb0fabab5f7c8f6f","method":"POST","path":"/api/v1/tables/:table_name/query","status":200,"duration_ms":42}
{"request_id":"rcc-2a0c270f2ac1ace316de2e795c81516a","method":"GET","path":"/api/v1/table-field-policies/:table_name","status":200,"duration_ms":6}
{"request_id":"rcc-88ffd349b190a82633d9069e620cd0a8","method":"GET","path":"/api/v1/table-field-policies/:table_name","status":200,"duration_ms":7}
{"request_id":"rcc-0adfe562e8391ccaa53a672cbf141c0b","method":"POST","path":"/api/v1/release-orders","status":201,"duration_ms":39}
{"request_id":"rcc-2c7da7c564526b03e522f08e68e40eb5","method":"GET","path":"/api/v1/release-orders/:id","status":200,"duration_ms":17}
{"request_id":"rcc-e5bb0091ee9ab5e9bf7320fc4de75f64","method":"GET","path":"/api/v1/table-field-policies/:table_name","status":200,"duration_ms":6}
{"request_id":"rcc-64534d4cc6bf9815f42f3c99438f104a","method":"GET","path":"/api/v1/release-orders/:id/details","status":200,"duration_ms":9}
{"request_id":"rcc-9298b36721bcb0c078a1a894f97ff86c","method":"GET","path":"/api/v1/release-orders/:id/people","status":200,"duration_ms":21}
{"request_id":"rcc-883d28dfdef6e12049080e374302f56b","method":"GET","path":"/api/v1/auth/session","status":200,"duration_ms":1}
{"request_id":"rcc-b4800a6322cdcecbe339d01c32c45cfc","method":"POST","path":"/api/v1/release-orders/:id/submit","status":200,"duration_ms":79}
{"request_id":"rcc-a92bdba85c23ab6a6cfef7ae24ac4116","method":"GET","path":"/api/v1/auth/session","status":200,"duration_ms":1}
{"request_id":"rcc-8338e6283b22135eff48929397f6ae7f","method":"GET","path":"/api/v1/release-orders/:id","status":200,"duration_ms":11}
{"request_id":"rcc-4ff8529a71173ce47f20195fd219a65e","method":"GET","path":"/api/v1/auth/session","status":200,"duration_ms":1}
{"request_id":"rcc-32cc86ef58022bdf8f3d7b2dbb428c0e","method":"POST","path":"/api/v1/release-orders/:id/approve","status":200,"duration_ms":29}
{"request_id":"rcc-605666bbc2423abc8625ef0f21a1a4e1","method":"GET","path":"/api/v1/auth/session","status":200,"duration_ms":1}
{"request_id":"rcc-954132acf60c9e50aaa2ab89e26243dd","method":"POST","path":"/api/v1/release-orders/:id/execute","status":200,"duration_ms":80}
{"request_id":"rcc-8e34b17722b9b9e144342e14d0a09dd3","method":"GET","path":"/api/v1/auth/session","status":200,"duration_ms":1}
{"request_id":"rcc-111bd73d3182277562ce6700d3c27b7d","method":"GET","path":"/api/v1/release-orders/:id","status":200,"duration_ms":13}
{"request_id":"rcc-3162bd3d153d7d14f92a012aecfb451b","method":"GET","path":"/api/v1/table-field-policies/:table_name","status":200,"duration_ms":8}
{"request_id":"rcc-beedbbf42e205b7bf59de95dbfcdccc1","method":"GET","path":"/api/v1/release-orders/:id/details","status":200,"duration_ms":9}
{"request_id":"rcc-7f100de6ee34a29db5dff1e5cdcab635","method":"GET","path":"/api/v1/auth/session","status":200,"duration_ms":1}
{"request_id":"rcc-4d7dd3cbef19caeb4e5bde9ecd6b8f1d","method":"GET","path":"/api/v1/release-orders/:id/people","status":200,"duration_ms":17}
{"request_id":"rcc-f927b1d8ec2ed10ca3e5dddf289eff87","method":"POST","path":"/api/v1/release-orders/:id/complete","status":200,"duration_ms":32}
{"request_id":"rcc-866546a06a1b7895501d1351118ed7cb","method":"GET","path":"/api/v1/auth/session","status":200,"duration_ms":2}
{"request_id":"rcc-853f8383524af8c6b38932686b6bd68d","method":"GET","path":"/api/v1/table-policies","status":200,"duration_ms":2}
{"request_id":"rcc-992ec46f9e7eb74f78c0baf4f71cfa18","method":"GET","path":"/api/v1/query-policy-types","status":200,"duration_ms":1}
{"request_id":"rcc-0415a70b145871e8ce95ece5475b3a10","method":"GET","path":"/api/v1/mutation-policy-types","status":200,"duration_ms":1}
{"request_id":"rcc-95ab533ea09b5dd447d4bb329adc0fd1","method":"GET","path":"/api/v1/mutation-policies/:code","status":200,"duration_ms":4}
{"request_id":"rcc-f3ad86c8f55ca664855564b3508edcea","method":"GET","path":"/api/v1/query-policies/:code","status":200,"duration_ms":4}
{"request_id":"rcc-c3bdbc85bc23be80046fd80a8158f298","method":"POST","path":"/api/v1/tables/:table_name/query","status":200,"duration_ms":20}
{"request_id":"rcc-9ecda52ca218cc070995bdc8b88e86c0","method":"GET","path":"/api/v1/table-field-policies/:table_name","status":200,"duration_ms":5}
{"request_id":"rcc-d6f010188e359be5894e24b94726dfbb","method":"GET","path":"/api/v1/query-policies/:code","status":200,"duration_ms":4}
{"request_id":"rcc-14c66de3873397cbfd5567ca80cdd012","method":"GET","path":"/api/v1/mutation-policies/:code","status":200,"duration_ms":4}
{"request_id":"rcc-aec4a8fecd286ffbc6d8f015a4814502","method":"POST","path":"/api/v1/tables/:table_name/query","status":200,"duration_ms":51}
{"request_id":"rcc-a1a44d216047921e9d96a6b130fdb02f","method":"GET","path":"/api/v1/table-field-policies/:table_name","status":200,"duration_ms":7}
{"request_id":"rcc-2fab94c90059996f74f9e01632dc774e","method":"POST","path":"/api/v1/tables/:table_name/query","status":200,"duration_ms":19}
{"request_id":"rcc-04630a8c5a3cf4aeb66e577c5e2e35c8","method":"GET","path":"/api/v1/table-field-policies/:table_name","status":200,"duration_ms":6}
{"request_id":"rcc-568e049191669a16ed74e8a4948fc38d","method":"POST","path":"/api/v1/tables/:table_name/query","status":200,"duration_ms":14}
{"request_id":"rcc-979db3dc2ef785ac3e197979be35c33c","method":"GET","path":"/api/v1/table-field-policies/:table_name","status":200,"duration_ms":7}
{"request_id":"rcc-be9f6a24dbcaa3a607f46f437d00e124","method":"GET","path":"/api/v1/auth/session","status":200,"duration_ms":2}
{"request_id":"rcc-52d3bb51d42ab429e3f62f5cf59890d7","method":"GET","path":"/api/v1/table-policies","status":200,"duration_ms":2}
{"request_id":"rcc-48783e1070d4dbf59afd2c364b10eb9a","method":"GET","path":"/api/v1/query-policy-types","status":200,"duration_ms":1}
{"request_id":"rcc-dbf8bd215a2d2ba4591161c615153330","method":"GET","path":"/api/v1/mutation-policy-types","status":200,"duration_ms":2}
{"request_id":"rcc-1297f9c66e03ddbb0ff2e61482297171","method":"GET","path":"/api/v1/query-policies/:code","status":200,"duration_ms":6}
{"request_id":"rcc-03e96c1c40531bd1c4fb1cdd16795d87","method":"GET","path":"/api/v1/mutation-policies/:code","status":200,"duration_ms":7}
{"request_id":"rcc-3e424a03318d5eee00f7917ddf3fbc7f","method":"POST","path":"/api/v1/tables/:table_name/query","status":200,"duration_ms":21}
{"request_id":"rcc-d702dd3bff9a47b42b5a2f27ded2537d","method":"GET","path":"/api/v1/table-field-policies/:table_name","status":200,"duration_ms":6}
{"request_id":"rcc-7026fa4003a04260ce2e09e5ec5774fe","method":"GET","path":"/api/v1/mutation-policies/:code","status":200,"duration_ms":3}
{"request_id":"rcc-e36b33704f8ba608bc57309cc258b1b7","method":"GET","path":"/api/v1/query-policies/:code","status":200,"duration_ms":4}
{"request_id":"rcc-082647c1ad46b9f354559f2cb6755588","method":"POST","path":"/api/v1/tables/:table_name/query","status":200,"duration_ms":15}
{"request_id":"rcc-bced6f8656cdd873356f3fdd8b4ba1d7","method":"GET","path":"/api/v1/table-field-policies/:table_name","status":200,"duration_ms":8}
{"request_id":"rcc-edde86bc68edd3376a89d6f8e988fe4c","method":"GET","path":"/api/v1/table-field-policies/:table_name","status":200,"duration_ms":7}
{"request_id":"rcc-3f4509e5fbb930eaedc1a9f5a5eb600c","method":"POST","path":"/api/v1/release-orders","status":201,"duration_ms":38}
{"request_id":"rcc-012ac0321771f230c67703e15718ab1e","method":"GET","path":"/api/v1/release-orders/:id","status":200,"duration_ms":18}
{"request_id":"rcc-4007d34e303c09a23840df44bd6b8d58","method":"GET","path":"/api/v1/table-field-policies/:table_name","status":200,"duration_ms":9}
{"request_id":"rcc-33f176e5142962726153d445920fd4e4","method":"GET","path":"/api/v1/release-orders/:id/details","status":200,"duration_ms":12}
{"request_id":"rcc-f823147c3a74cc5741ea235d405c9d95","method":"GET","path":"/api/v1/release-orders/:id/people","status":200,"duration_ms":25}
{"request_id":"rcc-4631ecb0e160ba1b951fa074c92c9b42","method":"GET","path":"/api/v1/auth/session","status":200,"duration_ms":2}
{"request_id":"rcc-a8a459120fafe012c86a4fc1b84f9905","method":"POST","path":"/api/v1/release-orders/:id/submit","status":200,"duration_ms":111}
{"request_id":"rcc-7972ca2abfe9140eba4c90d0f306ab1d","method":"GET","path":"/api/v1/auth/session","status":200,"duration_ms":2}
{"request_id":"rcc-f0f05dce38453d679b9fa52b1e4a1c64","method":"GET","path":"/api/v1/release-orders/:id","status":200,"duration_ms":12}
{"request_id":"rcc-e4e4311f1dd02b36baf7a0c9fdbbe524","method":"GET","path":"/api/v1/auth/session","status":200,"duration_ms":1}
{"request_id":"rcc-5d45634cd58fd69df0de03332c9d1ee1","method":"POST","path":"/api/v1/release-orders/:id/approve","status":200,"duration_ms":38}
{"request_id":"rcc-0027d200d95caaf7bd62fb89278fdd70","method":"GET","path":"/api/v1/auth/session","status":200,"duration_ms":1}
{"request_id":"rcc-bfc0c87c6a396b354e010db32e9e7384","method":"POST","path":"/api/v1/release-orders/:id/execute","status":200,"duration_ms":157}
{"request_id":"rcc-640d3ad7319c40038d9b3e0cb66dbc70","method":"GET","path":"/api/v1/auth/session","status":200,"duration_ms":4}
{"request_id":"rcc-1482f1a064dcc4aacc260b71cb8ad12c","method":"GET","path":"/api/v1/release-orders/:id","status":200,"duration_ms":66}
{"request_id":"rcc-a4b0150ca18d387b21ad1a355ddff913","method":"GET","path":"/api/v1/table-field-policies/:table_name","status":200,"duration_ms":33}
{"request_id":"rcc-29c30983d4bf60942354d710c4a3dc86","method":"GET","path":"/api/v1/release-orders/:id/details","status":200,"duration_ms":37}
{"request_id":"rcc-5c28e84051255a43bfe9a27dc4d03408","method":"GET","path":"/api/v1/release-orders/:id/people","status":200,"duration_ms":50}
{"request_id":"rcc-2d1aca9bcffd675c84f9b8f387c4fd61","method":"GET","path":"/api/v1/auth/session","status":200,"duration_ms":2}
{"request_id":"rcc-4b18d2bc5a895c2b434a15838bcef372","method":"POST","path":"/api/v1/release-orders/:id/complete","status":200,"duration_ms":146}
{"request_id":"rcc-356dbf1081226540db1d6c254a93a503","method":"GET","path":"/api/v1/auth/session","status":200,"duration_ms":7}
{"request_id":"rcc-086207904a6380f4a8990a6dcab234c9","method":"GET","path":"/api/v1/table-policies","status":200,"duration_ms":5}
{"request_id":"rcc-1a36e443fc3e66743b514cf3f1ae5e05","method":"GET","path":"/api/v1/query-policy-types","status":200,"duration_ms":3}
{"request_id":"rcc-d2d80ee69bc757bf721e6abdb19d6455","method":"GET","path":"/api/v1/query-policies/:code","status":200,"duration_ms":18}
{"request_id":"rcc-500bbad2277498a8a66f92c4716fa422","method":"GET","path":"/api/v1/mutation-policy-types","status":200,"duration_ms":13}
{"request_id":"rcc-4ae114bc34e23085f717e2de3b4364bb","method":"GET","path":"/api/v1/mutation-policies/:code","status":200,"duration_ms":17}
{"request_id":"rcc-172c1d6077dc2348b26d2cbfa3692538","method":"GET","path":"/api/v1/query-policies/:code","status":200,"duration_ms":62}
{"request_id":"rcc-dcdca2b4e92139cec438a3a1d5ade872","method":"GET","path":"/api/v1/mutation-policies/:code","status":200,"duration_ms":62}
{"request_id":"rcc-42dbe04f69778d0224b66f0327c0f4dd","method":"POST","path":"/api/v1/tables/:table_name/query","status":200,"duration_ms":234}
{"request_id":"rcc-ea9ca8d7a14e64f893933add1e9c7c09","method":"POST","path":"/api/v1/tables/:table_name/query","status":200,"duration_ms":147}
{"request_id":"rcc-0b7572cd103b451f17b5c0cca4f88cdf","method":"GET","path":"/api/v1/table-field-policies/:table_name","status":200,"duration_ms":10}
{"request_id":"rcc-42c96c7592016dc60386ef83231390e8","method":"GET","path":"/api/v1/table-field-policies/:table_name","status":200,"duration_ms":8}
{"request_id":"rcc-79bbc9993a8d88937602f3555a9d11a1","method":"GET","path":"/api/v1/auth/session","status":200,"duration_ms":1}
{"request_id":"rcc-c5ace1f12cba04e6f6dec4b74dbadc7e","method":"POST","path":"/api/v1/tables/:table_name/query","status":200,"duration_ms":19}
{"request_id":"rcc-c682c1b28973e7fe204e748e90961b62","method":"GET","path":"/api/v1/auth/session","status":200,"duration_ms":1}
{"request_id":"rcc-7d5088f39436048e192be618d45860b1","method":"GET","path":"/api/v1/table-policies/:table_name","status":200,"duration_ms":3}
{"request_id":"rcc-ebd0a3ebefe4120618ae6bd3f63c1e05","method":"GET","path":"/api/v1/auth/session","status":200,"duration_ms":1}
{"request_id":"rcc-f86bcf7eb68ba77d4698bc95f17da3e8","method":"GET","path":"/api/v1/mutation-policies/:code","status":200,"duration_ms":3}
{"request_id":"rcc-03329e67a58669f8e6e85216b8d8fdce","method":"POST","path":"/api/v1/release-orders","status":201,"duration_ms":41}
{"request_id":"rcc-ca64737a37d04bcc0e495934673c2c64","method":"GET","path":"/api/v1/release-orders/:id","status":200,"duration_ms":16}
{"request_id":"rcc-111f6f6c3142a598519845c662cf86cc","method":"GET","path":"/api/v1/table-field-policies/:table_name","status":200,"duration_ms":7}
{"request_id":"rcc-e3f8b0d379dd14ef5285825703cdb808","method":"GET","path":"/api/v1/release-orders/:id/details","status":200,"duration_ms":10}
{"request_id":"rcc-bb1c1ca67b510f0c0b44eacd1ba481e1","method":"GET","path":"/api/v1/release-orders/:id/people","status":200,"duration_ms":22}
{"request_id":"rcc-9d1a52ba4fc1c0ac96960dda741ad539","method":"GET","path":"/api/v1/auth/session","status":200,"duration_ms":2}
{"request_id":"rcc-8c9892649f9334e0514cbac3c41b117d","method":"POST","path":"/api/v1/release-orders/:id/submit","status":200,"duration_ms":71}
{"request_id":"rcc-dd9a01562bce1f8e7ce551bcc22151da","method":"GET","path":"/api/v1/auth/session","status":200,"duration_ms":1}
{"request_id":"rcc-d838defc347480f5a3f2c88ab78d1103","method":"GET","path":"/api/v1/release-orders/:id","status":200,"duration_ms":10}
{"request_id":"rcc-e6c04d7a31c4f00d3151b72e6e76483a","method":"GET","path":"/api/v1/auth/session","status":200,"duration_ms":1}
{"request_id":"rcc-c84c34311867653809237d736c121952","method":"POST","path":"/api/v1/release-orders/:id/approve","status":200,"duration_ms":35}
{"request_id":"rcc-b48e784d58f83f80d076e628a5f580e6","method":"GET","path":"/api/v1/auth/session","status":200,"duration_ms":1}
{"request_id":"rcc-c36e58ae45c219d39cb1cca7e6e991c2","method":"POST","path":"/api/v1/release-orders/:id/execute","status":200,"duration_ms":81}
{"request_id":"rcc-1e41b28e6ed62bf510558ab72a370167","method":"GET","path":"/api/v1/auth/session","status":200,"duration_ms":2}
{"request_id":"rcc-b1fd0c19fc8c4038549f97738d6ff081","method":"GET","path":"/api/v1/release-orders/:id","status":200,"duration_ms":12}
{"request_id":"rcc-766ff1ca048005a55aa56b1c46029035","method":"GET","path":"/api/v1/table-field-policies/:table_name","status":200,"duration_ms":8}
{"request_id":"rcc-38e2cb41b969a23279edf67663bee132","method":"GET","path":"/api/v1/release-orders/:id/details","status":200,"duration_ms":9}
{"request_id":"rcc-76eec0effb3d86a29e702a0644d38ed0","method":"GET","path":"/api/v1/release-orders/:id/people","status":200,"duration_ms":15}
{"request_id":"rcc-53ed424002f283f9f01c3786c5f52550","method":"GET","path":"/api/v1/auth/session","status":200,"duration_ms":1}
{"request_id":"rcc-aef7829588461d3254772a7ff00284d5","method":"POST","path":"/api/v1/release-orders/:id/complete","status":200,"duration_ms":27}
{"request_id":"rcc-486b54eae9b2bafc21544e652d7d715f","method":"GET","path":"/api/v1/auth/session","status":200,"duration_ms":2}
{"request_id":"rcc-aa2718ee0a3e4f9ffe6a9ea046f4f34a","method":"GET","path":"/api/v1/table-policies","status":200,"duration_ms":2}
{"request_id":"rcc-1bce71d9d351c4e8f81393dedb258cf3","method":"GET","path":"/api/v1/query-policy-types","status":200,"duration_ms":1}
{"request_id":"rcc-02bd243fb6c0f7b9489d65e9023780b8","method":"GET","path":"/api/v1/mutation-policy-types","status":200,"duration_ms":1}
{"request_id":"rcc-4bd7c5624bce9cadec6211bbfca23663","method":"GET","path":"/api/v1/query-policies/:code","status":200,"duration_ms":3}
{"request_id":"rcc-5aa9872e47d48bbd209085a6791b6870","method":"GET","path":"/api/v1/mutation-policies/:code","status":200,"duration_ms":5}
{"request_id":"rcc-06e1b7497aa619eb8df27e22dfd3ed6d","method":"POST","path":"/api/v1/tables/:table_name/query","status":200,"duration_ms":21}
{"request_id":"rcc-1522e011654ce6135943afd133cafe96","method":"GET","path":"/api/v1/table-field-policies/:table_name","status":200,"duration_ms":7}
{"request_id":"rcc-675989baa5bc46fec664d0c8e7a8e964","method":"GET","path":"/api/v1/mutation-policies/:code","status":200,"duration_ms":3}
{"request_id":"rcc-dd1616aad23a9eba94a8661f1e45a32a","method":"GET","path":"/api/v1/query-policies/:code","status":200,"duration_ms":3}
{"request_id":"rcc-fc4d2a02033b4e1b238ea1be861ab2bb","method":"POST","path":"/api/v1/tables/:table_name/query","status":200,"duration_ms":17}
{"request_id":"rcc-25ea68b301ba87660ff2e3f3f5914b88","method":"GET","path":"/api/v1/table-field-policies/:table_name","status":200,"duration_ms":8}
{"request_id":"rcc-d4a80060abdaa12f590edf8a9bc71133","method":"GET","path":"/api/v1/table-field-policies/:table_name","status":200,"duration_ms":6}
{"request_id":"rcc-9bdb5f6d057086f29a72d40a15afebe3","method":"GET","path":"/api/v1/auth/session","status":200,"duration_ms":2}
{"request_id":"rcc-4cd08014a45c694fdffd45925f410c94","method":"GET","path":"/api/v1/table-policies","status":200,"duration_ms":2}
{"request_id":"rcc-13aee253ed82752c98fb009aab78a402","method":"GET","path":"/api/v1/mutation-policy-types","status":200,"duration_ms":1}
{"request_id":"rcc-5999733c119b6ff5d0fb6d64cea97e96","method":"GET","path":"/api/v1/query-policy-types","status":200,"duration_ms":1}
{"request_id":"rcc-2148b9f89f94eb3a533e5b3f0cbb1eed","method":"GET","path":"/api/v1/query-policies/:code","status":200,"duration_ms":4}
{"request_id":"rcc-16087a0e1d03233fd75c3082b862ef6a","method":"GET","path":"/api/v1/mutation-policies/:code","status":200,"duration_ms":4}
{"request_id":"rcc-9210732db4c024c29513b83efc54f263","method":"POST","path":"/api/v1/tables/:table_name/query","status":200,"duration_ms":20}
{"request_id":"rcc-acfa1d4fe8b48fdaed5615c1ced443a8","method":"GET","path":"/api/v1/table-field-policies/:table_name","status":200,"duration_ms":6}
{"request_id":"rcc-e9074dddccbef6a78fd3ddc0653cd5a8","method":"GET","path":"/api/v1/query-policies/:code","status":200,"duration_ms":3}
{"request_id":"rcc-b5f1165488e5cb7ce6395c2e587a3cff","method":"GET","path":"/api/v1/mutation-policies/:code","status":200,"duration_ms":3}
{"request_id":"rcc-2a9902acf95f8e0935e91c732ffe4b39","method":"POST","path":"/api/v1/tables/:table_name/query","status":200,"duration_ms":18}
{"request_id":"rcc-8b55ad9068f6118322aa2e4380967118","method":"GET","path":"/api/v1/table-field-policies/:table_name","status":200,"duration_ms":8}
{"request_id":"rcc-8a28e04d0e718e546f96d3b9a06da7dd","method":"GET","path":"/api/v1/table-field-policies/:table_name","status":200,"duration_ms":9}
{"request_id":"rcc-bce4ffa000eda6b8fe9f226538a36f49","method":"POST","path":"/api/v1/release-orders","status":201,"duration_ms":156}
{"request_id":"rcc-80a22094a0341a26052556a5cda61736","method":"GET","path":"/api/v1/release-orders/:id","status":200,"duration_ms":86}
{"request_id":"rcc-4bd439cf2788fb7aa5b438865b1cc7d6","method":"GET","path":"/api/v1/table-field-policies/:table_name","status":200,"duration_ms":39}
{"request_id":"rcc-73467890bebae865e854bac7be2bc792","method":"GET","path":"/api/v1/release-orders/:id/details","status":200,"duration_ms":45}
{"request_id":"rcc-7571c01559a39b17fea69f666b3e9e63","method":"GET","path":"/api/v1/auth/session","status":200,"duration_ms":7}
{"request_id":"rcc-9c3e9bf1d44a880b4e5c917d7be888b0","method":"GET","path":"/api/v1/release-orders/:id/people","status":200,"duration_ms":172}
{"request_id":"rcc-aa154a87980208e570c8d5ed1112adcf","method":"POST","path":"/api/v1/release-orders/:id/submit","status":200,"duration_ms":353}
{"request_id":"rcc-37c873229f18708f36793bbc90f5f2d5","method":"GET","path":"/api/v1/auth/session","status":200,"duration_ms":1}
{"request_id":"rcc-c9561246b282b7130a20cb5117cdcab3","method":"GET","path":"/api/v1/release-orders/:id","status":200,"duration_ms":19}
{"request_id":"rcc-505e9b85954b06e7ef396c8f6bd8e2b9","method":"GET","path":"/api/v1/auth/session","status":200,"duration_ms":1}
{"request_id":"rcc-9c99de09fbd04367d43767710755bbd2","method":"POST","path":"/api/v1/release-orders/:id/approve","status":200,"duration_ms":53}
{"request_id":"rcc-fdbbd12e2512842e3e190cfc994740d4","method":"GET","path":"/api/v1/auth/session","status":200,"duration_ms":1}
{"request_id":"rcc-4eb73e04515e53f56a9297abd634754a","method":"POST","path":"/api/v1/release-orders/:id/execute","status":200,"duration_ms":401}
{"request_id":"rcc-0295d6a7fce7c22c33145b826f18855b","method":"GET","path":"/api/v1/auth/session","status":200,"duration_ms":14}
{"request_id":"rcc-1835d59cc48ab866441e2b817c4b9a6d","method":"GET","path":"/api/v1/release-orders/:id","status":200,"duration_ms":106}
{"request_id":"rcc-13b746e0b298cf3a0dcceca66317fb8b","method":"GET","path":"/api/v1/table-field-policies/:table_name","status":200,"duration_ms":17}
{"request_id":"rcc-2abf492366f4a7dbcf559a9d83c05fe6","method":"GET","path":"/api/v1/release-orders/:id/details","status":200,"duration_ms":22}
{"request_id":"rcc-3f8b2b5d77a28c6a3da41d37b566e3d2","method":"GET","path":"/api/v1/release-orders/:id/people","status":200,"duration_ms":36}
{"request_id":"rcc-f816e839752a5b3e8dd2a5f2ee66b2b2","method":"GET","path":"/api/v1/auth/session","status":200,"duration_ms":2}
{"request_id":"rcc-b7bd79c6a66137be849682b41f9fa039","method":"POST","path":"/api/v1/release-orders/:id/complete","status":200,"duration_ms":68}
{"request_id":"rcc-ad8e5dd4948d07810bc977a31721f81a","method":"GET","path":"/api/v1/auth/session","status":200,"duration_ms":3}
{"request_id":"rcc-58fbe02c40eeec4ddbcdf41959510c6d","method":"GET","path":"/api/v1/table-policies","status":200,"duration_ms":3}
{"request_id":"rcc-86933c3a70b247a4afe79aa6d28fd294","method":"GET","path":"/api/v1/query-policy-types","status":200,"duration_ms":3}
{"request_id":"rcc-7945d127f048cdb11e3fc4ad4ca0092a","method":"GET","path":"/api/v1/mutation-policy-types","status":200,"duration_ms":3}
{"request_id":"rcc-30bc521900aafdedc80f098a065922d1","method":"GET","path":"/api/v1/mutation-policies/:code","status":200,"duration_ms":10}
{"request_id":"rcc-adfc90e8c1574f06a798551b8389b9e4","method":"GET","path":"/api/v1/query-policies/:code","status":200,"duration_ms":10}
{"request_id":"rcc-def22e8186424e3bd76003d8c0bee43f","method":"POST","path":"/api/v1/tables/:table_name/query","status":200,"duration_ms":44}
{"request_id":"rcc-873f7017ce2df5c1f4b7344ce6216a78","method":"GET","path":"/api/v1/query-policies/:code","status":200,"duration_ms":7}
{"request_id":"rcc-7c8b8c11dfee0d6c1d59b365aecbd220","method":"GET","path":"/api/v1/mutation-policies/:code","status":200,"duration_ms":10}
{"request_id":"rcc-7f8f948dbf1f9463150fe406e6b24c01","method":"GET","path":"/api/v1/table-field-policies/:table_name","status":200,"duration_ms":44}
{"request_id":"rcc-9ff892f1c39fd7381f1e5f45221f5dcf","method":"POST","path":"/api/v1/tables/:table_name/query","status":200,"duration_ms":67}
{"request_id":"rcc-69b0639c7a6db2cfb746ef94984ef630","method":"GET","path":"/api/v1/table-field-policies/:table_name","status":200,"duration_ms":15}
{"request_id":"rcc-716f5a1610dd5cd16846bff609bb644c","method":"GET","path":"/api/v1/table-field-policies/:table_name","status":200,"duration_ms":13}
{"request_id":"rcc-7def20ee4922235978a315eee478c477","method":"GET","path":"/api/v1/auth/session","status":200,"duration_ms":10}
{"request_id":"rcc-d81a1eeb9afa2c37357bc528a2cc3cce","method":"POST","path":"/api/v1/tables/:table_name/query","status":200,"duration_ms":72}
{"request_id":"rcc-961db500b9ccc4a899591365ca662084","method":"GET","path":"/api/v1/auth/session","status":200,"duration_ms":11}
{"request_id":"rcc-94d6acbaaa13822ee28979ca923b8297","method":"GET","path":"/api/v1/table-policies/:table_name","status":200,"duration_ms":4}
{"request_id":"rcc-8c90c81907c361c26fc6f7921f80ee44","method":"GET","path":"/api/v1/auth/session","status":200,"duration_ms":15}
{"request_id":"rcc-1e75e8a7525f8ca3226d2e81e0ba6b50","method":"GET","path":"/api/v1/mutation-policies/:code","status":200,"duration_ms":12}
{"request_id":"rcc-3527ef07e718c447754949396f3580c0","method":"POST","path":"/api/v1/release-orders","status":201,"duration_ms":291}
{"request_id":"rcc-5e61106512dc6887c98b530217beaaf3","method":"GET","path":"/api/v1/release-orders/:id","status":200,"duration_ms":58}
{"request_id":"rcc-5628e47b43c27acd20aeab7f6ae5d230","method":"GET","path":"/api/v1/auth/session","status":200,"duration_ms":4}
{"request_id":"rcc-1706fc11c056aaf57dfa2bbab076f34e","method":"GET","path":"/api/v1/table-field-policies/:table_name","status":200,"duration_ms":93}
{"request_id":"rcc-a820df6e0bf0666db19779808297bb16","method":"GET","path":"/api/v1/release-orders/:id/details","status":200,"duration_ms":101}
{"request_id":"rcc-95c8171abc4fc4120fdb912b80e7d4a5","method":"GET","path":"/api/v1/release-orders/:id/people","status":200,"duration_ms":152}
{"request_id":"rcc-c1dae8663836549d2f03cf22c495f9f0","method":"POST","path":"/api/v1/release-orders/:id/submit","status":200,"duration_ms":379}
{"request_id":"rcc-87ee14535959ce914a78a710b3decb5e","method":"GET","path":"/api/v1/auth/session","status":200,"duration_ms":2}
{"request_id":"rcc-b1a872f532682eddd06d4d1fdb4aca7d","method":"GET","path":"/api/v1/release-orders/:id","status":200,"duration_ms":18}
{"request_id":"rcc-0ed3cbf7f0ac751f29baf85e3cbda3e0","method":"GET","path":"/api/v1/auth/session","status":200,"duration_ms":2}
{"request_id":"rcc-8b39ab99a70c27f634ce19a5e61f122c","method":"POST","path":"/api/v1/release-orders/:id/approve","status":200,"duration_ms":123}
{"request_id":"rcc-0cc1a011eb4df4d38eb82a7cbb6a3d92","method":"GET","path":"/api/v1/auth/session","status":200,"duration_ms":5}
{"request_id":"rcc-a63a588ff512e7e4e7a33bca4a1c4ebf","method":"POST","path":"/api/v1/release-orders/:id/execute","status":200,"duration_ms":343}
{"request_id":"rcc-379f90dbe4b22c89f53633de04079fd2","method":"GET","path":"/api/v1/auth/session","status":200,"duration_ms":2}
{"request_id":"rcc-1c7741ae9fe4e4397f39e2284eba9bcd","method":"GET","path":"/api/v1/release-orders/:id","status":200,"duration_ms":27}
{"request_id":"rcc-5ade0c422d488e1b3cd24d2ec64cb1e1","method":"GET","path":"/api/v1/table-field-policies/:table_name","status":200,"duration_ms":15}
{"request_id":"rcc-1b80da07b2c9680608b71967986ebb92","method":"GET","path":"/api/v1/release-orders/:id/details","status":200,"duration_ms":18}
{"request_id":"rcc-5ee97f3f8853743e3bbd5ae9cf39b7ee","method":"GET","path":"/api/v1/release-orders/:id/people","status":200,"duration_ms":30}
{"request_id":"rcc-c9c814bafd223fc9086cff021fc97955","method":"GET","path":"/api/v1/auth/session","status":200,"duration_ms":2}
{"request_id":"rcc-ebf4307bb8d144e1313515cbcc058a5b","method":"POST","path":"/api/v1/release-orders/:id/complete","status":200,"duration_ms":90}
{"request_id":"rcc-4a0ef0baad29abe114bb779fb9c7b91b","method":"GET","path":"/api/v1/auth/session","status":200,"duration_ms":5}
{"request_id":"rcc-bf3844909ef21fc033c7f3dfb3df87b3","method":"GET","path":"/api/v1/table-policies","status":200,"duration_ms":5}
{"request_id":"rcc-19a3785e20aecd68e197c09c31696167","method":"GET","path":"/api/v1/query-policy-types","status":200,"duration_ms":10}
{"request_id":"rcc-1438112f82aae6b85a876e51eac9eb2a","method":"GET","path":"/api/v1/mutation-policies/:code","status":200,"duration_ms":10}
{"request_id":"rcc-7aac28c643f05f3c44c85ad84a154a58","method":"GET","path":"/api/v1/mutation-policy-types","status":200,"duration_ms":13}
{"request_id":"rcc-7fc4cda20935ffb55de050ef6cfec54f","method":"GET","path":"/api/v1/query-policies/:code","status":200,"duration_ms":15}
{"request_id":"rcc-a8ba10d63f42086dd52aa4b0de9ed919","method":"GET","path":"/api/v1/mutation-policies/:code","status":200,"duration_ms":6}
{"request_id":"rcc-69cb83c7c25efd1346801e397ec54d61","method":"GET","path":"/api/v1/query-policies/:code","status":200,"duration_ms":7}
{"request_id":"rcc-f283e1b0482accae913c2828c977dbd6","method":"POST","path":"/api/v1/tables/:table_name/query","status":200,"duration_ms":82}
{"request_id":"rcc-32d18823e141555bf52b684ca5210492","method":"POST","path":"/api/v1/tables/:table_name/query","status":200,"duration_ms":29}
{"request_id":"rcc-e60427d16e9639f0218b54aa8d4153af","method":"GET","path":"/api/v1/table-field-policies/:table_name","status":200,"duration_ms":16}
{"request_id":"rcc-7163a682d4db8ca9c09b9505e4e9dd54","method":"GET","path":"/api/v1/table-field-policies/:table_name","status":200,"duration_ms":13}
{"request_id":"rcc-51b34b5a23d6f0d9ad5570aea4019baf","method":"POST","path":"/api/v1/release-orders","status":201,"duration_ms":122}
{"request_id":"rcc-aaf52fee6d2a73ec99b399d79a316164","method":"GET","path":"/api/v1/release-orders/:id","status":200,"duration_ms":35}
{"request_id":"rcc-6c86f1490dc431a3e28fa701ae36335d","method":"GET","path":"/api/v1/release-orders/:id/details","status":200,"duration_ms":15}
{"request_id":"rcc-f5a1ec5908fca85292af8340e49c4226","method":"GET","path":"/api/v1/table-field-policies/:table_name","status":200,"duration_ms":15}
{"request_id":"rcc-720c2b72a0c12ec4bc612872459d03a8","method":"GET","path":"/api/v1/auth/session","status":200,"duration_ms":3}
{"request_id":"rcc-c8e94301aa0426962bcb16affa190248","method":"GET","path":"/api/v1/release-orders/:id/people","status":200,"duration_ms":41}
{"request_id":"rcc-c68a249e10c7871e13b57c1ca9dacc54","method":"POST","path":"/api/v1/release-orders/:id/submit","status":200,"duration_ms":282}
{"request_id":"rcc-987a84f203d87c6c87208fe9d928bba1","method":"GET","path":"/api/v1/auth/session","status":200,"duration_ms":2}
{"request_id":"rcc-dcab0d375b2dd0bc550ff73fa420cc8e","method":"GET","path":"/api/v1/release-orders/:id","status":200,"duration_ms":36}
{"request_id":"rcc-1170da9883316a23d4b7969880d5b242","method":"GET","path":"/api/v1/auth/session","status":200,"duration_ms":6}
{"request_id":"rcc-188dcb257829fbcbe290691bd814616a","method":"POST","path":"/api/v1/release-orders/:id/approve","status":200,"duration_ms":147}
{"request_id":"rcc-c40ee506929ddc1d2af974731524fc65","method":"GET","path":"/api/v1/auth/session","status":200,"duration_ms":4}
{"request_id":"rcc-63e9ccb5ba8de0ba8ed898490aad3a70","method":"POST","path":"/api/v1/release-orders/:id/execute","status":200,"duration_ms":407}
{"request_id":"rcc-b673b3a8b52883868f93acab2fdd4ae8","method":"GET","path":"/api/v1/auth/session","status":200,"duration_ms":8}
{"request_id":"rcc-48e096bd0a149f43e30cff7beba88b83","method":"GET","path":"/api/v1/release-orders/:id","status":200,"duration_ms":55}
{"request_id":"rcc-3d6c644feb705efab18a10b11e9756c2","method":"GET","path":"/api/v1/auth/session","status":200,"duration_ms":4}
{"request_id":"rcc-547ae4256dedcbbe36b82e1fb7f63f8d","method":"GET","path":"/api/v1/release-orders/:id/details","status":200,"duration_ms":18}
{"request_id":"rcc-637fd1337081abb076dc4e9f32ae8849","method":"GET","path":"/api/v1/table-field-policies/:table_name","status":200,"duration_ms":19}
{"request_id":"rcc-e3452086c1e97c5d9e5b5679cf5c6781","method":"GET","path":"/api/v1/release-orders/:id/people","status":200,"duration_ms":44}
{"request_id":"rcc-5a4e541b002dffb1b4da2ae4e427bf73","method":"POST","path":"/api/v1/release-orders/:id/complete","status":200,"duration_ms":145}
{"request_id":"rcc-c5ec647cc5756a4c5633466e41541658","method":"GET","path":"/api/v1/auth/session","status":200,"duration_ms":4}
{"request_id":"rcc-1544dd58f3232eea3b808cae7748d619","method":"GET","path":"/api/v1/table-policies","status":200,"duration_ms":5}
{"request_id":"rcc-f08c998d5975dc60ac19ea9e1363de87","method":"GET","path":"/api/v1/query-policy-types","status":200,"duration_ms":31}
{"request_id":"rcc-7e791f9070e2479f4178d24d272688dc","method":"GET","path":"/api/v1/mutation-policy-types","status":200,"duration_ms":32}
{"request_id":"rcc-3ed4b4bf3f7942f9a3fec9bcea28eb98","method":"GET","path":"/api/v1/mutation-policies/:code","status":200,"duration_ms":45}
{"request_id":"rcc-ab7c8781ff1be24729ac049256b0fa86","method":"GET","path":"/api/v1/query-policies/:code","status":200,"duration_ms":45}
{"request_id":"rcc-50effc57917c8e9a6a4bcea515531145","method":"GET","path":"/api/v1/query-policies/:code","status":200,"duration_ms":30}
{"request_id":"rcc-37075abb7d3ef829a4a0d688e093608e","method":"GET","path":"/api/v1/mutation-policies/:code","status":200,"duration_ms":34}
{"request_id":"rcc-7120badeb7112991c28e58111e731605","method":"POST","path":"/api/v1/tables/:table_name/query","status":200,"duration_ms":156}
{"request_id":"rcc-f1f250c19abdff8e409f34f4836e925c","method":"POST","path":"/api/v1/tables/:table_name/query","status":200,"duration_ms":83}
{"request_id":"rcc-a1f078656f9c315c548a345ce0be46e0","method":"GET","path":"/api/v1/table-field-policies/:table_name","status":200,"duration_ms":23}
{"request_id":"rcc-fed1413db53391ad54cd545b73673ab7","method":"GET","path":"/api/v1/table-field-policies/:table_name","status":200,"duration_ms":104}
{"request_id":"rcc-09c8ba31c629966098a75a88f652d8e0","method":"GET","path":"/api/v1/auth/session","status":200,"duration_ms":5}
{"request_id":"rcc-26d3370f21856c9b031857d626eb6296","method":"POST","path":"/api/v1/tables/:table_name/query","status":200,"duration_ms":90}
{"request_id":"rcc-a8196a10515eaf627aceb0f4b6ea627e","method":"GET","path":"/api/v1/auth/session","status":200,"duration_ms":3}
{"request_id":"rcc-52f6aa7cb9581fbd2d0048c3fe5f788e","method":"GET","path":"/api/v1/table-policies/:table_name","status":200,"duration_ms":7}
{"request_id":"rcc-9b821a76eca3eb429e8f97c500b93f99","method":"GET","path":"/api/v1/auth/session","status":200,"duration_ms":8}
{"request_id":"rcc-918b8ad33d8f58a4bbc279fa4e46d909","method":"GET","path":"/api/v1/mutation-policies/:code","status":200,"duration_ms":11}
{"request_id":"rcc-e8dd4c9f8088402b177230f2622ce4da","method":"POST","path":"/api/v1/release-orders","status":201,"duration_ms":87}
{"request_id":"rcc-a52a4f442b48ae77b56e5d053d4dac0d","method":"GET","path":"/api/v1/release-orders/:id","status":200,"duration_ms":33}
{"request_id":"rcc-040d7567b2110a01e0726726a2f3fa0f","method":"GET","path":"/api/v1/table-field-policies/:table_name","status":200,"duration_ms":14}
{"request_id":"rcc-18f6f3ef21a047e00f691c71d22c0433","method":"GET","path":"/api/v1/release-orders/:id/details","status":200,"duration_ms":16}
{"request_id":"rcc-ce6d0fa714b9238073d4e767748ab7eb","method":"GET","path":"/api/v1/auth/session","status":200,"duration_ms":2}
{"request_id":"rcc-139e1a8c79049317b3a620d4940ccaa0","method":"GET","path":"/api/v1/release-orders/:id/people","status":200,"duration_ms":56}
{"request_id":"rcc-a6c15cb9615056daeb97bc48d527ca62","method":"POST","path":"/api/v1/release-orders/:id/submit","status":200,"duration_ms":342}
{"request_id":"rcc-1479735556e3c126ccd17a03d6f2391d","method":"GET","path":"/api/v1/auth/session","status":200,"duration_ms":6}
{"request_id":"rcc-e850e2fd4b3f8dca4211ec60efb3174c","method":"GET","path":"/api/v1/release-orders/:id","status":200,"duration_ms":56}
{"request_id":"rcc-28f21116b4f9b3bd9285f92624cc5ccc","method":"GET","path":"/api/v1/auth/session","status":200,"duration_ms":5}
{"request_id":"rcc-bfc8b399c8768a78839b6d793b3b98ac","method":"POST","path":"/api/v1/release-orders/:id/approve","status":200,"duration_ms":139}
{"request_id":"rcc-01ed37cf0457cd60e7c370b48d7a736a","method":"GET","path":"/api/v1/auth/session","status":200,"duration_ms":3}
{"request_id":"rcc-2986e1152eef6e44bbaab1ae0e759ffb","method":"POST","path":"/api/v1/release-orders/:id/execute","status":200,"duration_ms":404}
{"request_id":"rcc-8b282862fff1d3ff355eb7ceda5e975e","method":"GET","path":"/api/v1/auth/session","status":200,"duration_ms":5}
{"request_id":"rcc-c18bc77b123754a7039d3845b486cb20","method":"GET","path":"/api/v1/release-orders/:id","status":200,"duration_ms":38}
{"request_id":"rcc-8ff048af86aeb98610ed532b931a5f01","method":"GET","path":"/api/v1/table-field-policies/:table_name","status":200,"duration_ms":21}
{"request_id":"rcc-69edcf58890715f3ff5486c01c5c6fe3","method":"GET","path":"/api/v1/release-orders/:id/details","status":200,"duration_ms":28}
{"request_id":"rcc-00614f29b8c15c2c11ef73dad6919caa","method":"GET","path":"/api/v1/auth/session","status":200,"duration_ms":4}
{"request_id":"rcc-1960083f3c1047dfd155c7ff18ad77a4","method":"GET","path":"/api/v1/release-orders/:id/people","status":200,"duration_ms":51}
{"request_id":"rcc-474d989d5678e921c233fd5e3c06f5a1","method":"POST","path":"/api/v1/release-orders/:id/complete","status":200,"duration_ms":149}
{"request_id":"rcc-fa8470393b82fca3e176221defb1c101","method":"GET","path":"/api/v1/auth/session","status":200,"duration_ms":6}
{"request_id":"rcc-b66d4d99e431a81f66bb3860eeb10097","method":"GET","path":"/api/v1/table-policies","status":200,"duration_ms":5}
{"request_id":"rcc-0cf104b430fbd58604849a2928b09edf","method":"GET","path":"/api/v1/query-policy-types","status":200,"duration_ms":2}
{"request_id":"rcc-1f108df0520a0fe91d29ef632bcc5e79","method":"GET","path":"/api/v1/mutation-policy-types","status":200,"duration_ms":8}
{"request_id":"rcc-abb6f3eca7c53018bd7642656f4015d0","method":"GET","path":"/api/v1/mutation-policies/:code","status":200,"duration_ms":10}
{"request_id":"rcc-3cc0267ad2a307d9957cbdc04c32beb4","method":"GET","path":"/api/v1/query-policies/:code","status":200,"duration_ms":10}
{"request_id":"rcc-dd8a54a2e48acd2f0b429442796f4e8c","method":"POST","path":"/api/v1/tables/:table_name/query","status":200,"duration_ms":53}
{"request_id":"rcc-fe39363c5f09b45f38ea2e8ddc4252a9","method":"GET","path":"/api/v1/mutation-policies/:code","status":200,"duration_ms":7}
{"request_id":"rcc-7787b94299c511a084ec819dc49dc1a8","method":"GET","path":"/api/v1/query-policies/:code","status":200,"duration_ms":11}
{"request_id":"rcc-052db1f07c6736f47aea36bb7d78729c","method":"POST","path":"/api/v1/tables/:table_name/query","status":200,"duration_ms":54}
{"request_id":"rcc-fcc4b6bc51ccc584242c4690d5061245","method":"GET","path":"/api/v1/table-field-policies/:table_name","status":200,"duration_ms":30}
{"request_id":"rcc-740c3088420f7f161a5064df0f31bf49","method":"GET","path":"/api/v1/table-field-policies/:table_name","status":200,"duration_ms":16}
{"request_id":"rcc-72571380acffdefc51c2f0a7f815033e","method":"GET","path":"/api/v1/auth/session","status":200,"duration_ms":2}
{"request_id":"rcc-e5c68573aedcc16d6a8a3a3e86c0d5e7","method":"POST","path":"/api/v1/release-orders","status":422,"duration_ms":74}
{"request_id":"rcc-9ae5e81c80b0cd0a5d5b93db7e3abcfd","method":"GET","path":"/api/v1/auth/session","status":200,"duration_ms":33}
{"request_id":"rcc-85487d5b7ffe0f511c5fc41ff9a07304","method":"GET","path":"/api/v1/table-policies","status":200,"duration_ms":6}
{"request_id":"rcc-42f9e0abd2ccb436c42618cd8c3dc05d","method":"GET","path":"/api/v1/mutation-policy-types","status":200,"duration_ms":5}
{"request_id":"rcc-60b951b31eb9f3e3a8c47ef1f0d8f9a0","method":"GET","path":"/api/v1/query-policy-types","status":200,"duration_ms":6}
{"request_id":"rcc-352f8682e5bfc8c0a84c33e1e8cd5f26","method":"GET","path":"/api/v1/mutation-policies/:code","status":200,"duration_ms":9}
{"request_id":"rcc-1dc233a0ffda6f2c20949361a3944d78","method":"GET","path":"/api/v1/query-policies/:code","status":200,"duration_ms":13}
{"request_id":"rcc-2e30517805174f3a8f6099283c793447","method":"GET","path":"/api/v1/query-policies/:code","status":200,"duration_ms":4}
{"request_id":"rcc-9b5c7abd67a9102eea6d6c5175a02b9d","method":"GET","path":"/api/v1/mutation-policies/:code","status":200,"duration_ms":8}
{"request_id":"rcc-94eeb29f97d6716b66676d60d354d47a","method":"POST","path":"/api/v1/tables/:table_name/query","status":200,"duration_ms":73}
{"request_id":"rcc-273e527b0f8b8f138178ff4cb74ee543","method":"POST","path":"/api/v1/tables/:table_name/query","status":200,"duration_ms":57}
{"request_id":"rcc-77786bcdf6b81aacb3ae9160a27978f6","method":"GET","path":"/api/v1/table-field-policies/:table_name","status":200,"duration_ms":22}
{"request_id":"rcc-02d6ede8f8253e8e3bc84b93ff5f6871","method":"GET","path":"/api/v1/table-field-policies/:table_name","status":200,"duration_ms":28}
{"request_id":"rcc-91dcca04fb94ce28a05883ed81cf9cc8","method":"GET","path":"/api/v1/auth/session","status":200,"duration_ms":10}
{"request_id":"rcc-ee8e8b328f7a6caa93aa196fa55a3f4e","method":"POST","path":"/api/v1/release-orders","status":422,"duration_ms":48}
{"request_id":"rcc-15a74e802729a2d8bd8742112af84c57","method":"GET","path":"/api/v1/auth/session","status":200,"duration_ms":3}
{"request_id":"rcc-08586402aac815b92fc907aef1297101","method":"GET","path":"/api/v1/table-policies","status":200,"duration_ms":9}
{"request_id":"rcc-a09b919625f4afa24e7067c09e94f800","method":"GET","path":"/api/v1/query-policy-types","status":200,"duration_ms":4}
{"request_id":"rcc-c964fcb28c853b54a7109bd6ea9066be","method":"GET","path":"/api/v1/mutation-policy-types","status":200,"duration_ms":4}
{"request_id":"rcc-d6549d0b21c5b71269e7e88da8923454","method":"GET","path":"/api/v1/query-policies/:code","status":200,"duration_ms":6}
{"request_id":"rcc-519793c9b96ab0626cab755b3383902c","method":"GET","path":"/api/v1/mutation-policies/:code","status":200,"duration_ms":5}
{"request_id":"rcc-2860d919e843fc0e95938adc90a4c083","method":"POST","path":"/api/v1/tables/:table_name/query","status":200,"duration_ms":49}
{"request_id":"rcc-296e2911edfed7e8864fc287156d6d14","method":"GET","path":"/api/v1/query-policies/:code","status":200,"duration_ms":4}
{"request_id":"rcc-ee8719d7a68a54cecb4c40e153ffa956","method":"GET","path":"/api/v1/mutation-policies/:code","status":200,"duration_ms":4}
{"request_id":"rcc-aad51f0c21888cd6da307f46ee16469d","method":"POST","path":"/api/v1/tables/:table_name/query","status":200,"duration_ms":21}
{"request_id":"rcc-fe5bcfb087de1c44316cbfe6a6e5ab24","method":"GET","path":"/api/v1/table-field-policies/:table_name","status":200,"duration_ms":19}
{"request_id":"rcc-1c1bc41d0dec24f0e89921602b192a16","method":"GET","path":"/api/v1/table-field-policies/:table_name","status":200,"duration_ms":112}
{"request_id":"rcc-cb5fb7004a63e31a096ce98a1288e3bc","method":"POST","path":"/api/v1/release-orders","status":201,"duration_ms":200}
{"request_id":"rcc-f7e4d4e0a6b5b87d034c06ef4fec7c1b","method":"GET","path":"/api/v1/release-orders/:id","status":200,"duration_ms":36}
{"request_id":"rcc-c0f4adfd2478e9672b15b7803914f3d2","method":"GET","path":"/api/v1/auth/session","status":200,"duration_ms":5}
{"request_id":"rcc-12138512d72ecdcf1556d68a501049cc","method":"GET","path":"/api/v1/release-orders/:id/details","status":200,"duration_ms":38}
{"request_id":"rcc-803398608d0faa0dd67dd76d98fadf0e","method":"GET","path":"/api/v1/table-field-policies/:table_name","status":200,"duration_ms":43}
{"request_id":"rcc-01e0e69561ae8a29c5483dacd7721adf","method":"GET","path":"/api/v1/release-orders/:id/people","status":200,"duration_ms":77}
{"request_id":"rcc-c492c65d9fc125c25ac9e1ee0ebf59c6","method":"POST","path":"/api/v1/release-orders/:id/submit","status":200,"duration_ms":279}
{"request_id":"rcc-10b522b8c53d4c05f02e00296104ae57","method":"GET","path":"/api/v1/auth/session","status":200,"duration_ms":2}
{"request_id":"rcc-80dbaf6261a998f49e04a49313031b07","method":"GET","path":"/api/v1/release-orders/:id","status":200,"duration_ms":23}
{"request_id":"rcc-af60b7d53b113c565d5a1d2fcef75eaa","method":"GET","path":"/api/v1/auth/session","status":200,"duration_ms":4}
{"request_id":"rcc-12c873416587c220f3e144120ae52344","method":"POST","path":"/api/v1/release-orders/:id/approve","status":200,"duration_ms":158}
{"request_id":"rcc-37bf4f1592df04c53433c682656be4a7","method":"GET","path":"/api/v1/auth/session","status":200,"duration_ms":12}
{"request_id":"rcc-c61db811f0f2cc751137ad74e0b4e325","method":"POST","path":"/api/v1/release-orders/:id/execute","status":200,"duration_ms":219}
{"request_id":"rcc-c0a21e9d10f9ffbf8a8272f54aed9dbd","method":"GET","path":"/api/v1/auth/session","status":200,"duration_ms":2}
{"request_id":"rcc-f266090e6d0b584da1cfb252ffdf7b31","method":"GET","path":"/api/v1/release-orders/:id","status":200,"duration_ms":30}
{"request_id":"rcc-d3b1cd881f80f932c9c5283107440e51","method":"GET","path":"/api/v1/table-field-policies/:table_name","status":200,"duration_ms":30}
{"request_id":"rcc-7925025c4bf6d5908ea4f47f1d908f79","method":"GET","path":"/api/v1/release-orders/:id/details","status":200,"duration_ms":34}
{"request_id":"rcc-00f88fa8f8f91a7a6a2c6a2e116cb9df","method":"GET","path":"/api/v1/auth/session","status":200,"duration_ms":3}
{"request_id":"rcc-e7def4fd10e8eeab9dbb84c0c2d8b314","method":"GET","path":"/api/v1/release-orders/:id/people","status":200,"duration_ms":57}
{"request_id":"rcc-27afb93c0642cb0405b3c8360c114ec1","method":"POST","path":"/api/v1/release-orders/:id/complete","status":200,"duration_ms":152}
{"request_id":"rcc-98386ef5908076344b0a05a62d7c2abf","method":"GET","path":"/api/v1/auth/session","status":200,"duration_ms":4}
{"request_id":"rcc-ee29559ad13b3ee803d1e9754ec9e086","method":"GET","path":"/api/v1/table-policies","status":200,"duration_ms":20}
{"request_id":"rcc-a74d7819fe3fb918160eb7781d6750d2","method":"GET","path":"/api/v1/query-policy-types","status":200,"duration_ms":4}
{"request_id":"rcc-de93f9a646660d212dc5fe0f8c4eeadd","method":"GET","path":"/api/v1/mutation-policy-types","status":200,"duration_ms":10}
{"request_id":"rcc-8301b6994acc22c77d20facd4e18a4b5","method":"GET","path":"/api/v1/mutation-policies/:code","status":200,"duration_ms":12}
{"request_id":"rcc-fdf135179fdba7fa1d72a637777b33cb","method":"GET","path":"/api/v1/query-policies/:code","status":200,"duration_ms":15}
{"request_id":"rcc-4b01dc948c0b8ee143d4a89ea34f0ab8","method":"POST","path":"/api/v1/tables/:table_name/query","status":200,"duration_ms":50}
{"request_id":"rcc-ce8ebfb307c0dde6a57217944a9bef1a","method":"GET","path":"/api/v1/query-policies/:code","status":200,"duration_ms":7}
{"request_id":"rcc-be5aaa44c56871cd0d7af7c7c153bb43","method":"GET","path":"/api/v1/mutation-policies/:code","status":200,"duration_ms":6}
{"request_id":"rcc-c0b512b0ef717c98be320fdcbf59a3ac","method":"POST","path":"/api/v1/tables/:table_name/query","status":200,"duration_ms":48}
{"request_id":"rcc-7e617bcf634bb346956e45e8aba2681b","method":"GET","path":"/api/v1/table-field-policies/:table_name","status":200,"duration_ms":15}
{"request_id":"rcc-3b773ce4ef1c35ad037d35962637b628","method":"GET","path":"/api/v1/table-field-policies/:table_name","status":200,"duration_ms":15}
{"request_id":"rcc-afbf12c6d1e5c8385e53fbaacd54d8ab","method":"GET","path":"/api/v1/auth/session","status":200,"duration_ms":5}
{"request_id":"rcc-109d091f5228d4c7d7bca0a872592004","method":"POST","path":"/api/v1/tables/:table_name/query","status":200,"duration_ms":126}
{"request_id":"rcc-64ddcd456a013494aa92c402a51e404b","method":"GET","path":"/api/v1/auth/session","status":200,"duration_ms":8}
{"request_id":"rcc-be5abe833ada013664579e4a22eb4cf6","method":"POST","path":"/api/v1/release-orders","status":422,"duration_ms":127}
{"request_id":"rcc-f5066e2e32785431998fe7025ba95fdb","method":"GET","path":"/api/v1/auth/session","status":200,"duration_ms":50}
{"request_id":"rcc-bd248ff8be44094e1ee388100fcacd19","method":"GET","path":"/api/v1/table-policies","status":200,"duration_ms":22}
{"request_id":"rcc-eac24eca4d6d2c32f0986f66df05e0d8","method":"GET","path":"/api/v1/query-policy-types","status":200,"duration_ms":24}
{"request_id":"rcc-51539673aae3f74b86553a4c2bb74a01","method":"GET","path":"/api/v1/mutation-policies/:code","status":200,"duration_ms":26}
{"request_id":"rcc-7579744603368bfc992476589d6387fa","method":"GET","path":"/api/v1/query-policies/:code","status":200,"duration_ms":30}
{"request_id":"rcc-8504379b3d241d12f3cb09bf943fb8b4","method":"GET","path":"/api/v1/mutation-policy-types","status":200,"duration_ms":30}
{"request_id":"rcc-c4fbdcf3aee5d6d95f87eab6c71dd566","method":"GET","path":"/api/v1/query-policies/:code","status":200,"duration_ms":11}
{"request_id":"rcc-56aff29f680c74e7d1ff0520a51ea3ab","method":"GET","path":"/api/v1/mutation-policies/:code","status":200,"duration_ms":11}
{"request_id":"rcc-7a1ff5ef437d8bc2195584b80af59530","method":"POST","path":"/api/v1/tables/:table_name/query","status":200,"duration_ms":101}
{"request_id":"rcc-97c44e5fd78a8f727d55f5fdfd1f21bc","method":"POST","path":"/api/v1/tables/:table_name/query","status":200,"duration_ms":98}
{"request_id":"rcc-5ac3a3352ba24036ea8df8ef56ff75ca","method":"GET","path":"/api/v1/table-field-policies/:table_name","status":200,"duration_ms":86}
{"request_id":"rcc-3abd43d76f48579a5ecada3ba0163cf7","method":"GET","path":"/api/v1/auth/session","status":200,"duration_ms":1}
{"request_id":"rcc-8e9c392642cbf6f6acb80b918e0297c1","method":"GET","path":"/api/v1/table-field-policies/:table_name","status":200,"duration_ms":16}
{"request_id":"rcc-76c9808cd16eed5970711a6e4c081e5c","method":"POST","path":"/api/v1/tables/:table_name/query","status":200,"duration_ms":73}
{"request_id":"rcc-08681438ebc4fdb7c0ddeaa96f48f9c6","method":"GET","path":"/api/v1/auth/session","status":200,"duration_ms":3}
{"request_id":"rcc-2e3c03dd43c812adca6b072d55951e11","method":"POST","path":"/api/v1/release-orders","status":422,"duration_ms":64}
{"request_id":"rcc-6c7fd3f9f28efb110bf0a20c58404c02","method":"GET","path":"/api/v1/auth/session","status":200,"duration_ms":4}
{"request_id":"rcc-3744df3aa068d4c590e4f2143b57b02e","method":"GET","path":"/api/v1/table-policies","status":200,"duration_ms":4}
{"request_id":"rcc-4a20eb11e4601b4a0db4a94724976b10","method":"GET","path":"/api/v1/mutation-policy-types","status":200,"duration_ms":31}
{"request_id":"rcc-eba9e1e8eb8baa16f65b9946dcc09100","method":"GET","path":"/api/v1/query-policy-types","status":200,"duration_ms":32}
{"request_id":"rcc-1f0fc57a4633d41f40d95353a6954312","method":"GET","path":"/api/v1/query-policies/:code","status":200,"duration_ms":58}
{"request_id":"rcc-794147fb4c969d04365c5c3b0ebc10f0","method":"GET","path":"/api/v1/mutation-policies/:code","status":200,"duration_ms":58}
{"request_id":"rcc-0d641d3998e69dc431a44d25f95e4fff","method":"GET","path":"/api/v1/query-policies/:code","status":200,"duration_ms":52}
{"request_id":"rcc-f9167e3f11f1bf710cc73c1e1d885db7","method":"GET","path":"/api/v1/mutation-policies/:code","status":200,"duration_ms":52}
{"request_id":"rcc-c18d1e0486bfd24bcb27a6d29c48696b","method":"POST","path":"/api/v1/tables/:table_name/query","status":200,"duration_ms":171}
{"request_id":"rcc-1001741e5cf7ac1c4362cda5b1eb45eb","method":"POST","path":"/api/v1/tables/:table_name/query","status":200,"duration_ms":127}
{"request_id":"rcc-d68728d3adcc866da9c8e50d38aa200a","method":"GET","path":"/api/v1/table-field-policies/:table_name","status":200,"duration_ms":27}
{"request_id":"rcc-ea8929ccf8c3557a8bd36971c8c44f4f","method":"GET","path":"/api/v1/table-field-policies/:table_name","status":200,"duration_ms":16}
{"request_id":"rcc-46a22a3a8784f4401749b87e16b59d58","method":"GET","path":"/api/v1/auth/session","status":200,"duration_ms":4}
{"request_id":"rcc-408f84f1568a4e86f3b1995858f29a29","method":"POST","path":"/api/v1/tables/:table_name/query","status":200,"duration_ms":69}
{"request_id":"rcc-64b3cbc0dae0ffe14a13807eba6ef6a4","method":"GET","path":"/api/v1/auth/session","status":200,"duration_ms":3}
{"request_id":"rcc-a897660787cbf37a56e9f258eb2d8aff","method":"GET","path":"/api/v1/table-policies/:table_name","status":200,"duration_ms":13}
{"request_id":"rcc-332fd92c57bd66d05ebf6f3958a69b31","method":"GET","path":"/api/v1/auth/session","status":200,"duration_ms":9}
{"request_id":"rcc-9dedc6a6b347946a2bfee13ac9dbf0c5","method":"GET","path":"/api/v1/mutation-policies/:code","status":200,"duration_ms":10}
{"request_id":"rcc-981bb7b30e924a8bd0164db3fe3372c4","method":"POST","path":"/api/v1/release-orders","status":201,"duration_ms":475}
{"request_id":"rcc-5e6eff1684cb649399026351d826f58c","method":"GET","path":"/api/v1/release-orders/:id","status":200,"duration_ms":84}
{"request_id":"rcc-083ed9c0f4687752f9b6c43e0a94a142","method":"GET","path":"/api/v1/table-field-policies/:table_name","status":200,"duration_ms":31}
{"request_id":"rcc-554b2376c835daebb359ef07b0efaf61","method":"GET","path":"/api/v1/release-orders/:id/details","status":200,"duration_ms":35}
{"request_id":"rcc-437bd04e9972173f08e1b1a639a63c7c","method":"GET","path":"/api/v1/release-orders/:id/people","status":200,"duration_ms":86}
{"request_id":"rcc-72103bc594f4da56a68bd76140eed545","method":"GET","path":"/api/v1/auth/session","status":200,"duration_ms":15}
{"request_id":"rcc-71f6b0d1880e8e0c7c6d00d725931408","method":"POST","path":"/api/v1/release-orders/:id/submit","status":200,"duration_ms":470}
{"request_id":"rcc-09a0b4961c27c1711dbde9738ccd4d77","method":"GET","path":"/api/v1/auth/session","status":200,"duration_ms":8}
{"request_id":"rcc-2fcc224a30ad575144e2db3a8e0013ea","method":"GET","path":"/api/v1/release-orders/:id","status":200,"duration_ms":93}
{"request_id":"rcc-63c88e20f0c014af94e172abcc65cb98","method":"GET","path":"/api/v1/auth/session","status":200,"duration_ms":2}
{"request_id":"rcc-ee4f95ed1dfae6ad6c1db81323a8c550","method":"POST","path":"/api/v1/release-orders/:id/approve","status":200,"duration_ms":319}
{"request_id":"rcc-7b6327882d0aa5cfcde1c65578034dcc","method":"GET","path":"/api/v1/auth/session","status":200,"duration_ms":5}
{"request_id":"rcc-702d6ffea6cba0d7cff8649013d62535","method":"POST","path":"/api/v1/release-orders/:id/execute","status":200,"duration_ms":491}
{"request_id":"rcc-029379e54965ed2d0818df9f9c80e937","method":"GET","path":"/api/v1/auth/session","status":200,"duration_ms":2}
{"request_id":"rcc-c51a015916ba8c0ef814187bf53792f3","method":"GET","path":"/api/v1/release-orders/:id","status":200,"duration_ms":48}
{"request_id":"rcc-c2f83d507fe8c50b14f6e3c17b31c12d","method":"GET","path":"/api/v1/auth/session","status":200,"duration_ms":2}
{"request_id":"rcc-5c0c033a8c032c3d7248db3a34085f42","method":"GET","path":"/api/v1/table-field-policies/:table_name","status":200,"duration_ms":21}
{"request_id":"rcc-c93ec74b3a04fb9fb437b5d70adc6977","method":"GET","path":"/api/v1/release-orders/:id/details","status":200,"duration_ms":24}
{"request_id":"rcc-4b756fdf33ca5f4007161d4dfcbb1051","method":"GET","path":"/api/v1/release-orders/:id/people","status":200,"duration_ms":59}
{"request_id":"rcc-2a33bf8f60c7f9e52142df69a6a91746","method":"POST","path":"/api/v1/release-orders/:id/complete","status":200,"duration_ms":179}
{"request_id":"rcc-fc1d6314a2aeaeda840e48d0fffdcfca","method":"GET","path":"/api/v1/auth/session","status":200,"duration_ms":19}
{"request_id":"rcc-edbaf9c993d2ac9834ceadcb4dd3f612","method":"GET","path":"/api/v1/table-policies","status":200,"duration_ms":36}
{"request_id":"rcc-16738a866151520199c16e5d49271e51","method":"GET","path":"/api/v1/query-policy-types","status":200,"duration_ms":13}
{"request_id":"rcc-7151a7f30a5cd77eb8a12c885b0948b3","method":"GET","path":"/api/v1/mutation-policy-types","status":200,"duration_ms":20}
{"request_id":"rcc-f89b31cedde0fb8264d870efdbad6b82","method":"GET","path":"/api/v1/query-policies/:code","status":200,"duration_ms":25}
{"request_id":"rcc-cd6cb907129a90ffc99b7e6d38759490","method":"GET","path":"/api/v1/mutation-policies/:code","status":200,"duration_ms":26}
{"request_id":"rcc-22583cc6493271dbdecffe410b606f33","method":"GET","path":"/api/v1/query-policies/:code","status":200,"duration_ms":17}
{"request_id":"rcc-2e7923b400f9483678627eef781f3e7f","method":"GET","path":"/api/v1/mutation-policies/:code","status":200,"duration_ms":6}
{"request_id":"rcc-38f4957e079e3b12e4f019936f32d222","method":"POST","path":"/api/v1/tables/:table_name/query","status":200,"duration_ms":45}
{"request_id":"rcc-c3b80408ddd4b7e4431ceba4b5b57f9c","method":"POST","path":"/api/v1/tables/:table_name/query","status":200,"duration_ms":77}
{"request_id":"rcc-f112f7bc226f7a615d3a9de813e04165","method":"GET","path":"/api/v1/table-field-policies/:table_name","status":200,"duration_ms":17}
{"request_id":"rcc-c3d578831a2f2e31e97c5d69ee9d253b","method":"GET","path":"/api/v1/table-field-policies/:table_name","status":200,"duration_ms":12}
{"request_id":"rcc-a3d0658c70c247836ed45e9dfec1a3a9","method":"POST","path":"/api/v1/release-orders","status":201,"duration_ms":206}
{"request_id":"rcc-44992d3b73a31c15f9712543a71f036d","method":"GET","path":"/api/v1/release-orders/:id","status":200,"duration_ms":63}
{"request_id":"rcc-cc85215715acce282534024ce52960d8","method":"GET","path":"/api/v1/auth/session","status":200,"duration_ms":7}
{"request_id":"rcc-77ee910508b2b051e5b76569dbacd66f","method":"GET","path":"/api/v1/table-field-policies/:table_name","status":200,"duration_ms":25}
{"request_id":"rcc-d3a8c8012994f23c6229baeee260832c","method":"GET","path":"/api/v1/release-orders/:id/details","status":200,"duration_ms":31}
{"request_id":"rcc-e2137524244d1e8ae9206b62acd4db04","method":"GET","path":"/api/v1/release-orders/:id/people","status":200,"duration_ms":74}
{"request_id":"rcc-18080f43643434741e4a0f9a67ed8f02","method":"POST","path":"/api/v1/release-orders/:id/submit","status":200,"duration_ms":301}
{"request_id":"rcc-34f9ef9151e69f3e40233cec909ea5f1","method":"GET","path":"/api/v1/auth/session","status":200,"duration_ms":5}
{"request_id":"rcc-23390cdb140b3eaa6377c36740d9455e","method":"GET","path":"/api/v1/release-orders/:id","status":200,"duration_ms":49}
{"request_id":"rcc-60548eda235e708c6aeb2ed11a7db525","method":"GET","path":"/api/v1/auth/session","status":200,"duration_ms":8}
{"request_id":"rcc-97f60d9d398449a238789c0a01385f2b","method":"POST","path":"/api/v1/release-orders/:id/approve","status":200,"duration_ms":140}
{"request_id":"rcc-c0c7b92983090a263e28ed22d27e89e3","method":"GET","path":"/api/v1/auth/session","status":200,"duration_ms":6}
{"request_id":"rcc-808566e4b935f093453a9745ffe259e6","method":"POST","path":"/api/v1/release-orders/:id/execute","status":422,"duration_ms":328}
{"request_id":"rcc-bc522c0dfaccb2241520aebdcc5e1ba2","method":"GET","path":"/api/v1/auth/session","status":200,"duration_ms":32}
{"request_id":"rcc-44a9e463b70772c0290034042476cf67","method":"GET","path":"/api/v1/release-orders/:id","status":200,"duration_ms":76}
{"request_id":"rcc-4e6a883f6ce4a1ff818ca708a9ee7fc5","method":"GET","path":"/api/v1/auth/session","status":200,"duration_ms":5}
{"request_id":"rcc-f228cf8496d9b5bd0c5af570f0a22398","method":"GET","path":"/api/v1/release-orders/:id/details","status":200,"duration_ms":28}
{"request_id":"rcc-a2a7a777ff3165c0ee83c1b7ac5196e8","method":"GET","path":"/api/v1/auth/session","status":200,"duration_ms":4}
{"request_id":"rcc-a4b3998ad48bff06dca2977da0444a48","method":"GET","path":"/api/v1/release-orders/:id","status":200,"duration_ms":26}
{"request_id":"rcc-7eae99000b2bb158737dff76387f82a3","method":"GET","path":"/api/v1/table-field-policies/:table_name","status":200,"duration_ms":24}
{"request_id":"rcc-7003c5e2b39d6cd085e9b7131d61bb17","method":"GET","path":"/api/v1/release-orders/:id/details","status":200,"duration_ms":27}
{"request_id":"rcc-1d96d8704b6007dd3f4fd97ff45e2a1a","method":"GET","path":"/api/v1/release-orders/:id/people","status":200,"duration_ms":47}
{"request_id":"rcc-66ee3172f534305e693c630b18cc1ccd","method":"GET","path":"/api/v1/auth/session","status":200,"duration_ms":8}
{"request_id":"rcc-612c40275cd6aa6e3e675ecfd4a2e3a0","method":"POST","path":"/api/v1/release-orders/:id/cancel","status":200,"duration_ms":131}
{"request_id":"rcc-9e8abb11a88ccf4f8e35212d59391252","method":"GET","path":"/api/v1/auth/session","status":200,"duration_ms":33}
{"request_id":"rcc-699defad7c4b9cd7bc6b9fcd5a32973a","method":"GET","path":"/api/v1/table-policies","status":200,"duration_ms":41}
{"request_id":"rcc-989c1cbb436207a61dd578f9453604b2","method":"GET","path":"/api/v1/mutation-policy-types","status":200,"duration_ms":15}
{"request_id":"rcc-bae89850d13e6ffcd5efd70b5437aac0","method":"GET","path":"/api/v1/query-policy-types","status":200,"duration_ms":15}
{"request_id":"rcc-5f72936899bced40961d7bc32ea88a27","method":"GET","path":"/api/v1/query-policies/:code","status":200,"duration_ms":15}
{"request_id":"rcc-0858646a0006f9efd3b4ac16b204c836","method":"GET","path":"/api/v1/mutation-policies/:code","status":200,"duration_ms":16}
{"request_id":"rcc-1c3d5e9d55160643da74d2fc848077bf","method":"POST","path":"/api/v1/tables/:table_name/query","status":200,"duration_ms":91}
{"request_id":"rcc-7c678e7d16442dd3115c550a0c953f83","method":"GET","path":"/api/v1/table-field-policies/:table_name","status":200,"duration_ms":17}
{"request_id":"rcc-d0a6f7d7b31b1258361a2a9f64a3eba1","method":"GET","path":"/api/v1/query-policies/:code","status":200,"duration_ms":8}
{"request_id":"rcc-a37797e12e208570a7504fb53dbe538e","method":"GET","path":"/api/v1/mutation-policies/:code","status":200,"duration_ms":7}
{"request_id":"rcc-b75c006cf88cb11619afa26a0926c133","method":"POST","path":"/api/v1/tables/:table_name/query","status":200,"duration_ms":31}
{"request_id":"rcc-741a302da5d5d3c882a14570ed3944c9","method":"GET","path":"/api/v1/table-field-policies/:table_name","status":200,"duration_ms":17}
{"request_id":"rcc-a36939636ba05743cfba734153ec9712","method":"GET","path":"/api/v1/table-field-policies/:table_name","status":200,"duration_ms":36}
{"request_id":"rcc-5792b29e4d4e87b16dcf479c734a47de","method":"POST","path":"/api/v1/release-orders","status":201,"duration_ms":124}
{"request_id":"rcc-0b169be38f6eb6ed578d19524eec9706","method":"GET","path":"/api/v1/release-orders/:id","status":200,"duration_ms":96}
{"request_id":"rcc-05a939a427fd08b7941531ad1818dca1","method":"GET","path":"/api/v1/table-field-policies/:table_name","status":200,"duration_ms":20}
{"request_id":"rcc-909219bb74b6fca2d9866d3683e04735","method":"GET","path":"/api/v1/release-orders/:id/details","status":200,"duration_ms":23}
{"request_id":"rcc-e5f84021fe3e4c3131bcfcbc0c815e90","method":"GET","path":"/api/v1/release-orders/:id/people","status":200,"duration_ms":52}
{"request_id":"rcc-c412adb9c76646aa6b2d51aecb561777","method":"GET","path":"/api/v1/auth/session","status":200,"duration_ms":4}
{"request_id":"rcc-f675c21605a248e818b01b03ba6294e9","method":"POST","path":"/api/v1/release-orders/:id/submit","status":200,"duration_ms":326}
{"request_id":"rcc-6b5647aab26cf4259c49e767874945c8","method":"GET","path":"/api/v1/auth/session","status":200,"duration_ms":11}
{"request_id":"rcc-f37b2cc8342a292a0bd012ea5f1bbe80","method":"GET","path":"/api/v1/release-orders/:id","status":200,"duration_ms":71}
{"request_id":"rcc-b7ef59665cb74cc094a1771f9d4fd4af","method":"GET","path":"/api/v1/auth/session","status":200,"duration_ms":14}
{"request_id":"rcc-cdc4b76741ac1af1d3d2cf04080c38a6","method":"POST","path":"/api/v1/release-orders/:id/approve","status":200,"duration_ms":153}
{"request_id":"rcc-0326e9312ee1a68fca7ada71392c4b0d","method":"GET","path":"/api/v1/auth/session","status":200,"duration_ms":9}
{"request_id":"rcc-b3559c4924e30746c3d3091c60b6e0d1","method":"POST","path":"/api/v1/release-orders/:id/execute","status":200,"duration_ms":438}
{"request_id":"rcc-635935f5d906d1d3df68a24c8c7fa6f0","method":"GET","path":"/api/v1/auth/session","status":200,"duration_ms":7}
{"request_id":"rcc-bae5b2f713589e7304199ec3bf2a7b54","method":"GET","path":"/api/v1/release-orders/:id","status":200,"duration_ms":42}
{"request_id":"rcc-bca6b32e2763613922e771b0d517db96","method":"GET","path":"/api/v1/table-field-policies/:table_name","status":200,"duration_ms":15}
{"request_id":"rcc-6ab0caca5d77dd2edc90da395faf50b4","method":"GET","path":"/api/v1/auth/session","status":200,"duration_ms":3}
{"request_id":"rcc-688997f1a6bffbb0fb722f77d104a35e","method":"GET","path":"/api/v1/release-orders/:id/details","status":200,"duration_ms":22}
{"request_id":"rcc-6043cbca318b3ad20a768880b2a54568","method":"GET","path":"/api/v1/release-orders/:id/people","status":200,"duration_ms":32}
{"request_id":"rcc-02c58a35934be5c5cfd993410d0ec123","method":"POST","path":"/api/v1/release-orders/:id/complete","status":200,"duration_ms":82}
{"request_id":"rcc-efc5e60c13a02bfde7a7936341b0c002","method":"GET","path":"/api/v1/auth/session","status":200,"duration_ms":13}
{"request_id":"rcc-eb8f763b6b53286396ac731fe081955f","method":"GET","path":"/api/v1/table-policies","status":200,"duration_ms":23}
{"request_id":"rcc-d7eb1a896ffefe26700164d1c0700f64","method":"GET","path":"/api/v1/query-policy-types","status":200,"duration_ms":12}
{"request_id":"rcc-753a8b3831d20e74096326dcf2da9104","method":"GET","path":"/api/v1/mutation-policy-types","status":200,"duration_ms":11}
{"request_id":"rcc-fb26ae9ee2146212d809116b3c7fb89c","method":"GET","path":"/api/v1/mutation-policies/:code","status":200,"duration_ms":23}
{"request_id":"rcc-2bc19d6e2e0264c77fe0b3d6ac2c14a5","method":"GET","path":"/api/v1/query-policies/:code","status":200,"duration_ms":23}
{"request_id":"rcc-63ffb8987aba5fb44ab2fdf2dfbaf0b9","method":"GET","path":"/api/v1/mutation-policies/:code","status":200,"duration_ms":7}
{"request_id":"rcc-a19b083474ff3bee0a9ced6451f1297c","method":"GET","path":"/api/v1/query-policies/:code","status":200,"duration_ms":7}
{"request_id":"rcc-ba321439f69541169a41d8f0a2b2c9e0","method":"POST","path":"/api/v1/tables/:table_name/query","status":200,"duration_ms":76}
{"request_id":"rcc-6e5e75a6946a558a4a92f3884d0965ad","method":"POST","path":"/api/v1/tables/:table_name/query","status":200,"duration_ms":58}
{"request_id":"rcc-186a8a1eebc765c91261e8ffb84c3e56","method":"GET","path":"/api/v1/table-field-policies/:table_name","status":200,"duration_ms":15}
{"request_id":"rcc-fe3e050453924c2810eded40ebc09d64","method":"GET","path":"/api/v1/table-field-policies/:table_name","status":200,"duration_ms":44}
{"request_id":"rcc-e277d741df61a3135f4e7a8551a7f1e8","method":"POST","path":"/api/v1/auth/activity","status":200,"duration_ms":77}
{"request_id":"rcc-e12aead424c19164cdaad77cbae15f62","method":"POST","path":"/api/v1/release-orders","status":201,"duration_ms":104}
{"request_id":"rcc-6502d5e82b03c72051131c46099eb72b","method":"GET","path":"/api/v1/release-orders/:id","status":200,"duration_ms":34}
{"request_id":"rcc-bb064a4c84cb65357600505c04dcfa63","method":"GET","path":"/api/v1/table-field-policies/:table_name","status":200,"duration_ms":21}
{"request_id":"rcc-026821f3d04778ed7be6800d767c474e","method":"GET","path":"/api/v1/release-orders/:id/details","status":200,"duration_ms":28}
{"request_id":"rcc-19026d7a3dd2f8bcc0a6166553365c30","method":"GET","path":"/api/v1/auth/session","status":200,"duration_ms":7}
{"request_id":"rcc-3d84c97ba76c766e00713bf6ba08a270","method":"GET","path":"/api/v1/release-orders/:id/people","status":200,"duration_ms":74}
{"request_id":"rcc-cf3129d1e287da11642b4eafaf392e5b","method":"POST","path":"/api/v1/release-orders/:id/submit","status":200,"duration_ms":184}
{"request_id":"rcc-32e35a494eefebe83c536b186c022c18","method":"GET","path":"/api/v1/auth/session","status":200,"duration_ms":2}
{"request_id":"rcc-7ec8e4140ba45230cbe0a1a8ee8b6db0","method":"GET","path":"/api/v1/release-orders/:id","status":200,"duration_ms":27}
{"request_id":"rcc-8daf7a9e3c139d23ba8b5064f3b68f50","method":"GET","path":"/api/v1/auth/session","status":200,"duration_ms":2}
{"request_id":"rcc-c5fdf45f83badb07e3076c61b895b448","method":"POST","path":"/api/v1/release-orders/:id/approve","status":200,"duration_ms":82}
{"request_id":"rcc-93cd81659edb95a53be3b1d1533c84dd","method":"GET","path":"/api/v1/auth/session","status":200,"duration_ms":4}
{"request_id":"rcc-64616322c458e2c9112a55e0c66c727c","method":"POST","path":"/api/v1/release-orders/:id/execute","status":422,"duration_ms":142}
{"request_id":"rcc-7256d7479c1ef4482e11e3d672b86df3","method":"GET","path":"/api/v1/auth/session","status":200,"duration_ms":4}
{"request_id":"rcc-552a182c2bc1d42f41842ba298bf3c2a","method":"GET","path":"/api/v1/release-orders/:id","status":200,"duration_ms":21}
{"request_id":"rcc-f01772d659323fe46a7f4623d8e626bc","method":"GET","path":"/api/v1/auth/session","status":200,"duration_ms":3}
{"request_id":"rcc-c0a6ca62adeb9083840789c09a70ffed","method":"GET","path":"/api/v1/release-orders/:id/details","status":200,"duration_ms":8}
{"request_id":"rcc-cfa5604f40b772200e9a83f55e37fe82","method":"GET","path":"/api/v1/auth/session","status":200,"duration_ms":4}
{"request_id":"rcc-bbb0b6a9ed80825d44de15b6b335aaa7","method":"GET","path":"/api/v1/release-orders/:id","status":200,"duration_ms":17}
{"request_id":"rcc-709551ad8049a849e89f49ded3075e5e","method":"GET","path":"/api/v1/table-field-policies/:table_name","status":200,"duration_ms":18}
{"request_id":"rcc-ba837eda8783c476302e5ba70ec0428c","method":"GET","path":"/api/v1/release-orders/:id/details","status":200,"duration_ms":30}
{"request_id":"rcc-57f5b3a74c4c933d93e2c573c85dcfd2","method":"GET","path":"/api/v1/release-orders/:id/people","status":200,"duration_ms":50}
{"request_id":"rcc-929ddebbc4ee7bbece1083e463c58b99","method":"GET","path":"/api/v1/auth/session","status":200,"duration_ms":16}
{"request_id":"rcc-0ae34fff45df122d2c5c7037583474ce","method":"POST","path":"/api/v1/release-orders/:id/cancel","status":200,"duration_ms":71}
{"request_id":"rcc-4e45b2a51d9d88465de616f038534611","method":"GET","path":"/api/v1/auth/session","status":200,"duration_ms":6}
{"request_id":"rcc-5805b2a52bf7d342fc4c211750a718cd","method":"GET","path":"/api/v1/table-policies","status":200,"duration_ms":7}
{"request_id":"rcc-82455ada0b89ae3d41311fbb6f1480cb","method":"GET","path":"/api/v1/query-policy-types","status":200,"duration_ms":8}
{"request_id":"rcc-285db3fdc4ba3a0d3df3acfb358d385b","method":"GET","path":"/api/v1/mutation-policy-types","status":200,"duration_ms":6}
{"request_id":"rcc-185f2e578e24cf44f9a1036443e2e572","method":"GET","path":"/api/v1/mutation-policies/:code","status":200,"duration_ms":14}
{"request_id":"rcc-68b10655e873a79455fffc11377cda08","method":"GET","path":"/api/v1/query-policies/:code","status":200,"duration_ms":18}
{"request_id":"rcc-fee5bdf85c5e7aa84e5e807d7f64cd50","method":"GET","path":"/api/v1/query-policies/:code","status":200,"duration_ms":7}
{"request_id":"rcc-9f40c942c163ebfcc1f277dc49c429f2","method":"GET","path":"/api/v1/mutation-policies/:code","status":200,"duration_ms":7}
{"request_id":"rcc-75d6f0d831ef5a474b7f4f97e3289ce0","method":"POST","path":"/api/v1/tables/:table_name/query","status":200,"duration_ms":87}
{"request_id":"rcc-739e2f5727307d48e7171e91a7ce764b","method":"POST","path":"/api/v1/tables/:table_name/query","status":200,"duration_ms":46}
{"request_id":"rcc-b049c430ef364cef9dd54ca1a5e0bd18","method":"GET","path":"/api/v1/table-field-policies/:table_name","status":200,"duration_ms":11}
{"request_id":"rcc-5122cedbb7bae16c5072fff48489cb67","method":"GET","path":"/api/v1/table-field-policies/:table_name","status":200,"duration_ms":8}
{"request_id":"rcc-a550844206cd95169beb6d3e8390d687","method":"POST","path":"/api/v1/release-orders","status":201,"duration_ms":50}
{"request_id":"rcc-eb3689d80f1cd0eb22ad327252bf0f30","method":"GET","path":"/api/v1/release-orders/:id","status":200,"duration_ms":19}
{"request_id":"rcc-124aedcf269bbf68ec5a4995009d5de6","method":"GET","path":"/api/v1/table-field-policies/:table_name","status":200,"duration_ms":10}
{"request_id":"rcc-f8832ab3313af7c0f0a34279edd3e0de","method":"GET","path":"/api/v1/release-orders/:id/details","status":200,"duration_ms":13}
{"request_id":"rcc-49f6f5923f8dff2474529b1cc34d1200","method":"GET","path":"/api/v1/release-orders/:id/people","status":200,"duration_ms":29}
{"request_id":"rcc-36128718a7e56ed82d9b36dfc0ada643","method":"GET","path":"/api/v1/auth/session","status":200,"duration_ms":2}
{"request_id":"rcc-2408778eec92d9454e660db83d771100","method":"POST","path":"/api/v1/release-orders/:id/submit","status":200,"duration_ms":99}
{"request_id":"rcc-1e6308eefd52226c2684d76f826c2d11","method":"GET","path":"/api/v1/auth/session","status":200,"duration_ms":1}
{"request_id":"rcc-a727ca9f3ebaefbcaf9364de9655a8a3","method":"GET","path":"/api/v1/release-orders/:id","status":200,"duration_ms":10}
{"request_id":"rcc-d88abfc3135dba2e4878a8d18e03ed2f","method":"GET","path":"/api/v1/auth/session","status":200,"duration_ms":1}
{"request_id":"rcc-ab16b1fceb6f62bf4dcfcf2a17381f77","method":"POST","path":"/api/v1/release-orders/:id/approve","status":200,"duration_ms":39}
{"request_id":"rcc-213285250c4269777ddbc8905dc54819","method":"GET","path":"/api/v1/auth/session","status":200,"duration_ms":2}
{"request_id":"rcc-1816cbde155ec794a1f2775256144c34","method":"POST","path":"/api/v1/release-orders/:id/execute","status":200,"duration_ms":105}
{"request_id":"rcc-35c1dab6c807df5252ac23eae61cc67b","method":"GET","path":"/api/v1/auth/session","status":200,"duration_ms":2}
{"request_id":"rcc-3b819371b355359421e824981882dee1","method":"GET","path":"/api/v1/release-orders/:id","status":200,"duration_ms":16}
{"request_id":"rcc-325a36e99317c08e84afe5602d43d15e","method":"GET","path":"/api/v1/table-field-policies/:table_name","status":200,"duration_ms":10}
{"request_id":"rcc-1536dddfcdf7189a99cd7be3464b2839","method":"GET","path":"/api/v1/release-orders/:id/details","status":200,"duration_ms":12}
{"request_id":"rcc-75ca3cf7f284c926599053761f18db73","method":"GET","path":"/api/v1/release-orders/:id/people","status":200,"duration_ms":22}
{"request_id":"rcc-6ab8d02fb718e7a2570e8f6f378d5139","method":"GET","path":"/api/v1/auth/session","status":200,"duration_ms":3}
{"request_id":"rcc-d8a454cb1d17c29f7dbd4658e12527a2","method":"POST","path":"/api/v1/release-orders/:id/complete","status":200,"duration_ms":43}
{"request_id":"rcc-1cf7d0aeb712df54e6cbb95f6a72ca71","method":"GET","path":"/api/v1/auth/csrf","status":200,"duration_ms":16}
{"request_id":"rcc-0dc39a692f4cd60471814cb01bb3baf5","method":"POST","path":"/api/v1/auth/register","status":201,"duration_ms":69}
{"request_id":"rcc-b33f467597852f94eafefc6f5c93cfae","method":"GET","path":"/api/v1/auth/session","status":200,"duration_ms":2}
{"request_id":"rcc-2a4a0b4fdae668432f1c0d7fa5c6391d","method":"GET","path":"/api/v1/account-roles","status":200,"duration_ms":3}
{"request_id":"rcc-f841f29300674429e86f74964b982e43","method":"GET","path":"/api/v1/auth/csrf","status":200,"duration_ms":11}
{"request_id":"rcc-9c278fffbaa92a176a47aeeb9cde5ace","method":"POST","path":"/api/v1/auth/register","status":201,"duration_ms":55}
{"request_id":"rcc-2b16188558914f7b12d8b4efc67ee1d5","method":"GET","path":"/api/v1/auth/session","status":200,"duration_ms":1}
{"request_id":"rcc-de5265cc559ffabdc41ea718de1d2e90","method":"GET","path":"/api/v1/account-roles","status":200,"duration_ms":2}
{"request_id":"rcc-e66078d70f8ca9ccce356a6afff28689","method":"GET","path":"/api/v1/auth/session","status":200,"duration_ms":1}
{"request_id":"rcc-18ebdeee50b5f096ecbcf6c534aed749","method":"PUT","path":"/api/v1/account-roles/:id","status":200,"duration_ms":17}
{"request_id":"rcc-713c0caf4cc208a1b818dbb0b16dbc67","method":"GET","path":"/api/v1/auth/session","status":200,"duration_ms":1}
{"request_id":"rcc-0e4c257862edfe09bdf284411a30e471","method":"POST","path":"/api/v1/approval-roles","status":201,"duration_ms":17}
{"request_id":"rcc-de1688eeafae5420c9b74fdff8813d99","method":"GET","path":"/api/v1/auth/session","status":200,"duration_ms":1}
{"request_id":"rcc-ae29c568c3176602182d9d14242e340f","method":"GET","path":"/api/v1/table-policies/:table_name/approval-roles","status":200,"duration_ms":9}
{"request_id":"rcc-bb9b0ae0ef8cadd412c119127af1a9d4","method":"GET","path":"/api/v1/auth/session","status":200,"duration_ms":2}
{"request_id":"rcc-c8ca53b532b54742319a2c63c4634130","method":"PUT","path":"/api/v1/table-policies/:table_name/approval-roles","status":200,"duration_ms":42}
{"request_id":"rcc-c13cf40fc234f8494975c7cca2721b72","method":"GET","path":"/api/v1/auth/session","status":200,"duration_ms":1}
{"request_id":"rcc-90494d4be534ec43c34a8d0ba233968f","method":"GET","path":"/api/v1/query-policy-types","status":200,"duration_ms":2}
{"request_id":"rcc-848032fd80cb7a9d5f16d8492ebc321f","method":"GET","path":"/api/v1/query-policies","status":200,"duration_ms":3}
{"request_id":"rcc-f93bc7140b38c1c2d26cbe5037b2b46c","method":"GET","path":"/api/v1/query-policy-types","status":200,"duration_ms":3}
{"request_id":"rcc-09a9ccdb490145087934a2ba4d2e1019","method":"POST","path":"/api/v1/auth/activity","status":200,"duration_ms":9}
{"request_id":"rcc-2de95c193b6cf27a019af23d4c9ceb9e","method":"GET","path":"/api/v1/query-policy-types","status":200,"duration_ms":2}
{"request_id":"rcc-9e9411b1b66678e26bbd0d6ba61652c1","method":"GET","path":"/api/v1/auth/session","status":200,"duration_ms":2}
{"request_id":"rcc-6a74d08bb811609bf6d6da2a9dd818b4","method":"GET","path":"/api/v1/table-policies","status":200,"duration_ms":3}
{"request_id":"rcc-3115c9749b50df46f10873b0d4e03022","method":"GET","path":"/api/v1/query-policy-types","status":200,"duration_ms":1}
{"request_id":"rcc-fb1a1e234e3c26c19dfa8820e4c91125","method":"GET","path":"/api/v1/mutation-policy-types","status":200,"duration_ms":1}
{"request_id":"rcc-e9e3d1644b9eeb03046503d5b82a023d","method":"GET","path":"/api/v1/query-policies/:code","status":200,"duration_ms":4}
{"request_id":"rcc-f22b205ca3f87356f8900220fd74c680","method":"GET","path":"/api/v1/mutation-policies/:code","status":200,"duration_ms":4}
{"request_id":"rcc-dee41ffc9c26f48508a8ff32065035f8","method":"POST","path":"/api/v1/tables/:table_name/query","status":200,"duration_ms":23}
{"request_id":"rcc-409661b5cdeaeeab5b32e2e7eacfed83","method":"GET","path":"/api/v1/table-field-policies/:table_name","status":200,"duration_ms":8}
{"request_id":"rcc-855119689f5274d31595f6fc6488b706","method":"POST","path":"/api/v1/tables/:table_name/query","status":200,"duration_ms":39}
{"request_id":"rcc-a665fbf73496d1955e03d4b0f9220614","method":"GET","path":"/api/v1/table-field-policies/:table_name","status":200,"duration_ms":6}
{"request_id":"rcc-c180581ca2ea21d2e3a2b950943ba508","method":"GET","path":"/api/v1/table-field-policies/:table_name","status":200,"duration_ms":7}
{"request_id":"rcc-a0c1e22d595866d56d1f75699a74aaa8","method":"POST","path":"/api/v1/release-orders","status":201,"duration_ms":38}
{"request_id":"rcc-b2c84a03a2d6322ffbef5998643dc581","method":"GET","path":"/api/v1/auth/session","status":200,"duration_ms":1}
{"request_id":"rcc-7c6225a80b98ff7771b2bfe5c516bde7","method":"GET","path":"/api/v1/release-orders/:id","status":200,"duration_ms":16}
{"request_id":"rcc-e3006684b1eabc4f7075637379970147","method":"GET","path":"/api/v1/release-orders/:id","status":200,"duration_ms":16}
{"request_id":"rcc-4471762fd91d5df48b169ca024f73c5f","method":"GET","path":"/api/v1/auth/session","status":200,"duration_ms":2}
{"request_id":"rcc-ff6588d6e1dae4c249ede6bb65210234","method":"GET","path":"/api/v1/table-field-policies/:table_name","status":200,"duration_ms":9}
{"request_id":"rcc-99258e5903ab2516d97942c63681901f","method":"GET","path":"/api/v1/release-orders/:id/details","status":200,"duration_ms":10}
{"request_id":"rcc-491d323512e30c3df9c7fcb80f5d4173","method":"GET","path":"/api/v1/release-orders/:id/people","status":200,"duration_ms":26}
{"request_id":"rcc-0b7f54390ac7b1212d27295bc5ab88a0","method":"POST","path":"/api/v1/release-orders/:id/submit","status":200,"duration_ms":78}
{"request_id":"rcc-37b4309c134125f61935be0d7221fc80","method":"GET","path":"/api/v1/auth/session","status":200,"duration_ms":1}
{"request_id":"rcc-0370b9d99b48b70887a3e8d6a1fc4a15","method":"GET","path":"/api/v1/release-orders/:id","status":200,"duration_ms":8}
{"request_id":"rcc-944afb036cff20c6384a3b849ed859f8","method":"GET","path":"/api/v1/auth/session","status":200,"duration_ms":1}
{"request_id":"rcc-9fea49a23faafb9a0e8397f2046ee188","method":"POST","path":"/api/v1/release-orders/:id/approve","status":200,"duration_ms":33}
{"request_id":"rcc-5b538a319e69ba0e763db5a7c3d2bf25","method":"GET","path":"/api/v1/auth/session","status":200,"duration_ms":1}
{"request_id":"rcc-645c0cdd9ffbd13aa6fed39070f4c160","method":"POST","path":"/api/v1/release-orders/:id/execute","status":422,"duration_ms":69}
{"request_id":"rcc-98ef9cb3e374440a7680c6f42299942c","method":"GET","path":"/api/v1/auth/session","status":200,"duration_ms":3}
{"request_id":"rcc-9726931e231fa061d63fd9d7cf48170b","method":"GET","path":"/api/v1/release-orders/:id","status":200,"duration_ms":12}
{"request_id":"rcc-40a812c24605afc8e9db2fa6a9aeb2f8","method":"GET","path":"/api/v1/auth/session","status":200,"duration_ms":1}
{"request_id":"rcc-3ef1860f7722994733fe80a669e4d486","method":"GET","path":"/api/v1/release-orders/:id/details","status":200,"duration_ms":6}
{"request_id":"rcc-b40ddcad4a491f350ba4de8b7979c45a","method":"GET","path":"/api/v1/auth/session","status":200,"duration_ms":1}
{"request_id":"rcc-a367be6c269c46f9b2b04037dd9022b4","method":"GET","path":"/api/v1/release-orders/:id","status":200,"duration_ms":13}
{"request_id":"rcc-e0f62f0fa1785b631e2b372b358d8382","method":"GET","path":"/api/v1/table-field-policies/:table_name","status":200,"duration_ms":9}
{"request_id":"rcc-bf5ea5a63dea0f65050b706b59f660f3","method":"GET","path":"/api/v1/release-orders/:id/details","status":200,"duration_ms":10}
{"request_id":"rcc-1fdc308d7c66d959460cb7cd3b1000a4","method":"GET","path":"/api/v1/release-orders/:id/people","status":200,"duration_ms":16}
{"request_id":"rcc-9d8ae7c17eac59b60c212f9f25b0c3af","method":"GET","path":"/api/v1/release-orders/:id/details","status":200,"duration_ms":9}
{"request_id":"rcc-5f9b241fa12d989e16057966a8aff7b2","method":"POST","path":"/api/v1/release-orders/:id/cancel","status":200,"duration_ms":33}
{"request_id":"rcc-3d35489d8da5e46b262e4242c71e0440","method":"GET","path":"/api/v1/release-orders/:id","status":200,"duration_ms":12}
{"request_id":"rcc-db590c63ee3c3d38c71fa1d56f8f0754","method":"GET","path":"/api/v1/release-orders/:id/people","status":200,"duration_ms":13}
{"request_id":"rcc-f501d4b1bd0020fb7fb22056ae45dda8","method":"GET","path":"/api/v1/release-orders/:id/details","status":200,"duration_ms":7}
{"request_id":"rcc-1fa224bd05ede7105897af11860c9fc7","method":"GET","path":"/api/v1/release-orders/:id/details","status":200,"duration_ms":17}
{"request_id":"rcc-b124b6e481c5698587e0524226ea12fb","method":"POST","path":"/api/v1/release-orders/preview","status":200,"duration_ms":24}
{"request_id":"rcc-e93f8050751758eacb39e51a8117609a","method":"POST","path":"/api/v1/release-orders/:id/copy","status":201,"duration_ms":41}
{"request_id":"rcc-b755464b370e47cc862ea248db22f54d","method":"GET","path":"/api/v1/release-orders/:id","status":200,"duration_ms":11}
{"request_id":"rcc-6294a20dc878f2530e984d7fcf39f0e3","method":"GET","path":"/api/v1/release-orders/:id/people","status":200,"duration_ms":12}
{"request_id":"rcc-99d3378cf8205671292a9409d37e0068","method":"GET","path":"/api/v1/release-orders/:id","status":200,"duration_ms":14}
{"request_id":"rcc-4ef68ab16676601a008c8a14910d8cd1","method":"GET","path":"/api/v1/table-field-policies/:table_name","status":200,"duration_ms":7}
{"request_id":"rcc-8e48d3f1874d9dc5d73dbc0785177245","method":"GET","path":"/api/v1/release-orders/:id/details","status":200,"duration_ms":8}
{"request_id":"rcc-cb0a6088ba7976849a08d3bc2617371d","method":"GET","path":"/api/v1/release-orders/:id/people","status":200,"duration_ms":20}
{"request_id":"rcc-f490c304dc29928e10e1024f9289f9fa","method":"GET","path":"/api/v1/release-orders/:id/details","status":200,"duration_ms":7}
{"request_id":"rcc-a739c7a10f39e7e67713f1b24469d938","method":"GET","path":"/api/v1/auth/session","status":200,"duration_ms":2}
{"request_id":"rcc-bcb26fcb084b8adb8881a7fe3a411cb5","method":"GET","path":"/api/v1/table-policies","status":200,"duration_ms":2}
{"request_id":"rcc-3229c89801d725ff9e0e55f1d7e605cf","method":"GET","path":"/api/v1/query-policy-types","status":200,"duration_ms":2}
{"request_id":"rcc-14cb4942f1e363a9080ea44684f569c9","method":"GET","path":"/api/v1/mutation-policy-types","status":200,"duration_ms":1}
{"request_id":"rcc-fc12f8e5e33d5a50b22d704d389005da","method":"GET","path":"/api/v1/query-policies/:code","status":200,"duration_ms":5}
{"request_id":"rcc-f0491f03dd46f1c677c2304907095535","method":"GET","path":"/api/v1/mutation-policies/:code","status":200,"duration_ms":4}
{"request_id":"rcc-78dcba7786aab1e29857511715894300","method":"POST","path":"/api/v1/tables/:table_name/query","status":200,"duration_ms":24}
{"request_id":"rcc-1b026691551b99101212d7a49a3c0f63","method":"GET","path":"/api/v1/table-field-policies/:table_name","status":200,"duration_ms":7}
{"request_id":"rcc-c6a3b0510ddbbfd88ee7e6be2ecdfa93","method":"POST","path":"/api/v1/tables/:table_name/query","status":200,"duration_ms":38}
{"request_id":"rcc-c0ff98d742ea06201840a2b07eeb898c","method":"GET","path":"/api/v1/table-field-policies/:table_name","status":200,"duration_ms":7}
{"request_id":"rcc-f6536621d3d58162f572bcc4039c1941","method":"GET","path":"/api/v1/table-field-policies/:table_name","status":200,"duration_ms":7}
{"request_id":"rcc-a69a70861afc0171cad67ba3defd3e12","method":"POST","path":"/api/v1/release-orders","status":201,"duration_ms":33}
{"request_id":"rcc-7c1eac180e76bc4a47b6974d38e8a431","method":"GET","path":"/api/v1/auth/session","status":200,"duration_ms":1}
{"request_id":"rcc-2718fac26e526eda4960b25ec2809da2","method":"GET","path":"/api/v1/table-policies","status":503,"duration_ms":0}
{"request_id":"rcc-5d7aa161b69bb358a5268c3895356638","method":"GET","path":"/api/v1/auth/session","status":200,"duration_ms":2}
{"request_id":"rcc-3fbb8e9d78c8d9aaf64b26dacfdd2654","method":"GET","path":"/api/v1/release-orders","status":200,"duration_ms":117}
{"request_id":"rcc-762a1443dfd98cba58e8105a69d5eb15","method":"POST","path":"/api/v1/release-orders","status":201,"duration_ms":24}
{"request_id":"rcc-4332e43386a95397bfad0579d2d639b1","method":"GET","path":"/api/v1/auth/session","status":200,"duration_ms":2}
{"request_id":"rcc-b9e198c149a848d31fbc1899bbbb6df8","method":"GET","path":"/api/v1/release-orders/:id","status":200,"duration_ms":18}
{"request_id":"rcc-4a048789bca897b8d1d2a4069049ebdc","method":"GET","path":"/api/v1/release-orders/:id","status":200,"duration_ms":17}
{"request_id":"rcc-57225d8106faee7d1233d816daddac8a","method":"GET","path":"/api/v1/auth/session","status":200,"duration_ms":2}
{"request_id":"rcc-6584b424ab49986d0de13ea0b2e549b5","method":"GET","path":"/api/v1/table-field-policies/:table_name","status":200,"duration_ms":7}
{"request_id":"rcc-92dce26d116f6742f49f1756314ff3ec","method":"GET","path":"/api/v1/release-orders/:id/details","status":200,"duration_ms":7}
{"request_id":"rcc-4c75e5329d2fc4103aee34943ee1819d","method":"GET","path":"/api/v1/release-orders/:id/people","status":200,"duration_ms":22}
{"request_id":"rcc-dc8cf406bf6425f859407c09929233f8","method":"POST","path":"/api/v1/release-orders/:id/submit","status":200,"duration_ms":78}
{"request_id":"rcc-5ac6fac4da1a3b2da04c1d5458db69b6","method":"GET","path":"/api/v1/auth/session","status":200,"duration_ms":1}
{"request_id":"rcc-17a565610dd1ee3b6fdbc8c40c6d381b","method":"GET","path":"/api/v1/release-orders/:id","status":200,"duration_ms":10}
{"request_id":"rcc-c9ad701d7e0a65d62127d792d1f3ed8b","method":"GET","path":"/api/v1/auth/session","status":200,"duration_ms":1}
{"request_id":"rcc-0b46d37cbc0d7dd28726f8b856943ea2","method":"GET","path":"/api/v1/release-orders","status":200,"duration_ms":140}
{"request_id":"rcc-11bfb55363aeac2ecafc8721edad385f","method":"POST","path":"/api/v1/release-orders/:id/approve","status":200,"duration_ms":28}
{"request_id":"rcc-1f7f0cfc696d0fa9627058ff28e3a196","method":"GET","path":"/api/v1/auth/session","status":200,"duration_ms":1}
{"request_id":"rcc-c0c7e1da75ace726e9b2a96711992b6c","method":"POST","path":"/api/v1/release-orders/:id/execute","status":200,"duration_ms":75}
{"request_id":"rcc-6be920cbadb01fd192d2db17cf834572","method":"GET","path":"/api/v1/auth/session","status":200,"duration_ms":1}
{"request_id":"rcc-699fa2929a5916b0d89e5cecbc1a3a13","method":"POST","path":"/api/v1/release-orders/:id/complete","status":200,"duration_ms":24}
{"request_id":"rcc-25ecb5753c7ccc6f2085361c18660c74","method":"GET","path":"/api/v1/auth/csrf","status":200,"duration_ms":8}
{"request_id":"rcc-9f2c9880703001e5e0afc7682260ad33","method":"POST","path":"/api/v1/auth/register","status":201,"duration_ms":47}
{"request_id":"rcc-cc1f761cfc04e6856fdc999e19694d05","method":"GET","path":"/api/v1/auth/session","status":200,"duration_ms":1}
{"request_id":"rcc-cd2c2274742a80d0c6a6c6c4bae0c456","method":"GET","path":"/api/v1/account-roles","status":200,"duration_ms":1}
{"request_id":"rcc-a278c12acb6269a7db9eb195b7476461","method":"GET","path":"/api/v1/auth/session","status":200,"duration_ms":1}
{"request_id":"rcc-ad859b4f32a1a65293b979cdb28554c2","method":"PUT","path":"/api/v1/account-roles/:id","status":200,"duration_ms":11}
{"request_id":"rcc-44a194bbc19e4a2eeb89b61f17038bdf","method":"GET","path":"/api/v1/auth/csrf","status":200,"duration_ms":5}
{"request_id":"rcc-50d18c785fc34aa81c243280e4355906","method":"POST","path":"/api/v1/auth/register","status":201,"duration_ms":44}
{"request_id":"rcc-0d31dae2e9fc33fb21e422f71439a9ae","method":"GET","path":"/api/v1/auth/session","status":200,"duration_ms":1}
{"request_id":"rcc-591d3c429dbceb44526d589a129377fd","method":"GET","path":"/api/v1/account-roles","status":200,"duration_ms":2}
{"request_id":"rcc-1a4696bf10ec863934cae255d514467e","method":"GET","path":"/api/v1/auth/session","status":200,"duration_ms":1}
{"request_id":"rcc-ac7108b007753dcaeec382e3a2478506","method":"PUT","path":"/api/v1/account-roles/:id","status":200,"duration_ms":13}
{"request_id":"rcc-34527307772cbca80f40e7481ac68aa3","method":"GET","path":"/api/v1/auth/csrf","status":200,"duration_ms":6}
{"request_id":"rcc-e06ed324db1d44c031bbd3210904fd96","method":"POST","path":"/api/v1/auth/register","status":201,"duration_ms":45}
{"request_id":"rcc-32bbce5f72a154f751121f1d84203590","method":"GET","path":"/api/v1/auth/session","status":200,"duration_ms":1}
{"request_id":"rcc-05a3e14519a5edd7a1bfc1b7ecd93028","method":"GET","path":"/api/v1/account-roles","status":200,"duration_ms":2}
{"request_id":"rcc-ff25e3731967b39c2fcdd0309ff526fc","method":"GET","path":"/api/v1/auth/session","status":200,"duration_ms":1}
{"request_id":"rcc-57f8ec3f7319126e31aa5107a5fc0933","method":"GET","path":"/api/v1/auth/session","status":200,"duration_ms":1}
{"request_id":"rcc-5bb3744b0927ea61b749b4b8aad68fec","method":"GET","path":"/api/v1/auth/session","status":200,"duration_ms":1}
{"request_id":"rcc-99cc79d313c10e6533ddd7a169ef9cf0","method":"POST","path":"/api/v1/approval-roles","status":201,"duration_ms":19}
{"request_id":"rcc-96bfd41191d2d64164f443dc844ea668","method":"GET","path":"/api/v1/auth/session","status":200,"duration_ms":2}
{"request_id":"rcc-d941c027e263797ca4fba5bf8ae2973c","method":"GET","path":"/api/v1/table-policies/:table_name/approval-roles","status":200,"duration_ms":8}
{"request_id":"rcc-af35012614db4697395ea7e06e504e87","method":"GET","path":"/api/v1/auth/session","status":200,"duration_ms":1}
{"request_id":"rcc-77d6fb3f60a5d958d66a129685c39757","method":"PUT","path":"/api/v1/table-policies/:table_name/approval-roles","status":200,"duration_ms":23}
{"request_id":"rcc-c031b7738a9a8b463fa143496084b6bd","method":"GET","path":"/api/v1/auth/session","status":200,"duration_ms":2}
{"request_id":"rcc-c6f283319b54c7fcf8c75e5a8dd2fdca","method":"POST","path":"/api/v1/release-orders","status":201,"duration_ms":39}
{"request_id":"rcc-f6ec09b5c27650a7a03103e469e4b087","method":"GET","path":"/api/v1/auth/session","status":200,"duration_ms":2}
{"request_id":"rcc-b74f62a662487414791bf8c16113348e","method":"GET","path":"/api/v1/release-orders/:id","status":200,"duration_ms":20}
{"request_id":"rcc-e8b433df73263805457637bf02533373","method":"GET","path":"/api/v1/table-field-policies/:table_name","status":200,"duration_ms":6}
{"request_id":"rcc-702c570471874dee39b4e483bb2b3edd","method":"GET","path":"/api/v1/release-orders/:id/details","status":200,"duration_ms":8}
{"request_id":"rcc-15ca427c58838dd09f2ae0db2d85cf1c","method":"GET","path":"/api/v1/release-orders/:id/people","status":200,"duration_ms":24}
{"request_id":"rcc-6d51ae905c7cafb18c99222333dbe2ff","method":"GET","path":"/api/v1/auth/session","status":200,"duration_ms":2}
{"request_id":"rcc-c9858b4ea30ac903ebf5eab31f11c38a","method":"GET","path":"/api/v1/release-orders/:id","status":200,"duration_ms":14}
{"request_id":"rcc-fad968de6939468e93f7f083d60866ec","method":"GET","path":"/api/v1/table-field-policies/:table_name","status":200,"duration_ms":7}
{"request_id":"rcc-01eacd405af8aa50136177705b05cf82","method":"GET","path":"/api/v1/release-orders/:id/details","status":200,"duration_ms":8}
{"request_id":"rcc-1e491cf7af3db1a91e3ce5dfb0b28607","method":"POST","path":"/api/v1/auth/activity","status":200,"duration_ms":10}
{"request_id":"rcc-7f3915471893b65110809d092dca263a","method":"GET","path":"/api/v1/release-orders/:id/people","status":200,"duration_ms":19}
{"request_id":"rcc-bf307f9558df85004373ed4824f4a244","method":"GET","path":"/api/v1/release-orders/:id/details","status":200,"duration_ms":10}
{"request_id":"rcc-5f09fda2d0287ca09f8a8c07952c33d3","method":"POST","path":"/api/v1/release-orders/:id/submit","status":200,"duration_ms":88}
{"request_id":"rcc-cd107f79df827fdf613cb0d142ebc14f","method":"GET","path":"/api/v1/release-orders/:id","status":200,"duration_ms":14}
{"request_id":"rcc-1887b77f34f733f866d6e0424f6861f0","method":"GET","path":"/api/v1/release-orders/:id/people","status":200,"duration_ms":15}
{"request_id":"rcc-4cea4543e93a129a7557430856e641b8","method":"GET","path":"/api/v1/release-orders/:id/details","status":200,"duration_ms":7}
{"request_id":"rcc-940993259da33ed9214b7cdbf2a88194","method":"GET","path":"/api/v1/auth/session","status":200,"duration_ms":2}
{"request_id":"rcc-8e5735cd57378373e276ce41a675bbbb","method":"GET","path":"/api/v1/release-orders/:id","status":200,"duration_ms":14}
{"request_id":"rcc-1b54154d3d7fc9219e4b52636fdedbda","method":"GET","path":"/api/v1/table-field-policies/:table_name","status":200,"duration_ms":7}
{"request_id":"rcc-87f158af5f01be18f5721b0e9cd7d9dc","method":"GET","path":"/api/v1/release-orders/:id/details","status":200,"duration_ms":8}
{"request_id":"rcc-8e29a0382a948781f02a4f72d2993a56","method":"GET","path":"/api/v1/release-orders/:id/people","status":200,"duration_ms":16}
{"request_id":"rcc-1a65e2384895a723711f9410dc6c486e","method":"GET","path":"/api/v1/release-orders/:id/details","status":200,"duration_ms":7}
{"request_id":"rcc-0091dd2c08b7eb18ede3fea5ac18d539","method":"POST","path":"/api/v1/auth/activity","status":200,"duration_ms":12}
{"request_id":"rcc-e668a527cf2816942b6ea75f1fad0d3b","method":"POST","path":"/api/v1/release-orders/:id/reject","status":200,"duration_ms":49}
{"request_id":"rcc-417a933639974d976086de9a740fa6c9","method":"GET","path":"/api/v1/release-orders/:id","status":200,"duration_ms":12}
{"request_id":"rcc-1c926c066465ee37ea3782713c7081ca","method":"GET","path":"/api/v1/release-orders/:id/people","status":200,"duration_ms":14}
{"request_id":"rcc-7f451a6b3b06df6846bb7e5b547fe8e6","method":"GET","path":"/api/v1/release-orders/:id/details","status":200,"duration_ms":7}
{"request_id":"rcc-2fbf78c92bbcf89eb340a2bc87fc9afe","method":"GET","path":"/api/v1/auth/session","status":200,"duration_ms":1}
{"request_id":"rcc-aba1d471f1470bccc78f51642da086b8","method":"GET","path":"/api/v1/release-orders/:id","status":200,"duration_ms":12}
{"request_id":"rcc-d1bb54019cc17b5984358b2b6ca593f9","method":"GET","path":"/api/v1/table-field-policies/:table_name","status":200,"duration_ms":7}
{"request_id":"rcc-60b1f1ec679870e4278b6d4539e85406","method":"GET","path":"/api/v1/release-orders/:id/details","status":200,"duration_ms":8}
{"request_id":"rcc-93647c99b1a8f55741a788b7f1c1de88","method":"GET","path":"/api/v1/release-orders/:id/people","status":200,"duration_ms":14}
{"request_id":"rcc-498b89e6a1f4b583f606c5d8c4f82352","method":"GET","path":"/api/v1/release-orders/:id/details","status":200,"duration_ms":14}
{"request_id":"rcc-82458836e7e7563b4871b2c9bc03899a","method":"POST","path":"/api/v1/release-orders/preview","status":200,"duration_ms":20}
{"request_id":"rcc-9b634c1ed681d110957cbdc2d7e6b412","method":"POST","path":"/api/v1/release-orders/:id/copy","status":201,"duration_ms":52}
{"request_id":"rcc-7cfd277026a8de50832d13e380ea2b10","method":"GET","path":"/api/v1/release-orders/:id","status":200,"duration_ms":13}
{"request_id":"rcc-7068a26ddd3490302ff61e466075ab10","method":"GET","path":"/api/v1/release-orders/:id/people","status":200,"duration_ms":15}
{"request_id":"rcc-51bad12c4b2f59ba5257139cf13060c6","method":"GET","path":"/api/v1/release-orders/:id","status":200,"duration_ms":17}
{"request_id":"rcc-970b5e10b52884de1b6c523d0f5b2f4c","method":"GET","path":"/api/v1/table-field-policies/:table_name","status":200,"duration_ms":7}
{"request_id":"rcc-4c258815088ab292905b4ca1534f15ec","method":"GET","path":"/api/v1/release-orders/:id/details","status":200,"duration_ms":10}
{"request_id":"rcc-6aac82818fffc84dd43f13737214c45a","method":"GET","path":"/api/v1/release-orders/:id/people","status":200,"duration_ms":19}
{"request_id":"rcc-b20130e5dfbec823d889446ff14b6dd7","method":"GET","path":"/api/v1/release-orders/:id/details","status":200,"duration_ms":8}
{"request_id":"rcc-e5ac3417d792910a1bca8f024d9a6321","method":"POST","path":"/api/v1/release-orders/:id/submit","status":200,"duration_ms":86}
{"request_id":"rcc-906583b9b9125682e9be1d442cd49f01","method":"GET","path":"/api/v1/release-orders/:id","status":200,"duration_ms":11}
{"request_id":"rcc-a66df68559a798203cb137c841edaa4d","method":"GET","path":"/api/v1/release-orders/:id/people","status":200,"duration_ms":12}
{"request_id":"rcc-71d49a615ee6b78cef3606e81fc88ad8","method":"GET","path":"/api/v1/release-orders/:id/details","status":200,"duration_ms":7}
{"request_id":"rcc-7bd38d9d71528cf0ef7a53e1fcf5f63d","method":"GET","path":"/api/v1/auth/session","status":200,"duration_ms":1}
{"request_id":"rcc-1060eb5012e778a9e6e215b41e054d86","method":"GET","path":"/api/v1/release-orders/:id","status":200,"duration_ms":12}
{"request_id":"rcc-991146d23198241a6dd74ed561c77328","method":"GET","path":"/api/v1/table-field-policies/:table_name","status":200,"duration_ms":9}
{"request_id":"rcc-569cdb37bd9c90e5032672ae6c243b2d","method":"GET","path":"/api/v1/release-orders/:id/details","status":200,"duration_ms":10}
{"request_id":"rcc-f6669afa5f8fadb2f1b28ad665ac6400","method":"GET","path":"/api/v1/release-orders/:id/people","status":200,"duration_ms":20}
{"request_id":"rcc-452da41170a89bd7813afc25b01178ad","method":"GET","path":"/api/v1/release-orders/:id/details","status":200,"duration_ms":7}
{"request_id":"rcc-4f7ac2ec69b1a135b4a8d4afb2581d9f","method":"POST","path":"/api/v1/release-orders/:id/approve","status":200,"duration_ms":41}
{"request_id":"rcc-337fa2653240a841d3e34635e405198d","method":"GET","path":"/api/v1/release-orders/:id","status":200,"duration_ms":10}
{"request_id":"rcc-63cd1fd2be5bacfbada61da5329fd015","method":"GET","path":"/api/v1/release-orders/:id/details","status":200,"duration_ms":6}
{"request_id":"rcc-ac21f475c94bb8563893650011c5e596","method":"GET","path":"/api/v1/auth/session","status":200,"duration_ms":2}
{"request_id":"rcc-82faf0da13fffb1b84458ad9a41ec19b","method":"GET","path":"/api/v1/release-orders/:id","status":200,"duration_ms":12}
{"request_id":"rcc-fbe9ae0e570940eca80277616492aae8","method":"GET","path":"/api/v1/table-field-policies/:table_name","status":200,"duration_ms":8}
{"request_id":"rcc-69c0d75af9827aed471264d32e4d0506","method":"GET","path":"/api/v1/release-orders/:id/details","status":200,"duration_ms":8}
{"request_id":"rcc-028c014eff1b8ac7b71b90b1557bbafa","method":"GET","path":"/api/v1/release-orders/:id/people","status":200,"duration_ms":15}
{"request_id":"rcc-d721ec8729631d83d3753fc43dc6248f","method":"GET","path":"/api/v1/release-orders/:id/details","status":200,"duration_ms":10}
{"request_id":"rcc-7c68a33cafb9acd3695a9a7722f4a6d9","method":"POST","path":"/api/v1/release-orders/:id/approve","status":200,"duration_ms":24}
{"request_id":"rcc-53b28685d65e1a84b811957f863a19f7","method":"GET","path":"/api/v1/release-orders/:id","status":200,"duration_ms":17}
{"request_id":"rcc-83d8fbd26d79d37c65249aa316b74fe9","method":"GET","path":"/api/v1/release-orders/:id/people","status":200,"duration_ms":19}
{"request_id":"rcc-976035199504d9d413225d59182ab137","method":"GET","path":"/api/v1/auth/session","status":200,"duration_ms":1}
{"request_id":"rcc-a8afe03281f3cc1f877338a7349d5c29","method":"GET","path":"/api/v1/release-orders/:id","status":200,"duration_ms":12}
{"request_id":"rcc-46646d3b62b683ed89e3d5f0a816a908","method":"GET","path":"/api/v1/table-field-policies/:table_name","status":200,"duration_ms":7}
{"request_id":"rcc-72b57546cb2ae60886c5dbf2ab6bdd5a","method":"GET","path":"/api/v1/release-orders/:id/details","status":200,"duration_ms":10}
{"request_id":"rcc-42b44593d2cb2c4d8b49edf9c105ec75","method":"GET","path":"/api/v1/release-orders/:id/people","status":200,"duration_ms":16}
{"request_id":"rcc-bf806a14f3098b118766c29d9c2c7315","method":"GET","path":"/api/v1/auth/session","status":200,"duration_ms":2}
{"request_id":"rcc-80d2c0aeda728b2ef807691c70c2f252","method":"GET","path":"/api/v1/release-orders/:id","status":200,"duration_ms":13}
{"request_id":"rcc-4d8544488b6dff79700e5c24fa6e4c4c","method":"GET","path":"/api/v1/table-field-policies/:table_name","status":200,"duration_ms":8}
{"request_id":"rcc-04d90084748a8adcde4c6b687e26311d","method":"GET","path":"/api/v1/release-orders/:id/details","status":200,"duration_ms":9}
{"request_id":"rcc-966102a5ed9f2fcc3848c71a264f3e45","method":"GET","path":"/api/v1/release-orders/:id/people","status":200,"duration_ms":15}
{"request_id":"rcc-98e5edf3a59b488477da2934c5cf4460","method":"GET","path":"/api/v1/release-orders/:id/details","status":200,"duration_ms":15}
{"request_id":"rcc-6ae11bf3a616732ac0f5b088516f6736","method":"POST","path":"/api/v1/release-orders/preview","status":200,"duration_ms":21}
{"request_id":"rcc-e6053715c535677b4b23f606a5ca6029","method":"GET","path":"/api/v1/release-orders/:id","status":200,"duration_ms":15}
{"request_id":"rcc-cf92de111e03705cb3492cd9868ee8ee","method":"GET","path":"/api/v1/release-orders/:id","status":200,"duration_ms":12}
{"request_id":"rcc-c756aa6299c355fb04c91715a2f0c6c8","method":"GET","path":"/api/v1/auth/session","status":200,"duration_ms":1}
{"request_id":"rcc-9b3f5118f3ca47869d7f22842fe3080c","method":"GET","path":"/api/v1/release-orders/:id","status":200,"duration_ms":13}
{"request_id":"rcc-9d3c381f1bd321f111c5b85342c2b9df","method":"GET","path":"/api/v1/table-field-policies/:table_name","status":200,"duration_ms":7}
{"request_id":"rcc-33032f3dd679becefa2bf9f5382b81a9","method":"GET","path":"/api/v1/release-orders/:id/details","status":200,"duration_ms":8}
{"request_id":"rcc-423d54284af9f18e2e6fbbf4a563969f","method":"GET","path":"/api/v1/auth/session","status":200,"duration_ms":1}
{"request_id":"rcc-819b6e383e6be481e7c8883aac7673d3","method":"GET","path":"/api/v1/release-orders/:id/people","status":200,"duration_ms":17}
{"request_id":"rcc-ffc644dd74a4bef24b69acfb6d07adb2","method":"GET","path":"/api/v1/account-roles","status":200,"duration_ms":3}
{"request_id":"rcc-c0d5d8152a1a10575b04762c97b76666","method":"GET","path":"/api/v1/auth/session","status":200,"duration_ms":1}
{"request_id":"rcc-08bbe37c62b0a699707747f04bd0f1bf","method":"PUT","path":"/api/v1/account-roles/:id","status":200,"duration_ms":13}
{"request_id":"rcc-90de99fa24122c67b4ad1e7a01990f87","method":"GET","path":"/api/v1/auth/session","status":200,"duration_ms":2}
{"request_id":"rcc-66f23b85bbb8a03b324c69ae1881b81b","method":"GET","path":"/api/v1/auth/session","status":200,"duration_ms":1}
{"request_id":"rcc-06f590bc803528cc20e1cd444283a359","method":"GET","path":"/api/v1/account-roles","status":200,"duration_ms":3}
{"request_id":"rcc-011372e97968bf98cbc1aab658f9d064","method":"GET","path":"/api/v1/auth/session","status":200,"duration_ms":1}
{"request_id":"rcc-9ff69faab8019732941cbdc089462238","method":"GET","path":"/api/v1/release-orders/:id","status":200,"duration_ms":12}
{"request_id":"rcc-ee895810124609b56657c6131433bf5b","method":"GET","path":"/api/v1/table-field-policies/:table_name","status":200,"duration_ms":7}
{"request_id":"rcc-5f44b772d4114d74987ba51e0729ceca","method":"GET","path":"/api/v1/release-orders/:id/details","status":200,"duration_ms":7}
{"request_id":"rcc-0507b1395c411a4b2f46107c0c764b50","method":"PUT","path":"/api/v1/account-roles/:id","status":200,"duration_ms":18}
{"request_id":"rcc-4bc33bd38afe851c1746d0e672406049","method":"GET","path":"/api/v1/release-orders/:id/people","status":200,"duration_ms":14}
{"request_id":"rcc-4ae055898b2816dcf8d950d60f189227","method":"GET","path":"/api/v1/auth/session","status":200,"duration_ms":1}
{"request_id":"rcc-d01288ffbca23f027c52f073c49d002c","method":"GET","path":"/api/v1/release-orders/:id","status":200,"duration_ms":12}
{"request_id":"rcc-a3d8f4896308da57fbf7a5fcf1285996","method":"GET","path":"/api/v1/table-field-policies/:table_name","status":200,"duration_ms":7}
{"request_id":"rcc-c8560df7fcb9caeaaaa95f07885db8ab","method":"GET","path":"/api/v1/release-orders/:id/details","status":200,"duration_ms":9}
{"request_id":"rcc-47bfd25c51a167f33c3bfbcc9b5de39e","method":"GET","path":"/api/v1/release-orders/:id/people","status":200,"duration_ms":16}
{"request_id":"rcc-4348b2b01cb02f8bae37037ab58d3d02","method":"POST","path":"/api/v1/release-orders/:id/reprepare","status":201,"duration_ms":49}
{"request_id":"rcc-0e4a54a20ea5bfe92f52d1992e1052c9","method":"GET","path":"/api/v1/release-orders/:id","status":200,"duration_ms":9}
{"request_id":"rcc-ce781fe6e4155443e4563d288e97e863","method":"GET","path":"/api/v1/release-orders/:id/details","status":200,"duration_ms":9}
{"request_id":"rcc-a5f30d9e513caa0638f926b56873f6c4","method":"GET","path":"/api/v1/release-orders/:id","status":200,"duration_ms":13}
{"request_id":"rcc-28a5f03ceddb1cb71a91dc20ad52607b","method":"GET","path":"/api/v1/auth/session","status":200,"duration_ms":1}
{"request_id":"rcc-f6b5ef1e8463b43172b6b5121c38e851","method":"GET","path":"/api/v1/release-orders/:id","status":200,"duration_ms":13}
{"request_id":"rcc-bfa2981c0f49609b543d87550ebea4a1","method":"GET","path":"/api/v1/table-field-policies/:table_name","status":200,"duration_ms":6}
{"request_id":"rcc-178504dfc02f2b0cc7b55d6db5062082","method":"GET","path":"/api/v1/release-orders/:id/details","status":200,"duration_ms":9}
{"request_id":"rcc-c77224e75b3e13b9cad275bb5b504726","method":"GET","path":"/api/v1/release-orders/:id/people","status":200,"duration_ms":17}
{"request_id":"rcc-b8c2ba877b8b5887ecfe4821a849f2ce","method":"POST","path":"/api/v1/release-orders/:id/reprepare","status":201,"duration_ms":23}
{"request_id":"rcc-00ccfa69ce8494e245040f42094e6bf4","method":"GET","path":"/api/v1/release-orders/:id","status":200,"duration_ms":14}
{"request_id":"rcc-e1a772a793bca37be337f505f3c3940b","method":"GET","path":"/api/v1/release-orders/:id/people","status":200,"duration_ms":15}
{"request_id":"rcc-141021f7cf85ec428a4566576c418fa4","method":"GET","path":"/api/v1/release-orders/:id","status":200,"duration_ms":15}
{"request_id":"rcc-717e293c8d1003b9a334e594aacc9ccd","method":"GET","path":"/api/v1/table-field-policies/:table_name","status":200,"duration_ms":6}
{"request_id":"rcc-2a6f1da21fd6618d5c3052e815e1ab3e","method":"GET","path":"/api/v1/release-orders/:id/details","status":200,"duration_ms":8}
{"request_id":"rcc-65679ba4c6880e043251847b5d5ae204","method":"GET","path":"/api/v1/release-orders/:id/people","status":200,"duration_ms":19}
{"request_id":"rcc-c140e6a48c4f3b41d6cd2aebc8299130","method":"GET","path":"/api/v1/auth/session","status":200,"duration_ms":2}
{"request_id":"rcc-603ff97ff0d377389866daefa039cb7f","method":"GET","path":"/api/v1/release-orders/:id","status":200,"duration_ms":12}
{"request_id":"rcc-bc009698dc7f234775e8ad9e4f8efb32","method":"GET","path":"/api/v1/table-field-policies/:table_name","status":200,"duration_ms":7}
{"request_id":"rcc-577d6812629747f00a814b0f49b04905","method":"GET","path":"/api/v1/release-orders/:id/details","status":200,"duration_ms":8}
{"request_id":"rcc-b61f275848837b3ec067558ff08f47e0","method":"GET","path":"/api/v1/release-orders/:id/people","status":200,"duration_ms":16}
{"request_id":"rcc-41787027c7810c20fb79c1a1cd239b0e","method":"GET","path":"/api/v1/auth/session","status":200,"duration_ms":1}
{"request_id":"rcc-4d81ac06225683e295a1753759968cd9","method":"GET","path":"/api/v1/release-orders/:id","status":200,"duration_ms":14}
{"request_id":"rcc-fecd65b6f55d81493e4e4f4a47a8701d","method":"GET","path":"/api/v1/table-field-policies/:table_name","status":200,"duration_ms":10}
{"request_id":"rcc-ed46e5298f28c57a8941a7aec04d5957","method":"GET","path":"/api/v1/release-orders/:id/details","status":200,"duration_ms":12}
{"request_id":"rcc-ac9cf37bb11761876228c1fff47b55b3","method":"GET","path":"/api/v1/release-orders/:id/people","status":200,"duration_ms":23}
{"request_id":"rcc-e1ef8db78cfa7902b729d3a52c192aa1","method":"GET","path":"/api/v1/release-orders/:id/details","status":200,"duration_ms":9}
{"request_id":"rcc-6974d4406c17513291270ec16fca948b","method":"POST","path":"/api/v1/release-orders/:id/submit","status":200,"duration_ms":85}
{"request_id":"rcc-7ff20694992ffddb7407cbb2f2d1c737","method":"GET","path":"/api/v1/release-orders/:id","status":200,"duration_ms":10}
{"request_id":"rcc-cfb75bacf646ced2970aa2a041d1e620","method":"GET","path":"/api/v1/release-orders/:id/people","status":200,"duration_ms":11}
{"request_id":"rcc-6861c760a3259ddda766a74d39306103","method":"GET","path":"/api/v1/release-orders/:id/details","status":200,"duration_ms":5}
{"request_id":"rcc-f31d4d241bc38449d92f1781d22d7b45","method":"GET","path":"/api/v1/auth/session","status":200,"duration_ms":1}
{"request_id":"rcc-0c9b0d5fc042f640feff637962cf80ff","method":"GET","path":"/api/v1/release-orders/:id","status":200,"duration_ms":12}
{"request_id":"rcc-2352f99b8efb58743c6fcddd34e40337","method":"GET","path":"/api/v1/table-field-policies/:table_name","status":200,"duration_ms":6}
{"request_id":"rcc-77a9894bcc8283bc90120f9baff7de61","method":"GET","path":"/api/v1/release-orders/:id/details","status":200,"duration_ms":8}
{"request_id":"rcc-de156bfc65af3a20ad3bf10df45021d9","method":"GET","path":"/api/v1/release-orders/:id/people","status":200,"duration_ms":15}
{"request_id":"rcc-13fd3c678198ecad10230e17010628c4","method":"GET","path":"/api/v1/release-orders/:id/details","status":200,"duration_ms":10}
{"request_id":"rcc-1a291f5853dc81f0e79840b2346edda5","method":"POST","path":"/api/v1/release-orders/:id/approve","status":200,"duration_ms":43}
{"request_id":"rcc-b5f9eb37169ad5569a895d63f4b00517","method":"GET","path":"/api/v1/release-orders/:id","status":200,"duration_ms":11}
{"request_id":"rcc-923dfbec4fd2ca5eda35ce7199700895","method":"GET","path":"/api/v1/release-orders/:id/people","status":200,"duration_ms":12}
{"request_id":"rcc-55b16b3965e819a8b54fb43987e4643b","method":"GET","path":"/api/v1/release-orders/:id/details","status":200,"duration_ms":7}
{"request_id":"rcc-94b8ceab09c40a802f68d59fa895973a","method":"GET","path":"/api/v1/auth/session","status":200,"duration_ms":2}
{"request_id":"rcc-be4db50a37de1287f248bfde506c8ecf","method":"GET","path":"/api/v1/release-orders/:id","status":200,"duration_ms":13}
{"request_id":"rcc-3c0b3677c102fa682fa0273c25bee168","method":"GET","path":"/api/v1/table-field-policies/:table_name","status":200,"duration_ms":6}
{"request_id":"rcc-43f273002e5e5c05f6d03868892916ba","method":"GET","path":"/api/v1/release-orders/:id/details","status":200,"duration_ms":8}
{"request_id":"rcc-af8c53b19e33d3e0f36f901a80384c3c","method":"GET","path":"/api/v1/release-orders/:id/people","status":200,"duration_ms":16}
{"request_id":"rcc-36b2ad2202f7c4e10eecc839f1cc65e9","method":"GET","path":"/api/v1/release-orders/:id/details","status":200,"duration_ms":9}
{"request_id":"rcc-8f9d21d647f9b479ff7242ca6d71a62a","method":"POST","path":"/api/v1/release-orders/:id/cancel","status":200,"duration_ms":36}
{"request_id":"rcc-0c821591ab9f5d2db61948ea47c08df2","method":"GET","path":"/api/v1/release-orders/:id","status":200,"duration_ms":11}
{"request_id":"rcc-629387a5a5f949563c6bb3f5d4afb5ae","method":"GET","path":"/api/v1/release-orders/:id/people","status":200,"duration_ms":12}
{"request_id":"rcc-d695b001fff56a1d02d9ed0700c6863b","method":"GET","path":"/api/v1/release-orders/:id/details","status":200,"duration_ms":7}
{"request_id":"rcc-55392aa46c89553e0a9c8f27b61a4d12","method":"GET","path":"/api/v1/auth/session","status":200,"duration_ms":1}
{"request_id":"rcc-166a52294a4ef755695443d678a04815","method":"GET","path":"/api/v1/release-orders/:id","status":200,"duration_ms":13}
{"request_id":"rcc-d365e4c32dc29092ce38eb9b7bda26e2","method":"GET","path":"/api/v1/table-field-policies/:table_name","status":200,"duration_ms":8}
{"request_id":"rcc-33e0635961d10159fe9471d86b522acf","method":"GET","path":"/api/v1/auth/session","status":200,"duration_ms":1}
{"request_id":"rcc-97daf889daa7df00a71abbc013add2bb","method":"GET","path":"/api/v1/release-orders/:id/details","status":200,"duration_ms":10}
{"request_id":"rcc-1645550fb6bcfbf5b74fa6618b763fda","method":"GET","path":"/api/v1/release-orders/:id/people","status":200,"duration_ms":17}
{"request_id":"rcc-b7237c7b4591ad9c141d8278f0785115","method":"POST","path":"/api/v1/tables/:table_name/query","status":200,"duration_ms":18}
{"request_id":"rcc-0f43623b706ff9f18018180135e1676d","method":"GET","path":"/api/v1/auth/csrf","status":200,"duration_ms":7}
{"request_id":"rcc-e789dbe9c4e489f696b524ef880575a9","method":"POST","path":"/api/v1/auth/register","status":201,"duration_ms":44}
{"request_id":"rcc-9aba43b8940be53de2fee32068dd8424","method":"GET","path":"/api/v1/auth/session","status":200,"duration_ms":1}
{"request_id":"rcc-ddfaab18a70cb7b2e9fd04e0ef96af2d","method":"GET","path":"/api/v1/account-roles","status":200,"duration_ms":1}
{"request_id":"rcc-49ca12ae4d19aebfe16015a9e985f23d","method":"GET","path":"/api/v1/auth/session","status":200,"duration_ms":1}
{"request_id":"rcc-e67cce52d3270600bdd39fb597aec1db","method":"POST","path":"/api/v1/query-policies","status":201,"duration_ms":4}
{"request_id":"rcc-73f76d7812c975b0d4a9eb268f2815ab","method":"GET","path":"/api/v1/auth/session","status":200,"duration_ms":1}
{"request_id":"rcc-59c7dbea942f1340ca1f7d15cb29f7bc","method":"POST","path":"/api/v1/query-policies/:code/activate","status":200,"duration_ms":5}
{"request_id":"rcc-46a3dccfe3ccb81345786f6dcbb5e866","method":"GET","path":"/api/v1/auth/session","status":200,"duration_ms":1}
{"request_id":"rcc-8b9cfe6b978d329dcff0bfff920c45ac","method":"POST","path":"/api/v1/mutation-policies","status":201,"duration_ms":3}
{"request_id":"rcc-b352c23ee80781a581e8fb2611044ba0","method":"GET","path":"/api/v1/auth/session","status":200,"duration_ms":0}
{"request_id":"rcc-1951985ee395a76c53d965af5ec31892","method":"POST","path":"/api/v1/mutation-policies/:code/activate","status":200,"duration_ms":5}
{"request_id":"rcc-83489b5c8b2f0922e491637ba9691c47","method":"GET","path":"/api/v1/auth/session","status":200,"duration_ms":1}
{"request_id":"rcc-bfd254238a3f82c31dceb411daf29713","method":"POST","path":"/api/v1/table-policies","status":201,"duration_ms":10}
{"request_id":"rcc-c456456fb43fbf792967a5a3803a55d1","method":"GET","path":"/api/v1/auth/session","status":200,"duration_ms":1}
{"request_id":"rcc-75582dbbc64f3fea55f71ae2be4f4d11","method":"POST","path":"/api/v1/table-policies/:table_name/enable","status":200,"duration_ms":9}
{"request_id":"rcc-ea0c581778cf646db0e2245b906453e6","method":"GET","path":"/api/v1/auth/csrf","status":200,"duration_ms":5}
{"request_id":"rcc-271ec38f9305fad81093d161fe51ac04","method":"POST","path":"/api/v1/auth/register","status":201,"duration_ms":43}
{"request_id":"rcc-bdbe1aef070462b9a27ae36be598a6d5","method":"GET","path":"/api/v1/auth/session","status":200,"duration_ms":1}
{"request_id":"rcc-a52682ea007a23cb8c0c1c3950b6b067","method":"GET","path":"/api/v1/account-roles","status":200,"duration_ms":1}
{"request_id":"rcc-885b5fa078da5f5d3d266e1e0344360d","method":"GET","path":"/api/v1/auth/session","status":200,"duration_ms":1}
{"request_id":"rcc-0b4c5d9fa07efde111e6fb5449d8cc1a","method":"PUT","path":"/api/v1/account-roles/:id","status":200,"duration_ms":16}
{"request_id":"rcc-d4a3e6542bd3a1ca4d1e65779646e99e","method":"GET","path":"/api/v1/auth/session","status":200,"duration_ms":1}
{"request_id":"rcc-7c0dabe67b055bbbb8208230cba959cd","method":"POST","path":"/api/v1/approval-roles","status":201,"duration_ms":14}
{"request_id":"rcc-3e5b409de1ccb73ade79f36b0819f46f","method":"GET","path":"/api/v1/auth/session","status":200,"duration_ms":1}
{"request_id":"rcc-d81ba7748070595ad3c592124f992322","method":"GET","path":"/api/v1/table-policies/:table_name/approval-roles","status":200,"duration_ms":3}
{"request_id":"rcc-01b4bc30465cfb903d606d3e6f8efd40","method":"GET","path":"/api/v1/auth/session","status":200,"duration_ms":1}
{"request_id":"rcc-254585e702ae17cfcf8e6ff1a066da45","method":"PUT","path":"/api/v1/table-policies/:table_name/approval-roles","status":200,"duration_ms":20}
{"request_id":"rcc-896f61a4aed93d3acaa77a50450f00f3","method":"GET","path":"/api/v1/auth/session","status":200,"duration_ms":1}
{"request_id":"rcc-8e740a9f7d559c984a965187863bfe67","method":"GET","path":"/api/v1/auth/session","status":200,"duration_ms":1}
{"request_id":"rcc-5da9cfbd0e853f9ca26f064ee0bfa28e","method":"GET","path":"/api/v1/account-roles","status":200,"duration_ms":2}
{"request_id":"rcc-1e015e90203099cedab136f243ad5188","method":"GET","path":"/api/v1/auth/session","status":200,"duration_ms":0}
{"request_id":"rcc-bf5bd4df6191f7a037c2f47a1fab2ecb","method":"PUT","path":"/api/v1/account-roles/:id","status":200,"duration_ms":14}
{"request_id":"rcc-93cb030fd89c3781698b56a334b3e0ec","method":"GET","path":"/api/v1/auth/session","status":200,"duration_ms":1}
{"request_id":"rcc-d19df3a9e2ad585162faef83df12bdfc","method":"GET","path":"/api/v1/auth/session","status":200,"duration_ms":1}
{"request_id":"rcc-6ea465f9218bc39105abc81faabad044","method":"GET","path":"/api/v1/auth/session","status":200,"duration_ms":1}
{"request_id":"rcc-ca94ff9c7c3380978990b82828813ac0","method":"GET","path":"/api/v1/table-policies","status":200,"duration_ms":3}
{"request_id":"rcc-d34a483180637df27511928c7325fefe","method":"GET","path":"/api/v1/query-policy-types","status":200,"duration_ms":2}
{"request_id":"rcc-c470cb5bbbbe850cd5a532b9b81fc778","method":"GET","path":"/api/v1/mutation-policy-types","status":200,"duration_ms":1}
{"request_id":"rcc-aa28d60d91df1a651ad63bace575831f","method":"GET","path":"/api/v1/mutation-policies/:code","status":200,"duration_ms":3}
{"request_id":"rcc-c42ebfa9b08a11a51329cf1fefae9bc7","method":"GET","path":"/api/v1/query-policies/:code","status":200,"duration_ms":4}
{"request_id":"rcc-87d5efd349aee6ad5ebdf520b59f078e","method":"POST","path":"/api/v1/tables/:table_name/query","status":200,"duration_ms":29}
{"request_id":"rcc-4443bc0091abc3f89ff37b3d00c528f4","method":"GET","path":"/api/v1/table-field-policies/:table_name","status":200,"duration_ms":6}
{"request_id":"rcc-0447f975e97b6e0d698c98ed77a9bdfe","method":"GET","path":"/api/v1/table-field-policies/:table_name","status":200,"duration_ms":7}
{"request_id":"rcc-53df10944d3a6619a6c8cb566235d0c1","method":"POST","path":"/api/v1/auth/activity","status":200,"duration_ms":13}
{"request_id":"rcc-71c0f087bfb79eb2d4be3bfb24874d94","method":"POST","path":"/api/v1/release-orders","status":201,"duration_ms":46}
{"request_id":"rcc-ca715df8beb77ca1dd75dcab712a5397","method":"GET","path":"/api/v1/release-orders/:id","status":200,"duration_ms":15}
{"request_id":"rcc-67b8a839ffa1a854e924366a32095d12","method":"GET","path":"/api/v1/table-field-policies/:table_name","status":200,"duration_ms":6}
{"request_id":"rcc-023f8f6823b9a3c4d65cb1b6a18e9fe6","method":"GET","path":"/api/v1/release-orders/:id/details","status":200,"duration_ms":8}
{"request_id":"rcc-69851c974093b8ad1b1dd23730f9f995","method":"GET","path":"/api/v1/release-orders/:id/people","status":200,"duration_ms":20}
{"request_id":"rcc-ad91ca996d88c05012150b5154617d21","method":"GET","path":"/api/v1/auth/session","status":200,"duration_ms":2}
{"request_id":"rcc-f64d7188c3320e17a33dee5d93484744","method":"GET","path":"/api/v1/release-orders/:id","status":200,"duration_ms":15}
{"request_id":"rcc-a133b64512ac160c97bdaf8b8bdca53c","method":"GET","path":"/api/v1/auth/session","status":200,"duration_ms":1}
{"request_id":"rcc-d974dc67f54b86947e99c0016d22c8ad","method":"GET","path":"/api/v1/release-orders/:id/details","status":200,"duration_ms":6}
{"request_id":"rcc-3ec010acad2be25186ab3a3134a4d604","method":"GET","path":"/api/v1/query-policy-types","status":200,"duration_ms":2}
{"request_id":"rcc-5c945fd2c638c6ff31aedcf0003c83b6","method":"GET","path":"/api/v1/table-policies","status":200,"duration_ms":4}
{"request_id":"rcc-20ee76b7fd3ea558d553610366af62dd","method":"GET","path":"/api/v1/mutation-policy-types","status":200,"duration_ms":1}
{"request_id":"rcc-f144712dac610b03fbce584daacea67e","method":"GET","path":"/api/v1/mutation-policies/:code","status":200,"duration_ms":4}
{"request_id":"rcc-0cff3959c3039528bbf816a0dd25de18","method":"GET","path":"/api/v1/query-policies/:code","status":200,"duration_ms":10}
{"request_id":"rcc-09672dd54b83ac09aeea52be7aee8c6c","method":"GET","path":"/api/v1/table-field-policies/:table_name","status":200,"duration_ms":11}
{"request_id":"rcc-410835512dae95372f596f497d67425f","method":"GET","path":"/api/v1/release-orders","status":200,"duration_ms":23}
{"request_id":"rcc-313d05ab593623b134f174740c909a28","method":"POST","path":"/api/v1/tables/:table_name/query","status":200,"duration_ms":33}
{"request_id":"rcc-6e8f4b126441dc99a0d00727a284452c","method":"GET","path":"/api/v1/release-orders/:id","status":200,"duration_ms":17}
{"request_id":"rcc-7f35f05b26a40b79fcf5ff51fba8ac7e","method":"PUT","path":"/api/v1/release-orders/:id","status":200,"duration_ms":46}
{"request_id":"rcc-8e8bcb55b3a40995cd28e65d4c0eaac6","method":"GET","path":"/api/v1/release-orders/:id/details","status":409,"duration_ms":7}
{"request_id":"rcc-626ff40cba5f2c73ea76c2a9ed661a55","method":"GET","path":"/api/v1/table-field-policies/:table_name","status":200,"duration_ms":7}
{"request_id":"rcc-117d27548eb8efcf19197c76344eec5a","method":"GET","path":"/api/v1/release-orders","status":200,"duration_ms":19}
{"request_id":"rcc-2e7f1b606507cc16ad77be0ee9af674b","method":"GET","path":"/api/v1/release-orders/:id","status":200,"duration_ms":23}
{"request_id":"rcc-d2367ee32496bdbde31127373707bfec","method":"GET","path":"/api/v1/auth/session","status":200,"duration_ms":1}
{"request_id":"rcc-45f2e9c498400456fed1c92db4807214","method":"GET","path":"/api/v1/release-orders/:id/people","status":200,"duration_ms":25}
{"request_id":"rcc-b7c121c606dce93a4e4892b1a70a0022","method":"GET","path":"/api/v1/release-orders/:id/details","status":200,"duration_ms":6}
{"request_id":"rcc-25418fb3ba18b9683ac910ac0baf2849","method":"GET","path":"/api/v1/release-orders/:id","status":200,"duration_ms":17}
{"request_id":"rcc-b311c9a246249ee5e904d623c5c080f0","method":"GET","path":"/api/v1/auth/session","status":200,"duration_ms":1}
{"request_id":"rcc-87c85090d40796072eb3c7c5272e9b60","method":"GET","path":"/api/v1/release-orders/:id/details","status":200,"duration_ms":6}
{"request_id":"rcc-67b98556fe02feedbb4d293ec4b5808f","method":"GET","path":"/api/v1/auth/session","status":200,"duration_ms":1}
{"request_id":"rcc-eed79eeb62098ca0eed10cf161baa6be","method":"POST","path":"/api/v1/tables/:table_name/query","status":200,"duration_ms":25}
{"request_id":"rcc-6af057622ce22d5eccfb95cf60f086f6","method":"GET","path":"/api/v1/release-orders/:id/details","status":200,"duration_ms":10}
{"request_id":"rcc-5301e7982fc50dfc6481580c7cc52ab9","method":"PUT","path":"/api/v1/release-orders/:id","status":200,"duration_ms":52}
{"request_id":"rcc-967d782e24cb906b54b01b51c5e41c9e","method":"GET","path":"/api/v1/release-orders/:id","status":200,"duration_ms":17}
{"request_id":"rcc-8e41253bd348b79f8fbb0bafddde39c7","method":"GET","path":"/api/v1/release-orders/:id/people","status":200,"duration_ms":18}
{"request_id":"rcc-4048bbffb07c94bffbb8504254fa5d6d","method":"GET","path":"/api/v1/release-orders/:id/details","status":200,"duration_ms":7}
{"request_id":"rcc-c924b616de11df750a6f25ea4f9fa464","method":"GET","path":"/api/v1/auth/session","status":200,"duration_ms":2}
{"request_id":"rcc-cd27f4bb8cfbcb654d2f8ac6527cb83e","method":"GET","path":"/api/v1/release-orders/:id","status":200,"duration_ms":15}
{"request_id":"rcc-a6fcfee39f3f5f7be33bb0bde556e3c4","method":"GET","path":"/api/v1/auth/session","status":200,"duration_ms":1}
{"request_id":"rcc-24dfe3da3672f74cf5abfdd010dea54f","method":"GET","path":"/api/v1/release-orders/:id/details","status":200,"duration_ms":5}
{"request_id":"rcc-5767556b999aeaf91077dbfb7f496e10","method":"GET","path":"/api/v1/table-policies","status":200,"duration_ms":3}
{"request_id":"rcc-0fa7396533aacdbfde326b34f8b7af97","method":"GET","path":"/api/v1/query-policy-types","status":200,"duration_ms":2}
{"request_id":"rcc-792d845e90c25254734002d3096d8587","method":"GET","path":"/api/v1/query-policies/:code","status":200,"duration_ms":5}
{"request_id":"rcc-7554c2a81562db50dfef97fdd413bfc0","method":"GET","path":"/api/v1/mutation-policy-types","status":200,"duration_ms":1}
{"request_id":"rcc-39539a111c44a47c97e0a57f37989004","method":"GET","path":"/api/v1/mutation-policies/:code","status":200,"duration_ms":3}
{"request_id":"rcc-ec722623dfe292437871eb0a27e6861a","method":"GET","path":"/api/v1/table-field-policies/:table_name","status":200,"duration_ms":9}
{"request_id":"rcc-3076262db1c1913acb0b0116bd3375e3","method":"GET","path":"/api/v1/release-orders","status":200,"duration_ms":25}
{"request_id":"rcc-f33a21a1b858338281c1ed9354dc75ca","method":"POST","path":"/api/v1/tables/:table_name/query","status":200,"duration_ms":40}
{"request_id":"rcc-2472724204c34aa535378fb0b4baa1ee","method":"GET","path":"/api/v1/table-field-policies/:table_name","status":200,"duration_ms":9}
{"request_id":"rcc-1d469c0968ebb37fec75dcbf460e6ae0","method":"GET","path":"/api/v1/release-orders/:id","status":200,"duration_ms":18}
{"request_id":"rcc-cca627b0bd4c3a5b6f4ad6b0aac4bcde","method":"PUT","path":"/api/v1/release-orders/:id","status":200,"duration_ms":43}
{"request_id":"rcc-beec01a40abe8952e4add82378f0a91f","method":"GET","path":"/api/v1/release-orders/:id/details","status":409,"duration_ms":6}
{"request_id":"rcc-fc0a40b0d16267443e78f181b8e14ec2","method":"GET","path":"/api/v1/release-orders","status":200,"duration_ms":16}
{"request_id":"rcc-2494be51d2cc24dd278230d40ea71771","method":"GET","path":"/api/v1/table-field-policies/:table_name","status":200,"duration_ms":7}
{"request_id":"rcc-3fb863e08ac88a5011eb68ffb00d65ba","method":"GET","path":"/api/v1/release-orders/:id","status":200,"duration_ms":20}
{"request_id":"rcc-8c18716589229c59dfdf45422db6e7c7","method":"GET","path":"/api/v1/release-orders/:id/people","status":200,"duration_ms":21}
{"request_id":"rcc-060d6c3650e7837a11771a7bcc5ebd7b","method":"GET","path":"/api/v1/auth/session","status":200,"duration_ms":1}
{"request_id":"rcc-5ab8640c8515ab9bf5608a6357a06e7b","method":"GET","path":"/api/v1/release-orders/:id/details","status":200,"duration_ms":7}
{"request_id":"rcc-7d17ab226d5bab1da75b7a77da5d497b","method":"GET","path":"/api/v1/release-orders/:id","status":200,"duration_ms":18}
{"request_id":"rcc-2b06fb9fa870673dfb91a05d6fa49c39","method":"GET","path":"/api/v1/auth/session","status":200,"duration_ms":1}
{"request_id":"rcc-fc50007d956272db3cb1463b259b09da","method":"GET","path":"/api/v1/release-orders/:id/details","status":200,"duration_ms":6}
{"request_id":"rcc-df59112f9af09d5c8e21d4eac33468e7","method":"GET","path":"/api/v1/auth/session","status":200,"duration_ms":1}
{"request_id":"rcc-51e4c2ce5194478214fae77512f2b0c6","method":"GET","path":"/api/v1/release-orders","status":200,"duration_ms":12}
{"request_id":"rcc-a6d9d0d897ae00d76c9218dc01e8c76c","method":"GET","path":"/api/v1/release-orders/:id/details","status":200,"duration_ms":9}
{"request_id":"rcc-7a66f6af35b99efa25f21644c736d7f0","method":"POST","path":"/api/v1/release-orders/:id/submit","status":200,"duration_ms":98}
{"request_id":"rcc-ad9a4fffa463071df7f52160a68a68a4","method":"GET","path":"/api/v1/release-orders/:id","status":200,"duration_ms":10}
{"request_id":"rcc-38c7aaa9b2d58b37ba2a7133c39a9d4a","method":"GET","path":"/api/v1/release-orders/:id/people","status":200,"duration_ms":11}
{"request_id":"rcc-bda25e94c0c80d975a8e0bf2d30df85f","method":"GET","path":"/api/v1/release-orders/:id/details","status":200,"duration_ms":5}
{"request_id":"rcc-999225aa1d08e45afc1641a11636b0e3","method":"GET","path":"/api/v1/auth/session","status":200,"duration_ms":2}
{"request_id":"rcc-ed4a239b23380846cc33e9cfba073546","method":"GET","path":"/api/v1/release-orders/:id","status":200,"duration_ms":13}
{"request_id":"rcc-b20318234d62cbbb1133760d286663b0","method":"GET","path":"/api/v1/table-field-policies/:table_name","status":200,"duration_ms":6}
{"request_id":"rcc-629e4b327fafdb25683082198f0625de","method":"GET","path":"/api/v1/release-orders/:id/details","status":200,"duration_ms":8}
{"request_id":"rcc-73d4cd81e9d18191f9d19c7912c5e1a6","method":"GET","path":"/api/v1/release-orders/:id/people","status":200,"duration_ms":16}
{"request_id":"rcc-744d95cf16d0499fd1b8800cf83ef126","method":"GET","path":"/api/v1/release-orders/:id/details","status":200,"duration_ms":8}
{"request_id":"rcc-1a43fcd6d954ed701876dc5ca9e89e0b","method":"POST","path":"/api/v1/auth/activity","status":200,"duration_ms":11}
{"request_id":"rcc-0810c1c665f638a4a5c3f5fe6d53d0cc","method":"POST","path":"/api/v1/release-orders/:id/approve","status":200,"duration_ms":40}
{"request_id":"rcc-9589dad5c35e822fd5dd168999f94fab","method":"GET","path":"/api/v1/release-orders/:id","status":200,"duration_ms":12}
{"request_id":"rcc-5bd3ee957c38b20e9d440f57493d9e69","method":"GET","path":"/api/v1/release-orders/:id/people","status":200,"duration_ms":14}
{"request_id":"rcc-1acbb2f75fe65e8c8ad062953d370ba0","method":"GET","path":"/api/v1/release-orders/:id/details","status":200,"duration_ms":7}
{"request_id":"rcc-62daea02a577501f15346b1cc2e30999","method":"GET","path":"/api/v1/auth/session","status":200,"duration_ms":1}
{"request_id":"rcc-12155da3a37c48d4fb81749707981e0c","method":"GET","path":"/api/v1/release-orders/:id","status":200,"duration_ms":12}
{"request_id":"rcc-1450cb7c1dc94b2244b0b0114ee7a217","method":"GET","path":"/api/v1/table-field-policies/:table_name","status":200,"duration_ms":7}
{"request_id":"rcc-f4d59236669ef1998380f3cb1979c95f","method":"GET","path":"/api/v1/release-orders/:id/details","status":200,"duration_ms":9}
{"request_id":"rcc-48503203da7f3ef8e1f3cd8041583820","method":"GET","path":"/api/v1/release-orders/:id/people","status":200,"duration_ms":18}
{"request_id":"rcc-3c858cd6f3a1b335c3ac7bf746e7b555","method":"GET","path":"/api/v1/release-orders/:id/details","status":200,"duration_ms":9}
{"request_id":"rcc-316ecb6382a7c2497d66fbf6a8abd16d","method":"POST","path":"/api/v1/release-orders/:id/execute","status":200,"duration_ms":104}
{"request_id":"rcc-2002ca4fcea091b92db50da6eaf8275e","method":"GET","path":"/api/v1/release-orders/:id","status":200,"duration_ms":9}
{"request_id":"rcc-95dc05c39efffde69f33355ac6be4b28","method":"GET","path":"/api/v1/release-orders/:id/details","status":200,"duration_ms":7}
{"request_id":"rcc-d4af27d35c60e9ce64c80456c61bb4a4","method":"GET","path":"/api/v1/auth/session","status":200,"duration_ms":2}
{"request_id":"rcc-6025aedc93b22b1f1f965034b5edd372","method":"GET","path":"/api/v1/release-orders/:id","status":200,"duration_ms":14}
{"request_id":"rcc-92d8cd802b1944c0b81002296b07a43e","method":"GET","path":"/api/v1/table-field-policies/:table_name","status":200,"duration_ms":8}
{"request_id":"rcc-aad66d7f08fde47e946d84978e9d7eb4","method":"GET","path":"/api/v1/release-orders/:id/details","status":200,"duration_ms":9}
{"request_id":"rcc-c075b26fed33a52f87ac8ce93f31769f","method":"GET","path":"/api/v1/release-orders/:id/people","status":200,"duration_ms":17}
{"request_id":"rcc-d08c83e7fb3afff44b122e823ed59b0d","method":"GET","path":"/api/v1/release-orders/:id/details","status":200,"duration_ms":11}
{"request_id":"rcc-00e8e6466428c89b0a5f3b67a113f098","method":"POST","path":"/api/v1/release-orders/:id/execute","status":200,"duration_ms":28}
{"request_id":"rcc-892f19c8ed919487bee71be66f8b8af8","method":"GET","path":"/api/v1/auth/session","status":200,"duration_ms":1}
{"request_id":"rcc-f489c4dd422152a8cbbbc1a0011229cc","method":"GET","path":"/api/v1/release-orders/:id","status":200,"duration_ms":14}
{"request_id":"rcc-de308485269b5580ee116c65717986a6","method":"GET","path":"/api/v1/release-orders/:id/people","status":200,"duration_ms":15}
{"request_id":"rcc-0e0c52b5ed9fa5ab974f3b4ca91ada44","method":"GET","path":"/api/v1/release-orders/:id","status":200,"duration_ms":11}
{"request_id":"rcc-30ccda7b2966ae5baadcaeacc77e4ad3","method":"GET","path":"/api/v1/auth/session","status":200,"duration_ms":1}
{"request_id":"rcc-dfaeb9bf93423db72b4d2fe32b84376d","method":"GET","path":"/api/v1/release-orders/:id/details","status":200,"duration_ms":6}
{"request_id":"rcc-4e176230e1221e1d5cc84ac6b4e5a894","method":"GET","path":"/api/v1/auth/session","status":200,"duration_ms":1}
{"request_id":"rcc-d4246854498777226b5ebb297aae9a73","method":"POST","path":"/api/v1/tables/:table_name/query","status":200,"duration_ms":23}
{"request_id":"rcc-4139828ceccf14e04e7a7edfc50d15ab","method":"GET","path":"/api/v1/auth/session","status":200,"duration_ms":1}
{"request_id":"rcc-d6f529656c7eb53dbc560830a2809402","method":"POST","path":"/api/v1/release-orders","status":201,"duration_ms":111}
{"request_id":"rcc-d8a75f1e32ea9cbdfbccc47b79a0a1d8","method":"GET","path":"/api/v1/auth/session","status":200,"duration_ms":1}
{"request_id":"rcc-66ac45c0f568d84517992c0b40ac8a90","method":"GET","path":"/api/v1/release-orders/:id","status":200,"duration_ms":17}
{"request_id":"rcc-7d0cb8fa8031b32b353faf26565eed8f","method":"GET","path":"/api/v1/table-field-policies/:table_name","status":200,"duration_ms":7}
{"request_id":"rcc-0d8c5e72118cb7846323867a6630658e","method":"GET","path":"/api/v1/release-orders/:id/details","status":200,"duration_ms":8}
{"request_id":"rcc-94993cdd8b009bcf4c65b9a117cc4e1f","method":"GET","path":"/api/v1/release-orders/:id/people","status":200,"duration_ms":20}
{"request_id":"rcc-ea6c597d55827afbf3ca37516c44102d","method":"GET","path":"/api/v1/release-orders/:id/details","status":200,"duration_ms":12}
{"request_id":"rcc-0b6fc3eff45f99880ae32401d2de27bb","method":"GET","path":"/api/v1/release-orders/:id/details","status":200,"duration_ms":10}
{"request_id":"rcc-6fee20434bdf822f806eafb8a7811ecc","method":"POST","path":"/api/v1/release-orders/:id/submit","status":200,"duration_ms":165}
{"request_id":"rcc-57bb415ff5048b11ce65d1df1ed92900","method":"GET","path":"/api/v1/release-orders/:id","status":200,"duration_ms":14}
{"request_id":"rcc-d96c418eff86d09a2243bc10a7c3cc55","method":"GET","path":"/api/v1/release-orders/:id/people","status":200,"duration_ms":15}
{"request_id":"rcc-bff3278aecdef42f4714e4cd8349b46c","method":"GET","path":"/api/v1/release-orders/:id/details","status":200,"duration_ms":9}
{"request_id":"rcc-ca44dd8a3647f0efd4ad3c8173afe190","method":"GET","path":"/api/v1/auth/session","status":200,"duration_ms":2}
{"request_id":"rcc-2738e64ced5026dc1b320eb76fb90858","method":"GET","path":"/api/v1/release-orders/:id","status":200,"duration_ms":13}
{"request_id":"rcc-88829df4b46532a1c5df633d1624efa8","method":"GET","path":"/api/v1/table-field-policies/:table_name","status":200,"duration_ms":7}
{"request_id":"rcc-a34183084be1be019f21c285a6bffb3c","method":"GET","path":"/api/v1/release-orders/:id/details","status":200,"duration_ms":9}
{"request_id":"rcc-678daa763fa0fd5b3cdcf615520787a7","method":"GET","path":"/api/v1/release-orders/:id/people","status":200,"duration_ms":16}
{"request_id":"rcc-7c755a30fa620f3a9b77243f68e895e7","method":"GET","path":"/api/v1/release-orders/:id/details","status":200,"duration_ms":10}
{"request_id":"rcc-1ddba4ad285ca260525f428969b4fb18","method":"GET","path":"/api/v1/release-orders/:id/details","status":200,"duration_ms":8}
{"request_id":"rcc-b5b28d1c1832e31d8520580f604a82ac","method":"POST","path":"/api/v1/release-orders/:id/approve","status":200,"duration_ms":186}
{"request_id":"rcc-6726c8967205ac87965ff1735878f0b5","method":"GET","path":"/api/v1/release-orders/:id","status":200,"duration_ms":52}
{"request_id":"rcc-11f3be870a29d3da717785326045d8fa","method":"GET","path":"/api/v1/release-orders/:id/people","status":200,"duration_ms":56}
{"request_id":"rcc-81686644fc230e6a0788bac15ec4975a","method":"GET","path":"/api/v1/auth/session","status":200,"duration_ms":34}
{"request_id":"rcc-43de57b127b8bef1c69992e08cceba61","method":"GET","path":"/api/v1/release-orders/:id/details","status":200,"duration_ms":199}
{"request_id":"rcc-41aebbcaa041ba8cdebb7093021c3840","method":"GET","path":"/api/v1/release-orders/:id","status":200,"duration_ms":36}
{"request_id":"rcc-e940684a3730c000bdf7811b873d7bd6","method":"GET","path":"/api/v1/table-field-policies/:table_name","status":200,"duration_ms":9}
{"request_id":"rcc-3a89fafd74d85b181d4cdaee9b0ec76c","method":"GET","path":"/api/v1/release-orders/:id/details","status":200,"duration_ms":16}
{"request_id":"rcc-dd86d5c10fe1d4d0ef3565e15581fdba","method":"GET","path":"/api/v1/release-orders/:id/people","status":200,"duration_ms":34}
{"request_id":"rcc-cda9066dbea1c50f7a315bb0e1d79830","method":"GET","path":"/api/v1/release-orders/:id/details","status":200,"duration_ms":36}
{"request_id":"rcc-3a5c1857fdb609179b56e7453466b703","method":"POST","path":"/api/v1/release-orders/:id/execute","status":200,"duration_ms":2725}
{"request_id":"rcc-eea5dc9e15648b79b941ee4020f996ed","method":"GET","path":"/api/v1/release-orders/:id","status":200,"duration_ms":16}
{"request_id":"rcc-d5fbbaddf9ad6c8cb1d946bab99a1103","method":"GET","path":"/api/v1/release-orders/:id/people","status":200,"duration_ms":18}
{"request_id":"rcc-39683b26e7d25f72f847a8ccb49e88db","method":"GET","path":"/api/v1/release-orders/:id/details","status":200,"duration_ms":8}
{"request_id":"rcc-a8975daa81015fdd24d4ddc412b08cb5","method":"GET","path":"/api/v1/auth/session","status":200,"duration_ms":1}
{"request_id":"rcc-782c71a47bffc70fd770f829bc4055f5","method":"GET","path":"/api/v1/release-orders/:id","status":200,"duration_ms":12}
{"request_id":"rcc-e67e3166b4b287e67548785d04905737","method":"GET","path":"/api/v1/auth/session","status":200,"duration_ms":1}
{"request_id":"rcc-38445b3df2489df6872e835b6a89155a","method":"GET","path":"/api/v1/release-orders/:id/details","status":200,"duration_ms":10}
{"request_id":"rcc-387492a00ae285aa26cee4cb062b137f","method":"GET","path":"/api/v1/auth/session","status":200,"duration_ms":1}
{"request_id":"rcc-698d6a8287eec7e938da98d65a9a48b0","method":"GET","path":"/api/v1/release-orders/:id/details","status":200,"duration_ms":11}
{"request_id":"rcc-b079a77c4d2fcdf0711c6de4f6d64b9e","method":"GET","path":"/api/v1/auth/session","status":200,"duration_ms":1}
{"request_id":"rcc-4170e26e8738dd554eed1ab247392993","method":"GET","path":"/api/v1/release-orders/:id/details","status":200,"duration_ms":11}
{"request_id":"rcc-3e08ba20f7ce1bc7bdca3831b32c53d2","method":"GET","path":"/api/v1/auth/session","status":200,"duration_ms":1}
{"request_id":"rcc-07f3923abfb95af8318e09c098bb1414","method":"GET","path":"/api/v1/release-orders/:id/details","status":200,"duration_ms":12}
{"request_id":"rcc-223452b5c83e1d563c6ec7521cc3c6c5","method":"GET","path":"/api/v1/auth/session","status":200,"duration_ms":1}
{"request_id":"rcc-7a557e212916fbc31bca557d6f967844","method":"GET","path":"/api/v1/release-orders/:id/details","status":200,"duration_ms":9}
{"request_id":"rcc-77e1f23dbfc0cbfc8db1b68353161266","method":"GET","path":"/api/v1/auth/session","status":200,"duration_ms":1}
{"request_id":"rcc-6e34a4b942e044be049dca0b120f3bb1","method":"GET","path":"/api/v1/release-orders/:id/details","status":200,"duration_ms":10}
{"request_id":"rcc-c0277b46e86970aa04b8f81af93830ed","method":"GET","path":"/api/v1/auth/session","status":200,"duration_ms":1}
{"request_id":"rcc-b625382abef4f23e4d0648dacaa716e7","method":"GET","path":"/api/v1/release-orders/:id/details","status":200,"duration_ms":9}
{"request_id":"rcc-cb384dab67cc669dd7d5711c4f64e172","method":"GET","path":"/api/v1/auth/session","status":200,"duration_ms":1}
{"request_id":"rcc-980099e7ad61816dd756dffdf23bd7af","method":"GET","path":"/api/v1/release-orders/:id/details","status":200,"duration_ms":9}
{"request_id":"rcc-9b87b96f71fd799823108894f9d89c64","method":"GET","path":"/api/v1/auth/session","status":200,"duration_ms":1}
{"request_id":"rcc-627c0d33398413bf0e3845730b313824","method":"GET","path":"/api/v1/release-orders/:id/details","status":200,"duration_ms":9}
{"request_id":"rcc-389967a47df5225681a4f4097b59116b","method":"GET","path":"/api/v1/auth/session","status":200,"duration_ms":1}
{"request_id":"rcc-01754011aa6c6c0c493bbb114aff7607","method":"GET","path":"/api/v1/release-orders/:id/details","status":200,"duration_ms":14}
{"request_id":"rcc-286324bc04d1c805bb0bcce5a71631a8","method":"GET","path":"/api/v1/auth/session","status":200,"duration_ms":1}
{"request_id":"rcc-543bad1fd91bb52b350fab5fa0fe11be","method":"POST","path":"/api/v1/tables/:table_name/query","status":200,"duration_ms":829}
{"request_id":"rcc-95b622cc348587dc877748431eef3a5d","method":"GET","path":"/api/v1/auth/session","status":200,"duration_ms":1}
{"request_id":"rcc-799170277e83f4455dfc73bd74c049e0","method":"POST","path":"/api/v1/tables/:table_name/query","status":200,"duration_ms":842}
{"request_id":"rcc-6071030453975b4f56d80d9b3a2dfd3a","method":"GET","path":"/api/v1/auth/session","status":200,"duration_ms":1}
{"request_id":"rcc-d8510aa92ceb44c6c12206fb8b23e59e","method":"POST","path":"/api/v1/tables/:table_name/query","status":200,"duration_ms":854}
{"request_id":"rcc-f385280489c7825878980d8084059654","method":"GET","path":"/api/v1/auth/session","status":200,"duration_ms":1}
{"request_id":"rcc-1f9d9a80f8161ed3415cc4c12b18dec3","method":"POST","path":"/api/v1/tables/:table_name/query","status":200,"duration_ms":832}
{"request_id":"rcc-931eb8889f5426cc08476ca4e8bed81b","method":"GET","path":"/api/v1/auth/session","status":200,"duration_ms":1}
{"request_id":"rcc-910669f7738d44fe01c060fcfd58ac90","method":"POST","path":"/api/v1/tables/:table_name/query","status":200,"duration_ms":839}
{"request_id":"rcc-875fd6004a0e8d12f48063d1488dda4d","method":"GET","path":"/api/v1/auth/session","status":200,"duration_ms":1}
{"request_id":"rcc-e4a287fc9303260f209a7b4d030756c9","method":"POST","path":"/api/v1/tables/:table_name/query","status":200,"duration_ms":23}
{"request_id":"rcc-18fd393653499b84fb95a25844a2dc16","method":"GET","path":"/api/v1/release-orders/:id/details","status":200,"duration_ms":8}
{"request_id":"rcc-1840389470fb44c34209e6301ac2c77d","method":"GET","path":"/api/v1/auth/csrf","status":200,"duration_ms":6}
{"request_id":"rcc-baf5200437ef87779e293c7890fb457d","method":"POST","path":"/api/v1/auth/register","status":201,"duration_ms":46}
{"request_id":"rcc-2cb5561aa0f4c867b3b7ccdd5366955b","method":"GET","path":"/api/v1/auth/session","status":200,"duration_ms":1}
{"request_id":"rcc-19910fc63287cf481bf61f268457e6fd","method":"GET","path":"/api/v1/account-roles","status":200,"duration_ms":2}
{"request_id":"rcc-bf95e7e94b98cf5dcb054e33aad955d6","method":"GET","path":"/api/v1/auth/session","status":200,"duration_ms":1}
{"request_id":"rcc-008c0a009bcf80a544eeab203002c011","method":"PUT","path":"/api/v1/account-roles/:id","status":200,"duration_ms":13}
{"request_id":"rcc-973c29bbbbbe04742da28b2e1763d336","method":"GET","path":"/api/v1/auth/csrf","status":200,"duration_ms":7}
{"request_id":"rcc-07b013708427ab5c43a2d1dca3474b49","method":"POST","path":"/api/v1/auth/register","status":201,"duration_ms":45}
{"request_id":"rcc-3af3ed90cc62ac45b2ed61f43f6ed000","method":"GET","path":"/api/v1/auth/session","status":200,"duration_ms":1}
{"request_id":"rcc-d82988f37f07d97ba0e87042a8d7b332","method":"GET","path":"/api/v1/account-roles","status":200,"duration_ms":1}
{"request_id":"rcc-74b1cc48e064b15e5e6a405ff89ce83d","method":"GET","path":"/api/v1/auth/session","status":200,"duration_ms":1}
{"request_id":"rcc-089f7d45197a91c3299abc2be1292d12","method":"PUT","path":"/api/v1/account-roles/:id","status":200,"duration_ms":13}
{"request_id":"rcc-a77ca9536719e0a15030785be732b5b3","method":"GET","path":"/api/v1/auth/csrf","status":200,"duration_ms":6}
{"request_id":"rcc-3d3fbd179302a86420e2c8f6469273d4","method":"POST","path":"/api/v1/auth/register","status":201,"duration_ms":43}
{"request_id":"rcc-63c82cedd03d58d2e75a8d8147602bd2","method":"GET","path":"/api/v1/auth/session","status":200,"duration_ms":1}
{"request_id":"rcc-602d5a432050f980bfc195c7dfe45f63","method":"GET","path":"/api/v1/account-roles","status":200,"duration_ms":2}
{"request_id":"rcc-6833d70fc30a6b5202b2172c95ae4f51","method":"GET","path":"/api/v1/auth/session","status":200,"duration_ms":1}
{"request_id":"rcc-32e456f3744eb8a587461b25622794d5","method":"GET","path":"/api/v1/auth/session","status":200,"duration_ms":1}
{"request_id":"rcc-1efb03cba6a1a4b926df4079f571f4a5","method":"POST","path":"/api/v1/approval-roles","status":201,"duration_ms":16}
{"request_id":"rcc-6017422e62c17413b4ef6c78dc160b91","method":"GET","path":"/api/v1/auth/session","status":200,"duration_ms":1}
{"request_id":"rcc-38c0072c9d4eb9dea99a476cbd354608","method":"GET","path":"/api/v1/table-policies/:table_name/approval-roles","status":200,"duration_ms":3}
{"request_id":"rcc-9a5e65c19f29f29e8c9d2c26e5b83609","method":"GET","path":"/api/v1/auth/session","status":200,"duration_ms":1}
{"request_id":"rcc-b9de8c01ba91bf665861e3cd629ee30b","method":"PUT","path":"/api/v1/table-policies/:table_name/approval-roles","status":200,"duration_ms":19}
{"request_id":"rcc-bae0b76c0b3c3a4537a6369ed053ed68","method":"GET","path":"/api/v1/auth/csrf","status":200,"duration_ms":6}
{"request_id":"rcc-b5091826dc9a01507ae0fb3d59c5ba37","method":"POST","path":"/api/v1/auth/register","status":201,"duration_ms":43}
{"request_id":"rcc-56823b4375653aa7339bd4e0991c1aab","method":"GET","path":"/api/v1/auth/session","status":200,"duration_ms":1}
{"request_id":"rcc-9bdf113d2d52d170605d2e3afe188a86","method":"GET","path":"/api/v1/account-roles","status":200,"duration_ms":2}
{"request_id":"rcc-a04f870e76eab6fb58d63f75255a4eab","method":"GET","path":"/api/v1/auth/session","status":200,"duration_ms":1}
{"request_id":"rcc-6b04c305ce457851aef851ed9818fc05","method":"PUT","path":"/api/v1/account-roles/:id","status":200,"duration_ms":11}
{"request_id":"rcc-4e4598552a72f5f742367f35f18037bd","method":"GET","path":"/api/v1/auth/session","status":200,"duration_ms":1}
{"request_id":"rcc-91fafb861cf3ceb2aa3c082c93a19ee8","method":"POST","path":"/api/v1/tables/:table_name/query","status":200,"duration_ms":15}
{"request_id":"rcc-342d5ca0d2d069b6b50372d6c5f2480e","method":"GET","path":"/api/v1/auth/session","status":200,"duration_ms":1}
{"request_id":"rcc-fc4854ba9782089755b32dbc0522106c","method":"POST","path":"/api/v1/release-orders","status":201,"duration_ms":41}
{"request_id":"rcc-39da662412536dee09bf2a5cfe36778a","method":"GET","path":"/api/v1/auth/session","status":200,"duration_ms":1}
{"request_id":"rcc-74be37d392dc8f608df8399f9c700cd9","method":"GET","path":"/api/v1/release-orders/:id","status":200,"duration_ms":16}
{"request_id":"rcc-3d5e78e78903e4a73cfaf066f38d6b6a","method":"GET","path":"/api/v1/table-field-policies/:table_name","status":200,"duration_ms":7}
{"request_id":"rcc-35287b159104712688c43d0ec3bbf60c","method":"GET","path":"/api/v1/release-orders/:id/details","status":200,"duration_ms":9}
{"request_id":"rcc-7538fe05400479d97b0f5a09e3837550","method":"GET","path":"/api/v1/release-orders/:id/people","status":200,"duration_ms":21}
{"request_id":"rcc-2c1577158f985b6527a0d24acf5ee7d4","method":"GET","path":"/api/v1/release-orders/:id/details","status":200,"duration_ms":7}
{"request_id":"rcc-c11aa5e22d4382f468eeaec1d8559883","method":"POST","path":"/api/v1/auth/activity","status":200,"duration_ms":10}
{"request_id":"rcc-693ef9d2debdbcddc3655028912198c6","method":"POST","path":"/api/v1/release-orders/:id/submit","status":200,"duration_ms":83}
{"request_id":"rcc-ec1a8a5255886b124b78d1f726808311","method":"GET","path":"/api/v1/release-orders/:id","status":200,"duration_ms":12}
{"request_id":"rcc-128b2e423ba12b8aeb5182a55bdae9d4","method":"GET","path":"/api/v1/release-orders/:id/people","status":200,"duration_ms":13}
{"request_id":"rcc-75189b39350a9c7f540496ce288d022c","method":"GET","path":"/api/v1/release-orders/:id/details","status":200,"duration_ms":6}
{"request_id":"rcc-fde59a56858ebbf96bbecaf81b35da59","method":"GET","path":"/api/v1/auth/session","status":200,"duration_ms":1}
{"request_id":"rcc-6d4f3a0ce6890f714ce13ca96b6147a9","method":"GET","path":"/api/v1/release-orders/:id","status":200,"duration_ms":14}
{"request_id":"rcc-cc6232f1c51472aee17aa83737156f04","method":"GET","path":"/api/v1/table-field-policies/:table_name","status":200,"duration_ms":7}
{"request_id":"rcc-b0b10949b1d8904b09ccbfa44071ab5a","method":"GET","path":"/api/v1/release-orders/:id/details","status":200,"duration_ms":8}
{"request_id":"rcc-8ba6cec5a2f70d12eef4ffb9b2e3533b","method":"GET","path":"/api/v1/release-orders/:id/people","status":200,"duration_ms":16}
{"request_id":"rcc-efc1df02c6ea4aef6d0e7862b0847ddf","method":"GET","path":"/api/v1/release-orders/:id/details","status":200,"duration_ms":7}
{"request_id":"rcc-94d172186fd9b5380ce4ca132f018abf","method":"POST","path":"/api/v1/auth/activity","status":200,"duration_ms":13}
{"request_id":"rcc-bea9e0d16006a0ab268f92326aaea9af","method":"POST","path":"/api/v1/release-orders/:id/approve","status":200,"duration_ms":36}
{"request_id":"rcc-a701b9d6fb508abccf6cd71d20f0f80a","method":"GET","path":"/api/v1/release-orders/:id","status":200,"duration_ms":13}
{"request_id":"rcc-8162124d67e768285d52b551eeae8221","method":"GET","path":"/api/v1/release-orders/:id/people","status":200,"duration_ms":14}
{"request_id":"rcc-f8b5d5d8e22f79fdba94a34aeaa694d9","method":"GET","path":"/api/v1/release-orders/:id/details","status":200,"duration_ms":7}
{"request_id":"rcc-9af2d7d64219f132153cc6429ef7c1dd","method":"GET","path":"/api/v1/auth/session","status":200,"duration_ms":2}
{"request_id":"rcc-73e9ca1295fb7b543fb1b76bd72f18c4","method":"GET","path":"/api/v1/release-orders/:id","status":200,"duration_ms":13}
{"request_id":"rcc-10396763ccea2701f9275e3ec7abd333","method":"GET","path":"/api/v1/table-field-policies/:table_name","status":200,"duration_ms":7}
{"request_id":"rcc-5e98fa9e69d80379b4d9a9f679c94986","method":"GET","path":"/api/v1/release-orders/:id/details","status":200,"duration_ms":7}
{"request_id":"rcc-bc0f8650ce97b84c99c59938126b8bed","method":"GET","path":"/api/v1/release-orders/:id/people","status":200,"duration_ms":15}
{"request_id":"rcc-add59f94a52e87e922acc3cc76d31b41","method":"GET","path":"/api/v1/release-orders/:id/details","status":200,"duration_ms":8}
{"request_id":"rcc-4d7feb5a29c702338061009593f28a2a","method":"POST","path":"/api/v1/auth/activity","status":200,"duration_ms":12}
{"request_id":"rcc-23b78d3dfb59a0f4ad55ed95d1229ee9","method":"POST","path":"/api/v1/release-orders/:id/execute","status":200,"duration_ms":98}
{"request_id":"rcc-d644f4ad2a15b4a10400c2e0d78d8c9f","method":"GET","path":"/api/v1/release-orders/:id","status":200,"duration_ms":11}
{"request_id":"rcc-32d4091d2009409d86c58f8b12327d64","method":"GET","path":"/api/v1/release-orders/:id/people","status":200,"duration_ms":13}
{"request_id":"rcc-625674643d261a9cd5a7c9fcaace3614","method":"GET","path":"/api/v1/release-orders/:id/details","status":200,"duration_ms":8}
{"request_id":"rcc-c711ba8cc050e8f48f879b6e2d92c18b","method":"GET","path":"/api/v1/auth/session","status":200,"duration_ms":1}
{"request_id":"rcc-1750803cfb78a2124aeed9cfdafa1a55","method":"POST","path":"/api/v1/tables/:table_name/query","status":200,"duration_ms":15}
{"request_id":"rcc-2c4b1b0caaca11a10c59859c07a7abab","method":"GET","path":"/api/v1/release-orders/:id/details","status":200,"duration_ms":10}
{"request_id":"rcc-9a41afaecd27bf36cd4cbfad8c16c527","method":"GET","path":"/api/v1/auth/session","status":200,"duration_ms":1}
{"request_id":"rcc-c5aef6d4798ae21944c1f19e35d56629","method":"GET","path":"/api/v1/release-orders/:id","status":200,"duration_ms":9}
{"request_id":"rcc-78cf2eb8ecf92f6354a5f41d34f534ba","method":"GET","path":"/api/v1/auth/session","status":200,"duration_ms":1}
{"request_id":"rcc-ece83cc7b5128a321196a66641b8b600","method":"GET","path":"/api/v1/release-orders/:id/details","status":200,"duration_ms":5}
{"request_id":"rcc-26481c9d61ab045a06f6c19a4a411bd2","method":"GET","path":"/api/v1/release-orders/:id/details","status":200,"duration_ms":10}
{"request_id":"rcc-bc7a053d3c6465cdad40b64bea5d1f53","method":"POST","path":"/api/v1/release-orders/:id/complete","status":200,"duration_ms":37}
{"request_id":"rcc-3610379e3b5e7d5761bcedb185c3a6c3","method":"GET","path":"/api/v1/release-orders/:id","status":200,"duration_ms":14}
{"request_id":"rcc-ca2cfc399ffb279dd36c40ccf14aa879","method":"GET","path":"/api/v1/release-orders/:id/details","status":200,"duration_ms":18}
{"request_id":"rcc-1ef91a4628b8b905a1840bf3c11a5759","method":"GET","path":"/api/v1/auth/session","status":200,"duration_ms":1}
{"request_id":"rcc-f8a02d39c0ad4679b00d351e903663b9","method":"GET","path":"/api/v1/release-orders/:id","status":200,"duration_ms":13}
{"request_id":"rcc-624f9799a2fad6bc56a2de62e8c2c0d6","method":"GET","path":"/api/v1/table-field-policies/:table_name","status":200,"duration_ms":9}
{"request_id":"rcc-ee9a225f522c028eb78c2a114dec56f4","method":"GET","path":"/api/v1/release-orders/:id/details","status":200,"duration_ms":13}
{"request_id":"rcc-565768f848c2a7ef29210e435fc95ecb","method":"GET","path":"/api/v1/release-orders/:id/people","status":200,"duration_ms":25}
{"request_id":"rcc-33d01844bdb96aefc932dbd19053aa75","method":"GET","path":"/api/v1/release-orders/:id/details","status":200,"duration_ms":14}
{"request_id":"rcc-3393429c8b44655bfed7e17a6551f909","method":"POST","path":"/api/v1/release-orders/:id/complete","status":200,"duration_ms":26}
{"request_id":"rcc-8a731cd4232697d2233b25f3e98e1e57","method":"GET","path":"/api/v1/auth/session","status":200,"duration_ms":1}
{"request_id":"rcc-a47e12a3e981b38fc1fadc2e4dcde9e5","method":"GET","path":"/api/v1/release-orders/:id","status":200,"duration_ms":16}
{"request_id":"rcc-7d48d141ef3cc756f2b70bc6d6f3d0d0","method":"GET","path":"/api/v1/release-orders/:id/people","status":200,"duration_ms":18}
{"request_id":"rcc-bdf41919eed232ebdd9157d3788fcd52","method":"POST","path":"/api/v1/tables/:table_name/query","status":200,"duration_ms":18}
{"request_id":"rcc-5e17e585091e318a7fa9c145b7c1062a","method":"GET","path":"/api/v1/auth/session","status":200,"duration_ms":1}
{"request_id":"rcc-6a3c1f27b561d5965bcb9cc67f7b9983","method":"GET","path":"/api/v1/release-orders/:id","status":200,"duration_ms":11}
{"request_id":"rcc-b2cee35fef9b31ef26fd94743dc5b9c8","method":"GET","path":"/api/v1/auth/session","status":200,"duration_ms":1}
{"request_id":"rcc-705c6d471b94dfd5ff2374df49bbdc03","method":"GET","path":"/api/v1/release-orders/:id/details","status":200,"duration_ms":5}
{"request_id":"rcc-1c13026b9345d060cde0aea7107e3fb4","method":"GET","path":"/api/v1/auth/session","status":200,"duration_ms":2}
{"request_id":"rcc-b843f808b7d2528847c7931fc1582b29","method":"GET","path":"/api/v1/auth/session","status":200,"duration_ms":1}
{"request_id":"rcc-45304738323c85f3333ae450e0657dd9","method":"GET","path":"/api/v1/release-orders/:id","status":200,"duration_ms":13}
{"request_id":"rcc-61a6f039d38a410c81ee3f2487d2f1fd","method":"GET","path":"/api/v1/table-field-policies/:table_name","status":200,"duration_ms":8}
{"request_id":"rcc-993d44f0b561eb46f3fc48df4e1b372f","method":"GET","path":"/api/v1/release-orders/:id/details","status":200,"duration_ms":10}
{"request_id":"rcc-ab7129bb90d6243c088fee0a4bdb0fc9","method":"GET","path":"/api/v1/release-orders/:id/people","status":200,"duration_ms":16}
{"request_id":"rcc-36de3dcd7ec87a592a4ecae391089281","method":"POST","path":"/api/v1/release-orders","status":201,"duration_ms":52}
{"request_id":"rcc-09a8f63000d4636434be01311d618ad6","method":"GET","path":"/api/v1/auth/session","status":200,"duration_ms":1}
{"request_id":"rcc-be6042aef75766c93c59df1f04077d9d","method":"GET","path":"/api/v1/release-orders/:id","status":200,"duration_ms":19}
{"request_id":"rcc-60078c3f1d328942a27e7ff09768f95e","method":"GET","path":"/api/v1/table-field-policies/:table_name","status":200,"duration_ms":10}
{"request_id":"rcc-ab416aa51c1585e74e050dbdf004cfc6","method":"GET","path":"/api/v1/release-orders/:id/details","status":200,"duration_ms":12}
{"request_id":"rcc-b7a03a620554367bd9d8f951f4b036f4","method":"GET","path":"/api/v1/release-orders/:id/people","status":200,"duration_ms":29}
{"request_id":"rcc-4516ce7125b6450d8348c98be858e16c","method":"GET","path":"/api/v1/release-orders/:id/details","status":200,"duration_ms":16}
{"request_id":"rcc-23a9e02835d712f026bcad3b2d0c370f","method":"POST","path":"/api/v1/release-orders/:id/submit","status":200,"duration_ms":102}
{"request_id":"rcc-e53d653443b941bc0f007947dedf022f","method":"GET","path":"/api/v1/release-orders/:id","status":200,"duration_ms":16}
{"request_id":"rcc-7451e29b9c04e33e79d0fac0336f89cb","method":"GET","path":"/api/v1/release-orders/:id/people","status":200,"duration_ms":17}
{"request_id":"rcc-f11d2aefdd045676ffcfdc936ff3b46a","method":"GET","path":"/api/v1/release-orders/:id/details","status":200,"duration_ms":6}
{"request_id":"rcc-3d41c394dc4d3a5715bbb172174c842c","method":"GET","path":"/api/v1/auth/session","status":200,"duration_ms":2}
{"request_id":"rcc-339d8eb2c47d6b6d86e91b6a902f5161","method":"GET","path":"/api/v1/release-orders/:id","status":200,"duration_ms":12}
{"request_id":"rcc-cdd4977acbd4db9d89ed9509498b66f0","method":"GET","path":"/api/v1/table-field-policies/:table_name","status":200,"duration_ms":10}
{"request_id":"rcc-ca1b28a7e2ce2093275f3a0818e1dfd5","method":"GET","path":"/api/v1/release-orders/:id/details","status":200,"duration_ms":11}
{"request_id":"rcc-10f1842cd081502d451c7177666e2a6e","method":"GET","path":"/api/v1/release-orders/:id/people","status":200,"duration_ms":19}
{"request_id":"rcc-0c4d241a2e9518c47f4270224147b0a7","method":"GET","path":"/api/v1/release-orders/:id/details","status":200,"duration_ms":17}
{"request_id":"rcc-87769f4d088600389b901a04efad54c1","method":"POST","path":"/api/v1/release-orders/:id/approve","status":200,"duration_ms":38}
{"request_id":"rcc-a3f1433fdaa9c5f837136816da48c327","method":"GET","path":"/api/v1/release-orders/:id","status":200,"duration_ms":12}
{"request_id":"rcc-11d0ef320d06bbfd6e768fcb6df301a7","method":"GET","path":"/api/v1/release-orders/:id/people","status":200,"duration_ms":13}
{"request_id":"rcc-eaf8127a652fac8ef79df041f3971418","method":"GET","path":"/api/v1/release-orders/:id/details","status":200,"duration_ms":5}
{"request_id":"rcc-d8bf5c7b7b1e3755d5c080d43c54dda7","method":"GET","path":"/api/v1/auth/session","status":200,"duration_ms":2}
{"request_id":"rcc-a96848b88da031863d191db917dfb193","method":"GET","path":"/api/v1/release-orders/:id","status":200,"duration_ms":12}
{"request_id":"rcc-9c870bf23ca72b7ee59cd59b5fa199cf","method":"GET","path":"/api/v1/table-field-policies/:table_name","status":200,"duration_ms":8}
{"request_id":"rcc-e3cc353d9313ca45f77cf204cebe6011","method":"GET","path":"/api/v1/release-orders/:id/details","status":200,"duration_ms":8}
{"request_id":"rcc-89688a3880c9567609183e2455aaa748","method":"GET","path":"/api/v1/release-orders/:id/people","status":200,"duration_ms":16}
{"request_id":"rcc-957fd708ff504f5296ea6295393e6d24","method":"GET","path":"/api/v1/release-orders/:id/details","status":200,"duration_ms":10}
{"request_id":"rcc-f9df149e6097278ba25a79d7e4b94f2a","method":"POST","path":"/api/v1/release-orders/:id/execute","status":200,"duration_ms":352}
{"request_id":"rcc-491a08bf09317084330e4f8f01e8d1bc","method":"GET","path":"/api/v1/release-orders/:id","status":200,"duration_ms":12}
{"request_id":"rcc-7ec16dfad40b73f50d3a1d943fc4f032","method":"GET","path":"/api/v1/release-orders/:id/people","status":200,"duration_ms":13}
{"request_id":"rcc-52e88e5e1f3fb16208d4a1447cd43feb","method":"GET","path":"/api/v1/release-orders/:id/details","status":200,"duration_ms":8}
{"request_id":"rcc-260b7865df09288a781912dde9f39b9a","method":"GET","path":"/api/v1/auth/session","status":200,"duration_ms":2}
{"request_id":"rcc-065ee6c8d937cfb4622c5b0c1cd5a6aa","method":"GET","path":"/api/v1/auth/session","status":200,"duration_ms":1}
{"request_id":"rcc-5d8b031f683bc169cc6e99699244ba8b","method":"GET","path":"/api/v1/release-orders/:id","status":200,"duration_ms":14}
{"request_id":"rcc-a9fa65bc7218451108de691dac0ab634","method":"GET","path":"/api/v1/table-field-policies/:table_name","status":200,"duration_ms":8}
{"request_id":"rcc-3cb108a7fc211e9fb2be68bda371f551","method":"POST","path":"/api/v1/tables/:table_name/query","status":200,"duration_ms":21}
{"request_id":"rcc-2c21929407fbd297258cd0b78a695e07","method":"GET","path":"/api/v1/release-orders/:id/details","status":200,"duration_ms":12}
{"request_id":"rcc-4fb964c34a614b21d503e748fcf809a5","method":"GET","path":"/api/v1/release-orders/:id/people","status":200,"duration_ms":20}
{"request_id":"rcc-8ef32f63b22083259a7eb5cc992ac825","method":"POST","path":"/api/v1/release-orders/:id/quick-rollback/preview","status":200,"duration_ms":75}
{"request_id":"rcc-42b6ef9380bcd35811416965f7acc267","method":"GET","path":"/api/v1/auth/session","status":200,"duration_ms":2}
{"request_id":"rcc-548252983735920f388442724003a144","method":"GET","path":"/api/v1/release-orders/:id","status":200,"duration_ms":12}
{"request_id":"rcc-10d65e791ff717f646c6691b75a5b3e0","method":"GET","path":"/api/v1/auth/session","status":200,"duration_ms":1}
{"request_id":"rcc-c67ccc2a49943f2aa7aee06d16d5f8d7","method":"GET","path":"/api/v1/release-orders/:id/details","status":200,"duration_ms":6}
{"request_id":"rcc-e564c9bc89ef673e8ca875b9a302559f","method":"GET","path":"/api/v1/auth/session","status":200,"duration_ms":1}
{"request_id":"rcc-12a116326ccfd1f701928b093847aae1","method":"POST","path":"/api/v1/tables/:table_name/query","status":200,"duration_ms":14}
{"request_id":"rcc-d023bd22e6a073097600acfee68cf30d","method":"POST","path":"/api/v1/release-orders/:id/quick-rollback/preview","status":200,"duration_ms":74}
{"request_id":"rcc-7d8d8e634dad36d7534c7491c230a130","method":"POST","path":"/api/v1/release-orders/:id/quick-rollback","status":200,"duration_ms":116}
{"request_id":"rcc-0f9bde168cce9139640ecad7bef05020","method":"GET","path":"/api/v1/release-orders/:id","status":200,"duration_ms":9}
{"request_id":"rcc-a062188524e529e0f571635f1058c73e","method":"GET","path":"/api/v1/release-orders/:id/details","status":200,"duration_ms":7}
{"request_id":"rcc-568b67d0fa2340b85f80c364c7fda63a","method":"GET","path":"/api/v1/auth/session","status":200,"duration_ms":2}
{"request_id":"rcc-12e9ece2e6ce11c38667bc36aece91df","method":"GET","path":"/api/v1/release-orders/:id","status":200,"duration_ms":13}
{"request_id":"rcc-575200e2ca597d2dc199ecd6cfa1aecb","method":"GET","path":"/api/v1/table-field-policies/:table_name","status":200,"duration_ms":8}
{"request_id":"rcc-4a20077208203c13128260d858804023","method":"GET","path":"/api/v1/release-orders/:id/details","status":200,"duration_ms":9}
{"request_id":"rcc-1f5025cff0af24480a165ceb3866c2fc","method":"GET","path":"/api/v1/release-orders/:id/people","status":200,"duration_ms":19}
{"request_id":"rcc-3c7f958ffa671ab2e287d55f8b2a997e","method":"POST","path":"/api/v1/release-orders/:id/quick-rollback","status":200,"duration_ms":26}
{"request_id":"rcc-5756ed617e290ef6d1c87f060e96df6d","method":"GET","path":"/api/v1/auth/session","status":200,"duration_ms":2}
{"request_id":"rcc-4bd7e83b5c05404189f5a296888b13fc","method":"GET","path":"/api/v1/release-orders/:id","status":200,"duration_ms":20}
{"request_id":"rcc-1ffaf1450611ac0da7f7a583c66bf933","method":"GET","path":"/api/v1/release-orders/:id/people","status":200,"duration_ms":22}
{"request_id":"rcc-1aa128acb396f7c9d7d6844ed5c106b8","method":"GET","path":"/api/v1/release-orders/:id","status":200,"duration_ms":15}
{"request_id":"rcc-0426f712662d1416e71c7c16b35b3e54","method":"GET","path":"/api/v1/auth/session","status":200,"duration_ms":1}
{"request_id":"rcc-d8e3eba50dea7c2b5814c5191937724d","method":"GET","path":"/api/v1/release-orders/:id/details","status":200,"duration_ms":8}
{"request_id":"rcc-26a61017581933106bd866b1e7bc5226","method":"GET","path":"/api/v1/auth/session","status":200,"duration_ms":1}
{"request_id":"rcc-f4d3cfc0112bf7e3039065b6d69871cc","method":"POST","path":"/api/v1/tables/:table_name/query","status":200,"duration_ms":18}
{"request_id":"rcc-7e18cf75304afd6a5461a1fcaa1efcb7","method":"GET","path":"/api/v1/auth/session","status":200,"duration_ms":1}
{"request_id":"rcc-e7b2c37a10539e1320adbf176f0d2192","method":"GET","path":"/api/v1/auth/session","status":200,"duration_ms":1}
{"request_id":"rcc-68a19dd5b74955d09eddb4418e48e254","method":"GET","path":"/api/v1/auth/session","status":200,"duration_ms":1}
{"request_id":"rcc-20df71270d45d3350732d831470f6632","method":"GET","path":"/api/v1/release-orders/:id","status":200,"duration_ms":13}
{"request_id":"rcc-2204e2fa5ffebb13e95039e4645bc890","method":"GET","path":"/api/v1/auth/session","status":200,"duration_ms":3}
{"request_id":"rcc-11e85b1dd8c111cb91517cffb6e5a8c2","method":"GET","path":"/api/v1/release-orders/:id/details","status":200,"duration_ms":8}
{"request_id":"rcc-bda04674431f2cc3d9bf398c8489a276","method":"GET","path":"/api/v1/auth/csrf","status":200,"duration_ms":11}
{"request_id":"rcc-06606adca9a690b4740f04c15817baee","method":"POST","path":"/api/v1/auth/register","status":201,"duration_ms":50}
{"request_id":"rcc-7a1ca815fff7078f9a53b4c9f80522fe","method":"GET","path":"/api/v1/auth/session","status":200,"duration_ms":1}
{"request_id":"rcc-7eb6f0f6589304a2eab7fa80fbf39460","method":"GET","path":"/api/v1/account-roles","status":200,"duration_ms":2}
{"request_id":"rcc-06f354e9d9065e00457d75db6b54b710","method":"GET","path":"/api/v1/auth/session","status":200,"duration_ms":1}
{"request_id":"rcc-9296359de7d1a0fc0964467c83046221","method":"PUT","path":"/api/v1/account-roles/:id","status":200,"duration_ms":13}
{"request_id":"rcc-206a6f6f4386361e54a9dcb746cfcc80","method":"GET","path":"/api/v1/auth/session","status":200,"duration_ms":1}
{"request_id":"rcc-66556564e5bda7e79f68b7decea8c2f1","method":"POST","path":"/api/v1/release-orders","status":201,"duration_ms":36}
{"request_id":"rcc-b85842f5bcf114f0a48c735be082cc25","method":"GET","path":"/api/v1/auth/session","status":200,"duration_ms":1}
{"request_id":"rcc-df858e816ab3020555e16f59ae66717f","method":"POST","path":"/api/v1/release-orders/:id/submit","status":200,"duration_ms":73}
{"request_id":"rcc-a4553285e4d4b166d490569285963fc9","method":"GET","path":"/api/v1/auth/session","status":200,"duration_ms":1}
{"request_id":"rcc-e3bf98ac85d0e147dc81927d14cf59e0","method":"GET","path":"/api/v1/release-orders/:id","status":200,"duration_ms":11}
{"request_id":"rcc-261bc3a98e62a8c41054712ecee1071d","method":"GET","path":"/api/v1/auth/session","status":200,"duration_ms":1}
{"request_id":"rcc-6a6aea32f3e54bfe8b7b9b7f34cf681d","method":"POST","path":"/api/v1/release-orders/:id/approve","status":200,"duration_ms":44}
{"request_id":"rcc-7e080e0e31303b9694776f4b986eca0d","method":"GET","path":"/api/v1/auth/session","status":200,"duration_ms":1}
{"request_id":"rcc-3828e50371f74e57eff1cb472d9d7faf","method":"POST","path":"/api/v1/release-orders/:id/execute","status":200,"duration_ms":90}
{"request_id":"rcc-f242340217b791139fcf558791dd5e7a","method":"GET","path":"/api/v1/auth/session","status":200,"duration_ms":6}
{"request_id":"rcc-ecfc63d315a3f4948e595502230d4197","method":"GET","path":"/api/v1/release-orders/:id","status":200,"duration_ms":17}
{"request_id":"rcc-c23b1414043e48122e6b2c17023b22c5","method":"GET","path":"/api/v1/table-field-policies/:table_name","status":200,"duration_ms":7}
{"request_id":"rcc-2995a6b87f70421f6361fdbdbe7deb1b","method":"GET","path":"/api/v1/release-orders/:id/details","status":200,"duration_ms":8}
{"request_id":"rcc-4f59d6d8373edec872372d7628762634","method":"GET","path":"/api/v1/release-orders/:id/people","status":200,"duration_ms":15}
{"request_id":"rcc-3c0e803a6742a6ebd8a0c4a23d173eba","method":"POST","path":"/api/v1/release-orders/:id/quick-rollback/preview","status":200,"duration_ms":89}
{"request_id":"rcc-be60c05c1b5d6c18e705e717aeefe36a","method":"GET","path":"/api/v1/auth/session","status":200,"duration_ms":1}
{"request_id":"rcc-d5c0f69ab135f571b4cd5bb8e342b52c","method":"POST","path":"/api/v1/release-orders/:id/complete","status":200,"duration_ms":32}
{"request_id":"rcc-cd8ef843eda2fb4a4a6d58d93810930d","method":"POST","path":"/api/v1/release-orders/:id/quick-rollback","status":409,"duration_ms":12}
{"request_id":"rcc-d8469346fd6af2db7dcd8d10e71d08de","method":"GET","path":"/api/v1/release-orders/:id","status":200,"duration_ms":12}
{"request_id":"rcc-c10703994feed153fb98e7fac4b055bb","method":"GET","path":"/api/v1/release-orders/:id/details","status":200,"duration_ms":8}
{"request_id":"rcc-0ba58b48ff711dc55dbe3dfd88e02e7a","method":"GET","path":"/api/v1/release-orders/:id","status":200,"duration_ms":13}
{"request_id":"rcc-6d3862c418f2ee7a1957db7b0059faba","method":"GET","path":"/api/v1/release-orders/:id/details","status":200,"duration_ms":6}
{"request_id":"rcc-91e28e8416c9c24110830c27e690ddee","method":"GET","path":"/api/v1/auth/session","status":200,"duration_ms":1}
{"request_id":"rcc-8986f956b73f4f9c50e1d25868f1d99e","method":"GET","path":"/api/v1/table-field-policies/:table_name","status":200,"duration_ms":8}
{"request_id":"rcc-a657c44d2faec374c4ab77ed0809fe4c","method":"GET","path":"/api/v1/release-orders/:id","status":200,"duration_ms":12}
{"request_id":"rcc-80866681b2d2d572eb1a3ffb99b18801","method":"GET","path":"/api/v1/auth/session","status":200,"duration_ms":1}
{"request_id":"rcc-c9873c0c82ade99b946222b5c84c2676","method":"GET","path":"/api/v1/release-orders/:id/details","status":200,"duration_ms":11}
