2026-09-12T07:55:40.2135328Z Current runner version: '2.337.0'
2026-09-12T07:55:40.2160550Z ##[group]Runner Image Provisioner
2026-09-12T07:55:40.2161415Z Hosted Compute Agent
2026-09-12T07:55:40.2162019Z Version: 20260828.587
2026-09-12T07:55:40.2162786Z Commit: abac92662cab4cc7352de4f9f9d2e2419aad9c29
2026-09-12T07:55:40.2163575Z Build Date: 2026-08-28T16:44:25Z
2026-09-12T07:55:40.2164316Z Worker ID: {4e50afa1-48d9-435f-aba4-dc63c88b3f78}
2026-09-12T07:55:40.2165067Z Azure Region: eastus
2026-09-12T07:55:40.2165635Z ##[endgroup]
2026-09-12T07:55:40.2167722Z ##[group]Operating System
2026-09-12T07:55:40.2168394Z Ubuntu
2026-09-12T07:55:40.2168903Z 24.04.5
2026-09-12T07:55:40.2169537Z LTS
2026-09-12T07:55:40.2170048Z ##[endgroup]
2026-09-12T07:55:40.2170679Z ##[group]Runner Image
2026-09-12T07:55:40.2171331Z Image: ubuntu-24.04
2026-09-12T07:55:40.2171904Z Version: 20260907.300.1
2026-09-12T07:55:40.2173329Z Included Software: https://github.com/actions/runner-images/blob/ubuntu24/20260907.300/images/ubuntu/Ubuntu2404-Readme.md
2026-09-12T07:55:40.2175049Z Image Release: https://github.com/actions/runner-images/releases/tag/ubuntu24%2F20260907.300
2026-09-12T07:55:40.2176042Z ##[endgroup]
2026-09-12T07:55:40.2177571Z ##[group]GITHUB_TOKEN Permissions
2026-09-12T07:55:40.2179874Z Contents: read
2026-09-12T07:55:40.2180534Z Metadata: read
2026-09-12T07:55:40.2181203Z ##[endgroup]
2026-09-12T07:55:40.2183808Z Secret source: Actions
2026-09-12T07:55:40.2184982Z Cache mode: write
2026-09-12T07:55:40.2186070Z Prepare workflow directory
2026-09-12T07:55:40.2527759Z Prepare all required actions
2026-09-12T07:55:40.2576602Z Getting action download info
2026-09-12T07:55:40.4927910Z Download action repository 'actions/checkout@v7' (SHA:3d3c42e5aac5ba805825da76410c181273ba90b1)
2026-09-12T07:55:40.6021281Z Download action repository 'pnpm/action-setup@v6' (SHA:0977fd99725f1db4007ccb2928dbb4e90d06cc86)
2026-09-12T07:55:40.7234419Z Download action repository 'actions/setup-node@v7' (SHA:820762786026740c76f36085b0efc47a31fe5020)
2026-09-12T07:55:40.8054810Z Download action repository 'actions/setup-go@v7' (SHA:b7ad1dad31e06c5925ef5d2fc7ad053ef454303e)
2026-09-12T07:55:40.9562817Z Download action repository 'actions/upload-artifact@v6' (SHA:b7c566a772e6b6bfb58ed0dc250532a479d7789f)
2026-09-12T07:55:41.1703651Z Complete job name: Accounts WebKit native diagnostic
2026-09-12T07:55:41.2551892Z ##[group]Run actions/checkout@v7
2026-09-12T07:55:41.2553278Z with:
2026-09-12T07:55:41.2554056Z   repository: asherzj/relational-config-center
2026-09-12T07:55:41.2562616Z   token: ***
2026-09-12T07:55:41.2563487Z   ssh-strict: true
2026-09-12T07:55:41.2564216Z   ssh-user: git
2026-09-12T07:55:41.2564895Z   persist-credentials: true
2026-09-12T07:55:41.2565417Z   clean: true
2026-09-12T07:55:41.2565894Z   sparse-checkout-cone-mode: true
2026-09-12T07:55:41.2566446Z   fetch-depth: 1
2026-09-12T07:55:41.2567160Z   fetch-tags: false
2026-09-12T07:55:41.2567662Z   show-progress: true
2026-09-12T07:55:41.2568141Z   lfs: false
2026-09-12T07:55:41.2568581Z   submodules: false
2026-09-12T07:55:41.2569113Z   set-safe-directory: true
2026-09-12T07:55:41.2569653Z   allow-unsafe-pr-checkout: false
2026-09-12T07:55:41.2570611Z ##[endgroup]
2026-09-12T07:55:41.3729039Z Syncing repository: asherzj/relational-config-center
2026-09-12T07:55:41.3731738Z ##[group]Getting Git version info
2026-09-12T07:55:41.3733425Z Working directory is '/home/runner/work/relational-config-center/relational-config-center'
2026-09-12T07:55:41.3734887Z [command]/usr/bin/git version
2026-09-12T07:55:41.3749571Z git version 2.55.0
2026-09-12T07:55:41.3773903Z ##[endgroup]
2026-09-12T07:55:41.3787370Z Temporarily overriding HOME='/home/runner/work/_temp/c8f34056-4ff3-4d0d-a23a-e9feb81bf407' before making global git config changes
2026-09-12T07:55:41.3790154Z Adding repository directory to the temporary git global config as a safe directory
2026-09-12T07:55:41.3795185Z [command]/usr/bin/git config --global --add safe.directory /home/runner/work/relational-config-center/relational-config-center
2026-09-12T07:55:41.3846273Z Deleting the contents of '/home/runner/work/relational-config-center/relational-config-center'
2026-09-12T07:55:41.3851714Z ##[group]Determining repository object format
2026-09-12T07:55:41.3853374Z ##[endgroup]
2026-09-12T07:55:41.3854877Z ##[group]Initializing the repository
2026-09-12T07:55:41.3858253Z [command]/usr/bin/git init /home/runner/work/relational-config-center/relational-config-center
2026-09-12T07:55:41.3971892Z hint: Using 'master' as the name for the initial branch. This default branch name
2026-09-12T07:55:41.3975346Z hint: will change to "main" in Git 3.0. To configure the initial branch name
2026-09-12T07:55:41.3977607Z hint: to use in all of your new repositories, which will suppress this warning,
2026-09-12T07:55:41.3978897Z hint: call:
2026-09-12T07:55:41.3979533Z hint:
2026-09-12T07:55:41.3980364Z hint: 	git config --global init.defaultBranch <name>
2026-09-12T07:55:41.3981419Z hint:
2026-09-12T07:55:41.3982375Z hint: Names commonly chosen instead of 'master' are 'main', 'trunk' and
2026-09-12T07:55:41.3984060Z hint: 'development'. The just-created branch can be renamed via this command:
2026-09-12T07:55:41.3985270Z hint:
2026-09-12T07:55:41.3985941Z hint: 	git branch -m <name>
2026-09-12T07:55:41.3986703Z hint:
2026-09-12T07:55:41.3988013Z hint: Disable this message with "git config set advice.defaultBranchName false"
2026-09-12T07:55:41.3990313Z Initialized empty Git repository in /home/runner/work/relational-config-center/relational-config-center/.git/
2026-09-12T07:55:41.4004586Z [command]/usr/bin/git remote add origin https://github.com/asherzj/relational-config-center
2026-09-12T07:55:41.4051322Z ##[endgroup]
2026-09-12T07:55:41.4053351Z ##[group]Disabling automatic garbage collection
2026-09-12T07:55:41.4055162Z [command]/usr/bin/git config --local gc.auto 0
2026-09-12T07:55:41.4091885Z ##[endgroup]
2026-09-12T07:55:41.4093259Z ##[group]Setting up auth
2026-09-12T07:55:41.4094212Z Removing SSH command configuration
2026-09-12T07:55:41.4097739Z [command]/usr/bin/git config --local --name-only --get-regexp core\.sshCommand
2026-09-12T07:55:41.4136687Z [command]/usr/bin/git submodule foreach --recursive sh -c "git config --local --name-only --get-regexp 'core\.sshCommand' && git config --local --unset-all 'core.sshCommand' || :"
2026-09-12T07:55:41.4517427Z Removing HTTP extra header
2026-09-12T07:55:41.4523648Z [command]/usr/bin/git config --local --name-only --get-regexp http\.https\:\/\/github\.com\/\.extraheader
2026-09-12T07:55:41.4564021Z [command]/usr/bin/git submodule foreach --recursive sh -c "git config --local --name-only --get-regexp 'http\.https\:\/\/github\.com\/\.extraheader' && git config --local --unset-all 'http.https://github.com/.extraheader' || :"
2026-09-12T07:55:41.4794919Z Removing includeIf entries pointing to credentials config files
2026-09-12T07:55:41.4800475Z [command]/usr/bin/git config --local --name-only --get-regexp ^includeIf\.gitdir:
2026-09-12T07:55:41.4840999Z [command]/usr/bin/git submodule foreach --recursive git config --local --show-origin --name-only --get-regexp remote.origin.url
2026-09-12T07:55:41.5077370Z [command]/usr/bin/git config --file /home/runner/work/_temp/git-credentials-3725c16e-1759-4292-9e0a-1237154e0994.config http.https://github.com/.extraheader AUTHORIZATION: basic ***
2026-09-12T07:55:41.5121303Z [command]/usr/bin/git config --local includeIf.gitdir:/home/runner/work/relational-config-center/relational-config-center/.git.path /home/runner/work/_temp/git-credentials-3725c16e-1759-4292-9e0a-1237154e0994.config
2026-09-12T07:55:41.5157933Z [command]/usr/bin/git config --local includeIf.gitdir:/home/runner/work/relational-config-center/relational-config-center/.git/worktrees/*.path /home/runner/work/_temp/git-credentials-3725c16e-1759-4292-9e0a-1237154e0994.config
2026-09-12T07:55:41.5197976Z [command]/usr/bin/git config --local includeIf.gitdir:/github/workspace/.git.path /github/runner_temp/git-credentials-3725c16e-1759-4292-9e0a-1237154e0994.config
2026-09-12T07:55:41.5235920Z [command]/usr/bin/git config --local includeIf.gitdir:/github/workspace/.git/worktrees/*.path /github/runner_temp/git-credentials-3725c16e-1759-4292-9e0a-1237154e0994.config
2026-09-12T07:55:41.5270186Z ##[endgroup]
2026-09-12T07:55:41.5271617Z ##[group]Fetching the repository
2026-09-12T07:55:41.5279064Z [command]/usr/bin/git -c protocol.version=2 fetch --no-tags --prune --no-recurse-submodules --depth=1 origin +7bc4725b0783292736e562b89272b8e855c7dcbf:refs/remotes/pull/111/merge
2026-09-12T07:55:52.8842735Z From https://github.com/asherzj/relational-config-center
2026-09-12T07:55:52.8843434Z  * [new ref]         7bc4725b0783292736e562b89272b8e855c7dcbf -> pull/111/merge
2026-09-12T07:55:52.8847340Z ##[endgroup]
2026-09-12T07:55:52.8847878Z ##[group]Determining the checkout info
2026-09-12T07:55:52.8848936Z ##[endgroup]
2026-09-12T07:55:52.8853500Z [command]/usr/bin/git sparse-checkout disable
2026-09-12T07:55:52.8910424Z [command]/usr/bin/git config --local --unset-all extensions.worktreeConfig
2026-09-12T07:55:52.8949226Z ##[group]Checking out the ref
2026-09-12T07:55:52.8949954Z [command]/usr/bin/git checkout --progress --force refs/remotes/pull/111/merge
2026-09-12T07:55:53.9166204Z Updating files:  70% (2971/4215)
2026-09-12T07:55:53.9248323Z Updating files:  71% (2993/4215)
2026-09-12T07:55:53.9275427Z Updating files:  72% (3035/4215)
2026-09-12T07:55:53.9407901Z Updating files:  73% (3077/4215)
2026-09-12T07:55:53.9437615Z Updating files:  74% (3120/4215)
2026-09-12T07:55:53.9550223Z Updating files:  75% (3162/4215)
2026-09-12T07:55:53.9812193Z Updating files:  76% (3204/4215)
2026-09-12T07:55:54.0014760Z Updating files:  77% (3246/4215)
2026-09-12T07:55:54.0215205Z Updating files:  78% (3288/4215)
2026-09-12T07:55:54.0240261Z Updating files:  79% (3330/4215)
2026-09-12T07:55:54.0286320Z Updating files:  80% (3372/4215)
2026-09-12T07:55:54.0313995Z Updating files:  81% (3415/4215)
2026-09-12T07:55:54.0357479Z Updating files:  82% (3457/4215)
2026-09-12T07:55:54.0378049Z Updating files:  83% (3499/4215)
2026-09-12T07:55:54.0456838Z Updating files:  84% (3541/4215)
2026-09-12T07:55:54.0520889Z Updating files:  85% (3583/4215)
2026-09-12T07:55:54.0565555Z Updating files:  86% (3625/4215)
2026-09-12T07:55:54.0709683Z Updating files:  87% (3668/4215)
2026-09-12T07:55:54.0820637Z Updating files:  88% (3710/4215)
2026-09-12T07:55:54.0899089Z Updating files:  89% (3752/4215)
2026-09-12T07:55:54.1014774Z Updating files:  90% (3794/4215)
2026-09-12T07:55:54.1144035Z Updating files:  91% (3836/4215)
2026-09-12T07:55:54.1245087Z Updating files:  92% (3878/4215)
2026-09-12T07:55:54.1319510Z Updating files:  93% (3920/4215)
2026-09-12T07:55:54.1350535Z Updating files:  94% (3963/4215)
2026-09-12T07:55:54.1391024Z Updating files:  95% (4005/4215)
2026-09-12T07:55:54.1412308Z Updating files:  96% (4047/4215)
2026-09-12T07:55:54.1445022Z Updating files:  97% (4089/4215)
2026-09-12T07:55:54.1474037Z Updating files:  98% (4131/4215)
2026-09-12T07:55:54.1500820Z Updating files:  99% (4173/4215)
2026-09-12T07:55:54.1501342Z Updating files: 100% (4215/4215)
2026-09-12T07:55:54.1501943Z Updating files: 100% (4215/4215), done.
2026-09-12T07:55:54.1551895Z Note: switching to 'refs/remotes/pull/111/merge'.
2026-09-12T07:55:54.1552231Z 
2026-09-12T07:55:54.1552568Z You are in 'detached HEAD' state. You can look around, make experimental
2026-09-12T07:55:54.1553573Z changes and commit them, and you can discard any commits you make in this
2026-09-12T07:55:54.1554503Z state without impacting any branches by switching back to a branch.
2026-09-12T07:55:54.1554998Z 
2026-09-12T07:55:54.1555199Z If you want to create a new branch to retain commits you create, you may
2026-09-12T07:55:54.1555670Z do so (now or later) by using -c with the switch command. Example:
2026-09-12T07:55:54.1555945Z 
2026-09-12T07:55:54.1556057Z   git switch -c <new-branch-name>
2026-09-12T07:55:54.1556244Z 
2026-09-12T07:55:54.1556352Z Or undo this operation with:
2026-09-12T07:55:54.1556517Z 
2026-09-12T07:55:54.1556633Z   git switch -
2026-09-12T07:55:54.1556765Z 
2026-09-12T07:55:54.1557358Z Turn off this advice by setting config variable advice.detachedHead to false
2026-09-12T07:55:54.1557951Z 
2026-09-12T07:55:54.1558303Z HEAD is now at 7bc4725 Merge 5ac0d268e51814973b977371270da2f351fccbda into a306c94f484a5a4796f727bc4a37c192d9538bef
2026-09-12T07:55:54.1609841Z ##[endgroup]
2026-09-12T07:55:54.1660404Z [command]/usr/bin/git log -1 --format=%H
2026-09-12T07:55:54.1690460Z 7bc4725b0783292736e562b89272b8e855c7dcbf
2026-09-12T07:55:54.1954151Z ##[group]Run pnpm/action-setup@v6
2026-09-12T07:55:54.1954454Z with:
2026-09-12T07:55:54.1954653Z   version: 10.28.2
2026-09-12T07:55:54.1954863Z   dest: ~/setup-pnpm
2026-09-12T07:55:54.1955079Z   run_install: null
2026-09-12T07:55:54.1955290Z   cache: false
2026-09-12T07:55:54.1955516Z   cache_dependency_path: pnpm-lock.yaml
2026-09-12T07:55:54.1955815Z   package_json_file: package.json
2026-09-12T07:55:54.1956066Z   standalone: false
2026-09-12T07:55:54.1956273Z ##[endgroup]
2026-09-12T07:55:54.3483869Z ##[group]Running self-installer...
2026-09-12T07:55:57.4382736Z 
2026-09-12T07:55:57.4383535Z added 1 package, and audited 2 packages in 3s
2026-09-12T07:55:57.4383838Z 
2026-09-12T07:55:57.4383967Z 1 package is looking for funding
2026-09-12T07:55:57.4384265Z   run `npm fund` for details
2026-09-12T07:55:57.4391820Z 
2026-09-12T07:55:57.4392137Z found 0 vulnerabilities
2026-09-12T07:55:58.0729512Z Checking for updates...
2026-09-12T07:55:58.3533114Z Switching pnpm from v11.19.0 to v10.28.2...
2026-09-12T07:55:58.7422528Z .../v11/8eb-1a0949db50d-184c8fd11fa7c4d8 | Progress: resolved 1, reused 0, downloaded 0, added 0
2026-09-12T07:55:58.7443104Z .../v11/8eb-1a0949db50d-184c8fd11fa7c4d8 |   +1 +
2026-09-12T07:55:58.9831154Z .../v11/8eb-1a0949db50d-184c8fd11fa7c4d8 | Progress: resolved 1, reused 0, downloaded 1, added 1, done
2026-09-12T07:55:59.3841390Z [WARN] Detected a pnpm v10 installation layout at PNPM_HOME. The pnpm shims at PNPM_HOME have been refreshed so the new version is active, but pnpm v11 expects bins in PNPM_HOME/bin. Run "pnpm setup" to migrate your PATH to the v11 layout.
2026-09-12T07:55:59.3868304Z Successfully updated pnpm to v10.28.2
2026-09-12T07:55:59.4139870Z ##[endgroup]
2026-09-12T07:55:59.4140345Z Installation Completed!
2026-09-12T07:55:59.4330408Z ##[group]Run actions/setup-node@v7
2026-09-12T07:55:59.4330698Z with:
2026-09-12T07:55:59.4330895Z   node-version: 24.19.0
2026-09-12T07:55:59.4331114Z   cache: pnpm
2026-09-12T07:55:59.4331345Z   cache-dependency-path: web/pnpm-lock.yaml
2026-09-12T07:55:59.4331650Z   check-latest: false
2026-09-12T07:55:59.4334519Z   token: ***
2026-09-12T07:55:59.4334752Z   package-manager-cache: true
2026-09-12T07:55:59.4334999Z env:
2026-09-12T07:55:59.4335241Z   PNPM_HOME: /home/runner/setup-pnpm/node_modules/.bin
2026-09-12T07:55:59.4335551Z ##[endgroup]
2026-09-12T07:55:59.5648183Z Attempting to download 24.19.0...
2026-09-12T07:56:00.0272886Z Acquiring 24.19.0 - x64 from https://github.com/actions/node-versions/releases/download/24.19.0-30872449280/node-24.19.0-linux-x64.tar.gz
2026-09-12T07:56:00.4199292Z Extracting ...
2026-09-12T07:56:00.4331133Z [command]/usr/bin/tar xz --strip 1 --warning=no-unknown-keyword --overwrite -C /home/runner/work/_temp/fb71d67c-074b-4c25-bc23-1735ee46a971 -f /home/runner/work/_temp/db738dde-036c-441f-bf4e-69dd651e538e
2026-09-12T07:56:01.6865392Z Adding to the cache ...
2026-09-12T07:56:05.0214588Z ##[group]Environment details
2026-09-12T07:56:05.2616417Z node: v24.19.0
2026-09-12T07:56:05.2617079Z npm: 11.17.0
2026-09-12T07:56:05.2617450Z yarn: 1.22.22
2026-09-12T07:56:05.2618266Z ##[endgroup]
2026-09-12T07:56:05.2639443Z [command]/home/runner/setup-pnpm/node_modules/.bin/bin/pnpm store path --silent
2026-09-12T07:56:05.6415642Z /home/runner/setup-pnpm/node_modules/.bin/store/v10
2026-09-12T07:56:05.7129221Z Cache hit for: node-cache-Linux-x64-pnpm-0ab8ff3d1d460f6a16e7d5c9dff4cf8b460afcb8675b0a731f32a832b23d8354
2026-09-12T07:56:06.1028424Z Received 49020671 of 49020671 (100.0%), 141.7 MBs/sec
2026-09-12T07:56:06.1029257Z Cache Size: ~47 MB (49020671 B)
2026-09-12T07:56:06.1142359Z [command]/usr/bin/tar -xf /home/runner/work/_temp/3a897aed-f039-498c-9dcf-d4c2f85a8a88/cache.tzst -P -C /home/runner/work/relational-config-center/relational-config-center --use-compress-program unzstd
2026-09-12T07:56:06.7378653Z Cache restored successfully
2026-09-12T07:56:06.7416046Z Cache restored from key: node-cache-Linux-x64-pnpm-0ab8ff3d1d460f6a16e7d5c9dff4cf8b460afcb8675b0a731f32a832b23d8354
2026-09-12T07:56:06.7609357Z ##[group]Run actions/setup-go@v7
2026-09-12T07:56:06.7609654Z with:
2026-09-12T07:56:06.7609870Z   go-version-file: go.work
2026-09-12T07:56:06.7610171Z   cache-dependency-path: go.work.sum
admin/go.sum

2026-09-12T07:56:06.7610492Z   check-latest: false
2026-09-12T07:56:06.7613334Z   token: ***
2026-09-12T07:56:06.7613534Z   cache: true
2026-09-12T07:56:06.7613726Z env:
2026-09-12T07:56:06.7613971Z   PNPM_HOME: /home/runner/setup-pnpm/node_modules/.bin
2026-09-12T07:56:06.7614286Z ##[endgroup]
2026-09-12T07:56:06.8880429Z Setup go version spec 1.27.0
2026-09-12T07:56:06.8883862Z Attempting to download 1.27.0...
2026-09-12T07:56:07.2958429Z matching 1.27.0...
2026-09-12T07:56:07.2970438Z Acquiring 1.27.0 from https://github.com/actions/go-versions/releases/download/1.27.0-32325163857/go-1.27.0-linux-x64.tar.gz
2026-09-12T07:56:07.7504346Z Extracting Go...
2026-09-12T07:56:07.7627714Z [command]/usr/bin/tar xz --warning=no-unknown-keyword --overwrite -C /home/runner/work/_temp/c2e94f3a-1e73-44ec-b72d-0814fcd13ddf -f /home/runner/work/_temp/d5feb1c1-bce3-45b4-8d8c-f55b0d71ab45
2026-09-12T07:56:09.5445224Z Successfully extracted go to /home/runner/work/_temp/c2e94f3a-1e73-44ec-b72d-0814fcd13ddf
2026-09-12T07:56:09.5446272Z Adding to the cache ...
2026-09-12T07:56:15.5720286Z Successfully cached go to /opt/hostedtoolcache/go/1.27.0/x64
2026-09-12T07:56:15.5722848Z Added go to the path
2026-09-12T07:56:15.5725513Z Successfully set up Go version 1.27.0
2026-09-12T07:56:15.5938319Z [command]/opt/hostedtoolcache/go/1.27.0/x64/bin/go env GOMODCACHE
2026-09-12T07:56:15.5973060Z [command]/opt/hostedtoolcache/go/1.27.0/x64/bin/go env GOCACHE
2026-09-12T07:56:15.6008618Z /home/runner/go/pkg/mod
2026-09-12T07:56:15.6027484Z /home/runner/.cache/go-build
2026-09-12T07:56:15.6699357Z Cache hit for: setup-go-Linux-x64-ubuntu24-go-1.27.0-a4c974d25c2ff2b488ec7c31b3913c3d40db1acfb66ede9ea1799465bdebed65
2026-09-12T07:56:16.2539577Z Received 109330780 of 109330780 (100.0%), 199.7 MBs/sec
2026-09-12T07:56:16.2540810Z Cache Size: ~104 MB (109330780 B)
2026-09-12T07:56:16.2580133Z [command]/usr/bin/tar -xf /home/runner/work/_temp/50015e71-6eb0-4273-8834-414ae4e4682d/cache.tzst -P -C /home/runner/work/relational-config-center/relational-config-center --use-compress-program unzstd
2026-09-12T07:56:17.4615719Z Cache restored successfully
2026-09-12T07:56:17.4674019Z Cache restored from key: setup-go-Linux-x64-ubuntu24-go-1.27.0-a4c974d25c2ff2b488ec7c31b3913c3d40db1acfb66ede9ea1799465bdebed65
2026-09-12T07:56:17.4678870Z go version go1.27.0 linux/amd64
2026-09-12T07:56:17.4679084Z 
2026-09-12T07:56:17.4679394Z ##[group]go env
2026-09-12T07:56:17.4837563Z AR='ar'
2026-09-12T07:56:17.4838066Z CC='gcc'
2026-09-12T07:56:17.4838455Z CGO_CFLAGS='-O2 -g'
2026-09-12T07:56:17.4839027Z CGO_CPPFLAGS=''
2026-09-12T07:56:17.4839321Z CGO_CXXFLAGS='-O2 -g'
2026-09-12T07:56:17.4839592Z CGO_ENABLED='1'
2026-09-12T07:56:17.4839914Z CGO_FFLAGS='-O2 -g'
2026-09-12T07:56:17.4840266Z CGO_LDFLAGS='-O2 -g'
2026-09-12T07:56:17.4840550Z CXX='g++'
2026-09-12T07:56:17.4840837Z GCCGO='gccgo'
2026-09-12T07:56:17.4841075Z GO111MODULE=''
2026-09-12T07:56:17.4841301Z GOAMD64='v1'
2026-09-12T07:56:17.4841534Z GOARCH='amd64'
2026-09-12T07:56:17.4841768Z GOAUTH='netrc'
2026-09-12T07:56:17.4842046Z GOBIN='/home/runner/go/bin'
2026-09-12T07:56:17.4842424Z GOCACHE='/home/runner/.cache/go-build'
2026-09-12T07:56:17.4842751Z GOCACHEPROG=''
2026-09-12T07:56:17.4843001Z GODEBUG=''
2026-09-12T07:56:17.4843299Z GOENV='/home/runner/.config/go/env'
2026-09-12T07:56:17.4843610Z GOEXE=''
2026-09-12T07:56:17.4843843Z GOEXPERIMENT=''
2026-09-12T07:56:17.4844094Z GOFIPS140='off'
2026-09-12T07:56:17.4844588Z GOFLAGS=''
2026-09-12T07:56:17.4845556Z GOGCCFLAGS='-fPIC -m64 -pthread -Wl,--no-gc-sections -fmessage-length=0 -ffile-prefix-map=/tmp/go-build2963407779=/tmp/go-build -gno-record-gcc-switches'
2026-09-12T07:56:17.4846394Z GOHOSTARCH='amd64'
2026-09-12T07:56:17.4846646Z GOHOSTOS='linux'
2026-09-12T07:56:17.4847147Z GOINSECURE=''
2026-09-12T07:56:17.4847614Z GOMOD='/dev/null'
2026-09-12T07:56:17.4847951Z GOMODCACHE='/home/runner/go/pkg/mod'
2026-09-12T07:56:17.4848264Z GONOPROXY=''
2026-09-12T07:56:17.4848500Z GONOSUMDB=''
2026-09-12T07:56:17.4848724Z GOOS='linux'
2026-09-12T07:56:17.4848975Z GOPACKAGESDRIVER=''
2026-09-12T07:56:17.4849259Z GOPATH='/home/runner/go'
2026-09-12T07:56:17.4849526Z GOPRIVATE=''
2026-09-12T07:56:17.4849875Z GOPROXY='https://proxy.golang.org,direct'
2026-09-12T07:56:17.4850322Z GOROOT='/opt/hostedtoolcache/go/1.27.0/x64'
2026-09-12T07:56:17.4850695Z GOSUMDB='sum.golang.org'
2026-09-12T07:56:17.4850982Z GOTELEMETRY='local'
2026-09-12T07:56:17.4851356Z GOTELEMETRYDIR='/home/runner/.config/go/telemetry'
2026-09-12T07:56:17.4851729Z GOTMPDIR=''
2026-09-12T07:56:17.4852022Z GOTOOLCHAIN='local'
2026-09-12T07:56:17.4852458Z GOTOOLDIR='/opt/hostedtoolcache/go/1.27.0/x64/pkg/tool/linux_amd64'
2026-09-12T07:56:17.4852828Z GOVCS=''
2026-09-12T07:56:17.4853108Z GOVERSION='go1.27.0'
2026-09-12T07:56:17.4853650Z GOWORK='/home/runner/work/relational-config-center/relational-config-center/go.work'
2026-09-12T07:56:17.4854156Z PKG_CONFIG='pkg-config'
2026-09-12T07:56:17.4854311Z 
2026-09-12T07:56:17.4854646Z ##[endgroup]
2026-09-12T07:56:17.5063724Z ##[group]Run mkdir -p "$RCC_NATIVE_ARTIFACTS"
2026-09-12T07:56:17.5064178Z [36;1mmkdir -p "$RCC_NATIVE_ARTIFACTS"[0m
2026-09-12T07:56:17.5064740Z [36;1mnode scripts/diagnose-accounts-webkit-native.cjs "$RCC_NATIVE_ARTIFACTS/resources.jsonl" &[0m
2026-09-12T07:56:17.5065284Z [36;1mdiagnostic_pid=$![0m
2026-09-12T07:56:17.5065547Z [36;1mdiagnostic_runner=''[0m
2026-09-12T07:56:17.5065803Z [36;1mstop_diagnostic() {[0m
2026-09-12T07:56:17.5066139Z [36;1m  kill "$diagnostic_pid" 2>/dev/null || true[0m
2026-09-12T07:56:17.5066511Z [36;1m  wait "$diagnostic_pid" 2>/dev/null || true[0m
2026-09-12T07:56:17.5067330Z [36;1m  if [[ -n "$diagnostic_runner" ]]; then rm -f -- "$diagnostic_runner" || true; fi[0m
2026-09-12T07:56:17.5067792Z [36;1m}[0m
2026-09-12T07:56:17.5068024Z [36;1mtrap stop_diagnostic EXIT[0m
2026-09-12T07:56:17.5068456Z [36;1mdiagnostic_runner=$(mktemp "$PWD/scripts/.accounts-webkit-repeat.XXXXXX")[0m
2026-09-12T07:56:17.5069068Z [36;1mnode scripts/diagnose-accounts-webkit-repeat.cjs "$diagnostic_runner"[0m
2026-09-12T07:56:17.5069499Z [36;1mbash "$diagnostic_runner"[0m
2026-09-12T07:56:17.5113197Z shell: /usr/bin/bash -e {0}
2026-09-12T07:56:17.5113485Z env:
2026-09-12T07:56:17.5113765Z   PNPM_HOME: /home/runner/setup-pnpm/node_modules/.bin
2026-09-12T07:56:17.5114105Z   GOTOOLCHAIN: local
2026-09-12T07:56:17.5114343Z   DEBUG: pw:browser
2026-09-12T07:56:17.5114694Z   RCC_E2E_ARTIFACTS: /home/runner/work/_temp/rcc-accounts-webkit-browser
2026-09-12T07:56:17.5115244Z   RCC_NATIVE_ARTIFACTS: /home/runner/work/_temp/rcc-accounts-webkit-native
2026-09-12T07:56:17.5115649Z   RCC_E2E_SUITE: release-workflow
2026-09-12T07:56:17.5115913Z   RCC_E2E_ENGINES: webkit
2026-09-12T07:56:17.5116165Z   RCC_E2E_CASES: accounts.mjs@webkit
2026-09-12T07:56:17.5116429Z ##[endgroup]
2026-09-12T07:56:17.9767858Z Installing pinned Web dependencies and required Playwright browsers...
2026-09-12T07:56:19.1357795Z Lockfile is up to date, resolution step is skipped
2026-09-12T07:56:19.1359036Z Progress: resolved 1, reused 0, downloaded 0, added 0
2026-09-12T07:56:19.1359681Z Packages: +222
2026-09-12T07:56:19.1360431Z ++++++++++++++++++++++++++++++++++++++++++++++++++++++++++++++++++++++++++++++++
2026-09-12T07:56:19.1361440Z Progress: resolved 222, reused 222, downloaded 0, added 222, done
2026-09-12T07:56:19.1361962Z 
2026-09-12T07:56:19.1362168Z dependencies:
2026-09-12T07:56:19.1362910Z + @tanstack/react-query 5.102.3
2026-09-12T07:56:19.1363767Z + class-variance-authority 0.7.1
2026-09-12T07:56:19.1364067Z + cn 0.2.6
2026-09-12T07:56:19.1364307Z + lucide-react 1.34.0
2026-09-12T07:56:19.1364553Z + radix-ui 1.6.7
2026-09-12T07:56:19.1364781Z + react 19.2.8
2026-09-12T07:56:19.1365014Z + react-dom 19.2.8
2026-09-12T07:56:19.1365273Z + react-router-dom 7.18.2
2026-09-12T07:56:19.1365527Z + sonner 2.0.8
2026-09-12T07:56:19.1365741Z + zod 4.4.3
2026-09-12T07:56:19.1365867Z 
2026-09-12T07:56:19.1365973Z devDependencies:
2026-09-12T07:56:19.1366230Z + @tailwindcss/vite 4.3.3
2026-09-12T07:56:19.1366557Z + @testing-library/jest-dom 7.0.1
2026-09-12T07:56:19.1367299Z + @testing-library/react 16.3.2
2026-09-12T07:56:19.1367697Z + @testing-library/user-event 14.6.6
2026-09-12T07:56:19.1368118Z + @types/node 26.3.0
2026-09-12T07:56:19.1368550Z + @types/react 19.2.18
2026-09-12T07:56:19.1368822Z + @types/react-dom 19.2.5
2026-09-12T07:56:19.1369116Z + @vitejs/plugin-react 6.1.0
2026-09-12T07:56:19.1369414Z + fake-indexeddb 6.2.5
2026-09-12T07:56:19.1369663Z + jsdom 30.0.1
2026-09-12T07:56:19.1369904Z + playwright 1.62.1
2026-09-12T07:56:19.1370499Z + tailwindcss 4.3.3
2026-09-12T07:56:19.1370923Z + tw-animate-css 1.4.0
2026-09-12T07:56:19.1371341Z + typescript 7.0.2
2026-09-12T07:56:19.1371723Z + vite 8.2.2
2026-09-12T07:56:19.1372103Z + vitest 4.1.11
2026-09-12T07:56:19.1372315Z 
2026-09-12T07:56:19.1372564Z Done in 1s using pnpm v10.28.2
2026-09-12T07:56:50.0029838Z Installing dependencies...
2026-09-12T07:56:50.0030592Z Switching to root user to install dependencies...
2026-09-12T07:56:50.0032054Z Get:1 file:/etc/apt/apt-mirrors.txt Mirrorlist [144 B]
2026-09-12T07:56:50.0033148Z Get:6 https://packages.microsoft.com/ubuntu/24.04/prod noble InRelease [3600 B]
2026-09-12T07:56:50.0034232Z Hit:2 http://azure.archive.ubuntu.com/ubuntu noble InRelease
2026-09-12T07:56:50.0035359Z Get:3 http://azure.archive.ubuntu.com/ubuntu noble-updates InRelease [126 kB]
2026-09-12T07:56:50.0036573Z Get:4 http://azure.archive.ubuntu.com/ubuntu noble-backports InRelease [126 kB]
2026-09-12T07:56:50.0038006Z Get:5 http://azure.archive.ubuntu.com/ubuntu noble-security InRelease [126 kB]
2026-09-12T07:56:50.0039533Z Get:7 https://packages.microsoft.com/ubuntu/24.04/prod noble/main arm64 Packages [414 kB]
2026-09-12T07:56:50.0041076Z Get:8 https://packages.microsoft.com/ubuntu/24.04/prod noble/main amd64 Packages [463 kB]
2026-09-12T07:56:50.0042738Z Get:9 https://dl.google.com/linux/chrome-stable/deb stable InRelease [2548 B]
2026-09-12T07:56:50.0044035Z Get:10 http://azure.archive.ubuntu.com/ubuntu noble-updates/main amd64 Packages [1263 kB]
2026-09-12T07:56:50.0045371Z Get:11 http://azure.archive.ubuntu.com/ubuntu noble-updates/main Translation-en [292 kB]
2026-09-12T07:56:50.0046731Z Get:12 http://azure.archive.ubuntu.com/ubuntu noble-updates/main amd64 Components [180 kB]
2026-09-12T07:56:50.0048438Z Get:13 http://azure.archive.ubuntu.com/ubuntu noble-updates/universe amd64 Packages [1690 kB]
2026-09-12T07:56:50.0049863Z Get:14 http://azure.archive.ubuntu.com/ubuntu noble-updates/universe amd64 Components [387 kB]
2026-09-12T07:56:50.0051304Z Get:15 http://azure.archive.ubuntu.com/ubuntu noble-updates/restricted amd64 Packages [1544 kB]
2026-09-12T07:56:50.0052733Z Get:16 http://azure.archive.ubuntu.com/ubuntu noble-updates/restricted Translation-en [354 kB]
2026-09-12T07:56:50.0054158Z Get:17 http://azure.archive.ubuntu.com/ubuntu noble-updates/multiverse amd64 Components [940 B]
2026-09-12T07:56:50.0055571Z Get:18 http://azure.archive.ubuntu.com/ubuntu noble-backports/main amd64 Components [5748 B]
2026-09-12T07:56:50.0057340Z Get:19 http://azure.archive.ubuntu.com/ubuntu noble-backports/universe amd64 Components [12.6 kB]
2026-09-12T07:56:50.0058764Z Get:20 http://azure.archive.ubuntu.com/ubuntu noble-security/main amd64 Packages [1006 kB]
2026-09-12T07:56:50.0060103Z Get:21 http://azure.archive.ubuntu.com/ubuntu noble-security/main Translation-en [213 kB]
2026-09-12T07:56:50.0061506Z Get:22 http://azure.archive.ubuntu.com/ubuntu noble-security/main amd64 Components [46.5 kB]
2026-09-12T07:56:50.0063162Z Get:23 http://azure.archive.ubuntu.com/ubuntu noble-security/universe amd64 Packages [1206 kB]
2026-09-12T07:56:50.0064603Z Get:24 http://azure.archive.ubuntu.com/ubuntu noble-security/universe amd64 Components [76.3 kB]
2026-09-12T07:56:50.0066040Z Get:25 http://azure.archive.ubuntu.com/ubuntu noble-security/restricted amd64 Packages [1445 kB]
2026-09-12T07:56:50.0067623Z Get:27 https://dl.google.com/linux/chrome-stable/deb stable/main amd64 Packages [1413 B]
2026-09-12T07:56:50.0069027Z Get:26 http://azure.archive.ubuntu.com/ubuntu noble-security/restricted Translation-en [336 kB]
2026-09-12T07:56:50.0070006Z Fetched 11.3 MB in 1s (9039 kB/s)
2026-09-12T07:56:50.0070520Z Reading package lists...
2026-09-12T07:56:50.0070994Z Reading package lists...
2026-09-12T07:56:50.0071465Z Building dependency tree...
2026-09-12T07:56:50.0071967Z Reading state information...
2026-09-12T07:56:50.0072678Z libicu74 is already the newest version (74.2-1ubuntu3.1).
2026-09-12T07:56:50.0073608Z libatomic1 is already the newest version (14.2.0-4ubuntu2~24.04.1).
2026-09-12T07:56:50.0074407Z libatomic1 set to manually installed.
2026-09-12T07:56:50.0075255Z libatk-bridge2.0-0t64 is already the newest version (2.52.0-1build1).
2026-09-12T07:56:50.0076130Z libatk-bridge2.0-0t64 set to manually installed.
2026-09-12T07:56:50.0077186Z libatk1.0-0t64 is already the newest version (2.52.0-1build1).
2026-09-12T07:56:50.0077960Z libatk1.0-0t64 set to manually installed.
2026-09-12T07:56:50.0079128Z libcairo-gobject2 is already the newest version (1.18.0-3build1).
2026-09-12T07:56:50.0079966Z libcairo-gobject2 set to manually installed.
2026-09-12T07:56:50.0080749Z libcairo2 is already the newest version (1.18.0-3build1).
2026-09-12T07:56:50.0081465Z libcairo2 set to manually installed.
2026-09-12T07:56:50.0082249Z libdbus-1-3 is already the newest version (1.14.10-4ubuntu4.1).
2026-09-12T07:56:50.0083002Z libdbus-1-3 set to manually installed.
2026-09-12T07:56:50.0083815Z libdrm2 is already the newest version (2.4.125-1ubuntu0.1~24.04.2).
2026-09-12T07:56:50.0084576Z libdrm2 set to manually installed.
2026-09-12T07:56:50.0085342Z libenchant-2-2 is already the newest version (2.3.3-2build2).
2026-09-12T07:56:50.0086101Z libenchant-2-2 set to manually installed.
2026-09-12T07:56:50.0087401Z libepoxy0 is already the newest version (1.5.10-1build1).
2026-09-12T07:56:50.0088132Z libepoxy0 set to manually installed.
2026-09-12T07:56:50.0088949Z libfontconfig1 is already the newest version (2.15.0-1.1ubuntu2).
2026-09-12T07:56:50.0089755Z libfontconfig1 set to manually installed.
2026-09-12T07:56:50.0090617Z libfreetype6 is already the newest version (2.13.2+dfsg-1ubuntu0.1).
2026-09-12T07:56:50.0091414Z libfreetype6 set to manually installed.
2026-09-12T07:56:50.0092227Z libgbm1 is already the newest version (25.2.8-0ubuntu0.24.04.2).
2026-09-12T07:56:50.0092966Z libgbm1 set to manually installed.
2026-09-12T07:56:50.0093852Z libgdk-pixbuf-2.0-0 is already the newest version (2.42.10+dfsg-3ubuntu3.3).
2026-09-12T07:56:50.0094757Z libgdk-pixbuf-2.0-0 set to manually installed.
2026-09-12T07:56:50.0095617Z libglib2.0-0t64 is already the newest version (2.80.0-6ubuntu3.8).
2026-09-12T07:56:50.0096411Z libglib2.0-0t64 set to manually installed.
2026-09-12T07:56:50.0097485Z libgstreamer1.0-0 is already the newest version (1.24.2-1ubuntu0.1).
2026-09-12T07:56:50.0098325Z libgstreamer1.0-0 set to manually installed.
2026-09-12T07:56:50.0099249Z libharfbuzz0b is already the newest version (8.3.0-2build2).
2026-09-12T07:56:50.0100057Z libharfbuzz0b set to manually installed.
2026-09-12T07:56:50.0100871Z libjpeg-turbo8 is already the newest version (2.1.5-2ubuntu2).
2026-09-12T07:56:50.0101655Z libjpeg-turbo8 set to manually installed.
2026-09-12T07:56:50.0102434Z liblcms2-2 is already the newest version (2.14-2ubuntu0.1).
2026-09-12T07:56:50.0103165Z liblcms2-2 set to manually installed.
2026-09-12T07:56:50.0103963Z libpango-1.0-0 is already the newest version (1.52.1+ds-1build1).
2026-09-12T07:56:50.0104742Z libpango-1.0-0 set to manually installed.
2026-09-12T07:56:50.0105810Z libpangocairo-1.0-0 is already the newest version (1.52.1+ds-1build1).
2026-09-12T07:56:50.0106672Z libpangocairo-1.0-0 set to manually installed.
2026-09-12T07:56:50.0107911Z libpng16-16t64 is already the newest version (1.6.43-5ubuntu0.6).
2026-09-12T07:56:50.0108702Z libpng16-16t64 set to manually installed.
2026-09-12T07:56:50.0109556Z libwayland-client0 is already the newest version (1.22.0-2.1build1).
2026-09-12T07:56:50.0110406Z libwayland-client0 set to manually installed.
2026-09-12T07:56:50.0111269Z libwayland-egl1 is already the newest version (1.22.0-2.1build1).
2026-09-12T07:56:50.0112080Z libwayland-egl1 set to manually installed.
2026-09-12T07:56:50.0112846Z libwebp7 is already the newest version (1.3.2-0.4build3).
2026-09-12T07:56:50.0113623Z libwebp7 set to manually installed.
2026-09-12T07:56:50.0114402Z libwebpdemux2 is already the newest version (1.3.2-0.4build3).
2026-09-12T07:56:50.0115165Z libwebpdemux2 set to manually installed.
2026-09-12T07:56:50.0115936Z libx11-6 is already the newest version (2:1.8.7-1build1).
2026-09-12T07:56:50.0116626Z libx11-6 set to manually installed.
2026-09-12T07:56:50.0117605Z libxkbcommon0 is already the newest version (1.6.0-1build1).
2026-09-12T07:56:50.0118350Z libxkbcommon0 set to manually installed.
2026-09-12T07:56:50.0119163Z libxml2 is already the newest version (2.9.14+dfsg-1.3ubuntu3.8).
2026-09-12T07:56:50.0119901Z libxml2 set to manually installed.
2026-09-12T07:56:50.0120915Z libxslt1.1 is already the newest version (1.1.39-0exp1ubuntu0.24.04.3).
2026-09-12T07:56:50.0121731Z libxslt1.1 set to manually installed.
2026-09-12T07:56:50.0122471Z xvfb is already the newest version (2:21.1.12-1ubuntu1.6).
2026-09-12T07:56:50.0123505Z fonts-noto-color-emoji is already the newest version (2.047-0ubuntu0.24.04.1).
2026-09-12T07:56:50.0124531Z fonts-liberation is already the newest version (1:2.1.5-3).
2026-09-12T07:56:50.0125305Z fonts-liberation set to manually installed.
2026-09-12T07:56:50.0126053Z The following additional packages will be installed:
2026-09-12T07:56:50.0127180Z   glib-networking glib-networking-common glib-networking-services
2026-09-12T07:56:50.0128257Z   gsettings-desktop-schemas libaa1 libabsl20220623t64 libass9 libasyncns0
2026-09-12T07:56:50.0129384Z   libavc1394-0 libavcodec60 libavfilter9 libavformat60 libavtp0 libavutil58
2026-09-12T07:56:50.0130463Z   libblas3 libbluray2 libbs2b0 libcaca0 libcairo-script-interpreter2
2026-09-12T07:56:50.0131490Z   libcdparanoia0 libchromaprint1 libcjson1 libcodec2-1.2 libdav1d7
2026-09-12T07:56:50.0132557Z   libdc1394-25 libdca0 libde265-0 libdecor-0-0 libdirectfb-1.7-7t64 libdv4t64
2026-09-12T07:56:50.0133630Z   libdvdnav4 libdvdread8t64 libegl-mesa0 libegl1 libfaad2 libflac12t64
2026-09-12T07:56:50.0134698Z   libfluidsynth3 libfreeaptx0 libgav1-1 libgme0 libgraphene-1.0-0 libgsm1
2026-09-12T07:56:50.0135852Z   libgssdp-1.6-0 libgstreamer-plugins-good1.0-0 libgtk-4-common libgupnp-1.6-0
2026-09-12T07:56:50.0137096Z   libgupnp-igd-1.6-0 libhwy1t64 libiec61883-0 libimath-3-1-29t64
2026-09-12T07:56:50.0138076Z   libinstpatch-1.0-2 libjack-jackd2-0 libjxl0.7 liblapack3 liblc3-1
2026-09-12T07:56:50.0139112Z   libldacbt-enc2 liblilv-0-0 liblrdf0 libltc11 libmbedcrypto7t64 libmfx1
2026-09-12T07:56:50.0140092Z   libmjpegutils-2.1-0t64 libmodplug1 libmp3lame0 libmpcdec6
2026-09-12T07:56:50.0141055Z   libmpeg2encpp-2.1-0t64 libmpg123-0t64 libmplex2-2.1-0t64 libmysofa1
2026-09-12T07:56:50.0142072Z   libneon27t64 libnice10 libopenal-data libopenal1 libopenexr-3-1-30
2026-09-12T07:56:50.0143026Z   libopenh264-7 libopenmpt0t64 libopenni2-0 liborc-0.4-0t64
2026-09-12T07:56:50.0143975Z   libpipewire-0.3-0t64 libplacebo338 libpocketsphinx3 libpostproc57
2026-09-12T07:56:50.0145025Z   libproxy1v5 libpulse0 libqrencode4 libraptor2-0 librav1e0 libraw1394-11
2026-09-12T07:56:50.0146117Z   librist4 librsvg2-2 librubberband2 libsamplerate0 libsbc1 libsdl2-2.0-0
2026-09-12T07:56:50.0147388Z   libsecret-common libserd-0-0 libshine3 libshout3 libsndfile1 libsndio7.0
2026-09-12T07:56:50.0148638Z   libsord-0-0 libsoundtouch1 libsoup-3.0-0 libsoup-3.0-common libsoxr0
2026-09-12T07:56:50.0149737Z   libspa-0.2-modules libspandsp2t64 libspeex1 libsphinxbase3t64 libsratom-0-0
2026-09-12T07:56:50.0150892Z   libsrt1.5-gnutls libsrtp2-1 libssh-gcrypt-4 libsvtav1enc1d1 libswresample4
2026-09-12T07:56:50.0152023Z   libswscale7 libtag1v5 libtag1v5-vanilla libtheora0 libtwolame0 libudfread0
2026-09-12T07:56:50.0153140Z   libunibreak5 libv4l-0t64 libv4lconvert0t64 libva-drm2 libva-x11-2 libva2
2026-09-12T07:56:50.0154211Z   libvdpau1 libvidstab1.1 libvisual-0.4-0 libvo-aacenc0 libvo-amrwbenc0
2026-09-12T07:56:50.0155354Z   libvorbisenc2 libvpl2 libwavpack1 libwebrtc-audio-processing1 libwildmidi2
2026-09-12T07:56:50.0156506Z   libx265-199 libxcb-xkb1 libxkbcommon-x11-0 libxvidcore4 libyuv0 libzbar0t64
2026-09-12T07:56:50.0157830Z   libzimg2 libzix-0-0 libzvbi-common libzvbi0t64 libzxing3 ocl-icd-libopencl1
2026-09-12T07:56:50.0159580Z   session-migration timgm6mb-soundfont xfonts-encodings xfonts-utils
2026-09-12T07:56:50.0160357Z Suggested packages:
2026-09-12T07:56:50.0161363Z   frei0r-plugins gvfs libcuda1 libnvcuvid1 libnvidia-encode1 libbluray-bdj
2026-09-12T07:56:50.0162691Z   libdirectfb-extra libdv-bin oss-compat libdvdcss2 libvisual-0.4-plugins
2026-09-12T07:56:50.0164135Z   jackd2 liblrdf0-dev libportaudio2 opus-tools pipewire pulseaudio
2026-09-12T07:56:50.0165358Z   raptor2-utils libraw1394-doc librsvg2-bin serdi sndiod sordi speex
2026-09-12T07:56:50.0166408Z   libwildmidi-config opencl-icd fluid-soundfont-gm
2026-09-12T07:56:50.0167273Z Recommended packages:
2026-09-12T07:56:50.0168272Z   fonts-ipafont-mincho fonts-tlwg-loma gstreamer1.0-x libaacs0
2026-09-12T07:56:50.0169486Z   default-libdecor-0-plugin-1 | libdecor-0-plugin-1 gstreamer1.0-gl
2026-09-12T07:56:50.0171027Z   libgtk-4-bin librsvg2-common libgtk-4-media-gstreamer libpipewire-0.3-common
2026-09-12T07:56:50.0172443Z   pocketsphinx-en-us va-driver-all | va-driver vdpau-driver-all | vdpau-driver
2026-09-12T07:56:50.0173457Z   libmagickcore-6.q16-7-extra
2026-09-12T07:56:50.0174121Z The following NEW packages will be installed:
2026-09-12T07:56:50.0175288Z   fonts-freefont-ttf fonts-ipafont-gothic fonts-tlwg-loma-otf fonts-unifont
2026-09-12T07:56:50.0176508Z   fonts-wqy-zenhei glib-networking glib-networking-common
2026-09-12T07:56:50.0177969Z   glib-networking-services gsettings-desktop-schemas gstreamer1.0-libav
2026-09-12T07:56:50.0179364Z   gstreamer1.0-plugins-bad gstreamer1.0-plugins-base gstreamer1.0-plugins-good
2026-09-12T07:56:50.0180721Z   libaa1 libabsl20220623t64 libass9 libasyncns0 libavc1394-0 libavcodec60
2026-09-12T07:56:50.0181963Z   libavfilter9 libavformat60 libavif16 libavtp0 libavutil58 libblas3
2026-09-12T07:56:50.0183252Z   libbluray2 libbs2b0 libcaca0 libcairo-script-interpreter2 libcdparanoia0
2026-09-12T07:56:50.0184542Z   libchromaprint1 libcjson1 libcodec2-1.2 libdav1d7 libdc1394-25 libdca0
2026-09-12T07:56:50.0185949Z   libde265-0 libdecor-0-0 libdirectfb-1.7-7t64 libdv4t64 libdvdnav4
2026-09-12T07:56:50.0187316Z   libdvdread8t64 libegl-mesa0 libegl1 libevent-2.1-7t64 libfaad2 libflac12t64
2026-09-12T07:56:50.0188593Z   libflite1 libfluidsynth3 libfreeaptx0 libgav1-1 libgles2 libgme0
2026-09-12T07:56:50.0189765Z   libgraphene-1.0-0 libgsm1 libgssdp-1.6-0 libgstreamer-gl1.0-0
2026-09-12T07:56:50.0190950Z   libgstreamer-plugins-bad1.0-0 libgstreamer-plugins-base1.0-0
2026-09-12T07:56:50.0192229Z   libgstreamer-plugins-good1.0-0 libgtk-4-1 libgtk-4-common libgupnp-1.6-0
2026-09-12T07:56:50.0193561Z   libgupnp-igd-1.6-0 libharfbuzz-icu0 libhwy1t64 libhyphen0 libiec61883-0
2026-09-12T07:56:50.0194891Z   libimath-3-1-29t64 libinstpatch-1.0-2 libjack-jackd2-0 libjxl0.7 liblapack3
2026-09-12T07:56:50.0196344Z   liblc3-1 libldacbt-enc2 liblilv-0-0 liblrdf0 libltc11 libmanette-0.2-0
2026-09-12T07:56:50.0197722Z   libmbedcrypto7t64 libmfx1 libmjpegutils-2.1-0t64 libmodplug1 libmp3lame0
2026-09-12T07:56:50.0199014Z   libmpcdec6 libmpeg2encpp-2.1-0t64 libmpg123-0t64 libmplex2-2.1-0t64
2026-09-12T07:56:50.0200184Z   libmysofa1 libneon27t64 libnice10 libopenal-data libopenal1
2026-09-12T07:56:50.0201587Z   libopenexr-3-1-30 libopenh264-7 libopenmpt0t64 libopenni2-0 libopus0
2026-09-12T07:56:50.0202826Z   liborc-0.4-0t64 libpipewire-0.3-0t64 libplacebo338 libpocketsphinx3
2026-09-12T07:56:50.0204270Z   libpostproc57 libproxy1v5 libpulse0 libqrencode4 libraptor2-0 librav1e0
2026-09-12T07:56:50.0205560Z   libraw1394-11 librist4 librsvg2-2 librubberband2 libsamplerate0 libsbc1
2026-09-12T07:56:50.0206851Z   libsdl2-2.0-0 libsecret-1-0 libsecret-common libserd-0-0 libshine3 libshout3
2026-09-12T07:56:50.0208192Z   libsndfile1 libsndio7.0 libsord-0-0 libsoundtouch1 libsoup-3.0-0
2026-09-12T07:56:50.0209441Z   libsoup-3.0-common libsoxr0 libspa-0.2-modules libspandsp2t64 libspeex1
2026-09-12T07:56:50.0210768Z   libsphinxbase3t64 libsratom-0-0 libsrt1.5-gnutls libsrtp2-1 libssh-gcrypt-4
2026-09-12T07:56:50.0212296Z   libsvtav1enc1d1 libswresample4 libswscale7 libtag1v5 libtag1v5-vanilla
2026-09-12T07:56:50.0213559Z   libtheora0 libtwolame0 libudfread0 libunibreak5 libv4l-0t64
2026-09-12T07:56:50.0214794Z   libv4lconvert0t64 libva-drm2 libva-x11-2 libva2 libvdpau1 libvidstab1.1
2026-09-12T07:56:50.0216123Z   libvisual-0.4-0 libvo-aacenc0 libvo-amrwbenc0 libvorbisenc2 libvpl2 libvpx9
2026-09-12T07:56:50.0217461Z   libwavpack1 libwayland-server0 libwebrtc-audio-processing1 libwildmidi2
2026-09-12T07:56:50.0218897Z   libwoff1 libx264-164 libx265-199 libxcb-xkb1 libxkbcommon-x11-0 libxvidcore4
2026-09-12T07:56:50.0220426Z   libyuv0 libzbar0t64 libzimg2 libzix-0-0 libzvbi-common libzvbi0t64 libzxing3
2026-09-12T07:56:50.0221811Z   ocl-icd-libopencl1 session-migration timgm6mb-soundfont xfonts-cyrillic
2026-09-12T07:56:50.0222744Z   xfonts-encodings xfonts-scalable xfonts-utils
2026-09-12T07:56:50.0223611Z 0 upgraded, 181 newly installed, 0 to remove and 50 not upgraded.
2026-09-12T07:56:50.0224354Z Need to get 114 MB of archives.
2026-09-12T07:56:50.0225137Z After this operation, 364 MB of additional disk space will be used.
2026-09-12T07:56:50.0226275Z Get:1 file:/etc/apt/apt-mirrors.txt Mirrorlist [144 B]
2026-09-12T07:56:50.0227808Z Get:2 http://azure.archive.ubuntu.com/ubuntu noble/universe amd64 fonts-ipafont-gothic all 00303-21ubuntu1 [3513 kB]
2026-09-12T07:56:50.0229566Z Get:3 http://azure.archive.ubuntu.com/ubuntu noble/main amd64 fonts-freefont-ttf all 20211204+svn4273-2 [5641 kB]
2026-09-12T07:56:50.0231239Z Get:4 http://azure.archive.ubuntu.com/ubuntu noble/universe amd64 fonts-tlwg-loma-otf all 1:0.7.3-1 [107 kB]
2026-09-12T07:56:50.0233098Z Get:5 http://azure.archive.ubuntu.com/ubuntu noble/universe amd64 fonts-unifont all 1:15.1.01-1build1 [2993 kB]
2026-09-12T07:56:50.0234746Z Get:6 http://azure.archive.ubuntu.com/ubuntu noble/universe amd64 fonts-wqy-zenhei all 0.9.45-8 [7472 kB]
2026-09-12T07:56:50.0236330Z Get:7 http://azure.archive.ubuntu.com/ubuntu noble/main amd64 libproxy1v5 amd64 0.5.4-4build1 [26.5 kB]
2026-09-12T07:56:50.0238144Z Get:8 http://azure.archive.ubuntu.com/ubuntu noble/main amd64 glib-networking-common all 2.80.0-1build1 [6702 B]
2026-09-12T07:56:50.0239906Z Get:9 http://azure.archive.ubuntu.com/ubuntu noble/main amd64 glib-networking-services amd64 2.80.0-1build1 [12.8 kB]
2026-09-12T07:56:50.0241593Z Get:10 http://azure.archive.ubuntu.com/ubuntu noble/main amd64 session-migration amd64 0.3.9build1 [9034 B]
2026-09-12T07:56:50.0243396Z Get:11 http://azure.archive.ubuntu.com/ubuntu noble-updates/main amd64 gsettings-desktop-schemas all 46.1-0ubuntu1 [35.6 kB]
2026-09-12T07:56:50.0245164Z Get:12 http://azure.archive.ubuntu.com/ubuntu noble/main amd64 glib-networking amd64 2.80.0-1build1 [64.1 kB]
2026-09-12T07:56:50.0247227Z Get:13 http://azure.archive.ubuntu.com/ubuntu noble-updates/universe amd64 libva2 amd64 2.20.0-2ubuntu0.2 [66.4 kB]
2026-09-12T07:56:50.0249009Z Get:14 http://azure.archive.ubuntu.com/ubuntu noble-updates/universe amd64 libva-drm2 amd64 2.20.0-2ubuntu0.2 [7124 B]
2026-09-12T07:56:50.0250825Z Get:15 http://azure.archive.ubuntu.com/ubuntu noble-updates/universe amd64 libva-x11-2 amd64 2.20.0-2ubuntu0.2 [12.0 kB]
2026-09-12T07:56:50.0252646Z Get:16 http://azure.archive.ubuntu.com/ubuntu noble/main amd64 libvdpau1 amd64 1.5-2build1 [27.8 kB]
2026-09-12T07:56:50.0254205Z Get:17 http://azure.archive.ubuntu.com/ubuntu noble/universe amd64 libvpl2 amd64 2023.3.0-1build1 [99.8 kB]
2026-09-12T07:56:50.0255897Z Get:18 http://azure.archive.ubuntu.com/ubuntu noble/universe amd64 ocl-icd-libopencl1 amd64 2.3.2-1build1 [38.5 kB]
2026-09-12T07:56:50.0257788Z Get:19 http://azure.archive.ubuntu.com/ubuntu noble/universe amd64 libavutil58 amd64 7:6.1.1-3ubuntu5 [401 kB]
2026-09-12T07:56:50.0259455Z Get:20 http://azure.archive.ubuntu.com/ubuntu noble/universe amd64 libcodec2-1.2 amd64 1.2.0-2build1 [8998 kB]
2026-09-12T07:56:50.0261065Z Get:21 http://azure.archive.ubuntu.com/ubuntu noble/universe amd64 libdav1d7 amd64 1.4.1-1build1 [604 kB]
2026-09-12T07:56:50.0262632Z Get:22 http://azure.archive.ubuntu.com/ubuntu noble/universe amd64 libgsm1 amd64 1.0.22-1build1 [27.8 kB]
2026-09-12T07:56:50.0264228Z Get:23 http://azure.archive.ubuntu.com/ubuntu noble/universe amd64 libhwy1t64 amd64 1.0.7-8.1build1 [584 kB]
2026-09-12T07:56:50.0265985Z Get:24 http://azure.archive.ubuntu.com/ubuntu noble-updates/universe amd64 libjxl0.7 amd64 0.7.0-10.2ubuntu6.1 [1001 kB]
2026-09-12T07:56:50.0267824Z Get:25 http://azure.archive.ubuntu.com/ubuntu noble/main amd64 libmp3lame0 amd64 3.100-6build1 [142 kB]
2026-09-12T07:56:50.0269315Z Get:26 http://azure.archive.ubuntu.com/ubuntu noble/main amd64 libopus0 amd64 1.4-1build1 [208 kB]
2026-09-12T07:56:50.0270983Z Get:27 http://azure.archive.ubuntu.com/ubuntu noble/universe amd64 librav1e0 amd64 0.7.1-2 [1022 kB]
2026-09-12T07:56:50.0272902Z Get:28 http://azure.archive.ubuntu.com/ubuntu noble/main amd64 librsvg2-2 amd64 2.58.0+dfsg-1build1 [2135 kB]
2026-09-12T07:56:50.0274556Z Get:29 http://azure.archive.ubuntu.com/ubuntu noble/universe amd64 libshine3 amd64 3.1.1-2build1 [23.2 kB]
2026-09-12T07:56:50.0276281Z Get:30 http://azure.archive.ubuntu.com/ubuntu noble-updates/main amd64 libspeex1 amd64 1.2.1-2ubuntu2.24.04.1 [59.6 kB]
2026-09-12T07:56:50.0278267Z Get:31 http://azure.archive.ubuntu.com/ubuntu noble/universe amd64 libsvtav1enc1d1 amd64 1.7.0+dfsg-2build1 [2425 kB]
2026-09-12T07:56:50.0279941Z Get:32 http://azure.archive.ubuntu.com/ubuntu noble/universe amd64 libsoxr0 amd64 0.1.3-4build3 [80.0 kB]
2026-09-12T07:56:50.0281610Z Get:33 http://azure.archive.ubuntu.com/ubuntu noble/universe amd64 libswresample4 amd64 7:6.1.1-3ubuntu5 [63.8 kB]
2026-09-12T07:56:50.0283315Z Get:34 http://azure.archive.ubuntu.com/ubuntu noble/main amd64 libtheora0 amd64 1.1.1+dfsg.1-16.1build3 [211 kB]
2026-09-12T07:56:50.0284918Z Get:35 http://azure.archive.ubuntu.com/ubuntu noble/main amd64 libtwolame0 amd64 0.4.0-2build3 [52.3 kB]
2026-09-12T07:56:50.0286496Z Get:36 http://azure.archive.ubuntu.com/ubuntu noble/main amd64 libvorbisenc2 amd64 1.3.7-1build3 [80.8 kB]
2026-09-12T07:56:50.0288364Z Get:37 http://azure.archive.ubuntu.com/ubuntu noble-updates/main amd64 libvpx9 amd64 1.14.0-1ubuntu2.3 [1143 kB]
2026-09-12T07:56:50.0290131Z Get:38 http://azure.archive.ubuntu.com/ubuntu noble/universe amd64 libx264-164 amd64 2:0.164.3108+git31e19f9-1 [604 kB]
2026-09-12T07:56:50.0291802Z Get:39 http://azure.archive.ubuntu.com/ubuntu noble/universe amd64 libx265-199 amd64 3.5-2build1 [1226 kB]
2026-09-12T07:56:50.0293439Z Get:40 http://azure.archive.ubuntu.com/ubuntu noble/universe amd64 libxvidcore4 amd64 2:1.3.7-1build1 [219 kB]
2026-09-12T07:56:50.0295044Z Get:41 http://azure.archive.ubuntu.com/ubuntu noble/universe amd64 libzvbi-common all 0.2.42-2 [42.4 kB]
2026-09-12T07:56:50.0296599Z Get:42 http://azure.archive.ubuntu.com/ubuntu noble/universe amd64 libzvbi0t64 amd64 0.2.42-2 [261 kB]
2026-09-12T07:56:50.0298425Z Get:43 http://azure.archive.ubuntu.com/ubuntu noble/universe amd64 libavcodec60 amd64 7:6.1.1-3ubuntu5 [5851 kB]
2026-09-12T07:56:50.0300080Z Get:44 http://azure.archive.ubuntu.com/ubuntu noble/universe amd64 libunibreak5 amd64 5.1-2build1 [25.0 kB]
2026-09-12T07:56:50.0301679Z Get:45 http://azure.archive.ubuntu.com/ubuntu noble/universe amd64 libass9 amd64 1:0.17.1-2build1 [104 kB]
2026-09-12T07:56:50.0305169Z Get:46 http://azure.archive.ubuntu.com/ubuntu noble/universe amd64 libudfread0 amd64 1.1.2-1build1 [19.0 kB]
2026-09-12T07:56:50.0307110Z Get:47 http://azure.archive.ubuntu.com/ubuntu noble/universe amd64 libbluray2 amd64 1:1.3.4-1build1 [159 kB]
2026-09-12T07:56:50.0308741Z Get:48 http://azure.archive.ubuntu.com/ubuntu noble/universe amd64 libchromaprint1 amd64 1.5.1-5 [30.5 kB]
2026-09-12T07:56:50.0310310Z Get:49 http://azure.archive.ubuntu.com/ubuntu noble/universe amd64 libgme0 amd64 0.6.3-7build1 [134 kB]
2026-09-12T07:56:50.0311982Z Get:50 http://azure.archive.ubuntu.com/ubuntu noble-updates/main amd64 libmpg123-0t64 amd64 1.32.5-1ubuntu1.1 [169 kB]
2026-09-12T07:56:50.0313760Z Get:51 http://azure.archive.ubuntu.com/ubuntu noble/universe amd64 libopenmpt0t64 amd64 0.7.3-1.1build3 [647 kB]
2026-09-12T07:56:50.0315332Z Get:52 http://azure.archive.ubuntu.com/ubuntu noble/universe amd64 libcjson1 amd64 1.7.17-1 [24.8 kB]
2026-09-12T07:56:50.0317047Z Get:53 http://azure.archive.ubuntu.com/ubuntu noble/universe amd64 libmbedcrypto7t64 amd64 2.28.8-1 [209 kB]
2026-09-12T07:56:50.0318629Z Get:54 http://azure.archive.ubuntu.com/ubuntu noble/universe amd64 librist4 amd64 0.2.10+dfsg-2 [74.9 kB]
2026-09-12T07:56:50.0320238Z Get:55 http://azure.archive.ubuntu.com/ubuntu noble/universe amd64 libsrt1.5-gnutls amd64 1.5.3-1build2 [316 kB]
2026-09-12T07:56:50.0322153Z Get:56 http://azure.archive.ubuntu.com/ubuntu noble-updates/main amd64 libssh-gcrypt-4 amd64 0.10.6-2ubuntu0.5 [226 kB]
2026-09-12T07:56:50.0323891Z Get:57 http://azure.archive.ubuntu.com/ubuntu noble/universe amd64 libavformat60 amd64 7:6.1.1-3ubuntu5 [1153 kB]
2026-09-12T07:56:50.0325822Z Get:58 http://azure.archive.ubuntu.com/ubuntu noble/universe amd64 libbs2b0 amd64 3.1.0+dfsg-7build1 [10.6 kB]
2026-09-12T07:56:50.0327586Z Get:59 http://azure.archive.ubuntu.com/ubuntu noble/universe amd64 libflite1 amd64 2.2-6build3 [13.6 MB]
2026-09-12T07:56:50.0329130Z Get:60 http://azure.archive.ubuntu.com/ubuntu noble/universe amd64 libserd-0-0 amd64 0.32.2-1 [43.6 kB]
2026-09-12T07:56:50.0330693Z Get:61 http://azure.archive.ubuntu.com/ubuntu noble/universe amd64 libzix-0-0 amd64 0.4.2-2build1 [23.6 kB]
2026-09-12T07:56:50.0332305Z Get:62 http://azure.archive.ubuntu.com/ubuntu noble/universe amd64 libsord-0-0 amd64 0.16.16-2build1 [15.8 kB]
2026-09-12T07:56:50.0333950Z Get:63 http://azure.archive.ubuntu.com/ubuntu noble/universe amd64 libsratom-0-0 amd64 0.6.16-1build1 [17.3 kB]
2026-09-12T07:56:50.0335597Z Get:64 http://azure.archive.ubuntu.com/ubuntu noble/universe amd64 liblilv-0-0 amd64 0.24.22-1build1 [41.0 kB]
2026-09-12T07:56:50.0337445Z Get:65 http://azure.archive.ubuntu.com/ubuntu noble/universe amd64 libmysofa1 amd64 1.3.2+dfsg-2ubuntu2 [1158 kB]
2026-09-12T07:56:50.0339133Z Get:66 http://azure.archive.ubuntu.com/ubuntu noble/universe amd64 libplacebo338 amd64 6.338.2-2build1 [2654 kB]
2026-09-12T07:56:50.0340786Z Get:67 http://azure.archive.ubuntu.com/ubuntu noble-updates/main amd64 libblas3 amd64 3.12.0-3build1.1 [238 kB]
2026-09-12T07:56:50.0342470Z Get:68 http://azure.archive.ubuntu.com/ubuntu noble-updates/main amd64 liblapack3 amd64 3.12.0-3build1.1 [2646 kB]
2026-09-12T07:56:50.0344057Z Get:69 http://azure.archive.ubuntu.com/ubuntu noble/main amd64 libasyncns0 amd64 0.8-6build4 [11.3 kB]
2026-09-12T07:56:50.0345620Z Get:70 http://azure.archive.ubuntu.com/ubuntu noble/main amd64 libflac12t64 amd64 1.4.3+ds-2.1ubuntu2 [197 kB]
2026-09-12T07:56:50.0347518Z Get:71 http://azure.archive.ubuntu.com/ubuntu noble-updates/main amd64 libsndfile1 amd64 1.2.2-1ubuntu5.24.04.1 [209 kB]
2026-09-12T07:56:50.0349330Z Get:72 http://azure.archive.ubuntu.com/ubuntu noble-updates/main amd64 libpulse0 amd64 1:16.1+dfsg1-2ubuntu10.1 [292 kB]
2026-09-12T07:56:50.0351172Z Get:73 http://azure.archive.ubuntu.com/ubuntu noble/universe amd64 libsphinxbase3t64 amd64 0.8+5prealpha+1-17build2 [126 kB]
2026-09-12T07:56:50.0353134Z Get:74 http://azure.archive.ubuntu.com/ubuntu noble/universe amd64 libpocketsphinx3 amd64 0.8.0+real5prealpha+1-15ubuntu5 [133 kB]
2026-09-12T07:56:50.0355130Z Get:75 http://azure.archive.ubuntu.com/ubuntu noble/universe amd64 libpostproc57 amd64 7:6.1.1-3ubuntu5 [49.9 kB]
2026-09-12T07:56:50.0356765Z Get:76 http://azure.archive.ubuntu.com/ubuntu noble/main amd64 libsamplerate0 amd64 0.2.2-4build1 [1344 kB]
2026-09-12T07:56:50.0358674Z Get:77 http://azure.archive.ubuntu.com/ubuntu noble/universe amd64 librubberband2 amd64 3.3.0+dfsg-2build1 [130 kB]
2026-09-12T07:56:50.0360364Z Get:78 http://azure.archive.ubuntu.com/ubuntu noble/universe amd64 libswscale7 amd64 7:6.1.1-3ubuntu5 [193 kB]
2026-09-12T07:56:50.0361994Z Get:79 http://azure.archive.ubuntu.com/ubuntu noble/universe amd64 libvidstab1.1 amd64 1.1.0-2build1 [38.5 kB]
2026-09-12T07:56:50.0363618Z Get:80 http://azure.archive.ubuntu.com/ubuntu noble/universe amd64 libzimg2 amd64 3.0.5+ds1-1build1 [254 kB]
2026-09-12T07:56:50.0365248Z Get:81 http://azure.archive.ubuntu.com/ubuntu noble/universe amd64 libavfilter9 amd64 7:6.1.1-3ubuntu5 [4235 kB]
2026-09-12T07:56:50.0367179Z Get:82 http://azure.archive.ubuntu.com/ubuntu noble-updates/main amd64 liborc-0.4-0t64 amd64 1:0.4.38-1ubuntu0.1 [207 kB]
2026-09-12T07:56:50.0369140Z Get:83 http://azure.archive.ubuntu.com/ubuntu noble-updates/main amd64 libgstreamer-plugins-base1.0-0 amd64 1.24.2-1ubuntu0.4 [862 kB]
2026-09-12T07:56:50.0371014Z Get:84 http://azure.archive.ubuntu.com/ubuntu noble/universe amd64 gstreamer1.0-libav amd64 1.24.1-1build1 [103 kB]
2026-09-12T07:56:50.0372897Z Get:85 http://azure.archive.ubuntu.com/ubuntu noble/main amd64 libcdparanoia0 amd64 3.10.2+debian-14build3 [48.5 kB]
2026-09-12T07:56:50.0374537Z Get:86 http://azure.archive.ubuntu.com/ubuntu noble/main amd64 libvisual-0.4-0 amd64 0.4.2-2build1 [115 kB]
2026-09-12T07:56:50.0376326Z Get:87 http://azure.archive.ubuntu.com/ubuntu noble-updates/main amd64 gstreamer1.0-plugins-base amd64 1.24.2-1ubuntu0.4 [721 kB]
2026-09-12T07:56:50.0378161Z Get:88 http://azure.archive.ubuntu.com/ubuntu noble/main amd64 libaa1 amd64 1.4p5-51.1 [49.9 kB]
2026-09-12T07:56:50.0379680Z Get:89 http://azure.archive.ubuntu.com/ubuntu noble/main amd64 libraw1394-11 amd64 2.1.2-2build3 [26.2 kB]
2026-09-12T07:56:50.0381414Z Get:90 http://azure.archive.ubuntu.com/ubuntu noble/main amd64 libavc1394-0 amd64 0.5.4-5build3 [15.4 kB]
2026-09-12T07:56:50.0383187Z Get:91 http://azure.archive.ubuntu.com/ubuntu noble-updates/main amd64 libcaca0 amd64 0.99.beta20-4ubuntu0.2 [209 kB]
2026-09-12T07:56:50.0385143Z Get:92 http://azure.archive.ubuntu.com/ubuntu noble/main amd64 libdv4t64 amd64 1.0.0-17.1build1 [63.2 kB]
2026-09-12T07:56:50.0387348Z Get:93 http://azure.archive.ubuntu.com/ubuntu noble-updates/main amd64 libgstreamer-plugins-good1.0-0 amd64 1.24.2-1ubuntu1.5 [33.5 kB]
2026-09-12T07:56:50.0389335Z Get:94 http://azure.archive.ubuntu.com/ubuntu noble/main amd64 libiec61883-0 amd64 1.2.0-6build1 [24.5 kB]
2026-09-12T07:56:50.0391024Z Get:95 http://azure.archive.ubuntu.com/ubuntu noble/main amd64 libshout3 amd64 2.4.6-1build2 [50.3 kB]
2026-09-12T07:56:50.0392780Z Get:96 http://azure.archive.ubuntu.com/ubuntu noble/main amd64 libtag1v5-vanilla amd64 1.13.1-1build1 [326 kB]
2026-09-12T07:56:50.0394562Z Get:97 http://azure.archive.ubuntu.com/ubuntu noble/main amd64 libtag1v5 amd64 1.13.1-1build1 [11.7 kB]
2026-09-12T07:56:50.0396244Z Get:98 http://azure.archive.ubuntu.com/ubuntu noble/main amd64 libv4lconvert0t64 amd64 1.26.1-4build3 [87.6 kB]
2026-09-12T07:56:50.0398288Z Get:99 http://azure.archive.ubuntu.com/ubuntu noble/main amd64 libv4l-0t64 amd64 1.26.1-4build3 [46.9 kB]
2026-09-12T07:56:50.0399957Z Get:100 http://azure.archive.ubuntu.com/ubuntu noble/main amd64 libwavpack1 amd64 5.6.0-1build1 [84.6 kB]
2026-09-12T07:56:50.0401952Z Get:101 http://azure.archive.ubuntu.com/ubuntu noble-updates/main amd64 libsoup-3.0-common all 3.4.4-5ubuntu0.7 [11.6 kB]
2026-09-12T07:56:50.0421933Z Get:102 http://azure.archive.ubuntu.com/ubuntu noble-updates/main amd64 libsoup-3.0-0 amd64 3.4.4-5ubuntu0.7 [292 kB]
2026-09-12T07:56:50.0424053Z Get:103 http://azure.archive.ubuntu.com/ubuntu noble-updates/main amd64 gstreamer1.0-plugins-good amd64 1.24.2-1ubuntu1.5 [2236 kB]
2026-09-12T07:56:50.0427025Z Get:104 http://azure.archive.ubuntu.com/ubuntu noble-updates/main amd64 libabsl20220623t64 amd64 20220623.1-3.1ubuntu3.2 [423 kB]
2026-09-12T07:56:50.0429295Z Get:105 http://azure.archive.ubuntu.com/ubuntu noble/universe amd64 libgav1-1 amd64 0.18.0-1build3 [357 kB]
2026-09-12T07:56:50.0431398Z Get:106 http://azure.archive.ubuntu.com/ubuntu noble/universe amd64 libyuv0 amd64 0.0~git202401110.af6ac82-1 [178 kB]
2026-09-12T07:56:50.0433440Z Get:107 http://azure.archive.ubuntu.com/ubuntu noble/universe amd64 libavif16 amd64 1.0.4-1ubuntu3 [91.2 kB]
2026-09-12T07:56:50.0435211Z Get:108 http://azure.archive.ubuntu.com/ubuntu noble/universe amd64 libavtp0 amd64 0.2.0-1build1 [6414 B]
2026-09-12T07:56:50.0437315Z Get:109 http://azure.archive.ubuntu.com/ubuntu noble/main amd64 libcairo-script-interpreter2 amd64 1.18.0-3build1 [60.3 kB]
2026-09-12T07:56:50.0439544Z Get:110 http://azure.archive.ubuntu.com/ubuntu noble/universe amd64 libdc1394-25 amd64 2.2.6-4build1 [90.1 kB]
2026-09-12T07:56:50.0441622Z Get:111 http://azure.archive.ubuntu.com/ubuntu noble-updates/main amd64 libde265-0 amd64 1.0.15-1ubuntu0.1 [167 kB]
2026-09-12T07:56:50.0443655Z Get:112 http://azure.archive.ubuntu.com/ubuntu noble/main amd64 libdecor-0-0 amd64 0.2.2-1build2 [16.5 kB]
2026-09-12T07:56:50.0445407Z Get:113 http://azure.archive.ubuntu.com/ubuntu noble/main amd64 libgles2 amd64 1.7.0-1build1 [17.1 kB]
2026-09-12T07:56:50.0447806Z Get:114 http://azure.archive.ubuntu.com/ubuntu noble/universe amd64 libdirectfb-1.7-7t64 amd64 1.7.7-11.1ubuntu2 [1035 kB]
2026-09-12T07:56:50.0450010Z Get:115 http://azure.archive.ubuntu.com/ubuntu noble/universe amd64 libdvdread8t64 amd64 6.1.3-1.1build1 [54.7 kB]
2026-09-12T07:56:50.0452031Z Get:116 http://azure.archive.ubuntu.com/ubuntu noble/universe amd64 libdvdnav4 amd64 6.1.1-3build1 [39.5 kB]
2026-09-12T07:56:50.0454143Z Get:117 http://azure.archive.ubuntu.com/ubuntu noble-updates/main amd64 libegl-mesa0 amd64 25.2.8-0ubuntu0.24.04.2 [117 kB]
2026-09-12T07:56:50.0456392Z Get:118 http://azure.archive.ubuntu.com/ubuntu noble-updates/main amd64 libevent-2.1-7t64 amd64 2.1.12-stable-9ubuntu2.1 [146 kB]
2026-09-12T07:56:50.0458642Z Get:119 http://azure.archive.ubuntu.com/ubuntu noble/universe amd64 libfaad2 amd64 2.11.1-1build1 [207 kB]
2026-09-12T07:56:50.0460526Z Get:120 http://azure.archive.ubuntu.com/ubuntu noble/universe amd64 libinstpatch-1.0-2 amd64 1.1.6-1build2 [251 kB]
2026-09-12T07:56:50.0462667Z Get:121 http://azure.archive.ubuntu.com/ubuntu noble/main amd64 libjack-jackd2-0 amd64 1.9.21~dfsg-3ubuntu3 [289 kB]
2026-09-12T07:56:50.0464832Z Get:122 http://azure.archive.ubuntu.com/ubuntu noble/main amd64 libwebrtc-audio-processing1 amd64 0.3.1-0ubuntu6 [290 kB]
2026-09-12T07:56:50.0467028Z Get:123 http://azure.archive.ubuntu.com/ubuntu noble-updates/main amd64 libspa-0.2-modules amd64 1.0.5-1ubuntu3.3 [628 kB]
2026-09-12T07:56:50.0469308Z Get:124 http://azure.archive.ubuntu.com/ubuntu noble-updates/main amd64 libpipewire-0.3-0t64 amd64 1.0.5-1ubuntu3.3 [252 kB]
2026-09-12T07:56:50.0471572Z Get:125 http://azure.archive.ubuntu.com/ubuntu noble-updates/main amd64 libsdl2-2.0-0 amd64 2.30.0+dfsg-1ubuntu3.1 [686 kB]
2026-09-12T07:56:50.0473643Z Get:126 http://azure.archive.ubuntu.com/ubuntu noble/universe amd64 timgm6mb-soundfont all 1.3-5 [5427 kB]
2026-09-12T07:56:50.0475637Z Get:127 http://azure.archive.ubuntu.com/ubuntu noble/universe amd64 libfluidsynth3 amd64 2.3.4-1build3 [249 kB]
2026-09-12T07:56:50.0477443Z Get:128 http://azure.archive.ubuntu.com/ubuntu noble/main amd64 libfreeaptx0 amd64 0.1.1-2build1 [13.5 kB]
2026-09-12T07:56:50.0479508Z Get:129 http://azure.archive.ubuntu.com/ubuntu noble/main amd64 libgraphene-1.0-0 amd64 1.10.8-3build2 [46.2 kB]
2026-09-12T07:56:50.0481509Z Get:130 http://azure.archive.ubuntu.com/ubuntu noble/main amd64 libgssdp-1.6-0 amd64 1.6.3-1build3 [40.4 kB]
2026-09-12T07:56:50.0483240Z Get:131 http://azure.archive.ubuntu.com/ubuntu noble/main amd64 libegl1 amd64 1.7.0-1build1 [28.7 kB]
2026-09-12T07:56:50.0485592Z Get:132 http://azure.archive.ubuntu.com/ubuntu noble-updates/main amd64 libgstreamer-gl1.0-0 amd64 1.24.2-1ubuntu0.4 [214 kB]
2026-09-12T07:56:50.0487770Z Get:133 http://azure.archive.ubuntu.com/ubuntu noble-updates/main amd64 libgtk-4-common all 4.14.5+ds-0ubuntu0.10 [1497 kB]
2026-09-12T07:56:50.0489801Z Get:134 http://azure.archive.ubuntu.com/ubuntu noble-updates/main amd64 libgtk-4-1 amd64 4.14.5+ds-0ubuntu0.10 [3295 kB]
2026-09-12T07:56:50.0491512Z Get:135 http://azure.archive.ubuntu.com/ubuntu noble/main amd64 libgupnp-1.6-0 amd64 1.6.6-1build3 [92.7 kB]
2026-09-12T07:56:50.0493395Z Get:136 http://azure.archive.ubuntu.com/ubuntu noble/universe amd64 libgupnp-igd-1.6-0 amd64 1.6.0-3build3 [16.5 kB]
2026-09-12T07:56:50.0495106Z Get:137 http://azure.archive.ubuntu.com/ubuntu noble/main amd64 libharfbuzz-icu0 amd64 8.3.0-2build2 [13.3 kB]
2026-09-12T07:56:50.0496692Z Get:138 http://azure.archive.ubuntu.com/ubuntu noble/main amd64 libhyphen0 amd64 2.8.8-7build3 [26.5 kB]
2026-09-12T07:56:50.0498576Z Get:139 http://azure.archive.ubuntu.com/ubuntu noble/universe amd64 libimath-3-1-29t64 amd64 3.1.9-3.1ubuntu2 [72.2 kB]
2026-09-12T07:56:50.0500370Z Get:140 http://azure.archive.ubuntu.com/ubuntu noble/main amd64 liblc3-1 amd64 1.0.4-3build1 [69.7 kB]
2026-09-12T07:56:50.0502142Z Get:141 http://azure.archive.ubuntu.com/ubuntu noble/main amd64 libldacbt-enc2 amd64 2.0.2.3+git20200429+ed310a0-4ubuntu2 [27.1 kB]
2026-09-12T07:56:50.0504141Z Get:142 http://azure.archive.ubuntu.com/ubuntu noble-updates/main amd64 libraptor2-0 amd64 2.0.16-3ubuntu0.1 [165 kB]
2026-09-12T07:56:50.0505828Z Get:143 http://azure.archive.ubuntu.com/ubuntu noble/universe amd64 liblrdf0 amd64 0.6.1-4build1 [18.5 kB]
2026-09-12T07:56:50.0507623Z Get:144 http://azure.archive.ubuntu.com/ubuntu noble/universe amd64 libltc11 amd64 1.3.2-1build1 [13.0 kB]
2026-09-12T07:56:50.0509235Z Get:145 http://azure.archive.ubuntu.com/ubuntu noble/main amd64 libmanette-0.2-0 amd64 0.2.7-1build2 [30.6 kB]
2026-09-12T07:56:50.0510786Z Get:146 http://azure.archive.ubuntu.com/ubuntu noble/universe amd64 libmfx1 amd64 22.5.4-1 [3124 kB]
2026-09-12T07:56:50.0512752Z Get:147 http://azure.archive.ubuntu.com/ubuntu noble/universe amd64 libmjpegutils-2.1-0t64 amd64 1:2.1.0+debian-8.1build1 [25.5 kB]
2026-09-12T07:56:50.0514661Z Get:148 http://azure.archive.ubuntu.com/ubuntu noble/universe amd64 libmodplug1 amd64 1:0.8.9.0-3build1 [166 kB]
2026-09-12T07:56:50.0516361Z Get:149 http://azure.archive.ubuntu.com/ubuntu noble/universe amd64 libmpcdec6 amd64 2:0.1~r495-2build1 [32.7 kB]
2026-09-12T07:56:50.0518437Z Get:150 http://azure.archive.ubuntu.com/ubuntu noble/universe amd64 libmpeg2encpp-2.1-0t64 amd64 1:2.1.0+debian-8.1build1 [75.6 kB]
2026-09-12T07:56:50.0520407Z Get:151 http://azure.archive.ubuntu.com/ubuntu noble/universe amd64 libmplex2-2.1-0t64 amd64 1:2.1.0+debian-8.1build1 [46.1 kB]
2026-09-12T07:56:50.0522186Z Get:152 http://azure.archive.ubuntu.com/ubuntu noble/universe amd64 libneon27t64 amd64 0.33.0-1.1build3 [102 kB]
2026-09-12T07:56:50.0523821Z Get:153 http://azure.archive.ubuntu.com/ubuntu noble/universe amd64 libnice10 amd64 0.1.21-2build3 [157 kB]
2026-09-12T07:56:50.0525458Z Get:154 http://azure.archive.ubuntu.com/ubuntu noble/universe amd64 libopenal-data all 1:1.23.1-4build1 [161 kB]
2026-09-12T07:56:50.0527382Z Get:155 http://azure.archive.ubuntu.com/ubuntu noble/universe amd64 libopenexr-3-1-30 amd64 3.1.5-5.1build3 [1004 kB]
2026-09-12T07:56:50.0529071Z Get:156 http://azure.archive.ubuntu.com/ubuntu noble/universe amd64 libopenh264-7 amd64 2.4.1+dfsg-1 [409 kB]
2026-09-12T07:56:50.0530733Z Get:157 http://azure.archive.ubuntu.com/ubuntu noble/universe amd64 libopenni2-0 amd64 2.2.0.33+dfsg-18 [370 kB]
2026-09-12T07:56:50.0532388Z Get:158 http://azure.archive.ubuntu.com/ubuntu noble/universe amd64 libqrencode4 amd64 4.1.1-1build2 [25.0 kB]
2026-09-12T07:56:50.0534019Z Get:159 http://azure.archive.ubuntu.com/ubuntu noble/main amd64 libsecret-common all 0.21.4-1build3 [4962 B]
2026-09-12T07:56:50.0535865Z Get:160 http://azure.archive.ubuntu.com/ubuntu noble/main amd64 libsecret-1-0 amd64 0.21.4-1build3 [116 kB]
2026-09-12T07:56:50.0537697Z Get:161 http://azure.archive.ubuntu.com/ubuntu noble/universe amd64 libsndio7.0 amd64 1.9.0-0.3build3 [29.6 kB]
2026-09-12T07:56:50.0539825Z Get:162 http://azure.archive.ubuntu.com/ubuntu noble/universe amd64 libsoundtouch1 amd64 2.3.2+ds1-1build1 [60.5 kB]
2026-09-12T07:56:50.0541640Z Get:163 http://azure.archive.ubuntu.com/ubuntu noble/universe amd64 libspandsp2t64 amd64 0.0.6+dfsg-2.1build1 [311 kB]
2026-09-12T07:56:50.0543327Z Get:164 http://azure.archive.ubuntu.com/ubuntu noble/universe amd64 libsrtp2-1 amd64 2.5.0-3build1 [41.9 kB]
2026-09-12T07:56:50.0545005Z Get:165 http://azure.archive.ubuntu.com/ubuntu noble/main amd64 libwayland-server0 amd64 1.22.0-2.1build1 [33.9 kB]
2026-09-12T07:56:50.0546674Z Get:166 http://azure.archive.ubuntu.com/ubuntu noble/universe amd64 libwildmidi2 amd64 0.4.3-1build3 [68.5 kB]
2026-09-12T07:56:50.0548445Z Get:167 http://azure.archive.ubuntu.com/ubuntu noble/main amd64 libwoff1 amd64 1.0.2-2build1 [45.3 kB]
2026-09-12T07:56:50.0550000Z Get:168 http://azure.archive.ubuntu.com/ubuntu noble/main amd64 libxcb-xkb1 amd64 1.15-1ubuntu2 [32.3 kB]
2026-09-12T07:56:50.0551620Z Get:169 http://azure.archive.ubuntu.com/ubuntu noble/main amd64 libxkbcommon-x11-0 amd64 1.6.0-1build1 [14.5 kB]
2026-09-12T07:56:50.0553270Z Get:170 http://azure.archive.ubuntu.com/ubuntu noble/universe amd64 libzbar0t64 amd64 0.23.93-4build3 [123 kB]
2026-09-12T07:56:50.0554991Z Get:171 http://azure.archive.ubuntu.com/ubuntu noble/universe amd64 libzxing3 amd64 2.2.1-3 [583 kB]
2026-09-12T07:56:50.0556573Z Get:172 http://azure.archive.ubuntu.com/ubuntu noble/main amd64 xfonts-encodings all 1:1.0.5-0ubuntu2 [578 kB]
2026-09-12T07:56:50.0558441Z Get:173 http://azure.archive.ubuntu.com/ubuntu noble/main amd64 xfonts-utils amd64 1:7.7+6build3 [94.4 kB]
2026-09-12T07:56:50.0560056Z Get:174 http://azure.archive.ubuntu.com/ubuntu noble/universe amd64 xfonts-cyrillic all 1:1.0.5+nmu1 [384 kB]
2026-09-12T07:56:50.0561669Z Get:175 http://azure.archive.ubuntu.com/ubuntu noble/main amd64 xfonts-scalable all 1:1.0.3-1.3 [304 kB]
2026-09-12T07:56:50.0563450Z Get:176 http://azure.archive.ubuntu.com/ubuntu noble/universe amd64 libgstreamer-plugins-bad1.0-0 amd64 1.24.2-1ubuntu4 [797 kB]
2026-09-12T07:56:50.0565204Z Get:177 http://azure.archive.ubuntu.com/ubuntu noble/universe amd64 libdca0 amd64 0.0.7-2build1 [93.8 kB]
2026-09-12T07:56:50.0566818Z Get:178 http://azure.archive.ubuntu.com/ubuntu noble/universe amd64 libopenal1 amd64 1:1.23.1-4build1 [540 kB]
2026-09-12T07:56:50.0568564Z Get:179 http://azure.archive.ubuntu.com/ubuntu noble/main amd64 libsbc1 amd64 2.0-1build1 [33.9 kB]
2026-09-12T07:56:50.0570143Z Get:180 http://azure.archive.ubuntu.com/ubuntu noble/universe amd64 libvo-aacenc0 amd64 0.1.3-2build1 [67.8 kB]
2026-09-12T07:56:50.0571844Z Get:181 http://azure.archive.ubuntu.com/ubuntu noble/universe amd64 libvo-amrwbenc0 amd64 0.1.3-2build1 [76.7 kB]
2026-09-12T07:56:50.0573660Z Get:182 http://azure.archive.ubuntu.com/ubuntu noble/universe amd64 gstreamer1.0-plugins-bad amd64 1.24.2-1ubuntu4 [3081 kB]
2026-09-12T07:56:50.0574817Z Fetched 114 MB in 4s (31.9 MB/s)
2026-09-12T07:56:50.0575603Z Selecting previously unselected package fonts-ipafont-gothic.
2026-09-12T07:56:50.0576321Z (Reading database ... 
2026-09-12T07:56:50.0576786Z (Reading database ... 5%
2026-09-12T07:56:50.0577466Z (Reading database ... 10%
2026-09-12T07:56:50.0577940Z (Reading database ... 15%
2026-09-12T07:56:50.0578411Z (Reading database ... 20%
2026-09-12T07:56:50.0578875Z (Reading database ... 25%
2026-09-12T07:56:50.0579326Z (Reading database ... 30%
2026-09-12T07:56:50.0579785Z (Reading database ... 35%
2026-09-12T07:56:50.0580241Z (Reading database ... 40%
2026-09-12T07:56:50.0580704Z (Reading database ... 45%
2026-09-12T07:56:50.0581160Z (Reading database ... 50%
2026-09-12T07:56:50.0581623Z (Reading database ... 55%
2026-09-12T07:56:50.0582083Z (Reading database ... 60%
2026-09-12T07:56:50.0582741Z (Reading database ... 65%
2026-09-12T07:56:50.0583190Z (Reading database ... 70%
2026-09-12T07:56:50.0583647Z (Reading database ... 75%
2026-09-12T07:56:50.0584097Z (Reading database ... 80%
2026-09-12T07:56:50.0584549Z (Reading database ... 85%
2026-09-12T07:56:50.0585002Z (Reading database ... 90%
2026-09-12T07:56:50.0585447Z (Reading database ... 95%
2026-09-12T07:56:50.0585906Z (Reading database ... 100%
2026-09-12T07:56:50.0586707Z (Reading database ... 201818 files and directories currently installed.)
2026-09-12T07:56:50.0588087Z Preparing to unpack .../000-fonts-ipafont-gothic_00303-21ubuntu1_all.deb ...
2026-09-12T07:56:50.0589054Z Unpacking fonts-ipafont-gothic (00303-21ubuntu1) ...
2026-09-12T07:56:50.0589937Z Selecting previously unselected package fonts-freefont-ttf.
2026-09-12T07:56:50.0591211Z Preparing to unpack .../001-fonts-freefont-ttf_20211204+svn4273-2_all.deb ...
2026-09-12T07:56:50.0592167Z Unpacking fonts-freefont-ttf (20211204+svn4273-2) ...
2026-09-12T07:56:50.0593045Z Selecting previously unselected package fonts-tlwg-loma-otf.
2026-09-12T07:56:50.0594049Z Preparing to unpack .../002-fonts-tlwg-loma-otf_1%3a0.7.3-1_all.deb ...
2026-09-12T07:56:50.0594914Z Unpacking fonts-tlwg-loma-otf (1:0.7.3-1) ...
2026-09-12T07:56:50.0595688Z Selecting previously unselected package fonts-unifont.
2026-09-12T07:56:50.0596662Z Preparing to unpack .../003-fonts-unifont_1%3a15.1.01-1build1_all.deb ...
2026-09-12T07:56:50.0603390Z Unpacking fonts-unifont (1:15.1.01-1build1) ...
2026-09-12T07:56:50.0604407Z Selecting previously unselected package fonts-wqy-zenhei.
2026-09-12T07:56:50.0605343Z Preparing to unpack .../004-fonts-wqy-zenhei_0.9.45-8_all.deb ...
2026-09-12T07:56:50.0606134Z Unpacking fonts-wqy-zenhei (0.9.45-8) ...
2026-09-12T07:56:50.0607149Z Selecting previously unselected package libproxy1v5:amd64.
2026-09-12T07:56:50.0608129Z Preparing to unpack .../005-libproxy1v5_0.5.4-4build1_amd64.deb ...
2026-09-12T07:56:50.0608987Z Unpacking libproxy1v5:amd64 (0.5.4-4build1) ...
2026-09-12T07:56:50.0609875Z Selecting previously unselected package glib-networking-common.
2026-09-12T07:56:50.0610951Z Preparing to unpack .../006-glib-networking-common_2.80.0-1build1_all.deb ...
2026-09-12T07:56:50.0611907Z Unpacking glib-networking-common (2.80.0-1build1) ...
2026-09-12T07:56:50.0612830Z Selecting previously unselected package glib-networking-services.
2026-09-12T07:56:50.0614045Z Preparing to unpack .../007-glib-networking-services_2.80.0-1build1_amd64.deb ...
2026-09-12T07:56:50.0615060Z Unpacking glib-networking-services (2.80.0-1build1) ...
2026-09-12T07:56:50.0615930Z Selecting previously unselected package session-migration.
2026-09-12T07:56:50.0617163Z Preparing to unpack .../008-session-migration_0.3.9build1_amd64.deb ...
2026-09-12T07:56:50.0618019Z Unpacking session-migration (0.3.9build1) ...
2026-09-12T07:56:50.0618906Z Selecting previously unselected package gsettings-desktop-schemas.
2026-09-12T07:56:50.0620015Z Preparing to unpack .../009-gsettings-desktop-schemas_46.1-0ubuntu1_all.deb ...
2026-09-12T07:56:50.0621011Z Unpacking gsettings-desktop-schemas (46.1-0ubuntu1) ...
2026-09-12T07:56:50.0621917Z Selecting previously unselected package glib-networking:amd64.
2026-09-12T07:56:50.0622933Z Preparing to unpack .../010-glib-networking_2.80.0-1build1_amd64.deb ...
2026-09-12T07:56:50.0623830Z Unpacking glib-networking:amd64 (2.80.0-1build1) ...
2026-09-12T07:56:50.0624634Z Selecting previously unselected package libva2:amd64.
2026-09-12T07:56:50.0625520Z Preparing to unpack .../011-libva2_2.20.0-2ubuntu0.2_amd64.deb ...
2026-09-12T07:56:50.0626343Z Unpacking libva2:amd64 (2.20.0-2ubuntu0.2) ...
2026-09-12T07:56:50.0627337Z Selecting previously unselected package libva-drm2:amd64.
2026-09-12T07:56:50.0628296Z Preparing to unpack .../012-libva-drm2_2.20.0-2ubuntu0.2_amd64.deb ...
2026-09-12T07:56:50.0629160Z Unpacking libva-drm2:amd64 (2.20.0-2ubuntu0.2) ...
2026-09-12T07:56:50.0629980Z Selecting previously unselected package libva-x11-2:amd64.
2026-09-12T07:56:50.0630944Z Preparing to unpack .../013-libva-x11-2_2.20.0-2ubuntu0.2_amd64.deb ...
2026-09-12T07:56:50.0632043Z Unpacking libva-x11-2:amd64 (2.20.0-2ubuntu0.2) ...
2026-09-12T07:56:50.0632866Z Selecting previously unselected package libvdpau1:amd64.
2026-09-12T07:56:50.0633765Z Preparing to unpack .../014-libvdpau1_1.5-2build1_amd64.deb ...
2026-09-12T07:56:50.0634549Z Unpacking libvdpau1:amd64 (1.5-2build1) ...
2026-09-12T07:56:50.0635261Z Selecting previously unselected package libvpl2.
2026-09-12T07:56:50.0636144Z Preparing to unpack .../015-libvpl2_2023.3.0-1build1_amd64.deb ...
2026-09-12T07:56:50.0637090Z Unpacking libvpl2 (2023.3.0-1build1) ...
2026-09-12T07:56:50.0637938Z Selecting previously unselected package ocl-icd-libopencl1:amd64.
2026-09-12T07:56:50.0638987Z Preparing to unpack .../016-ocl-icd-libopencl1_2.3.2-1build1_amd64.deb ...
2026-09-12T07:56:50.0639921Z Unpacking ocl-icd-libopencl1:amd64 (2.3.2-1build1) ...
2026-09-12T07:56:50.0640782Z Selecting previously unselected package libavutil58:amd64.
2026-09-12T07:56:50.0641755Z Preparing to unpack .../017-libavutil58_7%3a6.1.1-3ubuntu5_amd64.deb ...
2026-09-12T07:56:50.0642641Z Unpacking libavutil58:amd64 (7:6.1.1-3ubuntu5) ...
2026-09-12T07:56:50.0643491Z Selecting previously unselected package libcodec2-1.2:amd64.
2026-09-12T07:56:50.0644464Z Preparing to unpack .../018-libcodec2-1.2_1.2.0-2build1_amd64.deb ...
2026-09-12T07:56:50.0645310Z Unpacking libcodec2-1.2:amd64 (1.2.0-2build1) ...
2026-09-12T07:56:50.0646118Z Selecting previously unselected package libdav1d7:amd64.
2026-09-12T07:56:50.0647414Z Preparing to unpack .../019-libdav1d7_1.4.1-1build1_amd64.deb ...
2026-09-12T07:56:50.0648238Z Unpacking libdav1d7:amd64 (1.4.1-1build1) ...
2026-09-12T07:56:50.0649008Z Selecting previously unselected package libgsm1:amd64.
2026-09-12T07:56:50.0649892Z Preparing to unpack .../020-libgsm1_1.0.22-1build1_amd64.deb ...
2026-09-12T07:56:50.0650672Z Unpacking libgsm1:amd64 (1.0.22-1build1) ...
2026-09-12T07:56:50.0651538Z Selecting previously unselected package libhwy1t64:amd64.
2026-09-12T07:56:50.0652474Z Preparing to unpack .../021-libhwy1t64_1.0.7-8.1build1_amd64.deb ...
2026-09-12T07:56:50.0653301Z Unpacking libhwy1t64:amd64 (1.0.7-8.1build1) ...
2026-09-12T07:56:50.0654100Z Selecting previously unselected package libjxl0.7:amd64.
2026-09-12T07:56:50.0655040Z Preparing to unpack .../022-libjxl0.7_0.7.0-10.2ubuntu6.1_amd64.deb ...
2026-09-12T07:56:50.0655908Z Unpacking libjxl0.7:amd64 (0.7.0-10.2ubuntu6.1) ...
2026-09-12T07:56:50.0656726Z Selecting previously unselected package libmp3lame0:amd64.
2026-09-12T07:56:50.0657989Z Preparing to unpack .../023-libmp3lame0_3.100-6build1_amd64.deb ...
2026-09-12T07:56:50.0658814Z Unpacking libmp3lame0:amd64 (3.100-6build1) ...
2026-09-12T07:56:50.0659621Z Selecting previously unselected package libopus0:amd64.
2026-09-12T07:56:50.0660494Z Preparing to unpack .../024-libopus0_1.4-1build1_amd64.deb ...
2026-09-12T07:56:50.0661278Z Unpacking libopus0:amd64 (1.4-1build1) ...
2026-09-12T07:56:50.0662042Z Selecting previously unselected package librav1e0:amd64.
2026-09-12T07:56:50.0662918Z Preparing to unpack .../025-librav1e0_0.7.1-2_amd64.deb ...
2026-09-12T07:56:50.0663639Z Unpacking librav1e0:amd64 (0.7.1-2) ...
2026-09-12T07:56:50.0664391Z Selecting previously unselected package librsvg2-2:amd64.
2026-09-12T07:56:50.0665356Z Preparing to unpack .../026-librsvg2-2_2.58.0+dfsg-1build1_amd64.deb ...
2026-09-12T07:56:50.0666248Z Unpacking librsvg2-2:amd64 (2.58.0+dfsg-1build1) ...
2026-09-12T07:56:50.0667245Z Selecting previously unselected package libshine3:amd64.
2026-09-12T07:56:50.0668157Z Preparing to unpack .../027-libshine3_3.1.1-2build1_amd64.deb ...
2026-09-12T07:56:50.0668964Z Unpacking libshine3:amd64 (3.1.1-2build1) ...
2026-09-12T07:56:50.0669745Z Selecting previously unselected package libspeex1:amd64.
2026-09-12T07:56:50.0670719Z Preparing to unpack .../028-libspeex1_1.2.1-2ubuntu2.24.04.1_amd64.deb ...
2026-09-12T07:56:50.0671626Z Unpacking libspeex1:amd64 (1.2.1-2ubuntu2.24.04.1) ...
2026-09-12T07:56:50.0672512Z Selecting previously unselected package libsvtav1enc1d1:amd64.
2026-09-12T07:56:50.0673777Z Preparing to unpack .../029-libsvtav1enc1d1_1.7.0+dfsg-2build1_amd64.deb ...
2026-09-12T07:56:50.0674736Z Unpacking libsvtav1enc1d1:amd64 (1.7.0+dfsg-2build1) ...
2026-09-12T07:56:50.0675572Z Selecting previously unselected package libsoxr0:amd64.
2026-09-12T07:56:50.0676467Z Preparing to unpack .../030-libsoxr0_0.1.3-4build3_amd64.deb ...
2026-09-12T07:56:50.0677445Z Unpacking libsoxr0:amd64 (0.1.3-4build3) ...
2026-09-12T07:56:50.0678278Z Selecting previously unselected package libswresample4:amd64.
2026-09-12T07:56:50.0679316Z Preparing to unpack .../031-libswresample4_7%3a6.1.1-3ubuntu5_amd64.deb ...
2026-09-12T07:56:50.0680235Z Unpacking libswresample4:amd64 (7:6.1.1-3ubuntu5) ...
2026-09-12T07:56:50.0681076Z Selecting previously unselected package libtheora0:amd64.
2026-09-12T07:56:50.0682103Z Preparing to unpack .../032-libtheora0_1.1.1+dfsg.1-16.1build3_amd64.deb ...
2026-09-12T07:56:50.0683056Z Unpacking libtheora0:amd64 (1.1.1+dfsg.1-16.1build3) ...
2026-09-12T07:56:50.0683922Z Selecting previously unselected package libtwolame0:amd64.
2026-09-12T07:56:50.0684862Z Preparing to unpack .../033-libtwolame0_0.4.0-2build3_amd64.deb ...
2026-09-12T07:56:50.0685686Z Unpacking libtwolame0:amd64 (0.4.0-2build3) ...
2026-09-12T07:56:50.0686521Z Selecting previously unselected package libvorbisenc2:amd64.
2026-09-12T07:56:50.0687674Z Preparing to unpack .../034-libvorbisenc2_1.3.7-1build3_amd64.deb ...
2026-09-12T07:56:50.0688532Z Unpacking libvorbisenc2:amd64 (1.3.7-1build3) ...
2026-09-12T07:56:50.0689495Z Selecting previously unselected package libvpx9:amd64.
2026-09-12T07:56:50.0690406Z Preparing to unpack .../035-libvpx9_1.14.0-1ubuntu2.3_amd64.deb ...
2026-09-12T07:56:50.0691228Z Unpacking libvpx9:amd64 (1.14.0-1ubuntu2.3) ...
2026-09-12T07:56:50.0692664Z Selecting previously unselected package libx264-164:amd64.
2026-09-12T07:56:50.0693737Z Preparing to unpack .../036-libx264-164_2%3a0.164.3108+git31e19f9-1_amd64.deb ...
2026-09-12T07:56:50.0694745Z Unpacking libx264-164:amd64 (2:0.164.3108+git31e19f9-1) ...
2026-09-12T07:56:50.0695618Z Selecting previously unselected package libx265-199:amd64.
2026-09-12T07:56:50.0696543Z Preparing to unpack .../037-libx265-199_3.5-2build1_amd64.deb ...
2026-09-12T07:56:50.0697522Z Unpacking libx265-199:amd64 (3.5-2build1) ...
2026-09-12T07:56:50.0698343Z Selecting previously unselected package libxvidcore4:amd64.
2026-09-12T07:56:50.0699343Z Preparing to unpack .../038-libxvidcore4_2%3a1.3.7-1build1_amd64.deb ...
2026-09-12T07:56:50.0700230Z Unpacking libxvidcore4:amd64 (2:1.3.7-1build1) ...
2026-09-12T07:56:50.0701043Z Selecting previously unselected package libzvbi-common.
2026-09-12T07:56:50.0701937Z Preparing to unpack .../039-libzvbi-common_0.2.42-2_all.deb ...
2026-09-12T07:56:50.0702702Z Unpacking libzvbi-common (0.2.42-2) ...
2026-09-12T07:56:50.0703469Z Selecting previously unselected package libzvbi0t64:amd64.
2026-09-12T07:56:50.0704366Z Preparing to unpack .../040-libzvbi0t64_0.2.42-2_amd64.deb ...
2026-09-12T07:56:50.0705135Z Unpacking libzvbi0t64:amd64 (0.2.42-2) ...
2026-09-12T07:56:50.0705922Z Selecting previously unselected package libavcodec60:amd64.
2026-09-12T07:56:50.0707088Z Preparing to unpack .../041-libavcodec60_7%3a6.1.1-3ubuntu5_amd64.deb ...
2026-09-12T07:56:50.0707992Z Unpacking libavcodec60:amd64 (7:6.1.1-3ubuntu5) ...
2026-09-12T07:56:50.0708841Z Selecting previously unselected package libunibreak5:amd64.
2026-09-12T07:56:50.0709785Z Preparing to unpack .../042-libunibreak5_5.1-2build1_amd64.deb ...
2026-09-12T07:56:50.0710625Z Unpacking libunibreak5:amd64 (5.1-2build1) ...
2026-09-12T07:56:50.0711403Z Selecting previously unselected package libass9:amd64.
2026-09-12T07:56:50.0712327Z Preparing to unpack .../043-libass9_1%3a0.17.1-2build1_amd64.deb ...
2026-09-12T07:56:50.0713149Z Unpacking libass9:amd64 (1:0.17.1-2build1) ...
2026-09-12T07:56:50.0714020Z Selecting previously unselected package libudfread0:amd64.
2026-09-12T07:56:50.0714961Z Preparing to unpack .../044-libudfread0_1.1.2-1build1_amd64.deb ...
2026-09-12T07:56:50.0715997Z Unpacking libudfread0:amd64 (1.1.2-1build1) ...
2026-09-12T07:56:50.0716815Z Selecting previously unselected package libbluray2:amd64.
2026-09-12T07:56:50.0717954Z Preparing to unpack .../045-libbluray2_1%3a1.3.4-1build1_amd64.deb ...
2026-09-12T07:56:50.0718820Z Unpacking libbluray2:amd64 (1:1.3.4-1build1) ...
2026-09-12T07:56:50.0719686Z Selecting previously unselected package libchromaprint1:amd64.
2026-09-12T07:56:50.0720667Z Preparing to unpack .../046-libchromaprint1_1.5.1-5_amd64.deb ...
2026-09-12T07:56:50.0721464Z Unpacking libchromaprint1:amd64 (1.5.1-5) ...
2026-09-12T07:56:50.0722239Z Selecting previously unselected package libgme0:amd64.
2026-09-12T07:56:50.0723108Z Preparing to unpack .../047-libgme0_0.6.3-7build1_amd64.deb ...
2026-09-12T07:56:50.0723878Z Unpacking libgme0:amd64 (0.6.3-7build1) ...
2026-09-12T07:56:50.0724687Z Selecting previously unselected package libmpg123-0t64:amd64.
2026-09-12T07:56:50.0725701Z Preparing to unpack .../048-libmpg123-0t64_1.32.5-1ubuntu1.1_amd64.deb ...
2026-09-12T07:56:50.0726618Z Unpacking libmpg123-0t64:amd64 (1.32.5-1ubuntu1.1) ...
2026-09-12T07:56:50.0727719Z Selecting previously unselected package libopenmpt0t64:amd64.
2026-09-12T07:56:50.0728724Z Preparing to unpack .../049-libopenmpt0t64_0.7.3-1.1build3_amd64.deb ...
2026-09-12T07:56:50.0729619Z Unpacking libopenmpt0t64:amd64 (0.7.3-1.1build3) ...
2026-09-12T07:56:50.0730447Z Selecting previously unselected package libcjson1:amd64.
2026-09-12T07:56:50.0731496Z Preparing to unpack .../050-libcjson1_1.7.17-1_amd64.deb ...
2026-09-12T07:56:50.0732242Z Unpacking libcjson1:amd64 (1.7.17-1) ...
2026-09-12T07:56:50.0733071Z Selecting previously unselected package libmbedcrypto7t64:amd64.
2026-09-12T07:56:50.0734062Z Preparing to unpack .../051-libmbedcrypto7t64_2.28.8-1_amd64.deb ...
2026-09-12T07:56:50.0734901Z Unpacking libmbedcrypto7t64:amd64 (2.28.8-1) ...
2026-09-12T07:56:50.0735696Z Selecting previously unselected package librist4:amd64.
2026-09-12T07:56:50.0736589Z Preparing to unpack .../052-librist4_0.2.10+dfsg-2_amd64.deb ...
2026-09-12T07:56:50.0737569Z Unpacking librist4:amd64 (0.2.10+dfsg-2) ...
2026-09-12T07:56:50.0738413Z Selecting previously unselected package libsrt1.5-gnutls:amd64.
2026-09-12T07:56:50.0739422Z Preparing to unpack .../053-libsrt1.5-gnutls_1.5.3-1build2_amd64.deb ...
2026-09-12T07:56:50.0740323Z Unpacking libsrt1.5-gnutls:amd64 (1.5.3-1build2) ...
2026-09-12T07:56:50.0741203Z Selecting previously unselected package libssh-gcrypt-4:amd64.
2026-09-12T07:56:50.0742242Z Preparing to unpack .../054-libssh-gcrypt-4_0.10.6-2ubuntu0.5_amd64.deb ...
2026-09-12T07:56:50.0743186Z Unpacking libssh-gcrypt-4:amd64 (0.10.6-2ubuntu0.5) ...
2026-09-12T07:56:50.0744081Z Selecting previously unselected package libavformat60:amd64.
2026-09-12T07:56:50.0745114Z Preparing to unpack .../055-libavformat60_7%3a6.1.1-3ubuntu5_amd64.deb ...
2026-09-12T07:56:50.0746020Z Unpacking libavformat60:amd64 (7:6.1.1-3ubuntu5) ...
2026-09-12T07:56:50.0746825Z Selecting previously unselected package libbs2b0:amd64.
2026-09-12T07:56:50.0747937Z Preparing to unpack .../056-libbs2b0_3.1.0+dfsg-7build1_amd64.deb ...
2026-09-12T07:56:50.0748786Z Unpacking libbs2b0:amd64 (3.1.0+dfsg-7build1) ...
2026-09-12T07:56:50.0749596Z Selecting previously unselected package libflite1:amd64.
2026-09-12T07:56:50.0750489Z Preparing to unpack .../057-libflite1_2.2-6build3_amd64.deb ...
2026-09-12T07:56:50.0751264Z Unpacking libflite1:amd64 (2.2-6build3) ...
2026-09-12T07:56:50.0752066Z Selecting previously unselected package libserd-0-0:amd64.
2026-09-12T07:56:50.0752957Z Preparing to unpack .../058-libserd-0-0_0.32.2-1_amd64.deb ...
2026-09-12T07:56:50.0753713Z Unpacking libserd-0-0:amd64 (0.32.2-1) ...
2026-09-12T07:56:50.0754486Z Selecting previously unselected package libzix-0-0:amd64.
2026-09-12T07:56:50.0755418Z Preparing to unpack .../059-libzix-0-0_0.4.2-2build1_amd64.deb ...
2026-09-12T07:56:50.0756233Z Unpacking libzix-0-0:amd64 (0.4.2-2build1) ...
2026-09-12T07:56:50.0757232Z Selecting previously unselected package libsord-0-0:amd64.
2026-09-12T07:56:50.0758353Z Preparing to unpack .../060-libsord-0-0_0.16.16-2build1_amd64.deb ...
2026-09-12T07:56:50.0759204Z Unpacking libsord-0-0:amd64 (0.16.16-2build1) ...
2026-09-12T07:56:50.0760042Z Selecting previously unselected package libsratom-0-0:amd64.
2026-09-12T07:56:50.0761020Z Preparing to unpack .../061-libsratom-0-0_0.6.16-1build1_amd64.deb ...
2026-09-12T07:56:50.0761879Z Unpacking libsratom-0-0:amd64 (0.6.16-1build1) ...
2026-09-12T07:56:50.0762702Z Selecting previously unselected package liblilv-0-0:amd64.
2026-09-12T07:56:50.0763651Z Preparing to unpack .../062-liblilv-0-0_0.24.22-1build1_amd64.deb ...
2026-09-12T07:56:50.0764493Z Unpacking liblilv-0-0:amd64 (0.24.22-1build1) ...
2026-09-12T07:56:50.0765303Z Selecting previously unselected package libmysofa1:amd64.
2026-09-12T07:56:50.0766269Z Preparing to unpack .../063-libmysofa1_1.3.2+dfsg-2ubuntu2_amd64.deb ...
2026-09-12T07:56:50.0767376Z Unpacking libmysofa1:amd64 (1.3.2+dfsg-2ubuntu2) ...
2026-09-12T07:56:50.0768238Z Selecting previously unselected package libplacebo338:amd64.
2026-09-12T07:56:50.0769227Z Preparing to unpack .../064-libplacebo338_6.338.2-2build1_amd64.deb ...
2026-09-12T07:56:50.0770101Z Unpacking libplacebo338:amd64 (6.338.2-2build1) ...
2026-09-12T07:56:50.0770912Z Selecting previously unselected package libblas3:amd64.
2026-09-12T07:56:50.0771818Z Preparing to unpack .../065-libblas3_3.12.0-3build1.1_amd64.deb ...
2026-09-12T07:56:50.0772641Z Unpacking libblas3:amd64 (3.12.0-3build1.1) ...
2026-09-12T07:56:50.0773634Z Selecting previously unselected package liblapack3:amd64.
2026-09-12T07:56:50.0774601Z Preparing to unpack .../066-liblapack3_3.12.0-3build1.1_amd64.deb ...
2026-09-12T07:56:50.0775457Z Unpacking liblapack3:amd64 (3.12.0-3build1.1) ...
2026-09-12T07:56:50.0776281Z Selecting previously unselected package libasyncns0:amd64.
2026-09-12T07:56:50.0777407Z Preparing to unpack .../067-libasyncns0_0.8-6build4_amd64.deb ...
2026-09-12T07:56:50.0778223Z Unpacking libasyncns0:amd64 (0.8-6build4) ...
2026-09-12T07:56:50.0779044Z Selecting previously unselected package libflac12t64:amd64.
2026-09-12T07:56:50.0780034Z Preparing to unpack .../068-libflac12t64_1.4.3+ds-2.1ubuntu2_amd64.deb ...
2026-09-12T07:56:50.0780956Z Unpacking libflac12t64:amd64 (1.4.3+ds-2.1ubuntu2) ...
2026-09-12T07:56:50.0781810Z Selecting previously unselected package libsndfile1:amd64.
2026-09-12T07:56:50.0782825Z Preparing to unpack .../069-libsndfile1_1.2.2-1ubuntu5.24.04.1_amd64.deb ...
2026-09-12T07:56:50.0783783Z Unpacking libsndfile1:amd64 (1.2.2-1ubuntu5.24.04.1) ...
2026-09-12T07:56:50.0784631Z Selecting previously unselected package libpulse0:amd64.
2026-09-12T07:56:50.0785633Z Preparing to unpack .../070-libpulse0_1%3a16.1+dfsg1-2ubuntu10.1_amd64.deb ...
2026-09-12T07:56:50.0786603Z Unpacking libpulse0:amd64 (1:16.1+dfsg1-2ubuntu10.1) ...
2026-09-12T07:56:50.0787703Z Selecting previously unselected package libsphinxbase3t64:amd64.
2026-09-12T07:56:50.0788837Z Preparing to unpack .../071-libsphinxbase3t64_0.8+5prealpha+1-17build2_amd64.deb ...
2026-09-12T07:56:50.0789953Z Unpacking libsphinxbase3t64:amd64 (0.8+5prealpha+1-17build2) ...
2026-09-12T07:56:50.0790927Z Selecting previously unselected package libpocketsphinx3:amd64.
2026-09-12T07:56:50.0792126Z Preparing to unpack .../072-libpocketsphinx3_0.8.0+real5prealpha+1-15ubuntu5_amd64.deb ...
2026-09-12T07:56:50.0793617Z Unpacking libpocketsphinx3:amd64 (0.8.0+real5prealpha+1-15ubuntu5) ...
2026-09-12T07:56:50.0794632Z Selecting previously unselected package libpostproc57:amd64.
2026-09-12T07:56:50.0795642Z Preparing to unpack .../073-libpostproc57_7%3a6.1.1-3ubuntu5_amd64.deb ...
2026-09-12T07:56:50.0796559Z Unpacking libpostproc57:amd64 (7:6.1.1-3ubuntu5) ...
2026-09-12T07:56:50.0797596Z Selecting previously unselected package libsamplerate0:amd64.
2026-09-12T07:56:50.0798582Z Preparing to unpack .../074-libsamplerate0_0.2.2-4build1_amd64.deb ...
2026-09-12T07:56:50.0799449Z Unpacking libsamplerate0:amd64 (0.2.2-4build1) ...
2026-09-12T07:56:50.0800482Z Selecting previously unselected package librubberband2:amd64.
2026-09-12T07:56:50.0801507Z Preparing to unpack .../075-librubberband2_3.3.0+dfsg-2build1_amd64.deb ...
2026-09-12T07:56:50.0802452Z Unpacking librubberband2:amd64 (3.3.0+dfsg-2build1) ...
2026-09-12T07:56:50.0803308Z Selecting previously unselected package libswscale7:amd64.
2026-09-12T07:56:50.0804293Z Preparing to unpack .../076-libswscale7_7%3a6.1.1-3ubuntu5_amd64.deb ...
2026-09-12T07:56:50.0805169Z Unpacking libswscale7:amd64 (7:6.1.1-3ubuntu5) ...
2026-09-12T07:56:50.0806011Z Selecting previously unselected package libvidstab1.1:amd64.
2026-09-12T07:56:50.0807212Z Preparing to unpack .../077-libvidstab1.1_1.1.0-2build1_amd64.deb ...
2026-09-12T07:56:50.0808067Z Unpacking libvidstab1.1:amd64 (1.1.0-2build1) ...
2026-09-12T07:56:50.0808862Z Selecting previously unselected package libzimg2:amd64.
2026-09-12T07:56:50.0809779Z Preparing to unpack .../078-libzimg2_3.0.5+ds1-1build1_amd64.deb ...
2026-09-12T07:56:50.0810626Z Unpacking libzimg2:amd64 (3.0.5+ds1-1build1) ...
2026-09-12T07:56:50.0811451Z Selecting previously unselected package libavfilter9:amd64.
2026-09-12T07:56:50.0812446Z Preparing to unpack .../079-libavfilter9_7%3a6.1.1-3ubuntu5_amd64.deb ...
2026-09-12T07:56:50.0813337Z Unpacking libavfilter9:amd64 (7:6.1.1-3ubuntu5) ...
2026-09-12T07:56:50.0814275Z Selecting previously unselected package liborc-0.4-0t64:amd64.
2026-09-12T07:56:50.0815320Z Preparing to unpack .../080-liborc-0.4-0t64_1%3a0.4.38-1ubuntu0.1_amd64.deb ...
2026-09-12T07:56:50.0816448Z Unpacking liborc-0.4-0t64:amd64 (1:0.4.38-1ubuntu0.1) ...
2026-09-12T07:56:50.0817713Z Selecting previously unselected package libgstreamer-plugins-base1.0-0:amd64.
2026-09-12T07:56:50.0819015Z Preparing to unpack .../081-libgstreamer-plugins-base1.0-0_1.24.2-1ubuntu0.4_amd64.deb ...
2026-09-12T07:56:50.0820228Z Unpacking libgstreamer-plugins-base1.0-0:amd64 (1.24.2-1ubuntu0.4) ...
2026-09-12T07:56:50.0821270Z Selecting previously unselected package gstreamer1.0-libav:amd64.
2026-09-12T07:56:50.0822340Z Preparing to unpack .../082-gstreamer1.0-libav_1.24.1-1build1_amd64.deb ...
2026-09-12T07:56:50.0823278Z Unpacking gstreamer1.0-libav:amd64 (1.24.1-1build1) ...
2026-09-12T07:56:50.0824166Z Selecting previously unselected package libcdparanoia0:amd64.
2026-09-12T07:56:50.0825224Z Preparing to unpack .../083-libcdparanoia0_3.10.2+debian-14build3_amd64.deb ...
2026-09-12T07:56:50.0826236Z Unpacking libcdparanoia0:amd64 (3.10.2+debian-14build3) ...
2026-09-12T07:56:50.0827337Z Selecting previously unselected package libvisual-0.4-0:amd64.
2026-09-12T07:56:50.0828348Z Preparing to unpack .../084-libvisual-0.4-0_0.4.2-2build1_amd64.deb ...
2026-09-12T07:56:50.0829224Z Unpacking libvisual-0.4-0:amd64 (0.4.2-2build1) ...
2026-09-12T07:56:50.0830188Z Selecting previously unselected package gstreamer1.0-plugins-base:amd64.
2026-09-12T07:56:50.0831390Z Preparing to unpack .../085-gstreamer1.0-plugins-base_1.24.2-1ubuntu0.4_amd64.deb ...
2026-09-12T07:56:50.0832503Z Unpacking gstreamer1.0-plugins-base:amd64 (1.24.2-1ubuntu0.4) ...
2026-09-12T07:56:50.0833399Z Selecting previously unselected package libaa1:amd64.
2026-09-12T07:56:50.0834238Z Preparing to unpack .../086-libaa1_1.4p5-51.1_amd64.deb ...
2026-09-12T07:56:50.0834958Z Unpacking libaa1:amd64 (1.4p5-51.1) ...
2026-09-12T07:56:50.0835736Z Selecting previously unselected package libraw1394-11:amd64.
2026-09-12T07:56:50.0836706Z Preparing to unpack .../087-libraw1394-11_2.1.2-2build3_amd64.deb ...
2026-09-12T07:56:50.0837758Z Unpacking libraw1394-11:amd64 (2.1.2-2build3) ...
2026-09-12T07:56:50.0838586Z Selecting previously unselected package libavc1394-0:amd64.
2026-09-12T07:56:50.0839530Z Preparing to unpack .../088-libavc1394-0_0.5.4-5build3_amd64.deb ...
2026-09-12T07:56:50.0840365Z Unpacking libavc1394-0:amd64 (0.5.4-5build3) ...
2026-09-12T07:56:50.0841144Z Selecting previously unselected package libcaca0:amd64.
2026-09-12T07:56:50.0842108Z Preparing to unpack .../089-libcaca0_0.99.beta20-4ubuntu0.2_amd64.deb ...
2026-09-12T07:56:50.0843188Z Unpacking libcaca0:amd64 (0.99.beta20-4ubuntu0.2) ...
2026-09-12T07:56:50.0844012Z Selecting previously unselected package libdv4t64:amd64.
2026-09-12T07:56:50.0844941Z Preparing to unpack .../090-libdv4t64_1.0.0-17.1build1_amd64.deb ...
2026-09-12T07:56:50.0845779Z Unpacking libdv4t64:amd64 (1.0.0-17.1build1) ...
2026-09-12T07:56:50.0846769Z Selecting previously unselected package libgstreamer-plugins-good1.0-0:amd64.
2026-09-12T07:56:50.0848275Z Preparing to unpack .../091-libgstreamer-plugins-good1.0-0_1.24.2-1ubuntu1.5_amd64.deb ...
2026-09-12T07:56:50.0849486Z Unpacking libgstreamer-plugins-good1.0-0:amd64 (1.24.2-1ubuntu1.5) ...
2026-09-12T07:56:50.0850485Z Selecting previously unselected package libiec61883-0:amd64.
2026-09-12T07:56:50.0851442Z Preparing to unpack .../092-libiec61883-0_1.2.0-6build1_amd64.deb ...
2026-09-12T07:56:50.0852282Z Unpacking libiec61883-0:amd64 (1.2.0-6build1) ...
2026-09-12T07:56:50.0853091Z Selecting previously unselected package libshout3:amd64.
2026-09-12T07:56:50.0854003Z Preparing to unpack .../093-libshout3_2.4.6-1build2_amd64.deb ...
2026-09-12T07:56:50.0854813Z Unpacking libshout3:amd64 (2.4.6-1build2) ...
2026-09-12T07:56:50.0855662Z Selecting previously unselected package libtag1v5-vanilla:amd64.
2026-09-12T07:56:50.0856704Z Preparing to unpack .../094-libtag1v5-vanilla_1.13.1-1build1_amd64.deb ...
2026-09-12T07:56:50.0857827Z Unpacking libtag1v5-vanilla:amd64 (1.13.1-1build1) ...
2026-09-12T07:56:50.0858661Z Selecting previously unselected package libtag1v5:amd64.
2026-09-12T07:56:50.0859737Z Preparing to unpack .../095-libtag1v5_1.13.1-1build1_amd64.deb ...
2026-09-12T07:56:50.0860554Z Unpacking libtag1v5:amd64 (1.13.1-1build1) ...
2026-09-12T07:56:50.0861409Z Selecting previously unselected package libv4lconvert0t64:amd64.
2026-09-12T07:56:50.0862446Z Preparing to unpack .../096-libv4lconvert0t64_1.26.1-4build3_amd64.deb ...
2026-09-12T07:56:50.0863364Z Unpacking libv4lconvert0t64:amd64 (1.26.1-4build3) ...
2026-09-12T07:56:50.0864212Z Selecting previously unselected package libv4l-0t64:amd64.
2026-09-12T07:56:50.0865156Z Preparing to unpack .../097-libv4l-0t64_1.26.1-4build3_amd64.deb ...
2026-09-12T07:56:50.0865983Z Unpacking libv4l-0t64:amd64 (1.26.1-4build3) ...
2026-09-12T07:56:50.0866804Z Selecting previously unselected package libwavpack1:amd64.
2026-09-12T07:56:50.0867960Z Preparing to unpack .../098-libwavpack1_5.6.0-1build1_amd64.deb ...
2026-09-12T07:56:50.0868794Z Unpacking libwavpack1:amd64 (5.6.0-1build1) ...
2026-09-12T07:56:50.0869626Z Selecting previously unselected package libsoup-3.0-common.
2026-09-12T07:56:50.0870652Z Preparing to unpack .../099-libsoup-3.0-common_3.4.4-5ubuntu0.7_all.deb ...
2026-09-12T07:56:50.0871585Z Unpacking libsoup-3.0-common (3.4.4-5ubuntu0.7) ...
2026-09-12T07:56:50.0872451Z Selecting previously unselected package libsoup-3.0-0:amd64.
2026-09-12T07:56:50.0873445Z Preparing to unpack .../100-libsoup-3.0-0_3.4.4-5ubuntu0.7_amd64.deb ...
2026-09-12T07:56:50.0874339Z Unpacking libsoup-3.0-0:amd64 (3.4.4-5ubuntu0.7) ...
2026-09-12T07:56:50.0875314Z Selecting previously unselected package gstreamer1.0-plugins-good:amd64.
2026-09-12T07:56:50.0876514Z Preparing to unpack .../101-gstreamer1.0-plugins-good_1.24.2-1ubuntu1.5_amd64.deb ...
2026-09-12T07:56:50.0877829Z Unpacking gstreamer1.0-plugins-good:amd64 (1.24.2-1ubuntu1.5) ...
2026-09-12T07:56:50.0878818Z Selecting previously unselected package libabsl20220623t64:amd64.
2026-09-12T07:56:50.0879928Z Preparing to unpack .../102-libabsl20220623t64_20220623.1-3.1ubuntu3.2_amd64.deb ...
2026-09-12T07:56:50.0880986Z Unpacking libabsl20220623t64:amd64 (20220623.1-3.1ubuntu3.2) ...
2026-09-12T07:56:50.0881893Z Selecting previously unselected package libgav1-1:amd64.
2026-09-12T07:56:50.0882803Z Preparing to unpack .../103-libgav1-1_0.18.0-1build3_amd64.deb ...
2026-09-12T07:56:50.0883619Z Unpacking libgav1-1:amd64 (0.18.0-1build3) ...
2026-09-12T07:56:50.0884381Z Selecting previously unselected package libyuv0:amd64.
2026-09-12T07:56:50.0885368Z Preparing to unpack .../104-libyuv0_0.0~git202401110.af6ac82-1_amd64.deb ...
2026-09-12T07:56:50.0886462Z Unpacking libyuv0:amd64 (0.0~git202401110.af6ac82-1) ...
2026-09-12T07:56:50.0887520Z Selecting previously unselected package libavif16:amd64.
2026-09-12T07:56:50.0888423Z Preparing to unpack .../105-libavif16_1.0.4-1ubuntu3_amd64.deb ...
2026-09-12T07:56:50.0889230Z Unpacking libavif16:amd64 (1.0.4-1ubuntu3) ...
2026-09-12T07:56:50.0890003Z Selecting previously unselected package libavtp0:amd64.
2026-09-12T07:56:50.0890896Z Preparing to unpack .../106-libavtp0_0.2.0-1build1_amd64.deb ...
2026-09-12T07:56:50.0891673Z Unpacking libavtp0:amd64 (0.2.0-1build1) ...
2026-09-12T07:56:50.0892629Z Selecting previously unselected package libcairo-script-interpreter2:amd64.
2026-09-12T07:56:50.0894419Z Preparing to unpack .../107-libcairo-script-interpreter2_1.18.0-3build1_amd64.deb ...
2026-09-12T07:56:50.0895564Z Unpacking libcairo-script-interpreter2:amd64 (1.18.0-3build1) ...
2026-09-12T07:56:50.0896522Z Selecting previously unselected package libdc1394-25:amd64.
2026-09-12T07:56:50.0897671Z Preparing to unpack .../108-libdc1394-25_2.2.6-4build1_amd64.deb ...
2026-09-12T07:56:50.0898498Z Unpacking libdc1394-25:amd64 (2.2.6-4build1) ...
2026-09-12T07:56:50.0899291Z Selecting previously unselected package libde265-0:amd64.
2026-09-12T07:56:50.0900240Z Preparing to unpack .../109-libde265-0_1.0.15-1ubuntu0.1_amd64.deb ...
2026-09-12T07:56:50.0901084Z Unpacking libde265-0:amd64 (1.0.15-1ubuntu0.1) ...
2026-09-12T07:56:50.0902088Z Selecting previously unselected package libdecor-0-0:amd64.
2026-09-12T07:56:50.0903042Z Preparing to unpack .../110-libdecor-0-0_0.2.2-1build2_amd64.deb ...
2026-09-12T07:56:50.0903876Z Unpacking libdecor-0-0:amd64 (0.2.2-1build2) ...
2026-09-12T07:56:50.0904652Z Selecting previously unselected package libgles2:amd64.
2026-09-12T07:56:50.0905543Z Preparing to unpack .../111-libgles2_1.7.0-1build1_amd64.deb ...
2026-09-12T07:56:50.0906319Z Unpacking libgles2:amd64 (1.7.0-1build1) ...
2026-09-12T07:56:50.0907396Z Selecting previously unselected package libdirectfb-1.7-7t64:amd64.
2026-09-12T07:56:50.0908526Z Preparing to unpack .../112-libdirectfb-1.7-7t64_1.7.7-11.1ubuntu2_amd64.deb ...
2026-09-12T07:56:50.0909532Z Unpacking libdirectfb-1.7-7t64:amd64 (1.7.7-11.1ubuntu2) ...
2026-09-12T07:56:50.0910452Z Selecting previously unselected package libdvdread8t64:amd64.
2026-09-12T07:56:50.0911439Z Preparing to unpack .../113-libdvdread8t64_6.1.3-1.1build1_amd64.deb ...
2026-09-12T07:56:50.0912335Z Unpacking libdvdread8t64:amd64 (6.1.3-1.1build1) ...
2026-09-12T07:56:50.0913170Z Selecting previously unselected package libdvdnav4:amd64.
2026-09-12T07:56:50.0914145Z Preparing to unpack .../114-libdvdnav4_6.1.1-3build1_amd64.deb ...
2026-09-12T07:56:50.0914954Z Unpacking libdvdnav4:amd64 (6.1.1-3build1) ...
2026-09-12T07:56:50.0915771Z Selecting previously unselected package libegl-mesa0:amd64.
2026-09-12T07:56:50.0916780Z Preparing to unpack .../115-libegl-mesa0_25.2.8-0ubuntu0.24.04.2_amd64.deb ...
2026-09-12T07:56:50.0917958Z Unpacking libegl-mesa0:amd64 (25.2.8-0ubuntu0.24.04.2) ...
2026-09-12T07:56:50.0918892Z Selecting previously unselected package libevent-2.1-7t64:amd64.
2026-09-12T07:56:50.0920018Z Preparing to unpack .../116-libevent-2.1-7t64_2.1.12-stable-9ubuntu2.1_amd64.deb ...
2026-09-12T07:56:50.0921091Z Unpacking libevent-2.1-7t64:amd64 (2.1.12-stable-9ubuntu2.1) ...
2026-09-12T07:56:50.0921977Z Selecting previously unselected package libfaad2:amd64.
2026-09-12T07:56:50.0922876Z Preparing to unpack .../117-libfaad2_2.11.1-1build1_amd64.deb ...
2026-09-12T07:56:50.0923675Z Unpacking libfaad2:amd64 (2.11.1-1build1) ...
2026-09-12T07:56:50.0924544Z Selecting previously unselected package libinstpatch-1.0-2:amd64.
2026-09-12T07:56:50.0925575Z Preparing to unpack .../118-libinstpatch-1.0-2_1.1.6-1build2_amd64.deb ...
2026-09-12T07:56:50.0926498Z Unpacking libinstpatch-1.0-2:amd64 (1.1.6-1build2) ...
2026-09-12T07:56:50.0927602Z Selecting previously unselected package libjack-jackd2-0:amd64.
2026-09-12T07:56:50.0928680Z Preparing to unpack .../119-libjack-jackd2-0_1.9.21~dfsg-3ubuntu3_amd64.deb ...
2026-09-12T07:56:50.0929878Z Unpacking libjack-jackd2-0:amd64 (1.9.21~dfsg-3ubuntu3) ...
2026-09-12T07:56:50.0930917Z Selecting previously unselected package libwebrtc-audio-processing1:amd64.
2026-09-12T07:56:50.0932131Z Preparing to unpack .../120-libwebrtc-audio-processing1_0.3.1-0ubuntu6_amd64.deb ...
2026-09-12T07:56:50.0933239Z Unpacking libwebrtc-audio-processing1:amd64 (0.3.1-0ubuntu6) ...
2026-09-12T07:56:50.0934232Z Selecting previously unselected package libspa-0.2-modules:amd64.
2026-09-12T07:56:50.0935293Z Preparing to unpack .../121-libspa-0.2-modules_1.0.5-1ubuntu3.3_amd64.deb ...
2026-09-12T07:56:50.0936258Z Unpacking libspa-0.2-modules:amd64 (1.0.5-1ubuntu3.3) ...
2026-09-12T07:56:50.0937412Z Selecting previously unselected package libpipewire-0.3-0t64:amd64.
2026-09-12T07:56:50.0938513Z Preparing to unpack .../122-libpipewire-0.3-0t64_1.0.5-1ubuntu3.3_amd64.deb ...
2026-09-12T07:56:50.0939495Z Unpacking libpipewire-0.3-0t64:amd64 (1.0.5-1ubuntu3.3) ...
2026-09-12T07:56:50.0940399Z Selecting previously unselected package libsdl2-2.0-0:amd64.
2026-09-12T07:56:50.0941424Z Preparing to unpack .../123-libsdl2-2.0-0_2.30.0+dfsg-1ubuntu3.1_amd64.deb ...
2026-09-12T07:56:50.0942398Z Unpacking libsdl2-2.0-0:amd64 (2.30.0+dfsg-1ubuntu3.1) ...
2026-09-12T07:56:50.0943271Z Selecting previously unselected package timgm6mb-soundfont.
2026-09-12T07:56:50.0944197Z Preparing to unpack .../124-timgm6mb-soundfont_1.3-5_all.deb ...
2026-09-12T07:56:50.0945120Z Unpacking timgm6mb-soundfont (1.3-5) ...
2026-09-12T07:56:50.0945934Z Selecting previously unselected package libfluidsynth3:amd64.
2026-09-12T07:56:50.0947144Z Preparing to unpack .../125-libfluidsynth3_2.3.4-1build3_amd64.deb ...
2026-09-12T07:56:50.0948031Z Unpacking libfluidsynth3:amd64 (2.3.4-1build3) ...
2026-09-12T07:56:50.0948856Z Selecting previously unselected package libfreeaptx0:amd64.
2026-09-12T07:56:50.0949814Z Preparing to unpack .../126-libfreeaptx0_0.1.1-2build1_amd64.deb ...
2026-09-12T07:56:50.0950656Z Unpacking libfreeaptx0:amd64 (0.1.1-2build1) ...
2026-09-12T07:56:50.0951531Z Selecting previously unselected package libgraphene-1.0-0:amd64.
2026-09-12T07:56:50.0952551Z Preparing to unpack .../127-libgraphene-1.0-0_1.10.8-3build2_amd64.deb ...
2026-09-12T07:56:50.0953461Z Unpacking libgraphene-1.0-0:amd64 (1.10.8-3build2) ...
2026-09-12T07:56:50.0954337Z Selecting previously unselected package libgssdp-1.6-0:amd64.
2026-09-12T07:56:50.0955307Z Preparing to unpack .../128-libgssdp-1.6-0_1.6.3-1build3_amd64.deb ...
2026-09-12T07:56:50.0956161Z Unpacking libgssdp-1.6-0:amd64 (1.6.3-1build3) ...
2026-09-12T07:56:50.0957208Z Selecting previously unselected package libegl1:amd64.
2026-09-12T07:56:50.0958095Z Preparing to unpack .../129-libegl1_1.7.0-1build1_amd64.deb ...
2026-09-12T07:56:50.0958860Z Unpacking libegl1:amd64 (1.7.0-1build1) ...
2026-09-12T07:56:50.0959731Z Selecting previously unselected package libgstreamer-gl1.0-0:amd64.
2026-09-12T07:56:50.0960834Z Preparing to unpack .../130-libgstreamer-gl1.0-0_1.24.2-1ubuntu0.4_amd64.deb ...
2026-09-12T07:56:50.0961857Z Unpacking libgstreamer-gl1.0-0:amd64 (1.24.2-1ubuntu0.4) ...
2026-09-12T07:56:50.0962730Z Selecting previously unselected package libgtk-4-common.
2026-09-12T07:56:50.0963729Z Preparing to unpack .../131-libgtk-4-common_4.14.5+ds-0ubuntu0.10_all.deb ...
2026-09-12T07:56:50.0964655Z Unpacking libgtk-4-common (4.14.5+ds-0ubuntu0.10) ...
2026-09-12T07:56:50.0965486Z Selecting previously unselected package libgtk-4-1:amd64.
2026-09-12T07:56:50.0966462Z Preparing to unpack .../132-libgtk-4-1_4.14.5+ds-0ubuntu0.10_amd64.deb ...
2026-09-12T07:56:50.0967575Z Unpacking libgtk-4-1:amd64 (4.14.5+ds-0ubuntu0.10) ...
2026-09-12T07:56:50.0968449Z Selecting previously unselected package libgupnp-1.6-0:amd64.
2026-09-12T07:56:50.0969421Z Preparing to unpack .../133-libgupnp-1.6-0_1.6.6-1build3_amd64.deb ...
2026-09-12T07:56:50.0970280Z Unpacking libgupnp-1.6-0:amd64 (1.6.6-1build3) ...
2026-09-12T07:56:50.0971159Z Selecting previously unselected package libgupnp-igd-1.6-0:amd64.
2026-09-12T07:56:50.0972427Z Preparing to unpack .../134-libgupnp-igd-1.6-0_1.6.0-3build3_amd64.deb ...
2026-09-12T07:56:50.0973335Z Unpacking libgupnp-igd-1.6-0:amd64 (1.6.0-3build3) ...
2026-09-12T07:56:50.0974228Z Selecting previously unselected package libharfbuzz-icu0:amd64.
2026-09-12T07:56:50.0975231Z Preparing to unpack .../135-libharfbuzz-icu0_8.3.0-2build2_amd64.deb ...
2026-09-12T07:56:50.0976126Z Unpacking libharfbuzz-icu0:amd64 (8.3.0-2build2) ...
2026-09-12T07:56:50.0977160Z Selecting previously unselected package libhyphen0:amd64.
2026-09-12T07:56:50.0978102Z Preparing to unpack .../136-libhyphen0_2.8.8-7build3_amd64.deb ...
2026-09-12T07:56:50.0978908Z Unpacking libhyphen0:amd64 (2.8.8-7build3) ...
2026-09-12T07:56:50.0979775Z Selecting previously unselected package libimath-3-1-29t64:amd64.
2026-09-12T07:56:50.0980826Z Preparing to unpack .../137-libimath-3-1-29t64_3.1.9-3.1ubuntu2_amd64.deb ...
2026-09-12T07:56:50.0981789Z Unpacking libimath-3-1-29t64:amd64 (3.1.9-3.1ubuntu2) ...
2026-09-12T07:56:50.0982634Z Selecting previously unselected package liblc3-1:amd64.
2026-09-12T07:56:50.0983512Z Preparing to unpack .../138-liblc3-1_1.0.4-3build1_amd64.deb ...
2026-09-12T07:56:50.0984299Z Unpacking liblc3-1:amd64 (1.0.4-3build1) ...
2026-09-12T07:56:50.0985108Z Selecting previously unselected package libldacbt-enc2:amd64.
2026-09-12T07:56:50.0986287Z Preparing to unpack .../139-libldacbt-enc2_2.0.2.3+git20200429+ed310a0-4ubuntu2_amd64.deb ...
2026-09-12T07:56:50.0987936Z Unpacking libldacbt-enc2:amd64 (2.0.2.3+git20200429+ed310a0-4ubuntu2) ...
2026-09-12T07:56:50.0988948Z Selecting previously unselected package libraptor2-0:amd64.
2026-09-12T07:56:50.0989934Z Preparing to unpack .../140-libraptor2-0_2.0.16-3ubuntu0.1_amd64.deb ...
2026-09-12T07:56:50.0990828Z Unpacking libraptor2-0:amd64 (2.0.16-3ubuntu0.1) ...
2026-09-12T07:56:50.0991629Z Selecting previously unselected package liblrdf0:amd64.
2026-09-12T07:56:50.0992519Z Preparing to unpack .../141-liblrdf0_0.6.1-4build1_amd64.deb ...
2026-09-12T07:56:50.0993301Z Unpacking liblrdf0:amd64 (0.6.1-4build1) ...
2026-09-12T07:56:50.0994305Z Selecting previously unselected package libltc11:amd64.
2026-09-12T07:56:50.0995200Z Preparing to unpack .../142-libltc11_1.3.2-1build1_amd64.deb ...
2026-09-12T07:56:50.0995979Z Unpacking libltc11:amd64 (1.3.2-1build1) ...
2026-09-12T07:56:50.0996813Z Selecting previously unselected package libmanette-0.2-0:amd64.
2026-09-12T07:56:50.0997988Z Preparing to unpack .../143-libmanette-0.2-0_0.2.7-1build2_amd64.deb ...
2026-09-12T07:56:50.0998881Z Unpacking libmanette-0.2-0:amd64 (0.2.7-1build2) ...
2026-09-12T07:56:50.0999670Z Selecting previously unselected package libmfx1:amd64.
2026-09-12T07:56:50.1000504Z Preparing to unpack .../144-libmfx1_22.5.4-1_amd64.deb ...
2026-09-12T07:56:50.1001214Z Unpacking libmfx1:amd64 (22.5.4-1) ...
2026-09-12T07:56:50.1002076Z Selecting previously unselected package libmjpegutils-2.1-0t64:amd64.
2026-09-12T07:56:50.1003299Z Preparing to unpack .../145-libmjpegutils-2.1-0t64_1%3a2.1.0+debian-8.1build1_amd64.deb ...
2026-09-12T07:56:50.1004499Z Unpacking libmjpegutils-2.1-0t64:amd64 (1:2.1.0+debian-8.1build1) ...
2026-09-12T07:56:50.1005456Z Selecting previously unselected package libmodplug1:amd64.
2026-09-12T07:56:50.1006436Z Preparing to unpack .../146-libmodplug1_1%3a0.8.9.0-3build1_amd64.deb ...
2026-09-12T07:56:50.1007504Z Unpacking libmodplug1:amd64 (1:0.8.9.0-3build1) ...
2026-09-12T07:56:50.1008331Z Selecting previously unselected package libmpcdec6:amd64.
2026-09-12T07:56:50.1009301Z Preparing to unpack .../147-libmpcdec6_2%3a0.1~r495-2build1_amd64.deb ...
2026-09-12T07:56:50.1010173Z Unpacking libmpcdec6:amd64 (2:0.1~r495-2build1) ...
2026-09-12T07:56:50.1011095Z Selecting previously unselected package libmpeg2encpp-2.1-0t64:amd64.
2026-09-12T07:56:50.1012310Z Preparing to unpack .../148-libmpeg2encpp-2.1-0t64_1%3a2.1.0+debian-8.1build1_amd64.deb ...
2026-09-12T07:56:50.1013487Z Unpacking libmpeg2encpp-2.1-0t64:amd64 (1:2.1.0+debian-8.1build1) ...
2026-09-12T07:56:50.1014746Z Selecting previously unselected package libmplex2-2.1-0t64:amd64.
2026-09-12T07:56:50.1015897Z Preparing to unpack .../149-libmplex2-2.1-0t64_1%3a2.1.0+debian-8.1build1_amd64.deb ...
2026-09-12T07:56:50.1017211Z Unpacking libmplex2-2.1-0t64:amd64 (1:2.1.0+debian-8.1build1) ...
2026-09-12T07:56:50.1018151Z Selecting previously unselected package libneon27t64:amd64.
2026-09-12T07:56:50.1019121Z Preparing to unpack .../150-libneon27t64_0.33.0-1.1build3_amd64.deb ...
2026-09-12T07:56:50.1020005Z Unpacking libneon27t64:amd64 (0.33.0-1.1build3) ...
2026-09-12T07:56:50.1020814Z Selecting previously unselected package libnice10:amd64.
2026-09-12T07:56:50.1021735Z Preparing to unpack .../151-libnice10_0.1.21-2build3_amd64.deb ...
2026-09-12T07:56:50.1022546Z Unpacking libnice10:amd64 (0.1.21-2build3) ...
2026-09-12T07:56:50.1023338Z Selecting previously unselected package libopenal-data.
2026-09-12T07:56:50.1024305Z Preparing to unpack .../152-libopenal-data_1%3a1.23.1-4build1_all.deb ...
2026-09-12T07:56:50.1025188Z Unpacking libopenal-data (1:1.23.1-4build1) ...
2026-09-12T07:56:50.1026063Z Selecting previously unselected package libopenexr-3-1-30:amd64.
2026-09-12T07:56:50.1027479Z Preparing to unpack .../153-libopenexr-3-1-30_3.1.5-5.1build3_amd64.deb ...
2026-09-12T07:56:50.1028429Z Unpacking libopenexr-3-1-30:amd64 (3.1.5-5.1build3) ...
2026-09-12T07:56:50.1029303Z Selecting previously unselected package libopenh264-7:amd64.
2026-09-12T07:56:50.1030428Z Preparing to unpack .../154-libopenh264-7_2.4.1+dfsg-1_amd64.deb ...
2026-09-12T07:56:50.1031273Z Unpacking libopenh264-7:amd64 (2.4.1+dfsg-1) ...
2026-09-12T07:56:50.1032096Z Selecting previously unselected package libopenni2-0:amd64.
2026-09-12T07:56:50.1033066Z Preparing to unpack .../155-libopenni2-0_2.2.0.33+dfsg-18_amd64.deb ...
2026-09-12T07:56:50.1033937Z Unpacking libopenni2-0:amd64 (2.2.0.33+dfsg-18) ...
2026-09-12T07:56:50.1034765Z Selecting previously unselected package libqrencode4:amd64.
2026-09-12T07:56:50.1035737Z Preparing to unpack .../156-libqrencode4_4.1.1-1build2_amd64.deb ...
2026-09-12T07:56:50.1036569Z Unpacking libqrencode4:amd64 (4.1.1-1build2) ...
2026-09-12T07:56:50.1037557Z Selecting previously unselected package libsecret-common.
2026-09-12T07:56:50.1038526Z Preparing to unpack .../157-libsecret-common_0.21.4-1build3_all.deb ...
2026-09-12T07:56:50.1039431Z Unpacking libsecret-common (0.21.4-1build3) ...
2026-09-12T07:56:50.1040582Z Selecting previously unselected package libsecret-1-0:amd64.
2026-09-12T07:56:50.1041682Z Preparing to unpack .../158-libsecret-1-0_0.21.4-1build3_amd64.deb ...
2026-09-12T07:56:50.1042745Z Unpacking libsecret-1-0:amd64 (0.21.4-1build3) ...
2026-09-12T07:56:50.1043754Z Selecting previously unselected package libsndio7.0:amd64.
2026-09-12T07:56:50.1044823Z Preparing to unpack .../159-libsndio7.0_1.9.0-0.3build3_amd64.deb ...
2026-09-12T07:56:50.1045888Z Unpacking libsndio7.0:amd64 (1.9.0-0.3build3) ...
2026-09-12T07:56:50.1047039Z Selecting previously unselected package libsoundtouch1:amd64.
2026-09-12T07:56:50.1048379Z Preparing to unpack .../160-libsoundtouch1_2.3.2+ds1-1build1_amd64.deb ...
2026-09-12T07:56:50.1049437Z Unpacking libsoundtouch1:amd64 (2.3.2+ds1-1build1) ...
2026-09-12T07:56:50.1050521Z Selecting previously unselected package libspandsp2t64:amd64.
2026-09-12T07:56:50.1068976Z Preparing to unpack .../161-libspandsp2t64_0.0.6+dfsg-2.1build1_amd64.deb ...
2026-09-12T07:56:50.1069999Z Unpacking libspandsp2t64:amd64 (0.0.6+dfsg-2.1build1) ...
2026-09-12T07:56:50.1070894Z Selecting previously unselected package libsrtp2-1:amd64.
2026-09-12T07:56:50.1071833Z Preparing to unpack .../162-libsrtp2-1_2.5.0-3build1_amd64.deb ...
2026-09-12T07:56:50.1072655Z Unpacking libsrtp2-1:amd64 (2.5.0-3build1) ...
2026-09-12T07:56:50.1073545Z Selecting previously unselected package libwayland-server0:amd64.
2026-09-12T07:56:50.1074618Z Preparing to unpack .../163-libwayland-server0_1.22.0-2.1build1_amd64.deb ...
2026-09-12T07:56:50.1075607Z Unpacking libwayland-server0:amd64 (1.22.0-2.1build1) ...
2026-09-12T07:56:50.1076774Z Selecting previously unselected package libwildmidi2:amd64.
2026-09-12T07:56:50.1077985Z Preparing to unpack .../164-libwildmidi2_0.4.3-1build3_amd64.deb ...
2026-09-12T07:56:50.1078843Z Unpacking libwildmidi2:amd64 (0.4.3-1build3) ...
2026-09-12T07:56:50.1079653Z Selecting previously unselected package libwoff1:amd64.
2026-09-12T07:56:50.1080558Z Preparing to unpack .../165-libwoff1_1.0.2-2build1_amd64.deb ...
2026-09-12T07:56:50.1081348Z Unpacking libwoff1:amd64 (1.0.2-2build1) ...
2026-09-12T07:56:50.1082151Z Selecting previously unselected package libxcb-xkb1:amd64.
2026-09-12T07:56:50.1083108Z Preparing to unpack .../166-libxcb-xkb1_1.15-1ubuntu2_amd64.deb ...
2026-09-12T07:56:50.1083942Z Unpacking libxcb-xkb1:amd64 (1.15-1ubuntu2) ...
2026-09-12T07:56:50.1084819Z Selecting previously unselected package libxkbcommon-x11-0:amd64.
2026-09-12T07:56:50.1085868Z Preparing to unpack .../167-libxkbcommon-x11-0_1.6.0-1build1_amd64.deb ...
2026-09-12T07:56:50.1086794Z Unpacking libxkbcommon-x11-0:amd64 (1.6.0-1build1) ...
2026-09-12T07:56:50.1087864Z Selecting previously unselected package libzbar0t64:amd64.
2026-09-12T07:56:50.1088811Z Preparing to unpack .../168-libzbar0t64_0.23.93-4build3_amd64.deb ...
2026-09-12T07:56:50.1089657Z Unpacking libzbar0t64:amd64 (0.23.93-4build3) ...
2026-09-12T07:56:50.1090453Z Selecting previously unselected package libzxing3:amd64.
2026-09-12T07:56:50.1091316Z Preparing to unpack .../169-libzxing3_2.2.1-3_amd64.deb ...
2026-09-12T07:56:50.1092203Z Unpacking libzxing3:amd64 (2.2.1-3) ...
2026-09-12T07:56:50.1092979Z Selecting previously unselected package xfonts-encodings.
2026-09-12T07:56:50.1093984Z Preparing to unpack .../170-xfonts-encodings_1%3a1.0.5-0ubuntu2_all.deb ...
2026-09-12T07:56:50.1095426Z Unpacking xfonts-encodings (1:1.0.5-0ubuntu2) ...
2026-09-12T07:56:50.1096257Z Selecting previously unselected package xfonts-utils.
2026-09-12T07:56:50.1097391Z Preparing to unpack .../171-xfonts-utils_1%3a7.7+6build3_amd64.deb ...
2026-09-12T07:56:50.1098242Z Unpacking xfonts-utils (1:7.7+6build3) ...
2026-09-12T07:56:50.1099017Z Selecting previously unselected package xfonts-cyrillic.
2026-09-12T07:56:50.1099981Z Preparing to unpack .../172-xfonts-cyrillic_1%3a1.0.5+nmu1_all.deb ...
2026-09-12T07:56:50.1100816Z Unpacking xfonts-cyrillic (1:1.0.5+nmu1) ...
2026-09-12T07:56:50.1101611Z Selecting previously unselected package xfonts-scalable.
2026-09-12T07:56:50.1102562Z Preparing to unpack .../173-xfonts-scalable_1%3a1.0.3-1.3_all.deb ...
2026-09-12T07:56:50.1103393Z Unpacking xfonts-scalable (1:1.0.3-1.3) ...
2026-09-12T07:56:50.1104355Z Selecting previously unselected package libgstreamer-plugins-bad1.0-0:amd64.
2026-09-12T07:56:50.1105617Z Preparing to unpack .../174-libgstreamer-plugins-bad1.0-0_1.24.2-1ubuntu4_amd64.deb ...
2026-09-12T07:56:50.1106771Z Unpacking libgstreamer-plugins-bad1.0-0:amd64 (1.24.2-1ubuntu4) ...
2026-09-12T07:56:50.1107937Z Selecting previously unselected package libdca0:amd64.
2026-09-12T07:56:50.1108827Z Preparing to unpack .../175-libdca0_0.0.7-2build1_amd64.deb ...
2026-09-12T07:56:50.1109604Z Unpacking libdca0:amd64 (0.0.7-2build1) ...
2026-09-12T07:56:50.1110382Z Selecting previously unselected package libopenal1:amd64.
2026-09-12T07:56:50.1111343Z Preparing to unpack .../176-libopenal1_1%3a1.23.1-4build1_amd64.deb ...
2026-09-12T07:56:50.1112217Z Unpacking libopenal1:amd64 (1:1.23.1-4build1) ...
2026-09-12T07:56:50.1113006Z Selecting previously unselected package libsbc1:amd64.
2026-09-12T07:56:50.1113952Z Preparing to unpack .../177-libsbc1_2.0-1build1_amd64.deb ...
2026-09-12T07:56:50.1114706Z Unpacking libsbc1:amd64 (2.0-1build1) ...
2026-09-12T07:56:50.1115514Z Selecting previously unselected package libvo-aacenc0:amd64.
2026-09-12T07:56:50.1116478Z Preparing to unpack .../178-libvo-aacenc0_0.1.3-2build1_amd64.deb ...
2026-09-12T07:56:50.1117499Z Unpacking libvo-aacenc0:amd64 (0.1.3-2build1) ...
2026-09-12T07:56:50.1118364Z Selecting previously unselected package libvo-amrwbenc0:amd64.
2026-09-12T07:56:50.1119568Z Preparing to unpack .../179-libvo-amrwbenc0_0.1.3-2build1_amd64.deb ...
2026-09-12T07:56:50.1120441Z Unpacking libvo-amrwbenc0:amd64 (0.1.3-2build1) ...
2026-09-12T07:56:50.1121399Z Selecting previously unselected package gstreamer1.0-plugins-bad:amd64.
2026-09-12T07:56:50.1122548Z Preparing to unpack .../180-gstreamer1.0-plugins-bad_1.24.2-1ubuntu4_amd64.deb ...
2026-09-12T07:56:50.1123611Z Unpacking gstreamer1.0-plugins-bad:amd64 (1.24.2-1ubuntu4) ...
2026-09-12T07:56:50.1124411Z Setting up libgme0:amd64 (0.6.3-7build1) ...
2026-09-12T07:56:50.1125096Z Setting up libchromaprint1:amd64 (1.5.1-5) ...
2026-09-12T07:56:50.1125882Z Setting up libssh-gcrypt-4:amd64 (0.10.6-2ubuntu0.5) ...
2026-09-12T07:56:50.1126645Z Setting up libhwy1t64:amd64 (1.0.7-8.1build1) ...
2026-09-12T07:56:50.1127721Z Setting up libcairo-script-interpreter2:amd64 (1.18.0-3build1) ...
2026-09-12T07:56:50.1128572Z Setting up libfreeaptx0:amd64 (0.1.1-2build1) ...
2026-09-12T07:56:50.1129335Z Setting up libdvdread8t64:amd64 (6.1.3-1.1build1) ...
2026-09-12T07:56:50.1130077Z Setting up libudfread0:amd64 (1.1.2-1build1) ...
2026-09-12T07:56:50.1130831Z Setting up libmodplug1:amd64 (1:0.8.9.0-3build1) ...
2026-09-12T07:56:50.1131662Z Setting up libcdparanoia0:amd64 (3.10.2+debian-14build3) ...
2026-09-12T07:56:50.1132534Z Setting up libwayland-server0:amd64 (1.22.0-2.1build1) ...
2026-09-12T07:56:50.1133334Z Setting up libvo-amrwbenc0:amd64 (0.1.3-2build1) ...
2026-09-12T07:56:50.1134069Z Setting up session-migration (0.3.9build1) ...
2026-09-12T07:56:50.1136261Z Created symlink /etc/systemd/user/graphical-session-pre.target.wants/session-migration.service → /usr/lib/systemd/user/session-migration.service.
2026-09-12T07:56:50.1137562Z 
2026-09-12T07:56:50.1137934Z Setting up libraw1394-11:amd64 (2.1.2-2build3) ...
2026-09-12T07:56:50.1138640Z Setting up libsbc1:amd64 (2.0-1build1) ...
2026-09-12T07:56:50.1139334Z Setting up libproxy1v5:amd64 (0.5.4-4build1) ...
2026-09-12T07:56:50.1140090Z Setting up libneon27t64:amd64 (0.33.0-1.1build3) ...
2026-09-12T07:56:50.1140886Z Setting up libtag1v5-vanilla:amd64 (1.13.1-1build1) ...
2026-09-12T07:56:50.1141691Z Setting up libharfbuzz-icu0:amd64 (8.3.0-2build2) ...
2026-09-12T07:56:50.1142462Z Setting up libopenni2-0:amd64 (2.2.0.33+dfsg-18) ...
2026-09-12T07:56:50.1143245Z Setting up libspeex1:amd64 (1.2.1-2ubuntu2.24.04.1) ...
2026-09-12T07:56:50.1143985Z Setting up libshine3:amd64 (3.1.1-2build1) ...
2026-09-12T07:56:50.1144743Z Setting up libcaca0:amd64 (0.99.beta20-4ubuntu0.2) ...
2026-09-12T07:56:50.1145449Z Setting up libvpl2 (2023.3.0-1build1) ...
2026-09-12T07:56:50.1146189Z Setting up libv4lconvert0t64:amd64 (1.26.1-4build3) ...
2026-09-12T07:56:50.1147231Z Setting up libx264-164:amd64 (2:0.164.3108+git31e19f9-1) ...
2026-09-12T07:56:50.1148030Z Setting up libtwolame0:amd64 (0.4.0-2build3) ...
2026-09-12T07:56:50.1148757Z Setting up libmbedcrypto7t64:amd64 (2.28.8-1) ...
2026-09-12T07:56:50.1149465Z Setting up libwoff1:amd64 (1.0.2-2build1) ...
2026-09-12T07:56:50.1150148Z Setting up liblc3-1:amd64 (1.0.4-3build1) ...
2026-09-12T07:56:50.1150859Z Setting up libqrencode4:amd64 (4.1.1-1build2) ...
2026-09-12T07:56:50.1151686Z Setting up libhyphen0:amd64 (2.8.8-7build3) ...
2026-09-12T07:56:50.1152382Z Setting up libgsm1:amd64 (1.0.22-1build1) ...
2026-09-12T07:56:50.1153112Z Setting up libvisual-0.4-0:amd64 (0.4.2-2build1) ...
2026-09-12T07:56:50.1153828Z Setting up libsoxr0:amd64 (0.1.3-4build3) ...
2026-09-12T07:56:50.1154511Z Setting up libzix-0-0:amd64 (0.4.2-2build1) ...
2026-09-12T07:56:50.1155239Z Setting up libcodec2-1.2:amd64 (1.2.0-2build1) ...
2026-09-12T07:56:50.1156009Z Setting up libmanette-0.2-0:amd64 (0.2.7-1build2) ...
2026-09-12T07:56:50.1156737Z Setting up libsrtp2-1:amd64 (2.5.0-3build1) ...
2026-09-12T07:56:50.1157696Z Setting up libmysofa1:amd64 (1.3.2+dfsg-2ubuntu2) ...
2026-09-12T07:56:50.1158466Z Setting up libraptor2-0:amd64 (2.0.16-3ubuntu0.1) ...
2026-09-12T07:56:50.1159410Z Setting up libldacbt-enc2:amd64 (2.0.2.3+git20200429+ed310a0-4ubuntu2) ...
2026-09-12T07:56:50.1160421Z Setting up fonts-wqy-zenhei (0.9.45-8) ...
2026-09-12T07:56:50.1161257Z Setting up libwebrtc-audio-processing1:amd64 (0.3.1-0ubuntu6) ...
2026-09-12T07:56:50.1162150Z Setting up fonts-freefont-ttf (20211204+svn4273-2) ...
2026-09-12T07:56:50.1163026Z Setting up libevent-2.1-7t64:amd64 (2.1.12-stable-9ubuntu2.1) ...
2026-09-12T07:56:50.1163926Z Setting up libsvtav1enc1d1:amd64 (1.7.0+dfsg-2build1) ...
2026-09-12T07:56:50.1164728Z Setting up libsoup-3.0-common (3.4.4-5ubuntu0.7) ...
2026-09-12T07:56:50.1165525Z Setting up libmpg123-0t64:amd64 (1.32.5-1ubuntu1.1) ...
2026-09-12T07:56:50.1166229Z Setting up libcjson1:amd64 (1.7.17-1) ...
2026-09-12T07:56:50.1167124Z Setting up libxvidcore4:amd64 (2:1.3.7-1build1) ...
2026-09-12T07:56:50.1167891Z Setting up libmpcdec6:amd64 (2:0.1~r495-2build1) ...
2026-09-12T07:56:50.1168826Z Setting up libmjpegutils-2.1-0t64:amd64 (1:2.1.0+debian-8.1build1) ...
2026-09-12T07:56:50.1169643Z Setting up librav1e0:amd64 (0.7.1-2) ...
2026-09-12T07:56:50.1170406Z Setting up liborc-0.4-0t64:amd64 (1:0.4.38-1ubuntu0.1) ...
2026-09-12T07:56:50.1171182Z Setting up libxcb-xkb1:amd64 (1.15-1ubuntu2) ...
2026-09-12T07:56:50.1171915Z Setting up libvo-aacenc0:amd64 (0.1.3-2build1) ...
2026-09-12T07:56:50.1172629Z Setting up librist4:amd64 (0.2.10+dfsg-2) ...
2026-09-12T07:56:50.1173364Z Setting up librsvg2-2:amd64 (2.58.0+dfsg-1build1) ...
2026-09-12T07:56:50.1174104Z Setting up libblas3:amd64 (3.12.0-3build1.1) ...
2026-09-12T07:56:50.1176000Z update-alternatives: using /usr/lib/x86_64-linux-gnu/blas/libblas.so.3 to provide /usr/lib/x86_64-linux-gnu/libblas.so.3 (libblas.so.3-x86_64-linux-gnu) in auto mode
2026-09-12T07:56:50.1177813Z Setting up libegl-mesa0:amd64 (25.2.8-0ubuntu0.24.04.2) ...
2026-09-12T07:56:50.1178655Z Setting up libsoundtouch1:amd64 (2.3.2+ds1-1build1) ...
2026-09-12T07:56:50.1179450Z Setting up libplacebo338:amd64 (6.338.2-2build1) ...
2026-09-12T07:56:50.1180167Z Setting up libgles2:amd64 (1.7.0-1build1) ...
2026-09-12T07:56:50.1180872Z Setting up fonts-tlwg-loma-otf (1:0.7.3-1) ...
2026-09-12T07:56:50.1181582Z Setting up libva2:amd64 (2.20.0-2ubuntu0.2) ...
2026-09-12T07:56:50.1182379Z Setting up libspa-0.2-modules:amd64 (1.0.5-1ubuntu3.3) ...
2026-09-12T07:56:50.1183101Z Setting up libzxing3:amd64 (2.2.1-3) ...
2026-09-12T07:56:50.1183786Z Setting up xfonts-encodings (1:1.0.5-0ubuntu2) ...
2026-09-12T07:56:50.1184486Z Setting up libopus0:amd64 (1.4-1build1) ...
2026-09-12T07:56:50.1185155Z Setting up libfaad2:amd64 (2.11.1-1build1) ...
2026-09-12T07:56:50.1185925Z Setting up libxkbcommon-x11-0:amd64 (1.6.0-1build1) ...
2026-09-12T07:56:50.1186679Z Setting up libdc1394-25:amd64 (2.2.6-4build1) ...
2026-09-12T07:56:50.1187680Z Setting up libimath-3-1-29t64:amd64 (3.1.9-3.1ubuntu2) ...
2026-09-12T07:56:50.1188458Z Setting up libunibreak5:amd64 (5.1-2build1) ...
2026-09-12T07:56:50.1189181Z Setting up libdv4t64:amd64 (1.0.0-17.1build1) ...
2026-09-12T07:56:50.1189915Z Setting up libjxl0.7:amd64 (0.7.0-10.2ubuntu6.1) ...
2026-09-12T07:56:50.1190648Z Setting up libopenh264-7:amd64 (2.4.1+dfsg-1) ...
2026-09-12T07:56:50.1191347Z Setting up libltc11:amd64 (1.3.2-1build1) ...
2026-09-12T07:56:50.1192030Z Setting up libx265-199:amd64 (3.5-2build1) ...
2026-09-12T07:56:50.1192728Z Setting up libv4l-0t64:amd64 (1.26.1-4build3) ...
2026-09-12T07:56:50.1193414Z Setting up libavtp0:amd64 (0.2.0-1build1) ...
2026-09-12T07:56:50.1194123Z Setting up libsndio7.0:amd64 (1.9.0-0.3build3) ...
2026-09-12T07:56:50.1194941Z Setting up libdirectfb-1.7-7t64:amd64 (1.7.7-11.1ubuntu2) ...
2026-09-12T07:56:50.1196096Z Setting up libspandsp2t64:amd64 (0.0.6+dfsg-2.1build1) ...
2026-09-12T07:56:50.1197071Z Setting up libvidstab1.1:amd64 (1.1.0-2build1) ...
2026-09-12T07:56:50.1197805Z Setting up libvpx9:amd64 (1.14.0-1ubuntu2.3) ...
2026-09-12T07:56:50.1198555Z Setting up libsrt1.5-gnutls:amd64 (1.5.3-1build2) ...
2026-09-12T07:56:50.1199294Z Setting up libtag1v5:amd64 (1.13.1-1build1) ...
2026-09-12T07:56:50.1199977Z Setting up libflite1:amd64 (2.2-6build3) ...
2026-09-12T07:56:50.1200870Z Setting up libdav1d7:amd64 (1.4.1-1build1) ...
2026-09-12T07:56:50.1201591Z Setting up libva-drm2:amd64 (2.20.0-2ubuntu0.2) ...
2026-09-12T07:56:50.1202362Z Setting up fonts-ipafont-gothic (00303-21ubuntu1) ...
2026-09-12T07:56:50.1204354Z update-alternatives: using /usr/share/fonts/opentype/ipafont-gothic/ipag.ttf to provide /usr/share/fonts/truetype/fonts-japanese-gothic.ttf (fonts-japanese-gothic.ttf) in auto mode
2026-09-12T07:56:50.1204761Z Setting up ocl-icd-libopencl1:amd64 (2.3.2-1build1) ...
2026-09-12T07:56:50.1205106Z Setting up libasyncns0:amd64 (0.8-6build4) ...
2026-09-12T07:56:50.1205456Z Setting up libwildmidi2:amd64 (0.4.3-1build3) ...
2026-09-12T07:56:50.1205774Z Setting up libvdpau1:amd64 (1.5-2build1) ...
2026-09-12T07:56:50.1206115Z Setting up libwavpack1:amd64 (5.6.0-1build1) ...
2026-09-12T07:56:50.1206470Z Setting up libbs2b0:amd64 (3.1.0+dfsg-7build1) ...
2026-09-12T07:56:50.1207069Z Setting up libtheora0:amd64 (1.1.1+dfsg.1-16.1build3) ...
2026-09-12T07:56:50.1207391Z Setting up libegl1:amd64 (1.7.0-1build1) ...
2026-09-12T07:56:50.1207750Z Setting up libdecor-0-0:amd64 (0.2.2-1build2) ...
2026-09-12T07:56:50.1208071Z Setting up libdca0:amd64 (0.0.7-2build1) ...
2026-09-12T07:56:50.1208415Z Setting up libzimg2:amd64 (3.0.5+ds1-1build1) ...
2026-09-12T07:56:50.1208760Z Setting up libopenal-data (1:1.23.1-4build1) ...
2026-09-12T07:56:50.1209234Z Setting up libabsl20220623t64:amd64 (20220623.1-3.1ubuntu3.2) ...
2026-09-12T07:56:50.1209624Z Setting up libflac12t64:amd64 (1.4.3+ds-2.1ubuntu2) ...
2026-09-12T07:56:50.1210231Z Setting up libgtk-4-common (4.14.5+ds-0ubuntu0.10) ...
2026-09-12T07:56:50.1210765Z Setting up libmpeg2encpp-2.1-0t64:amd64 (1:2.1.0+debian-8.1build1) ...
2026-09-12T07:56:50.1211166Z Setting up glib-networking-common (2.80.0-1build1) ...
2026-09-12T07:56:50.1211459Z Setting up libmfx1:amd64 (22.5.4-1) ...
2026-09-12T07:56:50.1211812Z Setting up libbluray2:amd64 (1:1.3.4-1build1) ...
2026-09-12T07:56:50.1212175Z Setting up libde265-0:amd64 (1.0.15-1ubuntu0.1) ...
2026-09-12T07:56:50.1212535Z Setting up libsamplerate0:amd64 (0.2.2-4build1) ...
2026-09-12T07:56:50.1212842Z Setting up timgm6mb-soundfont (1.3-5) ...
2026-09-12T07:56:50.1214079Z update-alternatives: using /usr/share/sounds/sf2/TimGM6mb.sf2 to provide /usr/share/sounds/sf2/default-GM.sf2 (default-GM.sf2) in auto mode
2026-09-12T07:56:50.1215233Z update-alternatives: using /usr/share/sounds/sf2/TimGM6mb.sf2 to provide /usr/share/sounds/sf3/default-GM.sf3 (default-GM.sf3) in auto mode
2026-09-12T07:56:50.1215614Z Setting up libva-x11-2:amd64 (2.20.0-2ubuntu0.2) ...
2026-09-12T07:56:50.1216022Z Setting up libyuv0:amd64 (0.0~git202401110.af6ac82-1) ...
2026-09-12T07:56:50.1216515Z Setting up libmplex2-2.1-0t64:amd64 (1:2.1.0+debian-8.1build1) ...
2026-09-12T07:56:50.1217130Z Setting up libpipewire-0.3-0t64:amd64 (1.0.5-1ubuntu3.3) ...
2026-09-12T07:56:50.1217521Z Setting up libopenmpt0t64:amd64 (0.7.3-1.1build3) ...
2026-09-12T07:56:50.1217820Z Setting up libzvbi-common (0.2.42-2) ...
2026-09-12T07:56:50.1218167Z Setting up libsecret-common (0.21.4-1build3) ...
2026-09-12T07:56:50.1218526Z Setting up libmp3lame0:amd64 (3.100-6build1) ...
2026-09-12T07:56:50.1218923Z Setting up libgraphene-1.0-0:amd64 (1.10.8-3build2) ...
2026-09-12T07:56:50.1219281Z Setting up libvorbisenc2:amd64 (1.3.7-1build3) ...
2026-09-12T07:56:50.1219616Z Setting up libdvdnav4:amd64 (6.1.1-3build1) ...
2026-09-12T07:56:50.1219966Z Setting up fonts-unifont (1:15.1.01-1build1) ...
2026-09-12T07:56:50.1220261Z Setting up libaa1:amd64 (1.4p5-51.1) ...
2026-09-12T07:56:50.1220617Z Setting up libiec61883-0:amd64 (1.2.0-6build1) ...
2026-09-12T07:56:50.1220927Z Setting up libserd-0-0:amd64 (0.32.2-1) ...
2026-09-12T07:56:50.1221267Z Setting up libavc1394-0:amd64 (0.5.4-5build3) ...
2026-09-12T07:56:50.1221698Z Setting up gsettings-desktop-schemas (46.1-0ubuntu1) ...
2026-09-12T07:56:50.1222119Z Setting up glib-networking-services (2.80.0-1build1) ...
2026-09-12T07:56:50.1222478Z Setting up liblapack3:amd64 (3.12.0-3build1.1) ...
2026-09-12T07:56:50.1224068Z update-alternatives: using /usr/lib/x86_64-linux-gnu/lapack/liblapack.so.3 to provide /usr/lib/x86_64-linux-gnu/liblapack.so.3 (liblapack.so.3-x86_64-linux-gnu) in auto mode
2026-09-12T07:56:50.1224381Z Setting up libzvbi0t64:amd64 (0.2.42-2) ...
2026-09-12T07:56:50.1224714Z Setting up liblrdf0:amd64 (0.6.1-4build1) ...
2026-09-12T07:56:50.1225071Z Setting up libzbar0t64:amd64 (0.23.93-4build3) ...
2026-09-12T07:56:50.1225631Z Setting up libgstreamer-plugins-base1.0-0:amd64 (1.24.2-1ubuntu0.4) ...
2026-09-12T07:56:50.1225998Z Setting up libavutil58:amd64 (7:6.1.1-3ubuntu5) ...
2026-09-12T07:56:50.1226358Z Setting up libopenal1:amd64 (1:1.23.1-4build1) ...
2026-09-12T07:56:50.1226674Z Setting up xfonts-utils (1:7.7+6build3) ...
2026-09-12T07:56:50.1227214Z Setting up libsecret-1-0:amd64 (0.21.4-1build3) ...
2026-09-12T07:56:50.1227768Z Setting up libgstreamer-plugins-good1.0-0:amd64 (1.24.2-1ubuntu1.5) ...
2026-09-12T07:56:50.1228215Z Setting up libgstreamer-gl1.0-0:amd64 (1.24.2-1ubuntu0.4) ...
2026-09-12T07:56:50.1228721Z Setting up gstreamer1.0-plugins-base:amd64 (1.24.2-1ubuntu0.4) ...
2026-09-12T07:56:50.1229060Z Setting up libass9:amd64 (1:0.17.1-2build1) ...
2026-09-12T07:56:50.1229458Z Setting up libswresample4:amd64 (7:6.1.1-3ubuntu5) ...
2026-09-12T07:56:50.1229855Z Setting up libopenexr-3-1-30:amd64 (3.1.5-5.1build3) ...
2026-09-12T07:56:50.1230190Z Setting up libshout3:amd64 (2.4.6-1build2) ...
2026-09-12T07:56:50.1230528Z Setting up libgav1-1:amd64 (0.18.0-1build3) ...
2026-09-12T07:56:50.1231059Z Setting up libavcodec60:amd64 (7:6.1.1-3ubuntu5) ...
2026-09-12T07:56:50.1231479Z Setting up librubberband2:amd64 (3.3.0+dfsg-2build1) ...
2026-09-12T07:56:50.1231919Z Setting up libjack-jackd2-0:amd64 (1.9.21~dfsg-3ubuntu3) ...
2026-09-12T07:56:50.1232272Z Setting up libsord-0-0:amd64 (0.16.16-2build1) ...
2026-09-12T07:56:50.1232611Z Setting up xfonts-cyrillic (1:1.0.5+nmu1) ...
2026-09-12T07:56:50.1233001Z Setting up libpostproc57:amd64 (7:6.1.1-3ubuntu5) ...
2026-09-12T07:56:50.1233361Z Setting up libsratom-0-0:amd64 (0.6.16-1build1) ...
2026-09-12T07:56:50.1233773Z Setting up libsndfile1:amd64 (1.2.2-1ubuntu5.24.04.1) ...
2026-09-12T07:56:50.1234125Z Setting up liblilv-0-0:amd64 (0.24.22-1build1) ...
2026-09-12T07:56:50.1234525Z Setting up libinstpatch-1.0-2:amd64 (1.1.6-1build2) ...
2026-09-12T07:56:50.1234849Z Setting up xfonts-scalable (1:1.0.3-1.3) ...
2026-09-12T07:56:50.1235203Z Setting up libswscale7:amd64 (7:6.1.1-3ubuntu5) ...
2026-09-12T07:56:50.1235540Z Setting up libavif16:amd64 (1.0.4-1ubuntu3) ...
2026-09-12T07:56:50.1235965Z Setting up libpulse0:amd64 (1:16.1+dfsg1-2ubuntu10.1) ...
2026-09-12T07:56:50.1236347Z Setting up libavformat60:amd64 (7:6.1.1-3ubuntu5) ...
2026-09-12T07:56:50.1237029Z Setting up libsphinxbase3t64:amd64 (0.8+5prealpha+1-17build2) ...
2026-09-12T07:56:50.1237473Z Setting up libsdl2-2.0-0:amd64 (2.30.0+dfsg-1ubuntu3.1) ...
2026-09-12T07:56:50.1237844Z Setting up libfluidsynth3:amd64 (2.3.4-1build3) ...
2026-09-12T07:56:50.1238394Z Setting up libpocketsphinx3:amd64 (0.8.0+real5prealpha+1-15ubuntu5) ...
2026-09-12T07:56:50.1238774Z Setting up libavfilter9:amd64 (7:6.1.1-3ubuntu5) ...
2026-09-12T07:56:50.1239172Z Setting up gstreamer1.0-libav:amd64 (1.24.1-1build1) ...
2026-09-12T07:56:50.1239611Z Processing triggers for fontconfig (2.15.0-1.1ubuntu2) ...
2026-09-12T07:56:50.1240005Z Processing triggers for libc-bin (2.39-0ubuntu8.8) ...
2026-09-12T07:56:50.1240372Z Processing triggers for man-db (2.12.0-4build2) ...
2026-09-12T07:56:50.1240781Z Not building database; man-db/auto-update is not 'true'.
2026-09-12T07:56:50.1241301Z Processing triggers for libglib2.0-0t64:amd64 (2.80.0-6ubuntu3.8) ...
2026-09-12T07:56:50.1241693Z Setting up libgtk-4-1:amd64 (4.14.5+ds-0ubuntu0.10) ...
2026-09-12T07:56:50.1242075Z Setting up glib-networking:amd64 (2.80.0-1build1) ...
2026-09-12T07:56:50.1242450Z Setting up libsoup-3.0-0:amd64 (3.4.4-5ubuntu0.7) ...
2026-09-12T07:56:50.1242809Z Setting up libgssdp-1.6-0:amd64 (1.6.3-1build3) ...
2026-09-12T07:56:50.1243304Z Setting up gstreamer1.0-plugins-good:amd64 (1.24.2-1ubuntu1.5) ...
2026-09-12T07:56:50.1243822Z Setting up libgupnp-1.6-0:amd64 (1.6.6-1build3) ...
2026-09-12T07:56:50.1244219Z Setting up libgupnp-igd-1.6-0:amd64 (1.6.0-3build3) ...
2026-09-12T07:56:50.1244556Z Setting up libnice10:amd64 (0.1.21-2build3) ...
2026-09-12T07:56:50.1245072Z Setting up libgstreamer-plugins-bad1.0-0:amd64 (1.24.2-1ubuntu4) ...
2026-09-12T07:56:50.1245552Z Setting up gstreamer1.0-plugins-bad:amd64 (1.24.2-1ubuntu4) ...
2026-09-12T07:56:50.1245952Z Processing triggers for libc-bin (2.39-0ubuntu8.8) ...
2026-09-12T07:56:50.1245968Z 
2026-09-12T07:56:50.1246258Z Running kernel seems to be up-to-date.
2026-09-12T07:56:50.1246271Z 
2026-09-12T07:56:50.1246540Z No services need to be restarted.
2026-09-12T07:56:50.1246552Z 
2026-09-12T07:56:50.1246824Z No containers need to be restarted.
2026-09-12T07:56:50.1247097Z 
2026-09-12T07:56:50.1247422Z No user sessions are running outdated binaries.
2026-09-12T07:56:50.1247439Z 
2026-09-12T07:56:50.1247986Z No VM guests are running outdated hypervisor (qemu) binaries on this host.
2026-09-12T07:56:50.1249313Z Downloading WebKit 26.5 (playwright webkit v2336) from https://cdn.playwright.dev/dbazure/download/playwright/builds/webkit/2336/webkit-ubuntu-24.04.zip
2026-09-12T07:56:50.1249846Z |                                                                                |   0% of 102 MiB
2026-09-12T07:56:50.1250681Z |■■■■■■■■                                                                        |  10% of 102 MiB
2026-09-12T07:56:50.1251571Z |■■■■■■■■■■■■■■■■                                                                |  20% of 102 MiB
2026-09-12T07:56:50.1252253Z |■■■■■■■■■■■■■■■■■■■■■■■■                                                        |  30% of 102 MiB
2026-09-12T07:56:50.1252936Z |■■■■■■■■■■■■■■■■■■■■■■■■■■■■■■■■                                                |  40% of 102 MiB
2026-09-12T07:56:50.1253634Z |■■■■■■■■■■■■■■■■■■■■■■■■■■■■■■■■■■■■■■■■                                        |  50% of 102 MiB
2026-09-12T07:56:50.1254356Z |■■■■■■■■■■■■■■■■■■■■■■■■■■■■■■■■■■■■■■■■■■■■■■■■                                |  60% of 102 MiB
2026-09-12T07:56:50.1255056Z |■■■■■■■■■■■■■■■■■■■■■■■■■■■■■■■■■■■■■■■■■■■■■■■■■■■■■■■■                        |  70% of 102 MiB
2026-09-12T07:56:50.1255785Z |■■■■■■■■■■■■■■■■■■■■■■■■■■■■■■■■■■■■■■■■■■■■■■■■■■■■■■■■■■■■■■■■                |  80% of 102 MiB
2026-09-12T07:56:50.1256507Z |■■■■■■■■■■■■■■■■■■■■■■■■■■■■■■■■■■■■■■■■■■■■■■■■■■■■■■■■■■■■■■■■■■■■■■■■        |  90% of 102 MiB
2026-09-12T07:56:50.1257531Z |■■■■■■■■■■■■■■■■■■■■■■■■■■■■■■■■■■■■■■■■■■■■■■■■■■■■■■■■■■■■■■■■■■■■■■■■■■■■■■■■| 100% of 102 MiB
2026-09-12T07:56:50.1258298Z WebKit 26.5 (playwright webkit v2336) downloaded to /home/runner/.cache/ms-playwright/webkit-2336
2026-09-12T07:56:50.1259498Z Downloading FFmpeg (playwright ffmpeg v1011) from https://cdn.playwright.dev/dbazure/download/playwright/builds/ffmpeg/1011/ffmpeg-linux.zip
2026-09-12T07:56:50.1260011Z |                                                                                |   0% of 2.3 MiB
2026-09-12T07:56:50.1260718Z |■■■■■■■■                                                                        |  10% of 2.3 MiB
2026-09-12T07:56:50.1261380Z |■■■■■■■■■■■■■■■■                                                                |  20% of 2.3 MiB
2026-09-12T07:56:50.1262052Z |■■■■■■■■■■■■■■■■■■■■■■■■                                                        |  30% of 2.3 MiB
2026-09-12T07:56:50.1262728Z |■■■■■■■■■■■■■■■■■■■■■■■■■■■■■■■■                                                |  40% of 2.3 MiB
2026-09-12T07:56:50.1263449Z |■■■■■■■■■■■■■■■■■■■■■■■■■■■■■■■■■■■■■■■■                                        |  50% of 2.3 MiB
2026-09-12T07:56:50.1264149Z |■■■■■■■■■■■■■■■■■■■■■■■■■■■■■■■■■■■■■■■■■■■■■■■■                                |  60% of 2.3 MiB
2026-09-12T07:56:50.1264854Z |■■■■■■■■■■■■■■■■■■■■■■■■■■■■■■■■■■■■■■■■■■■■■■■■■■■■■■■■                        |  70% of 2.3 MiB
2026-09-12T07:56:50.1265577Z |■■■■■■■■■■■■■■■■■■■■■■■■■■■■■■■■■■■■■■■■■■■■■■■■■■■■■■■■■■■■■■■■                |  80% of 2.3 MiB
2026-09-12T07:56:50.1266482Z |■■■■■■■■■■■■■■■■■■■■■■■■■■■■■■■■■■■■■■■■■■■■■■■■■■■■■■■■■■■■■■■■■■■■■■■■        |  90% of 2.3 MiB
2026-09-12T07:56:50.1267407Z |■■■■■■■■■■■■■■■■■■■■■■■■■■■■■■■■■■■■■■■■■■■■■■■■■■■■■■■■■■■■■■■■■■■■■■■■■■■■■■■■| 100% of 2.3 MiB
2026-09-12T07:56:50.1268143Z FFmpeg (playwright ffmpeg v1011) downloaded to /home/runner/.cache/ms-playwright/ffmpeg-1011
2026-09-12T07:56:50.1268474Z Building the Web preview artifact...
2026-09-12T07:56:53.3589166Z 
2026-09-12T07:56:53.3591647Z > @relational-config-center/web@0.0.0 build /home/runner/work/relational-config-center/relational-config-center/web
2026-09-12T07:56:53.3592939Z > tsc --noEmit && vite build
2026-09-12T07:56:53.3593388Z 
2026-09-12T07:56:53.3594697Z [36mvite v8.2.2 [32mbuilding client environment for production...[36m[39m
2026-09-12T07:56:53.3595456Z transforming...
2026-09-12T07:56:53.3595799Z ✓ 2158 modules transformed.
2026-09-12T07:56:53.3596093Z rendering chunks...
2026-09-12T07:56:53.3596387Z computing gzip size...
2026-09-12T07:56:53.3597674Z dist/index.html                             0.74 kB │ gzip:   0.40 kB
2026-09-12T07:56:53.3598399Z dist/assets/index-uJ84wE7V.css             86.93 kB │ gzip:  16.77 kB
2026-09-12T07:56:53.3599066Z dist/assets/rolldown-runtime-CbXtAM7H.js    0.58 kB │ gzip:   0.36 kB
2026-09-12T07:56:53.3599692Z dist/assets/react-DXf84zf0.js             189.60 kB │ gzip:  59.62 kB
2026-09-12T07:56:53.3600296Z dist/assets/vendor-B5DI7EYn.js            359.58 kB │ gzip: 112.44 kB
2026-09-12T07:56:53.3600899Z dist/assets/index-BoUbTwuw.js             364.92 kB │ gzip:  99.95 kB
2026-09-12T07:56:53.3601184Z 
2026-09-12T07:56:53.3601396Z [32m✓ built in 546ms[39m
2026-09-12T07:56:53.3601834Z Verifying timeout cleanup against a TERM-resistant descendant...
2026-09-12T07:56:54.7143409Z ✔ kills the process group when its leader exits on TERM (1235.182212ms)
2026-09-12T07:56:54.7143940Z ℹ tests 1
2026-09-12T07:56:54.7144187Z ℹ suites 0
2026-09-12T07:56:54.7144416Z ℹ pass 1
2026-09-12T07:56:54.7144668Z ℹ fail 0
2026-09-12T07:56:54.7144900Z ℹ cancelled 0
2026-09-12T07:56:54.7145164Z ℹ skipped 0
2026-09-12T07:56:54.7145396Z ℹ todo 0
2026-09-12T07:56:54.7145660Z ℹ duration_ms 1293.511687
2026-09-12T07:56:54.7146221Z Starting disposable MySQL 8.4 container rcc-browser-1789199777-2447-mysql...
2026-09-12T07:57:15.3594161Z Building and applying the current Goose control schema...
2026-09-12T07:57:18.1508407Z {"state":"current","current":11,"required":11,"pending":[],"attempt_id":11,"attempt_version":11,"attempt_digest":"2e51f69bd9fc53e0de693a6e28fa26e547fb640740c9210b830b6f820c182963","attempt_operation":"up"}
2026-09-12T07:57:18.1509806Z Loading deploy/mysql/local-fixture/002-notification-templates.sql...
2026-09-12T07:57:18.2538679Z Granting the disposable Admin account publication metadata access...
2026-09-12T07:57:18.4072450Z Building and starting Admin on a dynamic loopback port...
2026-09-12T07:57:21.4500377Z Starting Web preview on a different dynamic loopback port...
2026-09-12T07:57:23.7014058Z {"files":["docs/verification/fixtures/stage1_acceptance.sql","web/e2e/fixtures/stage1-policies.sql","admin/cmd/admin/testdata/014-batch-browser.sql","admin/cmd/admin/testdata/015-draft-targets-browser.sql","admin/cmd/admin/testdata/016-multitable-browser.sql","web/e2e/fixtures/release-rollbacks.sql","web/e2e/fixtures/field-display.sql"],"added":["field_display_browser_items","stage1_acceptance_items","stage1_rollback_chromium_items","stage1_rollback_firefox_items","stage1_rollback_webkit_items"],"associations":[{"created_at":"2026-09-12T07:57:23.526Z","creator":"1eb1f1ab-6286-4a6d-96f3-e4691c82b38a","enabled":true,"modifier":"1eb1f1ab-6286-4a6d-96f3-e4691c82b38a","table_name":"field_display_browser_items","template_code":"default_standard_v1","template_enabled":true,"template_name":"默认常规发布","type":"STANDARD","updated_at":"2026-09-12T07:57:23.526Z","version":"1"},{"created_at":"2026-09-12T07:57:23.539Z","creator":"1eb1f1ab-6286-4a6d-96f3-e4691c82b38a","enabled":true,"modifier":"1eb1f1ab-6286-4a6d-96f3-e4691c82b38a","table_name":"field_display_browser_items","template_code":"default_emergency_v1","template_enabled":true,"template_name":"默认应急发布","type":"EMERGENCY","updated_at":"2026-09-12T07:57:23.539Z","version":"1"},{"created_at":"2026-09-12T07:57:23.557Z","creator":"1eb1f1ab-6286-4a6d-96f3-e4691c82b38a","enabled":true,"modifier":"1eb1f1ab-6286-4a6d-96f3-e4691c82b38a","table_name":"stage1_acceptance_items","template_code":"default_standard_v1","template_enabled":true,"template_name":"默认常规发布","type":"STANDARD","updated_at":"2026-09-12T07:57:23.557Z","version":"1"},{"created_at":"2026-09-12T07:57:23.583Z","creator":"1eb1f1ab-6286-4a6d-96f3-e4691c82b38a","enabled":true,"modifier":"1eb1f1ab-6286-4a6d-96f3-e4691c82b38a","table_name":"stage1_acceptance_items","template_code":"default_emergency_v1","template_enabled":true,"template_name":"默认应急发布","type":"EMERGENCY","updated_at":"2026-09-12T07:57:23.583Z","version":"1"},{"created_at":"2026-09-12T07:57:23.607Z","creator":"1eb1f1ab-6286-4a6d-96f3-e4691c82b38a","enabled":true,"modifier":"1eb1f1ab-6286-4a6d-96f3-e4691c82b38a","table_name":"stage1_rollback_chromium_items","template_code":"default_standard_v1","template_enabled":true,"template_name":"默认常规发布","type":"STANDARD","updated_at":"2026-09-12T07:57:23.607Z","version":"1"},{"created_at":"2026-09-12T07:57:23.621Z","creator":"1eb1f1ab-6286-4a6d-96f3-e4691c82b38a","enabled":true,"modifier":"1eb1f1ab-6286-4a6d-96f3-e4691c82b38a","table_name":"stage1_rollback_chromium_items","template_code":"default_emergency_v1","template_enabled":true,"template_name":"默认应急发布","type":"EMERGENCY","updated_at":"2026-09-12T07:57:23.621Z","version":"1"},{"created_at":"2026-09-12T07:57:23.64Z","creator":"1eb1f1ab-6286-4a6d-96f3-e4691c82b38a","enabled":true,"modifier":"1eb1f1ab-6286-4a6d-96f3-e4691c82b38a","table_name":"stage1_rollback_firefox_items","template_code":"default_standard_v1","template_enabled":true,"template_name":"默认常规发布","type":"STANDARD","updated_at":"2026-09-12T07:57:23.64Z","version":"1"},{"created_at":"2026-09-12T07:57:23.651Z","creator":"1eb1f1ab-6286-4a6d-96f3-e4691c82b38a","enabled":true,"modifier":"1eb1f1ab-6286-4a6d-96f3-e4691c82b38a","table_name":"stage1_rollback_firefox_items","template_code":"default_emergency_v1","template_enabled":true,"template_name":"默认应急发布","type":"EMERGENCY","updated_at":"2026-09-12T07:57:23.651Z","version":"1"},{"created_at":"2026-09-12T07:57:23.668Z","creator":"1eb1f1ab-6286-4a6d-96f3-e4691c82b38a","enabled":true,"modifier":"1eb1f1ab-6286-4a6d-96f3-e4691c82b38a","table_name":"stage1_rollback_webkit_items","template_code":"default_standard_v1","template_enabled":true,"template_name":"默认常规发布","type":"STANDARD","updated_at":"2026-09-12T07:57:23.668Z","version":"1"},{"created_at":"2026-09-12T07:57:23.679Z","creator":"1eb1f1ab-6286-4a6d-96f3-e4691c82b38a","enabled":true,"modifier":"1eb1f1ab-6286-4a6d-96f3-e4691c82b38a","table_name":"stage1_rollback_webkit_items","template_code":"default_emergency_v1","template_enabled":true,"template_name":"默认应急发布","type":"EMERGENCY","updated_at":"2026-09-12T07:57:23.679Z","version":"1"}]}
2026-09-12T07:57:26.4893218Z Running session, conflict and unknown recovery (webkit), diagnostic iteration 1/12...
2026-09-12T07:57:58.0009617Z 2026-09-12T07:57:26.878Z pw:browser <launching> /home/runner/.cache/ms-playwright/webkit-2336/pw_run.sh --inspector-pipe --headless --user-data-dir=/home/runner/work/_temp/rcc-accounts-webkit-browser/release-workflow/recovery-webkit/iteration-1/account-browser-profile-a8IJxT about:blank
2026-09-12T07:57:58.0012675Z 2026-09-12T07:57:26.883Z pw:browser <launched> pid=7077
2026-09-12T07:57:58.0013785Z 2026-09-12T07:57:29.988Z pw:browser [pid=7077][err] libEGL warning: failed to get driver name for fd -1
2026-09-12T07:57:58.0014414Z 2026-09-12T07:57:29.989Z pw:browser [pid=7077][err] 
2026-09-12T07:57:58.0015162Z 2026-09-12T07:57:29.989Z pw:browser [pid=7077][err] libEGL warning: MESA-LOADER: failed to retrieve device information
2026-09-12T07:57:58.0015819Z 2026-09-12T07:57:29.989Z pw:browser [pid=7077][err] 
2026-09-12T07:57:58.0016468Z 2026-09-12T07:57:29.989Z pw:browser [pid=7077][err] libEGL warning: failed to get driver name for fd -1
2026-09-12T07:57:58.0017363Z 2026-09-12T07:57:29.989Z pw:browser [pid=7077][err] 
2026-09-12T07:57:58.0018129Z 2026-09-12T07:57:30.060Z pw:browser [pid=7077][err] MESA: error: ZINK: vkCreateInstance failed (VK_ERROR_INCOMPATIBLE_DRIVER)
2026-09-12T07:57:58.0018988Z 2026-09-12T07:57:30.089Z pw:browser [pid=7077][err] libEGL warning: egl: failed to create dri2 screen
2026-09-12T07:57:58.0019564Z 2026-09-12T07:57:31.452Z pw:browser [pid=7077][err] 
2026-09-12T07:57:58.0021037Z 2026-09-12T07:57:31.452Z pw:browser [pid=7077][err] ** (MiniBrowser:7083): CRITICAL **: 07:57:31.452: WebKitWebView is-controlled-by-automation set but automation is not allowed in the context, falling back to default session.
2026-09-12T07:57:58.0022242Z 2026-09-12T07:57:31.530Z pw:browser [pid=7077][err] libEGL warning: failed to get driver name for fd -1
2026-09-12T07:57:58.0022819Z 2026-09-12T07:57:31.530Z pw:browser [pid=7077][err] 
2026-09-12T07:57:58.0023522Z 2026-09-12T07:57:31.530Z pw:browser [pid=7077][err] libEGL warning: MESA-LOADER: failed to retrieve device information
2026-09-12T07:57:58.0024300Z 2026-09-12T07:57:31.530Z pw:browser [pid=7077][err] 
2026-09-12T07:57:58.0025529Z 2026-09-12T07:57:31.531Z pw:browser [pid=7077][err] libEGL warning: failed to get driver name for fd -1
2026-09-12T07:57:58.0026617Z 2026-09-12T07:57:31.531Z pw:browser [pid=7077][err] 
2026-09-12T07:57:58.0028472Z 2026-09-12T07:57:31.534Z pw:browser [pid=7077][err] MESA: error: ZINK: vkCreateInstance failed (VK_ERROR_INCOMPATIBLE_DRIVER)
2026-09-12T07:57:58.0030300Z 2026-09-12T07:57:31.534Z pw:browser [pid=7077][err] libEGL warning: egl: failed to create dri2 screen
2026-09-12T07:57:58.0031366Z 2026-09-12T07:57:37.942Z pw:browser <launching> /home/runner/.cache/ms-playwright/webkit-2336/pw_run.sh --inspector-pipe --headless --no-startup-window
2026-09-12T07:57:58.0032184Z 2026-09-12T07:57:37.945Z pw:browser <launched> pid=7209
2026-09-12T07:57:58.0032629Z 2026-09-12T07:57:38.082Z pw:browser [pid=7209][err] 
2026-09-12T07:57:58.0033820Z 2026-09-12T07:57:38.082Z pw:browser [pid=7209][err] ** (MiniBrowser:7215): CRITICAL **: 07:57:38.081: WebKitWebView is-controlled-by-automation set but automation is not allowed in the context, falling back to default session.
2026-09-12T07:57:58.0035010Z 2026-09-12T07:57:38.175Z pw:browser [pid=7209][err] libEGL warning: failed to get driver name for fd -1
2026-09-12T07:57:58.0035582Z 2026-09-12T07:57:38.176Z pw:browser [pid=7209][err] 
2026-09-12T07:57:58.0036286Z 2026-09-12T07:57:38.176Z pw:browser [pid=7209][err] libEGL warning: MESA-LOADER: failed to retrieve device information
2026-09-12T07:57:58.0037179Z 2026-09-12T07:57:38.176Z pw:browser [pid=7209][err] 
2026-09-12T07:57:58.0037899Z 2026-09-12T07:57:38.176Z pw:browser [pid=7209][err] libEGL warning: failed to get driver name for fd -1
2026-09-12T07:57:58.0038485Z 2026-09-12T07:57:38.176Z pw:browser [pid=7209][err] 
2026-09-12T07:57:58.0039233Z 2026-09-12T07:57:38.180Z pw:browser [pid=7209][err] MESA: error: ZINK: vkCreateInstance failed (VK_ERROR_INCOMPATIBLE_DRIVER)
2026-09-12T07:57:58.0040334Z 2026-09-12T07:57:38.180Z pw:browser [pid=7209][err] libEGL warning: egl: failed to create dri2 screen
2026-09-12T07:57:58.0041397Z 2026-09-12T07:57:38.366Z pw:browser [pid=7077][err] RENDERER: Fetch API cannot load http://127.0.0.1:42289/api/v1/auth/session due to access control checks.
2026-09-12T07:57:58.0042240Z 2026-09-12T07:57:38.501Z pw:browser [pid=7077] <gracefully close start>
2026-09-12T07:57:58.0042883Z 2026-09-12T07:57:38.626Z pw:browser [pid=7077] <process did exit: exitCode=0, signal=null>
2026-09-12T07:57:58.0043553Z 2026-09-12T07:57:38.626Z pw:browser [pid=7077] starting temporary directories cleanup
2026-09-12T07:57:58.0044208Z 2026-09-12T07:57:38.627Z pw:browser [pid=7077] finished temporary directories cleanup
2026-09-12T07:57:58.0044790Z 2026-09-12T07:57:38.627Z pw:browser [pid=7077] <gracefully close end>
2026-09-12T07:57:58.0046417Z 2026-09-12T07:57:38.630Z pw:browser <launching> /home/runner/.cache/ms-playwright/webkit-2336/pw_run.sh --inspector-pipe --headless --user-data-dir=/home/runner/work/_temp/rcc-accounts-webkit-browser/release-workflow/recovery-webkit/iteration-1/account-browser-profile-a8IJxT about:blank
2026-09-12T07:57:58.0048076Z 2026-09-12T07:57:38.632Z pw:browser <launched> pid=7279
2026-09-12T07:57:58.0048746Z 2026-09-12T07:57:38.800Z pw:browser [pid=7279][err] libEGL warning: failed to get driver name for fd -1
2026-09-12T07:57:58.0049472Z 2026-09-12T07:57:38.800Z pw:browser [pid=7279][err] 
2026-09-12T07:57:58.0050184Z 2026-09-12T07:57:38.800Z pw:browser [pid=7279][err] libEGL warning: MESA-LOADER: failed to retrieve device information
2026-09-12T07:57:58.0050817Z 2026-09-12T07:57:38.800Z pw:browser [pid=7279][err] 
2026-09-12T07:57:58.0051468Z 2026-09-12T07:57:38.800Z pw:browser [pid=7279][err] libEGL warning: failed to get driver name for fd -1
2026-09-12T07:57:58.0052043Z 2026-09-12T07:57:38.800Z pw:browser [pid=7279][err] 
2026-09-12T07:57:58.0052779Z 2026-09-12T07:57:38.804Z pw:browser [pid=7279][err] MESA: error: ZINK: vkCreateInstance failed (VK_ERROR_INCOMPATIBLE_DRIVER)
2026-09-12T07:57:58.0053620Z 2026-09-12T07:57:38.804Z pw:browser [pid=7279][err] libEGL warning: egl: failed to create dri2 screen
2026-09-12T07:57:58.0054189Z 2026-09-12T07:57:38.893Z pw:browser [pid=7279][err] 
2026-09-12T07:57:58.0055370Z 2026-09-12T07:57:38.893Z pw:browser [pid=7279][err] ** (MiniBrowser:7285): CRITICAL **: 07:57:38.893: WebKitWebView is-controlled-by-automation set but automation is not allowed in the context, falling back to default session.
2026-09-12T07:57:58.0056558Z 2026-09-12T07:57:38.976Z pw:browser [pid=7279][err] libEGL warning: failed to get driver name for fd -1
2026-09-12T07:57:58.0057481Z 2026-09-12T07:57:38.977Z pw:browser [pid=7279][err] 
2026-09-12T07:57:58.0058185Z 2026-09-12T07:57:38.977Z pw:browser [pid=7279][err] libEGL warning: MESA-LOADER: failed to retrieve device information
2026-09-12T07:57:58.0058805Z 2026-09-12T07:57:38.977Z pw:browser [pid=7279][err] 
2026-09-12T07:57:58.0059421Z 2026-09-12T07:57:38.977Z pw:browser [pid=7279][err] libEGL warning: failed to get driver name for fd -1
2026-09-12T07:57:58.0059978Z 2026-09-12T07:57:38.977Z pw:browser [pid=7279][err] 
2026-09-12T07:57:58.0060702Z 2026-09-12T07:57:38.982Z pw:browser [pid=7279][err] MESA: error: ZINK: vkCreateInstance failed (VK_ERROR_INCOMPATIBLE_DRIVER)
2026-09-12T07:57:58.0061546Z 2026-09-12T07:57:38.982Z pw:browser [pid=7279][err] libEGL warning: egl: failed to create dri2 screen
2026-09-12T07:57:58.0066439Z {"run_suffix":"a5d07debf7e1","account_id":"dc74fc22-a29b-4381-9405-2408e2553a0c","username":"browser.user.a5d07debf7e1","member_username":"roles.member.a5d07debf7e1","template_key":"browser_system_a5d07debf7e1","checks":["record version conflict preserves input","explicit latest read and baseline rebuild","registration defaults VIEWER","maintenance ADMIN bootstrap","UI combination grant","390px role catalog and drawer","role history with permanent actor","original member session refresh","refresh","reopen","dirty navigation protection","same-account Change Set recovery after session loss","hidden drawer keyboard isolation","draft submit independent approval and publisher execution","unknown execute result reload and original-key recovery","final row defaults and permanent actor fields","refresh notification remains NOT_CONNECTED","no direct record write request","HTTP Cookie","storage/URL secrecy","logout rejection"]}2026-09-12T07:57:57.859Z pw:browser [pid=7209] <gracefully close start>
2026-09-12T07:57:58.0070680Z 2026-09-12T07:57:57.910Z pw:browser [pid=7209] <process did exit: exitCode=0, signal=null>
2026-09-12T07:57:58.0071363Z 2026-09-12T07:57:57.910Z pw:browser [pid=7209] starting temporary directories cleanup
2026-09-12T07:57:58.0072009Z 2026-09-12T07:57:57.910Z pw:browser [pid=7209] finished temporary directories cleanup
2026-09-12T07:57:58.0072598Z 2026-09-12T07:57:57.910Z pw:browser [pid=7209] <gracefully close end>
2026-09-12T07:57:58.0073141Z 2026-09-12T07:57:57.911Z pw:browser [pid=7279] <gracefully close start>
2026-09-12T07:57:58.0073772Z 2026-09-12T07:57:57.976Z pw:browser [pid=7279] <process did exit: exitCode=0, signal=null>
2026-09-12T07:57:58.0074428Z 2026-09-12T07:57:57.976Z pw:browser [pid=7279] starting temporary directories cleanup
2026-09-12T07:57:58.0075068Z 2026-09-12T07:57:57.976Z pw:browser [pid=7279] finished temporary directories cleanup
2026-09-12T07:57:58.0075644Z 2026-09-12T07:57:57.976Z pw:browser [pid=7279] <gracefully close end>
2026-09-12T07:57:58.0076423Z Running session, conflict and unknown recovery (webkit), diagnostic iteration 2/12...
2026-09-12T07:58:44.5815268Z 2026-09-12T07:57:58.389Z pw:browser <launching> /home/runner/.cache/ms-playwright/webkit-2336/pw_run.sh --inspector-pipe --headless --user-data-dir=/home/runner/work/_temp/rcc-accounts-webkit-browser/release-workflow/recovery-webkit/iteration-2/account-browser-profile-hHZWaH about:blank
2026-09-12T07:58:44.5817608Z 2026-09-12T07:57:58.394Z pw:browser <launched> pid=7461
2026-09-12T07:58:44.5818962Z 2026-09-12T07:57:58.552Z pw:browser [pid=7461][err] libEGL warning: failed to get driver name for fd -1
2026-09-12T07:58:44.5820116Z 2026-09-12T07:57:58.552Z pw:browser [pid=7461][err] 
2026-09-12T07:58:44.5821518Z 2026-09-12T07:57:58.552Z pw:browser [pid=7461][err] libEGL warning: MESA-LOADER: failed to retrieve device information
2026-09-12T07:58:44.5822727Z 2026-09-12T07:57:58.552Z pw:browser [pid=7461][err] 
2026-09-12T07:58:44.5823997Z 2026-09-12T07:57:58.552Z pw:browser [pid=7461][err] libEGL warning: failed to get driver name for fd -1
2026-09-12T07:58:44.5825165Z 2026-09-12T07:57:58.552Z pw:browser [pid=7461][err] 
2026-09-12T07:58:44.5826619Z 2026-09-12T07:57:58.556Z pw:browser [pid=7461][err] MESA: error: ZINK: vkCreateInstance failed (VK_ERROR_INCOMPATIBLE_DRIVER)
2026-09-12T07:58:44.5828758Z 2026-09-12T07:57:58.556Z pw:browser [pid=7461][err] libEGL warning: egl: failed to create dri2 screen
2026-09-12T07:58:44.5829913Z 2026-09-12T07:57:58.662Z pw:browser [pid=7461][err] 
2026-09-12T07:58:44.5831890Z 2026-09-12T07:57:58.662Z pw:browser [pid=7461][err] ** (MiniBrowser:7467): CRITICAL **: 07:57:58.660: WebKitWebView is-controlled-by-automation set but automation is not allowed in the context, falling back to default session.
2026-09-12T07:58:44.5833139Z 2026-09-12T07:57:58.743Z pw:browser [pid=7461][err] libEGL warning: failed to get driver name for fd -1
2026-09-12T07:58:44.5834062Z 2026-09-12T07:57:58.743Z pw:browser [pid=7461][err] 
2026-09-12T07:58:44.5835513Z 2026-09-12T07:57:58.744Z pw:browser [pid=7461][err] libEGL warning: MESA-LOADER: failed to retrieve device information
2026-09-12T07:58:44.5836325Z 2026-09-12T07:57:58.744Z pw:browser [pid=7461][err] 
2026-09-12T07:58:44.5837373Z 2026-09-12T07:57:58.744Z pw:browser [pid=7461][err] libEGL warning: failed to get driver name for fd -1
2026-09-12T07:58:44.5838410Z 2026-09-12T07:57:58.744Z pw:browser [pid=7461][err] 
2026-09-12T07:58:44.5839158Z 2026-09-12T07:57:58.747Z pw:browser [pid=7461][err] MESA: error: ZINK: vkCreateInstance failed (VK_ERROR_INCOMPATIBLE_DRIVER)
2026-09-12T07:58:44.5840296Z 2026-09-12T07:57:58.748Z pw:browser [pid=7461][err] libEGL warning: egl: failed to create dri2 screen
2026-09-12T07:58:44.5841335Z 2026-09-12T07:58:02.253Z pw:browser <launching> /home/runner/.cache/ms-playwright/webkit-2336/pw_run.sh --inspector-pipe --headless --no-startup-window
2026-09-12T07:58:44.5842120Z 2026-09-12T07:58:02.255Z pw:browser <launched> pid=7576
2026-09-12T07:58:44.5842549Z 2026-09-12T07:58:02.389Z pw:browser [pid=7576][err] 
2026-09-12T07:58:44.5843748Z 2026-09-12T07:58:02.389Z pw:browser [pid=7576][err] ** (MiniBrowser:7582): CRITICAL **: 07:58:02.389: WebKitWebView is-controlled-by-automation set but automation is not allowed in the context, falling back to default session.
2026-09-12T07:58:44.5844928Z 2026-09-12T07:58:02.484Z pw:browser [pid=7576][err] libEGL warning: failed to get driver name for fd -1
2026-09-12T07:58:44.5845491Z 2026-09-12T07:58:02.484Z pw:browser [pid=7576][err] 
2026-09-12T07:58:44.5846189Z 2026-09-12T07:58:02.484Z pw:browser [pid=7576][err] libEGL warning: MESA-LOADER: failed to retrieve device information
2026-09-12T07:58:44.5846802Z 2026-09-12T07:58:02.484Z pw:browser [pid=7576][err] 
2026-09-12T07:58:44.5847755Z 2026-09-12T07:58:02.484Z pw:browser [pid=7576][err] libEGL warning: failed to get driver name for fd -1
2026-09-12T07:58:44.5848341Z 2026-09-12T07:58:02.484Z pw:browser [pid=7576][err] 
2026-09-12T07:58:44.5849287Z 2026-09-12T07:58:02.488Z pw:browser [pid=7576][err] MESA: error: ZINK: vkCreateInstance failed (VK_ERROR_INCOMPATIBLE_DRIVER)
2026-09-12T07:58:44.5850148Z 2026-09-12T07:58:02.488Z pw:browser [pid=7576][err] libEGL warning: egl: failed to create dri2 screen
2026-09-12T07:58:44.5850791Z 2026-09-12T07:58:02.816Z pw:browser [pid=7461] <gracefully close start>
2026-09-12T07:58:44.5851418Z 2026-09-12T07:58:02.871Z pw:browser [pid=7461] <process did exit: exitCode=0, signal=null>
2026-09-12T07:58:44.5852079Z 2026-09-12T07:58:02.871Z pw:browser [pid=7461] starting temporary directories cleanup
2026-09-12T07:58:44.5852728Z 2026-09-12T07:58:02.873Z pw:browser [pid=7461] finished temporary directories cleanup
2026-09-12T07:58:44.5853306Z 2026-09-12T07:58:02.873Z pw:browser [pid=7461] <gracefully close end>
2026-09-12T07:58:44.5854917Z 2026-09-12T07:58:02.874Z pw:browser <launching> /home/runner/.cache/ms-playwright/webkit-2336/pw_run.sh --inspector-pipe --headless --user-data-dir=/home/runner/work/_temp/rcc-accounts-webkit-browser/release-workflow/recovery-webkit/iteration-2/account-browser-profile-hHZWaH about:blank
2026-09-12T07:58:44.5856198Z 2026-09-12T07:58:02.876Z pw:browser <launched> pid=7640
2026-09-12T07:58:44.5856832Z 2026-09-12T07:58:03.039Z pw:browser [pid=7640][err] libEGL warning: failed to get driver name for fd -1
2026-09-12T07:58:44.5857772Z 2026-09-12T07:58:03.039Z pw:browser [pid=7640][err] 
2026-09-12T07:58:44.5858470Z 2026-09-12T07:58:03.040Z pw:browser [pid=7640][err] libEGL warning: MESA-LOADER: failed to retrieve device information
2026-09-12T07:58:44.5859093Z 2026-09-12T07:58:03.040Z pw:browser [pid=7640][err] 
2026-09-12T07:58:44.5859707Z 2026-09-12T07:58:03.040Z pw:browser [pid=7640][err] libEGL warning: failed to get driver name for fd -1
2026-09-12T07:58:44.5860264Z 2026-09-12T07:58:03.040Z pw:browser [pid=7640][err] 
2026-09-12T07:58:44.5860981Z 2026-09-12T07:58:03.043Z pw:browser [pid=7640][err] MESA: error: ZINK: vkCreateInstance failed (VK_ERROR_INCOMPATIBLE_DRIVER)
2026-09-12T07:58:44.5861812Z 2026-09-12T07:58:03.043Z pw:browser [pid=7640][err] libEGL warning: egl: failed to create dri2 screen
2026-09-12T07:58:44.5862370Z 2026-09-12T07:58:03.132Z pw:browser [pid=7640][err] 
2026-09-12T07:58:44.5863539Z 2026-09-12T07:58:03.132Z pw:browser [pid=7640][err] ** (MiniBrowser:7646): CRITICAL **: 07:58:03.132: WebKitWebView is-controlled-by-automation set but automation is not allowed in the context, falling back to default session.
2026-09-12T07:58:44.5864705Z 2026-09-12T07:58:03.222Z pw:browser [pid=7640][err] libEGL warning: failed to get driver name for fd -1
2026-09-12T07:58:44.5865414Z 2026-09-12T07:58:03.222Z pw:browser [pid=7640][err] 
2026-09-12T07:58:44.5866094Z 2026-09-12T07:58:03.223Z pw:browser [pid=7640][err] libEGL warning: MESA-LOADER: failed to retrieve device information
2026-09-12T07:58:44.5866702Z 2026-09-12T07:58:03.223Z pw:browser [pid=7640][err] 
2026-09-12T07:58:44.5867443Z 2026-09-12T07:58:03.223Z pw:browser [pid=7640][err] libEGL warning: failed to get driver name for fd -1
2026-09-12T07:58:44.5868005Z 2026-09-12T07:58:03.223Z pw:browser [pid=7640][err] 
2026-09-12T07:58:44.5868730Z 2026-09-12T07:58:03.228Z pw:browser [pid=7640][err] MESA: error: ZINK: vkCreateInstance failed (VK_ERROR_INCOMPATIBLE_DRIVER)
2026-09-12T07:58:44.5869556Z 2026-09-12T07:58:03.228Z pw:browser [pid=7640][err] libEGL warning: egl: failed to create dri2 screen
2026-09-12T07:58:44.5870201Z 2026-09-12T07:58:44.464Z pw:browser [pid=7576] <gracefully close start>
2026-09-12T07:58:44.5870822Z 2026-09-12T07:58:44.523Z pw:browser [pid=7576] <process did exit: exitCode=0, signal=null>
2026-09-12T07:58:44.5871486Z 2026-09-12T07:58:44.523Z pw:browser [pid=7576] starting temporary directories cleanup
2026-09-12T07:58:44.5872119Z 2026-09-12T07:58:44.523Z pw:browser [pid=7576] finished temporary directories cleanup
2026-09-12T07:58:44.5872697Z 2026-09-12T07:58:44.523Z pw:browser [pid=7576] <gracefully close end>
2026-09-12T07:58:44.5873224Z 2026-09-12T07:58:44.525Z pw:browser [pid=7640] <gracefully close start>
2026-09-12T07:58:44.5873982Z 2026-09-12T07:58:44.554Z pw:browser [pid=7640] <process did exit: exitCode=0, signal=null>
2026-09-12T07:58:44.5874665Z 2026-09-12T07:58:44.554Z pw:browser [pid=7640] starting temporary directories cleanup
2026-09-12T07:58:44.5875307Z 2026-09-12T07:58:44.555Z pw:browser [pid=7640] finished temporary directories cleanup
2026-09-12T07:58:44.5875880Z 2026-09-12T07:58:44.555Z pw:browser [pid=7640] <gracefully close end>
2026-09-12T07:58:44.5876317Z node:internal/modules/run_main:107
2026-09-12T07:58:44.5876655Z     triggerUncaughtException(
2026-09-12T07:58:44.5877045Z     ^
2026-09-12T07:58:44.5877164Z 
2026-09-12T07:58:44.5877440Z locator.click: Target page, context or browser has been closed
2026-09-12T07:58:44.5878104Z Call log:
2026-09-12T07:58:44.5879240Z   - waiting for getByRole('button', { name: '确认发布到数据库', exact: true })
2026-09-12T07:58:44.5884017Z     - locator resolved to <button data-slot="button" data-size="default" data-variant="default" class="inline-flex shrink-0 items-center justify-center gap-2 rounded-md text-sm font-medium whitespace-nowrap transition-all outline-none focus-visible:border-ring focus-visible:ring-[3px] focus-visible:ring-ring/50 disabled:pointer-events-none disabled:opacity-50 aria-invalid:border-destructive aria-invalid:ring-destructive/20 dark:aria-invalid:ring-destructive/40 [&_svg]:pointer-events-none [&_svg]:shrink-0 [&_svg:not([class*='si…>确认发布到数据库</button>
2026-09-12T07:58:44.5886250Z   - attempting click action
2026-09-12T07:58:44.5886784Z     2 × waiting for element to be visible, enabled and stable
2026-09-12T07:58:44.5887333Z       - element is not stable
2026-09-12T07:58:44.5887633Z     - retrying click action
2026-09-12T07:58:44.5887902Z     - waiting 20ms
2026-09-12T07:58:44.5888343Z     2 × waiting for element to be visible, enabled and stable
2026-09-12T07:58:44.5888728Z       - element is not stable
2026-09-12T07:58:44.5889010Z     - retrying click action
2026-09-12T07:58:44.5889284Z       - waiting 100ms
2026-09-12T07:58:44.5889666Z     - waiting for element to be visible, enabled and stable
2026-09-12T07:58:44.5890042Z     - element is not stable
2026-09-12T07:58:44.5890306Z   - retrying click action
2026-09-12T07:58:44.5890566Z     - waiting 500ms
2026-09-12T07:58:44.5890707Z 
2026-09-12T07:58:44.5891604Z     at /home/runner/work/relational-config-center/relational-config-center/web/e2e/accounts.mjs:439:69 {
2026-09-12T07:58:44.5892440Z   log: [
2026-09-12T07:58:44.5892979Z     "  - waiting for getByRole('button', { name: '确认发布到数据库', exact: true })",
2026-09-12T07:58:44.5896592Z     `    - locator resolved to <button data-slot="button" data-size="default" data-variant="default" class="inline-flex shrink-0 items-center justify-center gap-2 rounded-md text-sm font-medium whitespace-nowrap transition-all outline-none focus-visible:border-ring focus-visible:ring-[3px] focus-visible:ring-ring/50 disabled:pointer-events-none disabled:opacity-50 aria-invalid:border-destructive aria-invalid:ring-destructive/20 dark:aria-invalid:ring-destructive/40 [&_svg]:pointer-events-none [&_svg]:shrink-0 [&_svg:not([class*='si…>确认发布到数据库</button>`,
2026-09-12T07:58:44.5901024Z     '  - attempting click action',
2026-09-12T07:58:44.5902131Z     '    2 × waiting for element to be visible, enabled and stable',
2026-09-12T07:58:44.5902921Z     '      - element is not stable',
2026-09-12T07:58:44.5903563Z     '    - retrying click action',
2026-09-12T07:58:44.5904112Z     '    - waiting 20ms',
2026-09-12T07:58:44.5905038Z     '    2 × waiting for element to be visible, enabled and stable',
2026-09-12T07:58:44.5905836Z     '      - element is not stable',
2026-09-12T07:58:44.5906476Z     '    - retrying click action',
2026-09-12T07:58:44.5907954Z     '      - waiting 100ms',
2026-09-12T07:58:44.5908778Z     '    - waiting for element to be visible, enabled and stable',
2026-09-12T07:58:44.5909523Z     '    - element is not stable',
2026-09-12T07:58:44.5910192Z     '  - retrying click action',
2026-09-12T07:58:44.5910789Z     '    - waiting 500ms'
2026-09-12T07:58:44.5911259Z   ]
2026-09-12T07:58:44.5911620Z }
2026-09-12T07:58:44.5911825Z 
2026-09-12T07:58:44.5912594Z Node.js v24.19.0
2026-09-12T07:58:49.3752472Z artifact directory: /home/runner/work/_temp/rcc-accounts-webkit-browser
2026-09-12T07:58:49.3801554Z ##[error]Process completed with exit code 1.
2026-09-12T07:58:49.3852790Z ##[group]Run mkdir -p "/home/runner/work/_temp/rcc-accounts-webkit-native"
2026-09-12T07:58:49.3853379Z [36;1mmkdir -p "/home/runner/work/_temp/rcc-accounts-webkit-native"[0m
2026-09-12T07:58:49.3854174Z [36;1msudo dmesg --ctime --level=emerg,alert,crit,err,warn > "/home/runner/work/_temp/rcc-accounts-webkit-native/kernel-warnings.log" 2>&1 || true[0m
2026-09-12T07:58:49.3928859Z shell: /usr/bin/bash -e {0}
2026-09-12T07:58:49.3929126Z env:
2026-09-12T07:58:49.3929400Z   PNPM_HOME: /home/runner/setup-pnpm/node_modules/.bin
2026-09-12T07:58:49.3929747Z   GOTOOLCHAIN: local
2026-09-12T07:58:49.3929997Z ##[endgroup]
2026-09-12T07:58:49.4164835Z ##[group]Run actions/upload-artifact@v6
2026-09-12T07:58:49.4165155Z with:
2026-09-12T07:58:49.4165400Z   name: accounts-webkit-native-34681965121-1
2026-09-12T07:58:49.4165988Z   path: /home/runner/work/_temp/rcc-accounts-webkit-browser
/home/runner/work/_temp/rcc-accounts-webkit-native

2026-09-12T07:58:49.4166549Z   if-no-files-found: error
2026-09-12T07:58:49.4166797Z   retention-days: 14
2026-09-12T07:58:49.4167304Z   compression-level: 6
2026-09-12T07:58:49.4167532Z   overwrite: false
2026-09-12T07:58:49.4167755Z   include-hidden-files: false
2026-09-12T07:58:49.4168003Z env:
2026-09-12T07:58:49.4168241Z   PNPM_HOME: /home/runner/setup-pnpm/node_modules/.bin
2026-09-12T07:58:49.4168577Z   GOTOOLCHAIN: local
2026-09-12T07:58:49.4168789Z ##[endgroup]
2026-09-12T07:58:49.6087907Z Multiple search paths detected. Calculating the least common ancestor of all paths
2026-09-12T07:58:49.6090746Z The least common ancestor is /home/runner/work/_temp. This will be the root directory of the artifact
2026-09-12T07:58:49.6092104Z With the provided path, there will be 54 files uploaded
2026-09-12T07:58:49.6099918Z Artifact name is valid!
2026-09-12T07:58:49.6100626Z Root directory input is valid!
2026-09-12T07:58:49.8088805Z Beginning upload of artifact content to blob storage
2026-09-12T07:58:50.1964481Z Uploaded bytes 3370037
2026-09-12T07:58:50.2113637Z Finished uploading artifact content to blob storage!
2026-09-12T07:58:50.2115005Z SHA256 digest of uploaded artifact zip is 4b6f8f92dd091ba57037c682c7407ce1e803ae9eea987af8a49db737364cbc9f
2026-09-12T07:58:50.2116323Z Finalizing artifact upload
2026-09-12T07:58:50.4176094Z Artifact accounts-webkit-native-34681965121-1.zip successfully finalized. Artifact ID 10294074904
2026-09-12T07:58:50.4178853Z Artifact accounts-webkit-native-34681965121-1 has been successfully uploaded! Final size is 3370037 bytes. Artifact ID is 10294074904
2026-09-12T07:58:50.4181142Z Artifact download URL: https://github.com/asherzj/relational-config-center/actions/runs/34681965121/artifacts/10294074904
2026-09-12T07:58:50.4359513Z Post job cleanup.
2026-09-12T07:58:50.5859040Z Pruning is unnecessary.
2026-09-12T07:58:50.6032101Z Post job cleanup.
2026-09-12T07:58:50.7207991Z [command]/usr/bin/git version
2026-09-12T07:58:50.7304859Z git version 2.55.0
2026-09-12T07:58:50.7355166Z Temporarily overriding HOME='/home/runner/work/_temp/5e4b1393-ebff-4299-bef8-4036416fd46d' before making global git config changes
2026-09-12T07:58:50.7357266Z Adding repository directory to the temporary git global config as a safe directory
2026-09-12T07:58:50.7386111Z [command]/usr/bin/git config --global --add safe.directory /home/runner/work/relational-config-center/relational-config-center
2026-09-12T07:58:50.7477636Z Removing SSH command configuration
2026-09-12T07:58:50.7508494Z [command]/usr/bin/git config --local --name-only --get-regexp core\.sshCommand
2026-09-12T07:58:50.7569008Z [command]/usr/bin/git submodule foreach --recursive sh -c "git config --local --name-only --get-regexp 'core\.sshCommand' && git config --local --unset-all 'core.sshCommand' || :"
2026-09-12T07:58:50.7759201Z Removing HTTP extra header
2026-09-12T07:58:50.7766569Z [command]/usr/bin/git config --local --name-only --get-regexp http\.https\:\/\/github\.com\/\.extraheader
2026-09-12T07:58:50.7808761Z [command]/usr/bin/git submodule foreach --recursive sh -c "git config --local --name-only --get-regexp 'http\.https\:\/\/github\.com\/\.extraheader' && git config --local --unset-all 'http.https://github.com/.extraheader' || :"
2026-09-12T07:58:50.8078669Z Removing includeIf entries pointing to credentials config files
2026-09-12T07:58:50.8085499Z [command]/usr/bin/git config --local --name-only --get-regexp ^includeIf\.gitdir:
2026-09-12T07:58:50.8118791Z includeif.gitdir:/home/runner/work/relational-config-center/relational-config-center/.git.path
2026-09-12T07:58:50.8120645Z includeif.gitdir:/home/runner/work/relational-config-center/relational-config-center/.git/worktrees/*.path
2026-09-12T07:58:50.8122048Z includeif.gitdir:/github/workspace/.git.path
2026-09-12T07:58:50.8123234Z includeif.gitdir:/github/workspace/.git/worktrees/*.path
2026-09-12T07:58:50.8130047Z [command]/usr/bin/git config --local --get-all includeif.gitdir:/home/runner/work/relational-config-center/relational-config-center/.git.path
2026-09-12T07:58:50.8154485Z /home/runner/work/_temp/git-credentials-3725c16e-1759-4292-9e0a-1237154e0994.config
2026-09-12T07:58:50.8182682Z [command]/usr/bin/git config --local --unset includeif.gitdir:/home/runner/work/relational-config-center/relational-config-center/.git.path \/home\/runner\/work\/_temp\/git\-credentials\-3725c16e\-1759\-4292\-9e0a\-1237154e0994\.config
2026-09-12T07:58:50.8228733Z [command]/usr/bin/git config --local --get-all includeif.gitdir:/home/runner/work/relational-config-center/relational-config-center/.git/worktrees/*.path
2026-09-12T07:58:50.8254590Z /home/runner/work/_temp/git-credentials-3725c16e-1759-4292-9e0a-1237154e0994.config
2026-09-12T07:58:50.8265874Z [command]/usr/bin/git config --local --unset includeif.gitdir:/home/runner/work/relational-config-center/relational-config-center/.git/worktrees/*.path \/home\/runner\/work\/_temp\/git\-credentials\-3725c16e\-1759\-4292\-9e0a\-1237154e0994\.config
2026-09-12T07:58:50.8302996Z [command]/usr/bin/git config --local --get-all includeif.gitdir:/github/workspace/.git.path
2026-09-12T07:58:50.8333698Z /github/runner_temp/git-credentials-3725c16e-1759-4292-9e0a-1237154e0994.config
2026-09-12T07:58:50.8343212Z [command]/usr/bin/git config --local --unset includeif.gitdir:/github/workspace/.git.path \/github\/runner_temp\/git\-credentials\-3725c16e\-1759\-4292\-9e0a\-1237154e0994\.config
2026-09-12T07:58:50.8381098Z [command]/usr/bin/git config --local --get-all includeif.gitdir:/github/workspace/.git/worktrees/*.path
2026-09-12T07:58:50.8410926Z /github/runner_temp/git-credentials-3725c16e-1759-4292-9e0a-1237154e0994.config
2026-09-12T07:58:50.8419617Z [command]/usr/bin/git config --local --unset includeif.gitdir:/github/workspace/.git/worktrees/*.path \/github\/runner_temp\/git\-credentials\-3725c16e\-1759\-4292\-9e0a\-1237154e0994\.config
2026-09-12T07:58:50.8464389Z [command]/usr/bin/git submodule foreach --recursive git config --local --show-origin --name-only --get-regexp remote.origin.url
2026-09-12T07:58:50.8697537Z Removing credentials config '/home/runner/work/_temp/git-credentials-3725c16e-1759-4292-9e0a-1237154e0994.config'
2026-09-12T07:58:50.8843802Z Cleaning up orphan processes
