2026-09-12T08:41:30.9295730Z Current runner version: '2.337.0'
2026-09-12T08:41:30.9321419Z ##[group]Runner Image Provisioner
2026-09-12T08:41:30.9322411Z Hosted Compute Agent
2026-09-12T08:41:30.9323015Z Version: 20260828.587
2026-09-12T08:41:30.9323805Z Commit: abac92662cab4cc7352de4f9f9d2e2419aad9c29
2026-09-12T08:41:30.9324617Z Build Date: 2026-08-28T16:44:25Z
2026-09-12T08:41:30.9325687Z Worker ID: {85178e88-c4c3-443e-9188-a35204235bfd}
2026-09-12T08:41:30.9326462Z Azure Region: northcentralus
2026-09-12T08:41:30.9327121Z ##[endgroup]
2026-09-12T08:41:30.9328881Z ##[group]Operating System
2026-09-12T08:41:30.9329577Z Ubuntu
2026-09-12T08:41:30.9330231Z 24.04.5
2026-09-12T08:41:30.9330783Z LTS
2026-09-12T08:41:30.9331346Z ##[endgroup]
2026-09-12T08:41:30.9331988Z ##[group]Runner Image
2026-09-12T08:41:30.9332660Z Image: ubuntu-24.04
2026-09-12T08:41:30.9333232Z Version: 20260907.300.1
2026-09-12T08:41:30.9334678Z Included Software: https://github.com/actions/runner-images/blob/ubuntu24/20260907.300/images/ubuntu/Ubuntu2404-Readme.md
2026-09-12T08:41:30.9336529Z Image Release: https://github.com/actions/runner-images/releases/tag/ubuntu24%2F20260907.300
2026-09-12T08:41:30.9337561Z ##[endgroup]
2026-09-12T08:41:30.9338773Z ##[group]GITHUB_TOKEN Permissions
2026-09-12T08:41:30.9341171Z Contents: read
2026-09-12T08:41:30.9341794Z Metadata: read
2026-09-12T08:41:30.9342529Z ##[endgroup]
2026-09-12T08:41:30.9344632Z Secret source: Actions
2026-09-12T08:41:30.9345937Z Cache mode: write
2026-09-12T08:41:30.9346994Z Prepare workflow directory
2026-09-12T08:41:30.9690524Z Prepare all required actions
2026-09-12T08:41:30.9741172Z Getting action download info
2026-09-12T08:41:31.2448977Z Download action repository 'actions/checkout@v7' (SHA:3d3c42e5aac5ba805825da76410c181273ba90b1)
2026-09-12T08:41:31.3673552Z Download action repository 'pnpm/action-setup@v6' (SHA:0977fd99725f1db4007ccb2928dbb4e90d06cc86)
2026-09-12T08:41:31.6377977Z Download action repository 'actions/setup-node@v7' (SHA:820762786026740c76f36085b0efc47a31fe5020)
2026-09-12T08:41:31.7871434Z Download action repository 'actions/setup-go@v7' (SHA:b7ad1dad31e06c5925ef5d2fc7ad053ef454303e)
2026-09-12T08:41:32.1909953Z Download action repository 'actions/upload-artifact@v6' (SHA:b7c566a772e6b6bfb58ed0dc250532a479d7789f)
2026-09-12T08:41:32.4496357Z Complete job name: Browser acceptance
2026-09-12T08:41:32.5262177Z ##[group]Run actions/checkout@v7
2026-09-12T08:41:32.5263033Z with:
2026-09-12T08:41:32.5263548Z   repository: asherzj/relational-config-center
2026-09-12T08:41:32.5267740Z   token: ***
2026-09-12T08:41:32.5268199Z   ssh-strict: true
2026-09-12T08:41:32.5268673Z   ssh-user: git
2026-09-12T08:41:32.5269131Z   persist-credentials: true
2026-09-12T08:41:32.5269635Z   clean: true
2026-09-12T08:41:32.5270114Z   sparse-checkout-cone-mode: true
2026-09-12T08:41:32.5270650Z   fetch-depth: 1
2026-09-12T08:41:32.5271097Z   fetch-tags: false
2026-09-12T08:41:32.5271567Z   show-progress: true
2026-09-12T08:41:32.5272041Z   lfs: false
2026-09-12T08:41:32.5272470Z   submodules: false
2026-09-12T08:41:32.5272964Z   set-safe-directory: true
2026-09-12T08:41:32.5273483Z   allow-unsafe-pr-checkout: false
2026-09-12T08:41:32.5274228Z ##[endgroup]
2026-09-12T08:41:32.6323383Z Syncing repository: asherzj/relational-config-center
2026-09-12T08:41:32.6326232Z ##[group]Getting Git version info
2026-09-12T08:41:32.6327810Z Working directory is '/home/runner/work/relational-config-center/relational-config-center'
2026-09-12T08:41:32.6329826Z [command]/usr/bin/git version
2026-09-12T08:41:32.6398616Z git version 2.55.0
2026-09-12T08:41:32.6537346Z ##[endgroup]
2026-09-12T08:41:32.6545735Z Temporarily overriding HOME='/home/runner/work/_temp/e0a6853c-74a5-4770-b3e4-fdf4459fd8ed' before making global git config changes
2026-09-12T08:41:32.6547479Z Adding repository directory to the temporary git global config as a safe directory
2026-09-12T08:41:32.6549168Z [command]/usr/bin/git config --global --add safe.directory /home/runner/work/relational-config-center/relational-config-center
2026-09-12T08:41:32.6552098Z Deleting the contents of '/home/runner/work/relational-config-center/relational-config-center'
2026-09-12T08:41:32.6554346Z ##[group]Determining repository object format
2026-09-12T08:41:32.6555790Z ##[endgroup]
2026-09-12T08:41:32.6556585Z ##[group]Initializing the repository
2026-09-12T08:41:32.6558024Z [command]/usr/bin/git init /home/runner/work/relational-config-center/relational-config-center
2026-09-12T08:41:32.6626406Z hint: Using 'master' as the name for the initial branch. This default branch name
2026-09-12T08:41:32.6627978Z hint: will change to "main" in Git 3.0. To configure the initial branch name
2026-09-12T08:41:32.6629417Z hint: to use in all of your new repositories, which will suppress this warning,
2026-09-12T08:41:32.6630566Z hint: call:
2026-09-12T08:41:32.6630997Z hint:
2026-09-12T08:41:32.6631560Z hint: 	git config --global init.defaultBranch <name>
2026-09-12T08:41:32.6632214Z hint:
2026-09-12T08:41:32.6632829Z hint: Names commonly chosen instead of 'master' are 'main', 'trunk' and
2026-09-12T08:41:32.6633800Z hint: 'development'. The just-created branch can be renamed via this command:
2026-09-12T08:41:32.6634561Z hint:
2026-09-12T08:41:32.6635240Z hint: 	git branch -m <name>
2026-09-12T08:41:32.6635754Z hint:
2026-09-12T08:41:32.6636408Z hint: Disable this message with "git config set advice.defaultBranchName false"
2026-09-12T08:41:32.6642673Z Initialized empty Git repository in /home/runner/work/relational-config-center/relational-config-center/.git/
2026-09-12T08:41:32.6654014Z [command]/usr/bin/git remote add origin https://github.com/asherzj/relational-config-center
2026-09-12T08:41:32.6704543Z ##[endgroup]
2026-09-12T08:41:32.6706241Z ##[group]Disabling automatic garbage collection
2026-09-12T08:41:32.6707996Z [command]/usr/bin/git config --local gc.auto 0
2026-09-12T08:41:32.6742867Z ##[endgroup]
2026-09-12T08:41:32.6744456Z ##[group]Setting up auth
2026-09-12T08:41:32.6752193Z Removing SSH command configuration
2026-09-12T08:41:32.6754427Z [command]/usr/bin/git config --local --name-only --get-regexp core\.sshCommand
2026-09-12T08:41:32.6789749Z [command]/usr/bin/git submodule foreach --recursive sh -c "git config --local --name-only --get-regexp 'core\.sshCommand' && git config --local --unset-all 'core.sshCommand' || :"
2026-09-12T08:41:32.7159732Z Removing HTTP extra header
2026-09-12T08:41:32.7166832Z [command]/usr/bin/git config --local --name-only --get-regexp http\.https\:\/\/github\.com\/\.extraheader
2026-09-12T08:41:32.7205039Z [command]/usr/bin/git submodule foreach --recursive sh -c "git config --local --name-only --get-regexp 'http\.https\:\/\/github\.com\/\.extraheader' && git config --local --unset-all 'http.https://github.com/.extraheader' || :"
2026-09-12T08:41:32.7442888Z Removing includeIf entries pointing to credentials config files
2026-09-12T08:41:32.7447734Z [command]/usr/bin/git config --local --name-only --get-regexp ^includeIf\.gitdir:
2026-09-12T08:41:32.7483276Z [command]/usr/bin/git submodule foreach --recursive git config --local --show-origin --name-only --get-regexp remote.origin.url
2026-09-12T08:41:32.7726231Z [command]/usr/bin/git config --file /home/runner/work/_temp/git-credentials-264f954a-5a76-4dec-9ba0-5dffb2b52203.config http.https://github.com/.extraheader AUTHORIZATION: basic ***
2026-09-12T08:41:32.7767148Z [command]/usr/bin/git config --local includeIf.gitdir:/home/runner/work/relational-config-center/relational-config-center/.git.path /home/runner/work/_temp/git-credentials-264f954a-5a76-4dec-9ba0-5dffb2b52203.config
2026-09-12T08:41:32.7801062Z [command]/usr/bin/git config --local includeIf.gitdir:/home/runner/work/relational-config-center/relational-config-center/.git/worktrees/*.path /home/runner/work/_temp/git-credentials-264f954a-5a76-4dec-9ba0-5dffb2b52203.config
2026-09-12T08:41:32.7838203Z [command]/usr/bin/git config --local includeIf.gitdir:/github/workspace/.git.path /github/runner_temp/git-credentials-264f954a-5a76-4dec-9ba0-5dffb2b52203.config
2026-09-12T08:41:32.7875100Z [command]/usr/bin/git config --local includeIf.gitdir:/github/workspace/.git/worktrees/*.path /github/runner_temp/git-credentials-264f954a-5a76-4dec-9ba0-5dffb2b52203.config
2026-09-12T08:41:32.7907818Z ##[endgroup]
2026-09-12T08:41:32.7908630Z ##[group]Fetching the repository
2026-09-12T08:41:32.7914127Z [command]/usr/bin/git -c protocol.version=2 fetch --no-tags --prune --no-recurse-submodules --depth=1 origin +dd4c42d97fbaf084d366bf4749ca274912c37dba:refs/remotes/pull/111/merge
2026-09-12T08:41:45.0158716Z From https://github.com/asherzj/relational-config-center
2026-09-12T08:41:45.0163243Z  * [new ref]         dd4c42d97fbaf084d366bf4749ca274912c37dba -> pull/111/merge
2026-09-12T08:41:45.0166260Z ##[endgroup]
2026-09-12T08:41:45.0167042Z ##[group]Determining the checkout info
2026-09-12T08:41:45.0167874Z ##[endgroup]
2026-09-12T08:41:45.0169939Z [command]/usr/bin/git sparse-checkout disable
2026-09-12T08:41:45.0226840Z [command]/usr/bin/git config --local --unset-all extensions.worktreeConfig
2026-09-12T08:41:45.0261244Z ##[group]Checking out the ref
2026-09-12T08:41:45.0265680Z [command]/usr/bin/git checkout --progress --force refs/remotes/pull/111/merge
2026-09-12T08:41:46.0393686Z Updating files:  64% (2753/4276)
2026-09-12T08:41:46.0414031Z Updating files:  65% (2780/4276)
2026-09-12T08:41:46.0588679Z Updating files:  66% (2823/4276)
2026-09-12T08:41:46.0820165Z Updating files:  67% (2865/4276)
2026-09-12T08:41:46.1013109Z Updating files:  68% (2908/4276)
2026-09-12T08:41:46.1235715Z Updating files:  69% (2951/4276)
2026-09-12T08:41:46.1324801Z Updating files:  70% (2994/4276)
2026-09-12T08:41:46.1352249Z Updating files:  71% (3036/4276)
2026-09-12T08:41:46.1487068Z Updating files:  72% (3079/4276)
2026-09-12T08:41:46.1517717Z Updating files:  73% (3122/4276)
2026-09-12T08:41:46.1670128Z Updating files:  74% (3165/4276)
2026-09-12T08:41:46.1925115Z Updating files:  75% (3207/4276)
2026-09-12T08:41:46.2177780Z Updating files:  76% (3250/4276)
2026-09-12T08:41:46.2339053Z Updating files:  77% (3293/4276)
2026-09-12T08:41:46.2376052Z Updating files:  78% (3336/4276)
2026-09-12T08:41:46.2411531Z Updating files:  79% (3379/4276)
2026-09-12T08:41:46.2439005Z Updating files:  80% (3421/4276)
2026-09-12T08:41:46.2480426Z Updating files:  81% (3464/4276)
2026-09-12T08:41:46.2521639Z Updating files:  82% (3507/4276)
2026-09-12T08:41:46.2540518Z Updating files:  83% (3550/4276)
2026-09-12T08:41:46.2596853Z Updating files:  84% (3592/4276)
2026-09-12T08:41:46.2684012Z Updating files:  85% (3635/4276)
2026-09-12T08:41:46.2720710Z Updating files:  86% (3678/4276)
2026-09-12T08:41:46.2860931Z Updating files:  87% (3721/4276)
2026-09-12T08:41:46.3000987Z Updating files:  88% (3763/4276)
2026-09-12T08:41:46.3048702Z Updating files:  89% (3806/4276)
2026-09-12T08:41:46.3173319Z Updating files:  90% (3849/4276)
2026-09-12T08:41:46.3344166Z Updating files:  91% (3892/4276)
2026-09-12T08:41:46.3448770Z Updating files:  92% (3934/4276)
2026-09-12T08:41:46.3529746Z Updating files:  93% (3977/4276)
2026-09-12T08:41:46.3561455Z Updating files:  94% (4020/4276)
2026-09-12T08:41:46.3602995Z Updating files:  95% (4063/4276)
2026-09-12T08:41:46.3624467Z Updating files:  96% (4105/4276)
2026-09-12T08:41:46.3658388Z Updating files:  97% (4148/4276)
2026-09-12T08:41:46.3688757Z Updating files:  98% (4191/4276)
2026-09-12T08:41:46.3715532Z Updating files:  99% (4234/4276)
2026-09-12T08:41:46.3716310Z Updating files: 100% (4276/4276)
2026-09-12T08:41:46.3716820Z Updating files: 100% (4276/4276), done.
2026-09-12T08:41:46.3769894Z Note: switching to 'refs/remotes/pull/111/merge'.
2026-09-12T08:41:46.3770305Z 
2026-09-12T08:41:46.3770653Z You are in 'detached HEAD' state. You can look around, make experimental
2026-09-12T08:41:46.3771546Z changes and commit them, and you can discard any commits you make in this
2026-09-12T08:41:46.3772303Z state without impacting any branches by switching back to a branch.
2026-09-12T08:41:46.3772756Z 
2026-09-12T08:41:46.3773049Z If you want to create a new branch to retain commits you create, you may
2026-09-12T08:41:46.3773776Z do so (now or later) by using -c with the switch command. Example:
2026-09-12T08:41:46.3774319Z 
2026-09-12T08:41:46.3774465Z   git switch -c <new-branch-name>
2026-09-12T08:41:46.3774645Z 
2026-09-12T08:41:46.3774767Z Or undo this operation with:
2026-09-12T08:41:46.3775073Z 
2026-09-12T08:41:46.3775175Z   git switch -
2026-09-12T08:41:46.3775323Z 
2026-09-12T08:41:46.3775550Z Turn off this advice by setting config variable advice.detachedHead to false
2026-09-12T08:41:46.3775867Z 
2026-09-12T08:41:46.3776211Z HEAD is now at dd4c42d Merge a221562036136942ff5cbbeace95a44d13532900 into a306c94f484a5a4796f727bc4a37c192d9538bef
2026-09-12T08:41:46.3857680Z ##[endgroup]
2026-09-12T08:41:46.3910993Z [command]/usr/bin/git log -1 --format=%H
2026-09-12T08:41:46.3946062Z dd4c42d97fbaf084d366bf4749ca274912c37dba
2026-09-12T08:41:46.4193418Z ##[group]Run pnpm/action-setup@v6
2026-09-12T08:41:46.4193866Z with:
2026-09-12T08:41:46.4194149Z   version: 10.28.2
2026-09-12T08:41:46.4194459Z   dest: ~/setup-pnpm
2026-09-12T08:41:46.4194776Z   run_install: null
2026-09-12T08:41:46.4195297Z   cache: false
2026-09-12T08:41:46.4195632Z   cache_dependency_path: pnpm-lock.yaml
2026-09-12T08:41:46.4196090Z   package_json_file: package.json
2026-09-12T08:41:46.4196541Z   standalone: false
2026-09-12T08:41:46.4197021Z ##[endgroup]
2026-09-12T08:41:46.5682598Z ##[group]Running self-installer...
2026-09-12T08:41:52.8966232Z 
2026-09-12T08:41:52.8966841Z added 1 package, and audited 2 packages in 3s
2026-09-12T08:41:52.8967243Z 
2026-09-12T08:41:52.8967440Z 1 package is looking for funding
2026-09-12T08:41:52.8967874Z   run `npm fund` for details
2026-09-12T08:41:52.8973718Z 
2026-09-12T08:41:52.8973892Z found 0 vulnerabilities
2026-09-12T08:41:53.4895826Z Checking for updates...
2026-09-12T08:41:53.7631006Z Switching pnpm from v11.19.0 to v10.28.2...
2026-09-12T08:41:54.2815673Z .../v11/985-1a094c7c0c2-1cbc6fab75ced951 | Progress: resolved 1, reused 0, downloaded 0, added 0
2026-09-12T08:41:54.2837305Z .../v11/985-1a094c7c0c2-1cbc6fab75ced951 |   +1 +
2026-09-12T08:41:54.5251781Z .../v11/985-1a094c7c0c2-1cbc6fab75ced951 | Progress: resolved 1, reused 0, downloaded 1, added 1, done
2026-09-12T08:41:54.9168392Z [WARN] Detected a pnpm v10 installation layout at PNPM_HOME. The pnpm shims at PNPM_HOME have been refreshed so the new version is active, but pnpm v11 expects bins in PNPM_HOME/bin. Run "pnpm setup" to migrate your PATH to the v11 layout.
2026-09-12T08:41:54.9197078Z Successfully updated pnpm to v10.28.2
2026-09-12T08:41:54.9517690Z ##[endgroup]
2026-09-12T08:41:54.9518071Z Installation Completed!
2026-09-12T08:41:54.9706215Z ##[group]Run actions/setup-node@v7
2026-09-12T08:41:54.9706493Z with:
2026-09-12T08:41:54.9706699Z   node-version: 24.19.0
2026-09-12T08:41:54.9706927Z   cache: pnpm
2026-09-12T08:41:54.9707165Z   cache-dependency-path: web/pnpm-lock.yaml
2026-09-12T08:41:54.9707470Z   check-latest: false
2026-09-12T08:41:54.9709941Z   token: ***
2026-09-12T08:41:54.9710175Z   package-manager-cache: true
2026-09-12T08:41:54.9710432Z env:
2026-09-12T08:41:54.9710684Z   PNPM_HOME: /home/runner/setup-pnpm/node_modules/.bin
2026-09-12T08:41:54.9711026Z ##[endgroup]
2026-09-12T08:41:55.0966567Z Attempting to download 24.19.0...
2026-09-12T08:41:55.7031374Z Acquiring 24.19.0 - x64 from https://github.com/actions/node-versions/releases/download/24.19.0-30872449280/node-24.19.0-linux-x64.tar.gz
2026-09-12T08:41:56.1165926Z Extracting ...
2026-09-12T08:41:56.1286324Z [command]/usr/bin/tar xz --strip 1 --warning=no-unknown-keyword --overwrite -C /home/runner/work/_temp/6c0e3e03-36e5-4257-9c5a-80e4113822e8 -f /home/runner/work/_temp/e45b665d-4de4-4a2f-9e40-1c418d067dd2
2026-09-12T08:41:57.4530995Z Adding to the cache ...
2026-09-12T08:41:59.0686418Z ##[group]Environment details
2026-09-12T08:41:59.2970399Z node: v24.19.0
2026-09-12T08:41:59.2970796Z npm: 11.17.0
2026-09-12T08:41:59.2971120Z yarn: 1.22.22
2026-09-12T08:41:59.2971890Z ##[endgroup]
2026-09-12T08:41:59.2990858Z [command]/home/runner/setup-pnpm/node_modules/.bin/bin/pnpm store path --silent
2026-09-12T08:41:59.6479965Z /home/runner/setup-pnpm/node_modules/.bin/store/v10
2026-09-12T08:41:59.7626965Z Cache hit for: node-cache-Linux-x64-pnpm-0ab8ff3d1d460f6a16e7d5c9dff4cf8b460afcb8675b0a731f32a832b23d8354
2026-09-12T08:42:00.5204295Z Received 49020671 of 49020671 (100.0%), 74.8 MBs/sec
2026-09-12T08:42:00.5205109Z Cache Size: ~47 MB (49020671 B)
2026-09-12T08:42:00.5309138Z [command]/usr/bin/tar -xf /home/runner/work/_temp/5917ff0e-f0ed-4cfb-b292-f2167511ab62/cache.tzst -P -C /home/runner/work/relational-config-center/relational-config-center --use-compress-program unzstd
2026-09-12T08:42:01.1463186Z Cache restored successfully
2026-09-12T08:42:01.1495487Z Cache restored from key: node-cache-Linux-x64-pnpm-0ab8ff3d1d460f6a16e7d5c9dff4cf8b460afcb8675b0a731f32a832b23d8354
2026-09-12T08:42:01.1685589Z ##[group]Run actions/setup-go@v7
2026-09-12T08:42:01.1685900Z with:
2026-09-12T08:42:01.1686120Z   go-version-file: go.work
2026-09-12T08:42:01.1686426Z   cache-dependency-path: go.work.sum
admin/go.sum

2026-09-12T08:42:01.1686754Z   check-latest: false
2026-09-12T08:42:01.1689224Z   token: ***
2026-09-12T08:42:01.1689432Z   cache: true
2026-09-12T08:42:01.1689633Z env:
2026-09-12T08:42:01.1689902Z   PNPM_HOME: /home/runner/setup-pnpm/node_modules/.bin
2026-09-12T08:42:01.1690227Z ##[endgroup]
2026-09-12T08:42:01.2898992Z Setup go version spec 1.27.0
2026-09-12T08:42:01.2900754Z Attempting to download 1.27.0...
2026-09-12T08:42:01.8381626Z matching 1.27.0...
2026-09-12T08:42:01.8386667Z Acquiring 1.27.0 from https://github.com/actions/go-versions/releases/download/1.27.0-32325163857/go-1.27.0-linux-x64.tar.gz
2026-09-12T08:42:02.3071965Z Extracting Go...
2026-09-12T08:42:02.3191693Z [command]/usr/bin/tar xz --warning=no-unknown-keyword --overwrite -C /home/runner/work/_temp/ae05797c-27a4-4d27-b045-a2b6b7578195 -f /home/runner/work/_temp/bdc57972-a3ee-495f-afa8-6b571030aff8
2026-09-12T08:42:04.1475468Z Successfully extracted go to /home/runner/work/_temp/ae05797c-27a4-4d27-b045-a2b6b7578195
2026-09-12T08:42:04.1476228Z Adding to the cache ...
2026-09-12T08:42:08.9325635Z Successfully cached go to /opt/hostedtoolcache/go/1.27.0/x64
2026-09-12T08:42:08.9329821Z Added go to the path
2026-09-12T08:42:08.9330356Z Successfully set up Go version 1.27.0
2026-09-12T08:42:08.9536777Z [command]/opt/hostedtoolcache/go/1.27.0/x64/bin/go env GOMODCACHE
2026-09-12T08:42:08.9584308Z [command]/opt/hostedtoolcache/go/1.27.0/x64/bin/go env GOCACHE
2026-09-12T08:42:08.9624259Z /home/runner/go/pkg/mod
2026-09-12T08:42:08.9642136Z /home/runner/.cache/go-build
2026-09-12T08:42:09.0654343Z Cache hit for: setup-go-Linux-x64-ubuntu24-go-1.27.0-a4c974d25c2ff2b488ec7c31b3913c3d40db1acfb66ede9ea1799465bdebed65
2026-09-12T08:42:10.0293984Z Received 109330780 of 109330780 (100.0%), 123.4 MBs/sec
2026-09-12T08:42:10.0294717Z Cache Size: ~104 MB (109330780 B)
2026-09-12T08:42:10.0357388Z [command]/usr/bin/tar -xf /home/runner/work/_temp/3a20065e-5058-4982-aa74-a72fb05ba703/cache.tzst -P -C /home/runner/work/relational-config-center/relational-config-center --use-compress-program unzstd
2026-09-12T08:42:11.1925464Z Cache restored successfully
2026-09-12T08:42:11.1984023Z Cache restored from key: setup-go-Linux-x64-ubuntu24-go-1.27.0-a4c974d25c2ff2b488ec7c31b3913c3d40db1acfb66ede9ea1799465bdebed65
2026-09-12T08:42:11.1989745Z go version go1.27.0 linux/amd64
2026-09-12T08:42:11.1989958Z 
2026-09-12T08:42:11.1990276Z ##[group]go env
2026-09-12T08:42:11.5701659Z AR='ar'
2026-09-12T08:42:11.5702283Z CC='gcc'
2026-09-12T08:42:11.5702670Z CGO_CFLAGS='-O2 -g'
2026-09-12T08:42:11.5703064Z CGO_CPPFLAGS=''
2026-09-12T08:42:11.5703455Z CGO_CXXFLAGS='-O2 -g'
2026-09-12T08:42:11.5703832Z CGO_ENABLED='1'
2026-09-12T08:42:11.5704203Z CGO_FFLAGS='-O2 -g'
2026-09-12T08:42:11.5704580Z CGO_LDFLAGS='-O2 -g'
2026-09-12T08:42:11.5705123Z CXX='g++'
2026-09-12T08:42:11.5705518Z GCCGO='gccgo'
2026-09-12T08:42:11.5705874Z GO111MODULE=''
2026-09-12T08:42:11.5706215Z GOAMD64='v1'
2026-09-12T08:42:11.5706548Z GOARCH='amd64'
2026-09-12T08:42:11.5706885Z GOAUTH='netrc'
2026-09-12T08:42:11.5707273Z GOBIN='/home/runner/go/bin'
2026-09-12T08:42:11.5708105Z GOCACHE='/home/runner/.cache/go-build'
2026-09-12T08:42:11.5708577Z GOCACHEPROG=''
2026-09-12T08:42:11.5708923Z GODEBUG=''
2026-09-12T08:42:11.5709341Z GOENV='/home/runner/.config/go/env'
2026-09-12T08:42:11.5709809Z GOEXE=''
2026-09-12T08:42:11.5710133Z GOEXPERIMENT=''
2026-09-12T08:42:11.5710474Z GOFIPS140='off'
2026-09-12T08:42:11.5710808Z GOFLAGS=''
2026-09-12T08:42:11.5712134Z GOGCCFLAGS='-fPIC -m64 -pthread -Wl,--no-gc-sections -fmessage-length=0 -ffile-prefix-map=/tmp/go-build2096912344=/tmp/go-build -gno-record-gcc-switches'
2026-09-12T08:42:11.5712831Z GOHOSTARCH='amd64'
2026-09-12T08:42:11.5713073Z GOHOSTOS='linux'
2026-09-12T08:42:11.5713307Z GOINSECURE=''
2026-09-12T08:42:11.5713858Z GOMOD='/dev/null'
2026-09-12T08:42:11.5714160Z GOMODCACHE='/home/runner/go/pkg/mod'
2026-09-12T08:42:11.5714555Z GONOPROXY=''
2026-09-12T08:42:11.5714785Z GONOSUMDB=''
2026-09-12T08:42:11.5723558Z GOOS='linux'
2026-09-12T08:42:11.5723933Z GOPACKAGESDRIVER=''
2026-09-12T08:42:11.5724427Z GOPATH='/home/runner/go'
2026-09-12T08:42:11.5724819Z GOPRIVATE=''
2026-09-12T08:42:11.5725513Z GOPROXY='https://proxy.golang.org,direct'
2026-09-12T08:42:11.5726151Z GOROOT='/opt/hostedtoolcache/go/1.27.0/x64'
2026-09-12T08:42:11.5726675Z GOSUMDB='sum.golang.org'
2026-09-12T08:42:11.5727081Z GOTELEMETRY='local'
2026-09-12T08:42:11.5727628Z GOTELEMETRYDIR='/home/runner/.config/go/telemetry'
2026-09-12T08:42:11.5728141Z GOTMPDIR=''
2026-09-12T08:42:11.5728484Z GOTOOLCHAIN='local'
2026-09-12T08:42:11.5729164Z GOTOOLDIR='/opt/hostedtoolcache/go/1.27.0/x64/pkg/tool/linux_amd64'
2026-09-12T08:42:11.5729798Z GOVCS=''
2026-09-12T08:42:11.5730152Z GOVERSION='go1.27.0'
2026-09-12T08:42:11.5730989Z GOWORK='/home/runner/work/relational-config-center/relational-config-center/go.work'
2026-09-12T08:42:11.5731762Z PKG_CONFIG='pkg-config'
2026-09-12T08:42:11.5732000Z 
2026-09-12T08:42:11.5732537Z ##[endgroup]
2026-09-12T08:42:11.5941553Z ##[group]Run docker info
2026-09-12T08:42:11.5941888Z [36;1mdocker info[0m
2026-09-12T08:42:11.5986198Z shell: /usr/bin/bash -e {0}
2026-09-12T08:42:11.5986481Z env:
2026-09-12T08:42:11.5986758Z   PNPM_HOME: /home/runner/setup-pnpm/node_modules/.bin
2026-09-12T08:42:11.5987144Z   GOTOOLCHAIN: local
2026-09-12T08:42:11.5987383Z ##[endgroup]
2026-09-12T08:42:13.4109572Z Client: Docker Engine - Community
2026-09-12T08:42:13.4116072Z  Version:    28.0.4
2026-09-12T08:42:13.4116555Z  Context:    default
2026-09-12T08:42:13.4116910Z  Debug Mode: false
2026-09-12T08:42:13.4117231Z  Plugins:
2026-09-12T08:42:13.4117639Z   buildx: Docker Buildx (Docker Inc.)
2026-09-12T08:42:13.4118099Z     Version:  v0.37.0
2026-09-12T08:42:13.4118701Z     Path:     /usr/libexec/docker/cli-plugins/docker-buildx
2026-09-12T08:42:13.4119314Z   compose: Docker Compose (Docker Inc.)
2026-09-12T08:42:13.4119792Z     Version:  v2.38.2
2026-09-12T08:42:13.4120488Z     Path:     /usr/libexec/docker/cli-plugins/docker-compose
2026-09-12T08:42:13.4120845Z 
2026-09-12T08:42:13.4120976Z Server:
2026-09-12T08:42:13.4121314Z  Containers: 0
2026-09-12T08:42:13.4121726Z   Running: 0
2026-09-12T08:42:13.4122058Z   Paused: 0
2026-09-12T08:42:13.4122380Z   Stopped: 0
2026-09-12T08:42:13.4122706Z  Images: 6
2026-09-12T08:42:13.4123058Z  Server Version: 28.0.4
2026-09-12T08:42:13.4123453Z  Storage Driver: overlay2
2026-09-12T08:42:13.4123903Z   Backing Filesystem: extfs
2026-09-12T08:42:13.4124348Z   Supports d_type: true
2026-09-12T08:42:13.4124765Z   Using metacopy: false
2026-09-12T08:42:13.4125473Z   Native Overlay Diff: false
2026-09-12T08:42:13.4125910Z   userxattr: false
2026-09-12T08:42:13.4126309Z  Logging Driver: json-file
2026-09-12T08:42:13.4126740Z  Cgroup Driver: systemd
2026-09-12T08:42:13.4127152Z  Cgroup Version: 2
2026-09-12T08:42:13.4127511Z  Plugins:
2026-09-12T08:42:13.4127876Z   Volume: local
2026-09-12T08:42:13.4128520Z   Network: bridge host ipvlan macvlan null overlay
2026-09-12T08:42:13.4129622Z   Log: awslogs fluentd gcplogs gelf journald json-file local splunk syslog
2026-09-12T08:42:13.4130289Z  Swarm: inactive
2026-09-12T08:42:13.4131121Z  Runtimes: io.containerd.runc.v2 runc
2026-09-12T08:42:13.4131606Z  Default Runtime: runc
2026-09-12T08:42:13.4132031Z  Init Binary: docker-init
2026-09-12T08:42:13.4132659Z  containerd version: db8809540e1a7a9da5d518876894933ff55692ab
2026-09-12T08:42:13.4133316Z  runc version: v1.5.1-0-g8f2685a4
2026-09-12T08:42:13.4133804Z  init version: de40ad0
2026-09-12T08:42:13.4134213Z  Security Options:
2026-09-12T08:42:13.4134628Z   apparmor
2026-09-12T08:42:13.4135110Z   seccomp
2026-09-12T08:42:13.4135492Z    Profile: builtin
2026-09-12T08:42:13.4135845Z   cgroupns
2026-09-12T08:42:13.4136253Z  Kernel Version: 6.17.0-1022-azure
2026-09-12T08:42:13.4136784Z  Operating System: Ubuntu 24.04.5 LTS
2026-09-12T08:42:13.4137245Z  OSType: linux
2026-09-12T08:42:13.4137618Z  Architecture: x86_64
2026-09-12T08:42:13.4137989Z  CPUs: 4
2026-09-12T08:42:13.4138370Z  Total Memory: 15.61GiB
2026-09-12T08:42:13.4138788Z  Name: runnervmlun5p
2026-09-12T08:42:13.4139313Z  ID: a4efb8b6-20f9-46f4-b827-91ac0547be3a
2026-09-12T08:42:13.4139899Z  Docker Root Dir: /var/lib/docker
2026-09-12T08:42:13.4140362Z  Debug Mode: false
2026-09-12T08:42:13.4140758Z  Username: githubactions
2026-09-12T08:42:13.4141191Z  Experimental: false
2026-09-12T08:42:13.4141581Z  Insecure Registries:
2026-09-12T08:42:13.4142001Z   ::1/128
2026-09-12T08:42:13.4142328Z   127.0.0.0/8
2026-09-12T08:42:13.4142709Z  Live Restore Enabled: false
2026-09-12T08:42:13.4142988Z 
2026-09-12T08:42:13.4207154Z ##[group]Run make test-browser-acceptance
2026-09-12T08:42:13.4207583Z [36;1mmake test-browser-acceptance[0m
2026-09-12T08:42:13.4248409Z shell: /usr/bin/bash -e {0}
2026-09-12T08:42:13.4248690Z env:
2026-09-12T08:42:13.4248971Z   PNPM_HOME: /home/runner/setup-pnpm/node_modules/.bin
2026-09-12T08:42:13.4249316Z   GOTOOLCHAIN: local
2026-09-12T08:42:13.4249768Z   RCC_E2E_ARTIFACTS: /home/runner/work/_temp/rcc-browser-acceptance
2026-09-12T08:42:13.4250196Z   RCC_E2E_ENGINES: chromium,firefox,webkit
2026-09-12T08:42:13.4250489Z ##[endgroup]
2026-09-12T08:42:13.9247630Z Installing pinned Web dependencies and required Playwright browsers...
2026-09-12T08:42:14.9066333Z Lockfile is up to date, resolution step is skipped
2026-09-12T08:42:14.9067153Z Progress: resolved 1, reused 0, downloaded 0, added 0
2026-09-12T08:42:14.9067658Z Packages: +222
2026-09-12T08:42:14.9068280Z ++++++++++++++++++++++++++++++++++++++++++++++++++++++++++++++++++++++++++++++++
2026-09-12T08:42:14.9069387Z Progress: resolved 222, reused 222, downloaded 0, added 222, done
2026-09-12T08:42:14.9069853Z 
2026-09-12T08:42:14.9070024Z dependencies:
2026-09-12T08:42:14.9070477Z + @tanstack/react-query 5.102.3
2026-09-12T08:42:14.9071004Z + class-variance-authority 0.7.1
2026-09-12T08:42:14.9071444Z + cn 0.2.6
2026-09-12T08:42:14.9071797Z + lucide-react 1.34.0
2026-09-12T08:42:14.9072163Z + radix-ui 1.6.7
2026-09-12T08:42:14.9072525Z + react 19.2.8
2026-09-12T08:42:14.9072893Z + react-dom 19.2.8
2026-09-12T08:42:14.9073300Z + react-router-dom 7.18.2
2026-09-12T08:42:14.9073629Z + sonner 2.0.8
2026-09-12T08:42:14.9073853Z + zod 4.4.3
2026-09-12T08:42:14.9073972Z 
2026-09-12T08:42:14.9074078Z devDependencies:
2026-09-12T08:42:14.9074334Z + @tailwindcss/vite 4.3.3
2026-09-12T08:42:14.9074648Z + @testing-library/jest-dom 7.0.1
2026-09-12T08:42:14.9075241Z + @testing-library/react 16.3.2
2026-09-12T08:42:14.9075582Z + @testing-library/user-event 14.6.6
2026-09-12T08:42:14.9075882Z + @types/node 26.3.0
2026-09-12T08:42:14.9076146Z + @types/react 19.2.18
2026-09-12T08:42:14.9076407Z + @types/react-dom 19.2.5
2026-09-12T08:42:14.9076688Z + @vitejs/plugin-react 6.1.0
2026-09-12T08:42:14.9076968Z + fake-indexeddb 6.2.5
2026-09-12T08:42:14.9077199Z + jsdom 30.0.1
2026-09-12T08:42:14.9077439Z + playwright 1.62.1
2026-09-12T08:42:14.9077679Z + tailwindcss 4.3.3
2026-09-12T08:42:14.9077925Z + tw-animate-css 1.4.0
2026-09-12T08:42:14.9078169Z + typescript 7.0.2
2026-09-12T08:42:14.9078397Z + vite 8.2.2
2026-09-12T08:42:14.9078633Z + vitest 4.1.11
2026-09-12T08:42:14.9078770Z 
2026-09-12T08:42:14.9079234Z Done in 909ms using pnpm v10.28.2
2026-09-12T08:43:05.4628445Z Installing dependencies...
2026-09-12T08:43:05.4629294Z Switching to root user to install dependencies...
2026-09-12T08:43:05.4630108Z Get:1 file:/etc/apt/apt-mirrors.txt Mirrorlist [144 B]
2026-09-12T08:43:05.4631138Z Get:6 https://packages.microsoft.com/ubuntu/24.04/prod noble InRelease [3600 B]
2026-09-12T08:43:05.4632186Z Hit:2 http://azure.archive.ubuntu.com/ubuntu noble InRelease
2026-09-12T08:43:05.4633205Z Get:3 http://azure.archive.ubuntu.com/ubuntu noble-updates InRelease [126 kB]
2026-09-12T08:43:05.4634352Z Get:4 http://azure.archive.ubuntu.com/ubuntu noble-backports InRelease [126 kB]
2026-09-12T08:43:05.4635628Z Get:5 http://azure.archive.ubuntu.com/ubuntu noble-security InRelease [126 kB]
2026-09-12T08:43:05.4636798Z Get:7 https://dl.google.com/linux/chrome-stable/deb stable InRelease [2548 B]
2026-09-12T08:43:05.4638423Z Get:8 https://packages.microsoft.com/ubuntu/24.04/prod noble/main amd64 Packages [463 kB]
2026-09-12T08:43:05.4639771Z Get:9 https://packages.microsoft.com/ubuntu/24.04/prod noble/main arm64 Packages [414 kB]
2026-09-12T08:43:05.4641052Z Get:10 http://azure.archive.ubuntu.com/ubuntu noble-updates/main amd64 Packages [1263 kB]
2026-09-12T08:43:05.4642306Z Get:11 http://azure.archive.ubuntu.com/ubuntu noble-updates/main Translation-en [292 kB]
2026-09-12T08:43:05.4644047Z Get:12 http://azure.archive.ubuntu.com/ubuntu noble-updates/main amd64 Components [180 kB]
2026-09-12T08:43:05.4646306Z Get:13 http://azure.archive.ubuntu.com/ubuntu noble-updates/universe amd64 Packages [1690 kB]
2026-09-12T08:43:05.4647643Z Get:14 http://azure.archive.ubuntu.com/ubuntu noble-updates/universe amd64 Components [387 kB]
2026-09-12T08:43:05.4648982Z Get:15 http://azure.archive.ubuntu.com/ubuntu noble-updates/restricted amd64 Packages [1544 kB]
2026-09-12T08:43:05.4650310Z Get:16 http://azure.archive.ubuntu.com/ubuntu noble-updates/restricted Translation-en [354 kB]
2026-09-12T08:43:05.4651646Z Get:17 http://azure.archive.ubuntu.com/ubuntu noble-updates/multiverse amd64 Components [940 B]
2026-09-12T08:43:05.4652973Z Get:18 http://azure.archive.ubuntu.com/ubuntu noble-backports/main amd64 Components [5748 B]
2026-09-12T08:43:05.4654337Z Get:19 http://azure.archive.ubuntu.com/ubuntu noble-backports/universe amd64 Components [12.6 kB]
2026-09-12T08:43:05.4655785Z Get:20 http://azure.archive.ubuntu.com/ubuntu noble-security/main amd64 Packages [1006 kB]
2026-09-12T08:43:05.4657055Z Get:21 http://azure.archive.ubuntu.com/ubuntu noble-security/main Translation-en [213 kB]
2026-09-12T08:43:05.4658331Z Get:22 http://azure.archive.ubuntu.com/ubuntu noble-security/main amd64 Components [46.5 kB]
2026-09-12T08:43:05.4659651Z Get:23 http://azure.archive.ubuntu.com/ubuntu noble-security/universe amd64 Packages [1206 kB]
2026-09-12T08:43:05.4660983Z Get:24 http://azure.archive.ubuntu.com/ubuntu noble-security/universe amd64 Components [76.3 kB]
2026-09-12T08:43:05.4662326Z Get:25 http://azure.archive.ubuntu.com/ubuntu noble-security/restricted amd64 Packages [1445 kB]
2026-09-12T08:43:05.4663665Z Get:26 http://azure.archive.ubuntu.com/ubuntu noble-security/restricted Translation-en [336 kB]
2026-09-12T08:43:05.4665078Z Get:27 https://dl.google.com/linux/chrome-stable/deb stable/main amd64 Packages [1413 B]
2026-09-12T08:43:05.4665933Z Fetched 11.3 MB in 1s (8537 kB/s)
2026-09-12T08:43:05.4666419Z Reading package lists...
2026-09-12T08:43:05.4666857Z Reading package lists...
2026-09-12T08:43:05.4667304Z Building dependency tree...
2026-09-12T08:43:05.4667765Z Reading state information...
2026-09-12T08:43:05.4668487Z libasound2t64 is already the newest version (1.2.11-1ubuntu0.3).
2026-09-12T08:43:05.4669237Z libasound2t64 set to manually installed.
2026-09-12T08:43:05.4670043Z libatk-bridge2.0-0t64 is already the newest version (2.52.0-1build1).
2026-09-12T08:43:05.4670859Z libatk-bridge2.0-0t64 set to manually installed.
2026-09-12T08:43:05.4671650Z libatk1.0-0t64 is already the newest version (2.52.0-1build1).
2026-09-12T08:43:05.4672371Z libatk1.0-0t64 set to manually installed.
2026-09-12T08:43:05.4673424Z libatspi2.0-0t64 is already the newest version (2.52.0-1build1).
2026-09-12T08:43:05.4674169Z libatspi2.0-0t64 set to manually installed.
2026-09-12T08:43:05.4675027Z libcairo2 is already the newest version (1.18.0-3build1).
2026-09-12T08:43:05.4675700Z libcairo2 set to manually installed.
2026-09-12T08:43:05.4676440Z libcups2t64 is already the newest version (2.4.7-1.2ubuntu7.14).
2026-09-12T08:43:05.4677158Z libcups2t64 set to manually installed.
2026-09-12T08:43:05.4677887Z libdbus-1-3 is already the newest version (1.14.10-4ubuntu4.1).
2026-09-12T08:43:05.4678581Z libdbus-1-3 set to manually installed.
2026-09-12T08:43:05.4679346Z libdrm2 is already the newest version (2.4.125-1ubuntu0.1~24.04.2).
2026-09-12T08:43:05.4680050Z libdrm2 set to manually installed.
2026-09-12T08:43:05.4680775Z libgbm1 is already the newest version (25.2.8-0ubuntu0.24.04.2).
2026-09-12T08:43:05.4681455Z libgbm1 set to manually installed.
2026-09-12T08:43:05.4682186Z libglib2.0-0t64 is already the newest version (2.80.0-6ubuntu3.8).
2026-09-12T08:43:05.4682932Z libglib2.0-0t64 set to manually installed.
2026-09-12T08:43:05.4683680Z libnspr4 is already the newest version (2:4.35-1.1build1).
2026-09-12T08:43:05.4684351Z libnspr4 set to manually installed.
2026-09-12T08:43:05.4685626Z libnss3 is already the newest version (2:3.98-1ubuntu0.2).
2026-09-12T08:43:05.4686288Z libnss3 set to manually installed.
2026-09-12T08:43:05.4687338Z libpango-1.0-0 is already the newest version (1.52.1+ds-1build1).
2026-09-12T08:43:05.4688089Z libpango-1.0-0 set to manually installed.
2026-09-12T08:43:05.4688796Z libx11-6 is already the newest version (2:1.8.7-1build1).
2026-09-12T08:43:05.4689451Z libx11-6 set to manually installed.
2026-09-12T08:43:05.4690104Z libxcb1 is already the newest version (1.15-1ubuntu2).
2026-09-12T08:43:05.4690747Z libxcb1 set to manually installed.
2026-09-12T08:43:05.4691485Z libxcomposite1 is already the newest version (1:0.4.5-1build3).
2026-09-12T08:43:05.4692237Z libxcomposite1 set to manually installed.
2026-09-12T08:43:05.4692980Z libxdamage1 is already the newest version (1:1.1.6-1build1).
2026-09-12T08:43:05.4693673Z libxdamage1 set to manually installed.
2026-09-12T08:43:05.4694367Z libxext6 is already the newest version (2:1.3.4-1build2).
2026-09-12T08:43:05.4695160Z libxext6 set to manually installed.
2026-09-12T08:43:05.4695865Z libxfixes3 is already the newest version (1:6.0.0-2build1).
2026-09-12T08:43:05.4696557Z libxfixes3 set to manually installed.
2026-09-12T08:43:05.4697293Z libxkbcommon0 is already the newest version (1.6.0-1build1).
2026-09-12T08:43:05.4698001Z libxkbcommon0 set to manually installed.
2026-09-12T08:43:05.4698729Z libxrandr2 is already the newest version (2:1.5.2-2build1).
2026-09-12T08:43:05.4699397Z libxrandr2 set to manually installed.
2026-09-12T08:43:05.4700099Z xvfb is already the newest version (2:21.1.12-1ubuntu1.6).
2026-09-12T08:43:05.4701059Z fonts-noto-color-emoji is already the newest version (2.047-0ubuntu0.24.04.1).
2026-09-12T08:43:05.4702076Z libfontconfig1 is already the newest version (2.15.0-1.1ubuntu2).
2026-09-12T08:43:05.4702821Z libfontconfig1 set to manually installed.
2026-09-12T08:43:05.4703629Z libfreetype6 is already the newest version (2.13.2+dfsg-1ubuntu0.1).
2026-09-12T08:43:05.4704373Z libfreetype6 set to manually installed.
2026-09-12T08:43:05.4705235Z fonts-liberation is already the newest version (1:2.1.5-3).
2026-09-12T08:43:05.4705970Z fonts-liberation set to manually installed.
2026-09-12T08:43:05.4706771Z libcairo-gobject2 is already the newest version (1.18.0-3build1).
2026-09-12T08:43:05.4707543Z libcairo-gobject2 set to manually installed.
2026-09-12T08:43:05.4708417Z libgdk-pixbuf-2.0-0 is already the newest version (2.42.10+dfsg-3ubuntu3.3).
2026-09-12T08:43:05.4709259Z libgdk-pixbuf-2.0-0 set to manually installed.
2026-09-12T08:43:05.4710057Z libgtk-3-0t64 is already the newest version (3.24.41-4ubuntu1.3).
2026-09-12T08:43:05.4710781Z libgtk-3-0t64 set to manually installed.
2026-09-12T08:43:05.4711776Z libpangocairo-1.0-0 is already the newest version (1.52.1+ds-1build1).
2026-09-12T08:43:05.4712583Z libpangocairo-1.0-0 set to manually installed.
2026-09-12T08:43:05.4713345Z libx11-xcb1 is already the newest version (2:1.8.7-1build1).
2026-09-12T08:43:05.4714027Z libx11-xcb1 set to manually installed.
2026-09-12T08:43:05.4714717Z libxcb-shm0 is already the newest version (1.15-1ubuntu2).
2026-09-12T08:43:05.4715534Z libxcb-shm0 set to manually installed.
2026-09-12T08:43:05.4716261Z libxcursor1 is already the newest version (1:1.2.1-1build1).
2026-09-12T08:43:05.4716947Z libxcursor1 set to manually installed.
2026-09-12T08:43:05.4717614Z libxi6 is already the newest version (2:1.8.1-1build1).
2026-09-12T08:43:05.4718253Z libxi6 set to manually installed.
2026-09-12T08:43:05.4718981Z libxrender1 is already the newest version (1:0.9.10-1.1build1).
2026-09-12T08:43:05.4719682Z libxrender1 set to manually installed.
2026-09-12T08:43:05.4720383Z libicu74 is already the newest version (74.2-1ubuntu3.1).
2026-09-12T08:43:05.4721248Z libatomic1 is already the newest version (14.2.0-4ubuntu2~24.04.1).
2026-09-12T08:43:05.4721971Z libatomic1 set to manually installed.
2026-09-12T08:43:05.4722698Z libenchant-2-2 is already the newest version (2.3.3-2build2).
2026-09-12T08:43:05.4723418Z libenchant-2-2 set to manually installed.
2026-09-12T08:43:05.4724132Z libepoxy0 is already the newest version (1.5.10-1build1).
2026-09-12T08:43:05.4725100Z libepoxy0 set to manually installed.
2026-09-12T08:43:05.4725887Z libgstreamer1.0-0 is already the newest version (1.24.2-1ubuntu0.1).
2026-09-12T08:43:05.4726673Z libgstreamer1.0-0 set to manually installed.
2026-09-12T08:43:05.4727431Z libharfbuzz0b is already the newest version (8.3.0-2build2).
2026-09-12T08:43:05.4728133Z libharfbuzz0b set to manually installed.
2026-09-12T08:43:05.4728893Z libjpeg-turbo8 is already the newest version (2.1.5-2ubuntu2).
2026-09-12T08:43:05.4729615Z libjpeg-turbo8 set to manually installed.
2026-09-12T08:43:05.4730346Z liblcms2-2 is already the newest version (2.14-2ubuntu0.1).
2026-09-12T08:43:05.4731029Z liblcms2-2 set to manually installed.
2026-09-12T08:43:05.4731789Z libpng16-16t64 is already the newest version (1.6.43-5ubuntu0.6).
2026-09-12T08:43:05.4732514Z libpng16-16t64 set to manually installed.
2026-09-12T08:43:05.4733310Z libwayland-client0 is already the newest version (1.22.0-2.1build1).
2026-09-12T08:43:05.4734131Z libwayland-client0 set to manually installed.
2026-09-12T08:43:05.4735055Z libwayland-egl1 is already the newest version (1.22.0-2.1build1).
2026-09-12T08:43:05.4735796Z libwayland-egl1 set to manually installed.
2026-09-12T08:43:05.4736504Z libwebp7 is already the newest version (1.3.2-0.4build3).
2026-09-12T08:43:05.4737150Z libwebp7 set to manually installed.
2026-09-12T08:43:05.4737870Z libwebpdemux2 is already the newest version (1.3.2-0.4build3).
2026-09-12T08:43:05.4738587Z libwebpdemux2 set to manually installed.
2026-09-12T08:43:05.4739342Z libxml2 is already the newest version (2.9.14+dfsg-1.3ubuntu3.8).
2026-09-12T08:43:05.4740056Z libxml2 set to manually installed.
2026-09-12T08:43:05.4740871Z libxslt1.1 is already the newest version (1.1.39-0exp1ubuntu0.24.04.3).
2026-09-12T08:43:05.4741624Z libxslt1.1 set to manually installed.
2026-09-12T08:43:05.4742299Z The following additional packages will be installed:
2026-09-12T08:43:05.4743237Z   glib-networking glib-networking-common glib-networking-services
2026-09-12T08:43:05.4744447Z   gsettings-desktop-schemas libaa1 libabsl20220623t64 libass9 libasyncns0
2026-09-12T08:43:05.4745757Z   libavc1394-0 libavfilter9 libavformat60 libavtp0 libavutil58 libblas3
2026-09-12T08:43:05.4747062Z   libbluray2 libbs2b0 libcaca0 libcairo-script-interpreter2 libcdparanoia0
2026-09-12T08:43:05.4748400Z   libchromaprint1 libcjson1 libcodec2-1.2 libdav1d7 libdc1394-25 libdca0
2026-09-12T08:43:05.4749491Z   libde265-0 libdecor-0-0 libdirectfb-1.7-7t64 libdv4t64 libdvdnav4
2026-09-12T08:43:05.4750786Z   libdvdread8t64 libegl-mesa0 libegl1 libfaad2 libflac12t64 libfluidsynth3
2026-09-12T08:43:05.4752173Z   libfreeaptx0 libgav1-1 libgme0 libgraphene-1.0-0 libgsm1 libgssdp-1.6-0
2026-09-12T08:43:05.4753410Z   libgstreamer-plugins-good1.0-0 libgtk-4-common libgupnp-1.6-0
2026-09-12T08:43:05.4754553Z   libgupnp-igd-1.6-0 libhwy1t64 libiec61883-0 libimath-3-1-29t64
2026-09-12T08:43:05.4755882Z   libinstpatch-1.0-2 libjack-jackd2-0 libjxl0.7 liblapack3 liblc3-1
2026-09-12T08:43:05.4775140Z   libldacbt-enc2 liblilv-0-0 liblrdf0 libltc11 libmbedcrypto7t64 libmfx1
2026-09-12T08:43:05.4776161Z   libmjpegutils-2.1-0t64 libmodplug1 libmp3lame0 libmpcdec6
2026-09-12T08:43:05.4777092Z   libmpeg2encpp-2.1-0t64 libmpg123-0t64 libmplex2-2.1-0t64 libmysofa1
2026-09-12T08:43:05.4778085Z   libneon27t64 libnice10 libopenal-data libopenal1 libopenexr-3-1-30
2026-09-12T08:43:05.4779013Z   libopenh264-7 libopenmpt0t64 libopenni2-0 liborc-0.4-0t64
2026-09-12T08:43:05.4779932Z   libpipewire-0.3-0t64 libplacebo338 libpocketsphinx3 libpostproc57
2026-09-12T08:43:05.4780934Z   libproxy1v5 libpulse0 libqrencode4 libraptor2-0 librav1e0 libraw1394-11
2026-09-12T08:43:05.4781979Z   librist4 librsvg2-2 librubberband2 libsamplerate0 libsbc1 libsdl2-2.0-0
2026-09-12T08:43:05.4783009Z   libsecret-common libserd-0-0 libshine3 libshout3 libsndfile1 libsndio7.0
2026-09-12T08:43:05.4784042Z   libsord-0-0 libsoundtouch1 libsoup-3.0-0 libsoup-3.0-common libsoxr0
2026-09-12T08:43:05.4785452Z   libspa-0.2-modules libspandsp2t64 libspeex1 libsphinxbase3t64 libsratom-0-0
2026-09-12T08:43:05.4786555Z   libsrt1.5-gnutls libsrtp2-1 libssh-gcrypt-4 libsvtav1enc1d1 libswresample4
2026-09-12T08:43:05.4787613Z   libswscale7 libtag1v5 libtag1v5-vanilla libtheora0 libtwolame0 libudfread0
2026-09-12T08:43:05.4788669Z   libunibreak5 libv4l-0t64 libv4lconvert0t64 libva-drm2 libva-x11-2 libva2
2026-09-12T08:43:05.4789680Z   libvdpau1 libvidstab1.1 libvisual-0.4-0 libvo-aacenc0 libvo-amrwbenc0
2026-09-12T08:43:05.4790744Z   libvorbisenc2 libvpl2 libwavpack1 libwebrtc-audio-processing1 libwildmidi2
2026-09-12T08:43:05.4791827Z   libx265-199 libxcb-xkb1 libxkbcommon-x11-0 libxvidcore4 libyuv0 libzbar0t64
2026-09-12T08:43:05.4792918Z   libzimg2 libzix-0-0 libzvbi-common libzvbi0t64 libzxing3 ocl-icd-libopencl1
2026-09-12T08:43:05.4793959Z   session-migration timgm6mb-soundfont xfonts-encodings xfonts-utils
2026-09-12T08:43:05.4794666Z Suggested packages:
2026-09-12T08:43:05.4795625Z   frei0r-plugins gvfs libcuda1 libnvcuvid1 libnvidia-encode1 libbluray-bdj
2026-09-12T08:43:05.4796721Z   libdirectfb-extra libdv-bin oss-compat libdvdcss2 libvisual-0.4-plugins
2026-09-12T08:43:05.4797716Z   jackd2 liblrdf0-dev libportaudio2 opus-tools pipewire pulseaudio
2026-09-12T08:43:05.4798671Z   raptor2-utils libraw1394-doc librsvg2-bin serdi sndiod sordi speex
2026-09-12T08:43:05.4799502Z   libwildmidi-config opencl-icd fluid-soundfont-gm
2026-09-12T08:43:05.4800085Z Recommended packages:
2026-09-12T08:43:05.4800754Z   fonts-ipafont-mincho fonts-tlwg-loma gstreamer1.0-x libaacs0
2026-09-12T08:43:05.4801707Z   default-libdecor-0-plugin-1 | libdecor-0-plugin-1 gstreamer1.0-gl
2026-09-12T08:43:05.4802779Z   libgtk-4-bin librsvg2-common libgtk-4-media-gstreamer libpipewire-0.3-common
2026-09-12T08:43:05.4803896Z   pocketsphinx-en-us va-driver-all | va-driver vdpau-driver-all | vdpau-driver
2026-09-12T08:43:05.4804651Z   libmagickcore-6.q16-7-extra
2026-09-12T08:43:05.4805659Z The following NEW packages will be installed:
2026-09-12T08:43:05.4806573Z   fonts-freefont-ttf fonts-ipafont-gothic fonts-tlwg-loma-otf fonts-unifont
2026-09-12T08:43:05.4807523Z   fonts-wqy-zenhei glib-networking glib-networking-common
2026-09-12T08:43:05.4808481Z   glib-networking-services gsettings-desktop-schemas gstreamer1.0-libav
2026-09-12T08:43:05.4809591Z   gstreamer1.0-plugins-bad gstreamer1.0-plugins-base gstreamer1.0-plugins-good
2026-09-12T08:43:05.4810702Z   libaa1 libabsl20220623t64 libass9 libasyncns0 libavc1394-0 libavcodec60
2026-09-12T08:43:05.4811695Z   libavfilter9 libavformat60 libavif16 libavtp0 libavutil58 libblas3
2026-09-12T08:43:05.4812722Z   libbluray2 libbs2b0 libcaca0 libcairo-script-interpreter2 libcdparanoia0
2026-09-12T08:43:05.4813967Z   libchromaprint1 libcjson1 libcodec2-1.2 libdav1d7 libdc1394-25 libdca0
2026-09-12T08:43:05.4815061Z   libde265-0 libdecor-0-0 libdirectfb-1.7-7t64 libdv4t64 libdvdnav4
2026-09-12T08:43:05.4816079Z   libdvdread8t64 libegl-mesa0 libegl1 libevent-2.1-7t64 libfaad2 libflac12t64
2026-09-12T08:43:05.4817081Z   libflite1 libfluidsynth3 libfreeaptx0 libgav1-1 libgles2 libgme0
2026-09-12T08:43:05.4817984Z   libgraphene-1.0-0 libgsm1 libgssdp-1.6-0 libgstreamer-gl1.0-0
2026-09-12T08:43:05.4818894Z   libgstreamer-plugins-bad1.0-0 libgstreamer-plugins-base1.0-0
2026-09-12T08:43:05.4819894Z   libgstreamer-plugins-good1.0-0 libgtk-4-1 libgtk-4-common libgupnp-1.6-0
2026-09-12T08:43:05.4820940Z   libgupnp-igd-1.6-0 libharfbuzz-icu0 libhwy1t64 libhyphen0 libiec61883-0
2026-09-12T08:43:05.4821979Z   libimath-3-1-29t64 libinstpatch-1.0-2 libjack-jackd2-0 libjxl0.7 liblapack3
2026-09-12T08:43:05.4823013Z   liblc3-1 libldacbt-enc2 liblilv-0-0 liblrdf0 libltc11 libmanette-0.2-0
2026-09-12T08:43:05.4824038Z   libmbedcrypto7t64 libmfx1 libmjpegutils-2.1-0t64 libmodplug1 libmp3lame0
2026-09-12T08:43:05.4825169Z   libmpcdec6 libmpeg2encpp-2.1-0t64 libmpg123-0t64 libmplex2-2.1-0t64
2026-09-12T08:43:05.4826085Z   libmysofa1 libneon27t64 libnice10 libopenal-data libopenal1
2026-09-12T08:43:05.4827015Z   libopenexr-3-1-30 libopenh264-7 libopenmpt0t64 libopenni2-0 libopus0
2026-09-12T08:43:05.4828184Z   liborc-0.4-0t64 libpipewire-0.3-0t64 libplacebo338 libpocketsphinx3
2026-09-12T08:43:05.4829201Z   libpostproc57 libproxy1v5 libpulse0 libqrencode4 libraptor2-0 librav1e0
2026-09-12T08:43:05.4830231Z   libraw1394-11 librist4 librsvg2-2 librubberband2 libsamplerate0 libsbc1
2026-09-12T08:43:05.4831276Z   libsdl2-2.0-0 libsecret-1-0 libsecret-common libserd-0-0 libshine3 libshout3
2026-09-12T08:43:05.4832273Z   libsndfile1 libsndio7.0 libsord-0-0 libsoundtouch1 libsoup-3.0-0
2026-09-12T08:43:05.4833256Z   libsoup-3.0-common libsoxr0 libspa-0.2-modules libspandsp2t64 libspeex1
2026-09-12T08:43:05.4834317Z   libsphinxbase3t64 libsratom-0-0 libsrt1.5-gnutls libsrtp2-1 libssh-gcrypt-4
2026-09-12T08:43:05.4835528Z   libsvtav1enc1d1 libswresample4 libswscale7 libtag1v5 libtag1v5-vanilla
2026-09-12T08:43:05.4836461Z   libtheora0 libtwolame0 libudfread0 libunibreak5 libv4l-0t64
2026-09-12T08:43:05.4837422Z   libv4lconvert0t64 libva-drm2 libva-x11-2 libva2 libvdpau1 libvidstab1.1
2026-09-12T08:43:05.4838473Z   libvisual-0.4-0 libvo-aacenc0 libvo-amrwbenc0 libvorbisenc2 libvpl2 libvpx9
2026-09-12T08:43:05.4839535Z   libwavpack1 libwayland-server0 libwebrtc-audio-processing1 libwildmidi2
2026-09-12T08:43:05.4840601Z   libwoff1 libx264-164 libx265-199 libxcb-xkb1 libxkbcommon-x11-0 libxvidcore4
2026-09-12T08:43:05.4841682Z   libyuv0 libzbar0t64 libzimg2 libzix-0-0 libzvbi-common libzvbi0t64 libzxing3
2026-09-12T08:43:05.4842743Z   ocl-icd-libopencl1 session-migration timgm6mb-soundfont xfonts-cyrillic
2026-09-12T08:43:05.4843679Z   xfonts-encodings xfonts-scalable xfonts-utils
2026-09-12T08:43:05.4844511Z 0 upgraded, 181 newly installed, 0 to remove and 50 not upgraded.
2026-09-12T08:43:05.4845348Z Need to get 114 MB of archives.
2026-09-12T08:43:05.4846093Z After this operation, 364 MB of additional disk space will be used.
2026-09-12T08:43:05.4846946Z Get:1 file:/etc/apt/apt-mirrors.txt Mirrorlist [144 B]
2026-09-12T08:43:05.4848238Z Get:2 http://azure.archive.ubuntu.com/ubuntu noble/universe amd64 fonts-ipafont-gothic all 00303-21ubuntu1 [3513 kB]
2026-09-12T08:43:05.4849856Z Get:3 http://azure.archive.ubuntu.com/ubuntu noble/main amd64 fonts-freefont-ttf all 20211204+svn4273-2 [5641 kB]
2026-09-12T08:43:05.4851394Z Get:4 http://azure.archive.ubuntu.com/ubuntu noble/universe amd64 fonts-tlwg-loma-otf all 1:0.7.3-1 [107 kB]
2026-09-12T08:43:05.4852926Z Get:5 http://azure.archive.ubuntu.com/ubuntu noble/universe amd64 fonts-unifont all 1:15.1.01-1build1 [2993 kB]
2026-09-12T08:43:05.4854414Z Get:6 http://azure.archive.ubuntu.com/ubuntu noble/universe amd64 fonts-wqy-zenhei all 0.9.45-8 [7472 kB]
2026-09-12T08:43:05.4856214Z Get:7 http://azure.archive.ubuntu.com/ubuntu noble/main amd64 libproxy1v5 amd64 0.5.4-4build1 [26.5 kB]
2026-09-12T08:43:05.4857735Z Get:8 http://azure.archive.ubuntu.com/ubuntu noble/main amd64 glib-networking-common all 2.80.0-1build1 [6702 B]
2026-09-12T08:43:05.4859346Z Get:9 http://azure.archive.ubuntu.com/ubuntu noble/main amd64 glib-networking-services amd64 2.80.0-1build1 [12.8 kB]
2026-09-12T08:43:05.4860897Z Get:10 http://azure.archive.ubuntu.com/ubuntu noble/main amd64 session-migration amd64 0.3.9build1 [9034 B]
2026-09-12T08:43:05.4862556Z Get:11 http://azure.archive.ubuntu.com/ubuntu noble-updates/main amd64 gsettings-desktop-schemas all 46.1-0ubuntu1 [35.6 kB]
2026-09-12T08:43:05.4864188Z Get:12 http://azure.archive.ubuntu.com/ubuntu noble/main amd64 glib-networking amd64 2.80.0-1build1 [64.1 kB]
2026-09-12T08:43:05.4865897Z Get:13 http://azure.archive.ubuntu.com/ubuntu noble-updates/universe amd64 libva2 amd64 2.20.0-2ubuntu0.2 [66.4 kB]
2026-09-12T08:43:05.4867546Z Get:14 http://azure.archive.ubuntu.com/ubuntu noble-updates/universe amd64 libva-drm2 amd64 2.20.0-2ubuntu0.2 [7124 B]
2026-09-12T08:43:05.4869221Z Get:15 http://azure.archive.ubuntu.com/ubuntu noble-updates/universe amd64 libva-x11-2 amd64 2.20.0-2ubuntu0.2 [12.0 kB]
2026-09-12T08:43:05.4870765Z Get:16 http://azure.archive.ubuntu.com/ubuntu noble/main amd64 libvdpau1 amd64 1.5-2build1 [27.8 kB]
2026-09-12T08:43:05.4872388Z Get:17 http://azure.archive.ubuntu.com/ubuntu noble/universe amd64 libvpl2 amd64 2023.3.0-1build1 [99.8 kB]
2026-09-12T08:43:05.4873958Z Get:18 http://azure.archive.ubuntu.com/ubuntu noble/universe amd64 ocl-icd-libopencl1 amd64 2.3.2-1build1 [38.5 kB]
2026-09-12T08:43:05.4875699Z Get:19 http://azure.archive.ubuntu.com/ubuntu noble/universe amd64 libavutil58 amd64 7:6.1.1-3ubuntu5 [401 kB]
2026-09-12T08:43:05.4877258Z Get:20 http://azure.archive.ubuntu.com/ubuntu noble/universe amd64 libcodec2-1.2 amd64 1.2.0-2build1 [8998 kB]
2026-09-12T08:43:05.4878754Z Get:21 http://azure.archive.ubuntu.com/ubuntu noble/universe amd64 libdav1d7 amd64 1.4.1-1build1 [604 kB]
2026-09-12T08:43:05.4880210Z Get:22 http://azure.archive.ubuntu.com/ubuntu noble/universe amd64 libgsm1 amd64 1.0.22-1build1 [27.8 kB]
2026-09-12T08:43:05.4881693Z Get:23 http://azure.archive.ubuntu.com/ubuntu noble/universe amd64 libhwy1t64 amd64 1.0.7-8.1build1 [584 kB]
2026-09-12T08:43:05.4883294Z Get:24 http://azure.archive.ubuntu.com/ubuntu noble-updates/universe amd64 libjxl0.7 amd64 0.7.0-10.2ubuntu6.1 [1001 kB]
2026-09-12T08:43:05.4885036Z Get:25 http://azure.archive.ubuntu.com/ubuntu noble/main amd64 libmp3lame0 amd64 3.100-6build1 [142 kB]
2026-09-12T08:43:05.4886419Z Get:26 http://azure.archive.ubuntu.com/ubuntu noble/main amd64 libopus0 amd64 1.4-1build1 [208 kB]
2026-09-12T08:43:05.4887789Z Get:27 http://azure.archive.ubuntu.com/ubuntu noble/universe amd64 librav1e0 amd64 0.7.1-2 [1022 kB]
2026-09-12T08:43:05.4889238Z Get:28 http://azure.archive.ubuntu.com/ubuntu noble/main amd64 librsvg2-2 amd64 2.58.0+dfsg-1build1 [2135 kB]
2026-09-12T08:43:05.4890728Z Get:29 http://azure.archive.ubuntu.com/ubuntu noble/universe amd64 libshine3 amd64 3.1.1-2build1 [23.2 kB]
2026-09-12T08:43:05.4892309Z Get:30 http://azure.archive.ubuntu.com/ubuntu noble-updates/main amd64 libspeex1 amd64 1.2.1-2ubuntu2.24.04.1 [59.6 kB]
2026-09-12T08:43:05.4893947Z Get:31 http://azure.archive.ubuntu.com/ubuntu noble/universe amd64 libsvtav1enc1d1 amd64 1.7.0+dfsg-2build1 [2425 kB]
2026-09-12T08:43:05.4895605Z Get:32 http://azure.archive.ubuntu.com/ubuntu noble/universe amd64 libsoxr0 amd64 0.1.3-4build3 [80.0 kB]
2026-09-12T08:43:05.4897157Z Get:33 http://azure.archive.ubuntu.com/ubuntu noble/universe amd64 libswresample4 amd64 7:6.1.1-3ubuntu5 [63.8 kB]
2026-09-12T08:43:05.4898718Z Get:34 http://azure.archive.ubuntu.com/ubuntu noble/main amd64 libtheora0 amd64 1.1.1+dfsg.1-16.1build3 [211 kB]
2026-09-12T08:43:05.4900190Z Get:35 http://azure.archive.ubuntu.com/ubuntu noble/main amd64 libtwolame0 amd64 0.4.0-2build3 [52.3 kB]
2026-09-12T08:43:05.4901834Z Get:36 http://azure.archive.ubuntu.com/ubuntu noble/main amd64 libvorbisenc2 amd64 1.3.7-1build3 [80.8 kB]
2026-09-12T08:43:05.4903362Z Get:37 http://azure.archive.ubuntu.com/ubuntu noble-updates/main amd64 libvpx9 amd64 1.14.0-1ubuntu2.3 [1143 kB]
2026-09-12T08:43:05.4905100Z Get:38 http://azure.archive.ubuntu.com/ubuntu noble/universe amd64 libx264-164 amd64 2:0.164.3108+git31e19f9-1 [604 kB]
2026-09-12T08:43:05.4906661Z Get:39 http://azure.archive.ubuntu.com/ubuntu noble/universe amd64 libx265-199 amd64 3.5-2build1 [1226 kB]
2026-09-12T08:43:05.4908155Z Get:40 http://azure.archive.ubuntu.com/ubuntu noble/universe amd64 libxvidcore4 amd64 2:1.3.7-1build1 [219 kB]
2026-09-12T08:43:05.4909630Z Get:41 http://azure.archive.ubuntu.com/ubuntu noble/universe amd64 libzvbi-common all 0.2.42-2 [42.4 kB]
2026-09-12T08:43:05.4911031Z Get:42 http://azure.archive.ubuntu.com/ubuntu noble/universe amd64 libzvbi0t64 amd64 0.2.42-2 [261 kB]
2026-09-12T08:43:05.4912522Z Get:43 http://azure.archive.ubuntu.com/ubuntu noble/universe amd64 libavcodec60 amd64 7:6.1.1-3ubuntu5 [5851 kB]
2026-09-12T08:43:05.4914029Z Get:44 http://azure.archive.ubuntu.com/ubuntu noble/universe amd64 libunibreak5 amd64 5.1-2build1 [25.0 kB]
2026-09-12T08:43:05.4915626Z Get:45 http://azure.archive.ubuntu.com/ubuntu noble/universe amd64 libass9 amd64 1:0.17.1-2build1 [104 kB]
2026-09-12T08:43:05.4917252Z Get:46 http://azure.archive.ubuntu.com/ubuntu noble/universe amd64 libudfread0 amd64 1.1.2-1build1 [19.0 kB]
2026-09-12T08:43:05.4918775Z Get:47 http://azure.archive.ubuntu.com/ubuntu noble/universe amd64 libbluray2 amd64 1:1.3.4-1build1 [159 kB]
2026-09-12T08:43:05.4921920Z Get:48 http://azure.archive.ubuntu.com/ubuntu noble/universe amd64 libchromaprint1 amd64 1.5.1-5 [30.5 kB]
2026-09-12T08:43:05.4923478Z Get:49 http://azure.archive.ubuntu.com/ubuntu noble/universe amd64 libgme0 amd64 0.6.3-7build1 [134 kB]
2026-09-12T08:43:05.4925182Z Get:50 http://azure.archive.ubuntu.com/ubuntu noble-updates/main amd64 libmpg123-0t64 amd64 1.32.5-1ubuntu1.1 [169 kB]
2026-09-12T08:43:05.4926812Z Get:51 http://azure.archive.ubuntu.com/ubuntu noble/universe amd64 libopenmpt0t64 amd64 0.7.3-1.1build3 [647 kB]
2026-09-12T08:43:05.4928260Z Get:52 http://azure.archive.ubuntu.com/ubuntu noble/universe amd64 libcjson1 amd64 1.7.17-1 [24.8 kB]
2026-09-12T08:43:05.4929715Z Get:53 http://azure.archive.ubuntu.com/ubuntu noble/universe amd64 libmbedcrypto7t64 amd64 2.28.8-1 [209 kB]
2026-09-12T08:43:05.4931179Z Get:54 http://azure.archive.ubuntu.com/ubuntu noble/universe amd64 librist4 amd64 0.2.10+dfsg-2 [74.9 kB]
2026-09-12T08:43:05.4932685Z Get:55 http://azure.archive.ubuntu.com/ubuntu noble/universe amd64 libsrt1.5-gnutls amd64 1.5.3-1build2 [316 kB]
2026-09-12T08:43:05.4934294Z Get:56 http://azure.archive.ubuntu.com/ubuntu noble-updates/main amd64 libssh-gcrypt-4 amd64 0.10.6-2ubuntu0.5 [226 kB]
2026-09-12T08:43:05.4936030Z Get:57 http://azure.archive.ubuntu.com/ubuntu noble/universe amd64 libavformat60 amd64 7:6.1.1-3ubuntu5 [1153 kB]
2026-09-12T08:43:05.4937558Z Get:58 http://azure.archive.ubuntu.com/ubuntu noble/universe amd64 libbs2b0 amd64 3.1.0+dfsg-7build1 [10.6 kB]
2026-09-12T08:43:05.4939047Z Get:59 http://azure.archive.ubuntu.com/ubuntu noble/universe amd64 libflite1 amd64 2.2-6build3 [13.6 MB]
2026-09-12T08:43:05.4940471Z Get:60 http://azure.archive.ubuntu.com/ubuntu noble/universe amd64 libserd-0-0 amd64 0.32.2-1 [43.6 kB]
2026-09-12T08:43:05.4941934Z Get:61 http://azure.archive.ubuntu.com/ubuntu noble/universe amd64 libzix-0-0 amd64 0.4.2-2build1 [23.6 kB]
2026-09-12T08:43:05.4943533Z Get:62 http://azure.archive.ubuntu.com/ubuntu noble/universe amd64 libsord-0-0 amd64 0.16.16-2build1 [15.8 kB]
2026-09-12T08:43:05.4945182Z Get:63 http://azure.archive.ubuntu.com/ubuntu noble/universe amd64 libsratom-0-0 amd64 0.6.16-1build1 [17.3 kB]
2026-09-12T08:43:05.4946725Z Get:64 http://azure.archive.ubuntu.com/ubuntu noble/universe amd64 liblilv-0-0 amd64 0.24.22-1build1 [41.0 kB]
2026-09-12T08:43:05.4948282Z Get:65 http://azure.archive.ubuntu.com/ubuntu noble/universe amd64 libmysofa1 amd64 1.3.2+dfsg-2ubuntu2 [1158 kB]
2026-09-12T08:43:05.4950031Z Get:66 http://azure.archive.ubuntu.com/ubuntu noble/universe amd64 libplacebo338 amd64 6.338.2-2build1 [2654 kB]
2026-09-12T08:43:05.4951567Z Get:67 http://azure.archive.ubuntu.com/ubuntu noble-updates/main amd64 libblas3 amd64 3.12.0-3build1.1 [238 kB]
2026-09-12T08:43:05.4953134Z Get:68 http://azure.archive.ubuntu.com/ubuntu noble-updates/main amd64 liblapack3 amd64 3.12.0-3build1.1 [2646 kB]
2026-09-12T08:43:05.4954616Z Get:69 http://azure.archive.ubuntu.com/ubuntu noble/main amd64 libasyncns0 amd64 0.8-6build4 [11.3 kB]
2026-09-12T08:43:05.4956221Z Get:70 http://azure.archive.ubuntu.com/ubuntu noble/main amd64 libflac12t64 amd64 1.4.3+ds-2.1ubuntu2 [197 kB]
2026-09-12T08:43:05.4957839Z Get:71 http://azure.archive.ubuntu.com/ubuntu noble-updates/main amd64 libsndfile1 amd64 1.2.2-1ubuntu5.24.04.1 [209 kB]
2026-09-12T08:43:05.4959506Z Get:72 http://azure.archive.ubuntu.com/ubuntu noble-updates/main amd64 libpulse0 amd64 1:16.1+dfsg1-2ubuntu10.1 [292 kB]
2026-09-12T08:43:05.4961238Z Get:73 http://azure.archive.ubuntu.com/ubuntu noble/universe amd64 libsphinxbase3t64 amd64 0.8+5prealpha+1-17build2 [126 kB]
2026-09-12T08:43:05.4963050Z Get:74 http://azure.archive.ubuntu.com/ubuntu noble/universe amd64 libpocketsphinx3 amd64 0.8.0+real5prealpha+1-15ubuntu5 [133 kB]
2026-09-12T08:43:05.4965036Z Get:75 http://azure.archive.ubuntu.com/ubuntu noble/universe amd64 libpostproc57 amd64 7:6.1.1-3ubuntu5 [49.9 kB]
2026-09-12T08:43:05.4967262Z Get:76 http://azure.archive.ubuntu.com/ubuntu noble/main amd64 libsamplerate0 amd64 0.2.2-4build1 [1344 kB]
2026-09-12T08:43:05.4968840Z Get:77 http://azure.archive.ubuntu.com/ubuntu noble/universe amd64 librubberband2 amd64 3.3.0+dfsg-2build1 [130 kB]
2026-09-12T08:43:05.4970402Z Get:78 http://azure.archive.ubuntu.com/ubuntu noble/universe amd64 libswscale7 amd64 7:6.1.1-3ubuntu5 [193 kB]
2026-09-12T08:43:05.4971929Z Get:79 http://azure.archive.ubuntu.com/ubuntu noble/universe amd64 libvidstab1.1 amd64 1.1.0-2build1 [38.5 kB]
2026-09-12T08:43:05.4973434Z Get:80 http://azure.archive.ubuntu.com/ubuntu noble/universe amd64 libzimg2 amd64 3.0.5+ds1-1build1 [254 kB]
2026-09-12T08:43:05.4975118Z Get:81 http://azure.archive.ubuntu.com/ubuntu noble/universe amd64 libavfilter9 amd64 7:6.1.1-3ubuntu5 [4235 kB]
2026-09-12T08:43:05.4976905Z Get:82 http://azure.archive.ubuntu.com/ubuntu noble-updates/main amd64 liborc-0.4-0t64 amd64 1:0.4.38-1ubuntu0.1 [207 kB]
2026-09-12T08:43:05.4978729Z Get:83 http://azure.archive.ubuntu.com/ubuntu noble-updates/main amd64 libgstreamer-plugins-base1.0-0 amd64 1.24.2-1ubuntu0.4 [862 kB]
2026-09-12T08:43:05.4980466Z Get:84 http://azure.archive.ubuntu.com/ubuntu noble/universe amd64 gstreamer1.0-libav amd64 1.24.1-1build1 [103 kB]
2026-09-12T08:43:05.4982077Z Get:85 http://azure.archive.ubuntu.com/ubuntu noble/main amd64 libcdparanoia0 amd64 3.10.2+debian-14build3 [48.5 kB]
2026-09-12T08:43:05.4983606Z Get:86 http://azure.archive.ubuntu.com/ubuntu noble/main amd64 libvisual-0.4-0 amd64 0.4.2-2build1 [115 kB]
2026-09-12T08:43:05.4985459Z Get:87 http://azure.archive.ubuntu.com/ubuntu noble-updates/main amd64 gstreamer1.0-plugins-base amd64 1.24.2-1ubuntu0.4 [721 kB]
2026-09-12T08:43:05.4987015Z Get:88 http://azure.archive.ubuntu.com/ubuntu noble/main amd64 libaa1 amd64 1.4p5-51.1 [49.9 kB]
2026-09-12T08:43:05.4988402Z Get:89 http://azure.archive.ubuntu.com/ubuntu noble/main amd64 libraw1394-11 amd64 2.1.2-2build3 [26.2 kB]
2026-09-12T08:43:05.4989836Z Get:90 http://azure.archive.ubuntu.com/ubuntu noble/main amd64 libavc1394-0 amd64 0.5.4-5build3 [15.4 kB]
2026-09-12T08:43:05.4991375Z Get:91 http://azure.archive.ubuntu.com/ubuntu noble-updates/main amd64 libcaca0 amd64 0.99.beta20-4ubuntu0.2 [209 kB]
2026-09-12T08:43:05.4992874Z Get:92 http://azure.archive.ubuntu.com/ubuntu noble/main amd64 libdv4t64 amd64 1.0.0-17.1build1 [63.2 kB]
2026-09-12T08:43:05.4994585Z Get:93 http://azure.archive.ubuntu.com/ubuntu noble-updates/main amd64 libgstreamer-plugins-good1.0-0 amd64 1.24.2-1ubuntu1.5 [33.5 kB]
2026-09-12T08:43:05.4996599Z Get:94 http://azure.archive.ubuntu.com/ubuntu noble/main amd64 libiec61883-0 amd64 1.2.0-6build1 [24.5 kB]
2026-09-12T08:43:05.4998031Z Get:95 http://azure.archive.ubuntu.com/ubuntu noble/main amd64 libshout3 amd64 2.4.6-1build2 [50.3 kB]
2026-09-12T08:43:05.4999504Z Get:96 http://azure.archive.ubuntu.com/ubuntu noble/main amd64 libtag1v5-vanilla amd64 1.13.1-1build1 [326 kB]
2026-09-12T08:43:05.5000973Z Get:97 http://azure.archive.ubuntu.com/ubuntu noble/main amd64 libtag1v5 amd64 1.13.1-1build1 [11.7 kB]
2026-09-12T08:43:05.5002443Z Get:98 http://azure.archive.ubuntu.com/ubuntu noble/main amd64 libv4lconvert0t64 amd64 1.26.1-4build3 [87.6 kB]
2026-09-12T08:43:05.5003912Z Get:99 http://azure.archive.ubuntu.com/ubuntu noble/main amd64 libv4l-0t64 amd64 1.26.1-4build3 [46.9 kB]
2026-09-12T08:43:05.5005448Z Get:100 http://azure.archive.ubuntu.com/ubuntu noble/main amd64 libwavpack1 amd64 5.6.0-1build1 [84.6 kB]
2026-09-12T08:43:05.5007066Z Get:101 http://azure.archive.ubuntu.com/ubuntu noble-updates/main amd64 libsoup-3.0-common all 3.4.4-5ubuntu0.7 [11.6 kB]
2026-09-12T08:43:05.5008738Z Get:102 http://azure.archive.ubuntu.com/ubuntu noble-updates/main amd64 libsoup-3.0-0 amd64 3.4.4-5ubuntu0.7 [292 kB]
2026-09-12T08:43:05.5010498Z Get:103 http://azure.archive.ubuntu.com/ubuntu noble-updates/main amd64 gstreamer1.0-plugins-good amd64 1.24.2-1ubuntu1.5 [2236 kB]
2026-09-12T08:43:05.5012484Z Get:104 http://azure.archive.ubuntu.com/ubuntu noble-updates/main amd64 libabsl20220623t64 amd64 20220623.1-3.1ubuntu3.2 [423 kB]
2026-09-12T08:43:05.5014119Z Get:105 http://azure.archive.ubuntu.com/ubuntu noble/universe amd64 libgav1-1 amd64 0.18.0-1build3 [357 kB]
2026-09-12T08:43:05.5015816Z Get:106 http://azure.archive.ubuntu.com/ubuntu noble/universe amd64 libyuv0 amd64 0.0~git202401110.af6ac82-1 [178 kB]
2026-09-12T08:43:05.5017343Z Get:107 http://azure.archive.ubuntu.com/ubuntu noble/universe amd64 libavif16 amd64 1.0.4-1ubuntu3 [91.2 kB]
2026-09-12T08:43:05.5018798Z Get:108 http://azure.archive.ubuntu.com/ubuntu noble/universe amd64 libavtp0 amd64 0.2.0-1build1 [6414 B]
2026-09-12T08:43:05.5020426Z Get:109 http://azure.archive.ubuntu.com/ubuntu noble/main amd64 libcairo-script-interpreter2 amd64 1.18.0-3build1 [60.3 kB]
2026-09-12T08:43:05.5022023Z Get:110 http://azure.archive.ubuntu.com/ubuntu noble/universe amd64 libdc1394-25 amd64 2.2.6-4build1 [90.1 kB]
2026-09-12T08:43:05.5023572Z Get:111 http://azure.archive.ubuntu.com/ubuntu noble-updates/main amd64 libde265-0 amd64 1.0.15-1ubuntu0.1 [167 kB]
2026-09-12T08:43:05.5025225Z Get:112 http://azure.archive.ubuntu.com/ubuntu noble/main amd64 libdecor-0-0 amd64 0.2.2-1build2 [16.5 kB]
2026-09-12T08:43:05.5026673Z Get:113 http://azure.archive.ubuntu.com/ubuntu noble/main amd64 libgles2 amd64 1.7.0-1build1 [17.1 kB]
2026-09-12T08:43:05.5028268Z Get:114 http://azure.archive.ubuntu.com/ubuntu noble/universe amd64 libdirectfb-1.7-7t64 amd64 1.7.7-11.1ubuntu2 [1035 kB]
2026-09-12T08:43:05.5029922Z Get:115 http://azure.archive.ubuntu.com/ubuntu noble/universe amd64 libdvdread8t64 amd64 6.1.3-1.1build1 [54.7 kB]
2026-09-12T08:43:05.5031470Z Get:116 http://azure.archive.ubuntu.com/ubuntu noble/universe amd64 libdvdnav4 amd64 6.1.1-3build1 [39.5 kB]
2026-09-12T08:43:05.5033104Z Get:117 http://azure.archive.ubuntu.com/ubuntu noble-updates/main amd64 libegl-mesa0 amd64 25.2.8-0ubuntu0.24.04.2 [117 kB]
2026-09-12T08:43:05.5035017Z Get:118 http://azure.archive.ubuntu.com/ubuntu noble-updates/main amd64 libevent-2.1-7t64 amd64 2.1.12-stable-9ubuntu2.1 [146 kB]
2026-09-12T08:43:05.5036665Z Get:119 http://azure.archive.ubuntu.com/ubuntu noble/universe amd64 libfaad2 amd64 2.11.1-1build1 [207 kB]
2026-09-12T08:43:05.5038221Z Get:120 http://azure.archive.ubuntu.com/ubuntu noble/universe amd64 libinstpatch-1.0-2 amd64 1.1.6-1build2 [251 kB]
2026-09-12T08:43:05.5039825Z Get:121 http://azure.archive.ubuntu.com/ubuntu noble/main amd64 libjack-jackd2-0 amd64 1.9.21~dfsg-3ubuntu3 [289 kB]
2026-09-12T08:43:05.5041493Z Get:122 http://azure.archive.ubuntu.com/ubuntu noble/main amd64 libwebrtc-audio-processing1 amd64 0.3.1-0ubuntu6 [290 kB]
2026-09-12T08:43:05.5043505Z Get:123 http://azure.archive.ubuntu.com/ubuntu noble-updates/main amd64 libspa-0.2-modules amd64 1.0.5-1ubuntu3.3 [628 kB]
2026-09-12T08:43:05.5045376Z Get:124 http://azure.archive.ubuntu.com/ubuntu noble-updates/main amd64 libpipewire-0.3-0t64 amd64 1.0.5-1ubuntu3.3 [252 kB]
2026-09-12T08:43:05.5047128Z Get:125 http://azure.archive.ubuntu.com/ubuntu noble-updates/main amd64 libsdl2-2.0-0 amd64 2.30.0+dfsg-1ubuntu3.1 [686 kB]
2026-09-12T08:43:05.5048709Z Get:126 http://azure.archive.ubuntu.com/ubuntu noble/universe amd64 timgm6mb-soundfont all 1.3-5 [5427 kB]
2026-09-12T08:43:05.5050232Z Get:127 http://azure.archive.ubuntu.com/ubuntu noble/universe amd64 libfluidsynth3 amd64 2.3.4-1build3 [249 kB]
2026-09-12T08:43:05.5051723Z Get:128 http://azure.archive.ubuntu.com/ubuntu noble/main amd64 libfreeaptx0 amd64 0.1.1-2build1 [13.5 kB]
2026-09-12T08:43:05.5053222Z Get:129 http://azure.archive.ubuntu.com/ubuntu noble/main amd64 libgraphene-1.0-0 amd64 1.10.8-3build2 [46.2 kB]
2026-09-12T08:43:05.5054726Z Get:130 http://azure.archive.ubuntu.com/ubuntu noble/main amd64 libgssdp-1.6-0 amd64 1.6.3-1build3 [40.4 kB]
2026-09-12T08:43:05.5056312Z Get:131 http://azure.archive.ubuntu.com/ubuntu noble/main amd64 libegl1 amd64 1.7.0-1build1 [28.7 kB]
2026-09-12T08:43:05.5058088Z Get:132 http://azure.archive.ubuntu.com/ubuntu noble-updates/main amd64 libgstreamer-gl1.0-0 amd64 1.24.2-1ubuntu0.4 [214 kB]
2026-09-12T08:43:05.5059853Z Get:133 http://azure.archive.ubuntu.com/ubuntu noble-updates/main amd64 libgtk-4-common all 4.14.5+ds-0ubuntu0.10 [1497 kB]
2026-09-12T08:43:05.5061565Z Get:134 http://azure.archive.ubuntu.com/ubuntu noble-updates/main amd64 libgtk-4-1 amd64 4.14.5+ds-0ubuntu0.10 [3295 kB]
2026-09-12T08:43:05.5063125Z Get:135 http://azure.archive.ubuntu.com/ubuntu noble/main amd64 libgupnp-1.6-0 amd64 1.6.6-1build3 [92.7 kB]
2026-09-12T08:43:05.5064684Z Get:136 http://azure.archive.ubuntu.com/ubuntu noble/universe amd64 libgupnp-igd-1.6-0 amd64 1.6.0-3build3 [16.5 kB]
2026-09-12T08:43:05.5066382Z Get:137 http://azure.archive.ubuntu.com/ubuntu noble/main amd64 libharfbuzz-icu0 amd64 8.3.0-2build2 [13.3 kB]
2026-09-12T08:43:05.5067829Z Get:138 http://azure.archive.ubuntu.com/ubuntu noble/main amd64 libhyphen0 amd64 2.8.8-7build3 [26.5 kB]
2026-09-12T08:43:05.5069378Z Get:139 http://azure.archive.ubuntu.com/ubuntu noble/universe amd64 libimath-3-1-29t64 amd64 3.1.9-3.1ubuntu2 [72.2 kB]
2026-09-12T08:43:05.5070862Z Get:140 http://azure.archive.ubuntu.com/ubuntu noble/main amd64 liblc3-1 amd64 1.0.4-3build1 [69.7 kB]
2026-09-12T08:43:05.5072489Z Get:141 http://azure.archive.ubuntu.com/ubuntu noble/main amd64 libldacbt-enc2 amd64 2.0.2.3+git20200429+ed310a0-4ubuntu2 [27.1 kB]
2026-09-12T08:43:05.5074176Z Get:142 http://azure.archive.ubuntu.com/ubuntu noble-updates/main amd64 libraptor2-0 amd64 2.0.16-3ubuntu0.1 [165 kB]
2026-09-12T08:43:05.5075834Z Get:143 http://azure.archive.ubuntu.com/ubuntu noble/universe amd64 liblrdf0 amd64 0.6.1-4build1 [18.5 kB]
2026-09-12T08:43:05.5077277Z Get:144 http://azure.archive.ubuntu.com/ubuntu noble/universe amd64 libltc11 amd64 1.3.2-1build1 [13.0 kB]
2026-09-12T08:43:05.5078744Z Get:145 http://azure.archive.ubuntu.com/ubuntu noble/main amd64 libmanette-0.2-0 amd64 0.2.7-1build2 [30.6 kB]
2026-09-12T08:43:05.5080156Z Get:146 http://azure.archive.ubuntu.com/ubuntu noble/universe amd64 libmfx1 amd64 22.5.4-1 [3124 kB]
2026-09-12T08:43:05.5081794Z Get:147 http://azure.archive.ubuntu.com/ubuntu noble/universe amd64 libmjpegutils-2.1-0t64 amd64 1:2.1.0+debian-8.1build1 [25.5 kB]
2026-09-12T08:43:05.5083449Z Get:148 http://azure.archive.ubuntu.com/ubuntu noble/universe amd64 libmodplug1 amd64 1:0.8.9.0-3build1 [166 kB]
2026-09-12T08:43:05.5085114Z Get:149 http://azure.archive.ubuntu.com/ubuntu noble/universe amd64 libmpcdec6 amd64 2:0.1~r495-2build1 [32.7 kB]
2026-09-12T08:43:05.5086836Z Get:150 http://azure.archive.ubuntu.com/ubuntu noble/universe amd64 libmpeg2encpp-2.1-0t64 amd64 1:2.1.0+debian-8.1build1 [75.6 kB]
2026-09-12T08:43:05.5088845Z Get:151 http://azure.archive.ubuntu.com/ubuntu noble/universe amd64 libmplex2-2.1-0t64 amd64 1:2.1.0+debian-8.1build1 [46.1 kB]
2026-09-12T08:43:05.5090490Z Get:152 http://azure.archive.ubuntu.com/ubuntu noble/universe amd64 libneon27t64 amd64 0.33.0-1.1build3 [102 kB]
2026-09-12T08:43:05.5091997Z Get:153 http://azure.archive.ubuntu.com/ubuntu noble/universe amd64 libnice10 amd64 0.1.21-2build3 [157 kB]
2026-09-12T08:43:05.5093526Z Get:154 http://azure.archive.ubuntu.com/ubuntu noble/universe amd64 libopenal-data all 1:1.23.1-4build1 [161 kB]
2026-09-12T08:43:05.5095224Z Get:155 http://azure.archive.ubuntu.com/ubuntu noble/universe amd64 libopenexr-3-1-30 amd64 3.1.5-5.1build3 [1004 kB]
2026-09-12T08:43:05.5096783Z Get:156 http://azure.archive.ubuntu.com/ubuntu noble/universe amd64 libopenh264-7 amd64 2.4.1+dfsg-1 [409 kB]
2026-09-12T08:43:05.5098287Z Get:157 http://azure.archive.ubuntu.com/ubuntu noble/universe amd64 libopenni2-0 amd64 2.2.0.33+dfsg-18 [370 kB]
2026-09-12T08:43:05.5099810Z Get:158 http://azure.archive.ubuntu.com/ubuntu noble/universe amd64 libqrencode4 amd64 4.1.1-1build2 [25.0 kB]
2026-09-12T08:43:05.5101291Z Get:159 http://azure.archive.ubuntu.com/ubuntu noble/main amd64 libsecret-common all 0.21.4-1build3 [4962 B]
2026-09-12T08:43:05.5102777Z Get:160 http://azure.archive.ubuntu.com/ubuntu noble/main amd64 libsecret-1-0 amd64 0.21.4-1build3 [116 kB]
2026-09-12T08:43:05.5104411Z Get:161 http://azure.archive.ubuntu.com/ubuntu noble/universe amd64 libsndio7.0 amd64 1.9.0-0.3build3 [29.6 kB]
2026-09-12T08:43:05.5106147Z Get:162 http://azure.archive.ubuntu.com/ubuntu noble/universe amd64 libsoundtouch1 amd64 2.3.2+ds1-1build1 [60.5 kB]
2026-09-12T08:43:05.5107789Z Get:163 http://azure.archive.ubuntu.com/ubuntu noble/universe amd64 libspandsp2t64 amd64 0.0.6+dfsg-2.1build1 [311 kB]
2026-09-12T08:43:05.5109352Z Get:164 http://azure.archive.ubuntu.com/ubuntu noble/universe amd64 libsrtp2-1 amd64 2.5.0-3build1 [41.9 kB]
2026-09-12T08:43:05.5110901Z Get:165 http://azure.archive.ubuntu.com/ubuntu noble/main amd64 libwayland-server0 amd64 1.22.0-2.1build1 [33.9 kB]
2026-09-12T08:43:05.5112448Z Get:166 http://azure.archive.ubuntu.com/ubuntu noble/universe amd64 libwildmidi2 amd64 0.4.3-1build3 [68.5 kB]
2026-09-12T08:43:05.5113887Z Get:167 http://azure.archive.ubuntu.com/ubuntu noble/main amd64 libwoff1 amd64 1.0.2-2build1 [45.3 kB]
2026-09-12T08:43:05.5115457Z Get:168 http://azure.archive.ubuntu.com/ubuntu noble/main amd64 libxcb-xkb1 amd64 1.15-1ubuntu2 [32.3 kB]
2026-09-12T08:43:05.5116989Z Get:169 http://azure.archive.ubuntu.com/ubuntu noble/main amd64 libxkbcommon-x11-0 amd64 1.6.0-1build1 [14.5 kB]
2026-09-12T08:43:05.5118533Z Get:170 http://azure.archive.ubuntu.com/ubuntu noble/universe amd64 libzbar0t64 amd64 0.23.93-4build3 [123 kB]
2026-09-12T08:43:05.5119969Z Get:171 http://azure.archive.ubuntu.com/ubuntu noble/universe amd64 libzxing3 amd64 2.2.1-3 [583 kB]
2026-09-12T08:43:05.5121437Z Get:172 http://azure.archive.ubuntu.com/ubuntu noble/main amd64 xfonts-encodings all 1:1.0.5-0ubuntu2 [578 kB]
2026-09-12T08:43:05.5122922Z Get:173 http://azure.archive.ubuntu.com/ubuntu noble/main amd64 xfonts-utils amd64 1:7.7+6build3 [94.4 kB]
2026-09-12T08:43:05.5124415Z Get:174 http://azure.archive.ubuntu.com/ubuntu noble/universe amd64 xfonts-cyrillic all 1:1.0.5+nmu1 [384 kB]
2026-09-12T08:43:05.5126014Z Get:175 http://azure.archive.ubuntu.com/ubuntu noble/main amd64 xfonts-scalable all 1:1.0.3-1.3 [304 kB]
2026-09-12T08:43:05.5127697Z Get:176 http://azure.archive.ubuntu.com/ubuntu noble/universe amd64 libgstreamer-plugins-bad1.0-0 amd64 1.24.2-1ubuntu4 [797 kB]
2026-09-12T08:43:05.5129310Z Get:177 http://azure.archive.ubuntu.com/ubuntu noble/universe amd64 libdca0 amd64 0.0.7-2build1 [93.8 kB]
2026-09-12T08:43:05.5130825Z Get:178 http://azure.archive.ubuntu.com/ubuntu noble/universe amd64 libopenal1 amd64 1:1.23.1-4build1 [540 kB]
2026-09-12T08:43:05.5132246Z Get:179 http://azure.archive.ubuntu.com/ubuntu noble/main amd64 libsbc1 amd64 2.0-1build1 [33.9 kB]
2026-09-12T08:43:05.5133717Z Get:180 http://azure.archive.ubuntu.com/ubuntu noble/universe amd64 libvo-aacenc0 amd64 0.1.3-2build1 [67.8 kB]
2026-09-12T08:43:05.5135576Z Get:181 http://azure.archive.ubuntu.com/ubuntu noble/universe amd64 libvo-amrwbenc0 amd64 0.1.3-2build1 [76.7 kB]
2026-09-12T08:43:05.5137243Z Get:182 http://azure.archive.ubuntu.com/ubuntu noble/universe amd64 gstreamer1.0-plugins-bad amd64 1.24.2-1ubuntu4 [3081 kB]
2026-09-12T08:43:05.5138290Z Fetched 114 MB in 6s (18.2 MB/s)
2026-09-12T08:43:05.5139021Z Selecting previously unselected package fonts-ipafont-gothic.
2026-09-12T08:43:05.5139671Z (Reading database ... 
2026-09-12T08:43:05.5140094Z (Reading database ... 5%
2026-09-12T08:43:05.5140542Z (Reading database ... 10%
2026-09-12T08:43:05.5140970Z (Reading database ... 15%
2026-09-12T08:43:05.5141392Z (Reading database ... 20%
2026-09-12T08:43:05.5141824Z (Reading database ... 25%
2026-09-12T08:43:05.5142252Z (Reading database ... 30%
2026-09-12T08:43:05.5142687Z (Reading database ... 35%
2026-09-12T08:43:05.5143154Z (Reading database ... 40%
2026-09-12T08:43:05.5143585Z (Reading database ... 45%
2026-09-12T08:43:05.5144001Z (Reading database ... 50%
2026-09-12T08:43:05.5144420Z (Reading database ... 55%
2026-09-12T08:43:05.5144830Z (Reading database ... 60%
2026-09-12T08:43:05.5145384Z (Reading database ... 65%
2026-09-12T08:43:05.5145799Z (Reading database ... 70%
2026-09-12T08:43:05.5146221Z (Reading database ... 75%
2026-09-12T08:43:05.5146810Z (Reading database ... 80%
2026-09-12T08:43:05.5147232Z (Reading database ... 85%
2026-09-12T08:43:05.5147655Z (Reading database ... 90%
2026-09-12T08:43:05.5148078Z (Reading database ... 95%
2026-09-12T08:43:05.5148509Z (Reading database ... 100%
2026-09-12T08:43:05.5149266Z (Reading database ... 201818 files and directories currently installed.)
2026-09-12T08:43:05.5150318Z Preparing to unpack .../000-fonts-ipafont-gothic_00303-21ubuntu1_all.deb ...
2026-09-12T08:43:05.5151209Z Unpacking fonts-ipafont-gothic (00303-21ubuntu1) ...
2026-09-12T08:43:05.5152031Z Selecting previously unselected package fonts-freefont-ttf.
2026-09-12T08:43:05.5152916Z Preparing to unpack .../001-fonts-freefont-ttf_20211204+svn4273-2_all.deb ...
2026-09-12T08:43:05.5153766Z Unpacking fonts-freefont-ttf (20211204+svn4273-2) ...
2026-09-12T08:43:05.5154592Z Selecting previously unselected package fonts-tlwg-loma-otf.
2026-09-12T08:43:05.5155690Z Preparing to unpack .../002-fonts-tlwg-loma-otf_1%3a0.7.3-1_all.deb ...
2026-09-12T08:43:05.5156510Z Unpacking fonts-tlwg-loma-otf (1:0.7.3-1) ...
2026-09-12T08:43:05.5157243Z Selecting previously unselected package fonts-unifont.
2026-09-12T08:43:05.5158144Z Preparing to unpack .../003-fonts-unifont_1%3a15.1.01-1build1_all.deb ...
2026-09-12T08:43:05.5158953Z Unpacking fonts-unifont (1:15.1.01-1build1) ...
2026-09-12T08:43:05.5159719Z Selecting previously unselected package fonts-wqy-zenhei.
2026-09-12T08:43:05.5160583Z Preparing to unpack .../004-fonts-wqy-zenhei_0.9.45-8_all.deb ...
2026-09-12T08:43:05.5161319Z Unpacking fonts-wqy-zenhei (0.9.45-8) ...
2026-09-12T08:43:05.5162067Z Selecting previously unselected package libproxy1v5:amd64.
2026-09-12T08:43:05.5162955Z Preparing to unpack .../005-libproxy1v5_0.5.4-4build1_amd64.deb ...
2026-09-12T08:43:05.5163726Z Unpacking libproxy1v5:amd64 (0.5.4-4build1) ...
2026-09-12T08:43:05.5164541Z Selecting previously unselected package glib-networking-common.
2026-09-12T08:43:05.5165674Z Preparing to unpack .../006-glib-networking-common_2.80.0-1build1_all.deb ...
2026-09-12T08:43:05.5166566Z Unpacking glib-networking-common (2.80.0-1build1) ...
2026-09-12T08:43:05.5167421Z Selecting previously unselected package glib-networking-services.
2026-09-12T08:43:05.5168454Z Preparing to unpack .../007-glib-networking-services_2.80.0-1build1_amd64.deb ...
2026-09-12T08:43:05.5169386Z Unpacking glib-networking-services (2.80.0-1build1) ...
2026-09-12T08:43:05.5170189Z Selecting previously unselected package session-migration.
2026-09-12T08:43:05.5171102Z Preparing to unpack .../008-session-migration_0.3.9build1_amd64.deb ...
2026-09-12T08:43:05.5172090Z Unpacking session-migration (0.3.9build1) ...
2026-09-12T08:43:05.5172921Z Selecting previously unselected package gsettings-desktop-schemas.
2026-09-12T08:43:05.5173944Z Preparing to unpack .../009-gsettings-desktop-schemas_46.1-0ubuntu1_all.deb ...
2026-09-12T08:43:05.5174988Z Unpacking gsettings-desktop-schemas (46.1-0ubuntu1) ...
2026-09-12T08:43:05.5175854Z Selecting previously unselected package glib-networking:amd64.
2026-09-12T08:43:05.5176819Z Preparing to unpack .../010-glib-networking_2.80.0-1build1_amd64.deb ...
2026-09-12T08:43:05.5177657Z Unpacking glib-networking:amd64 (2.80.0-1build1) ...
2026-09-12T08:43:05.5178407Z Selecting previously unselected package libva2:amd64.
2026-09-12T08:43:05.5179237Z Preparing to unpack .../011-libva2_2.20.0-2ubuntu0.2_amd64.deb ...
2026-09-12T08:43:05.5179981Z Unpacking libva2:amd64 (2.20.0-2ubuntu0.2) ...
2026-09-12T08:43:05.5180734Z Selecting previously unselected package libva-drm2:amd64.
2026-09-12T08:43:05.5181637Z Preparing to unpack .../012-libva-drm2_2.20.0-2ubuntu0.2_amd64.deb ...
2026-09-12T08:43:05.5182462Z Unpacking libva-drm2:amd64 (2.20.0-2ubuntu0.2) ...
2026-09-12T08:43:05.5183239Z Selecting previously unselected package libva-x11-2:amd64.
2026-09-12T08:43:05.5184158Z Preparing to unpack .../013-libva-x11-2_2.20.0-2ubuntu0.2_amd64.deb ...
2026-09-12T08:43:05.5185103Z Unpacking libva-x11-2:amd64 (2.20.0-2ubuntu0.2) ...
2026-09-12T08:43:05.5186070Z Selecting previously unselected package libvdpau1:amd64.
2026-09-12T08:43:05.5186927Z Preparing to unpack .../014-libvdpau1_1.5-2build1_amd64.deb ...
2026-09-12T08:43:05.5187666Z Unpacking libvdpau1:amd64 (1.5-2build1) ...
2026-09-12T08:43:05.5188335Z Selecting previously unselected package libvpl2.
2026-09-12T08:43:05.5189157Z Preparing to unpack .../015-libvpl2_2023.3.0-1build1_amd64.deb ...
2026-09-12T08:43:05.5189880Z Unpacking libvpl2 (2023.3.0-1build1) ...
2026-09-12T08:43:05.5190669Z Selecting previously unselected package ocl-icd-libopencl1:amd64.
2026-09-12T08:43:05.5191647Z Preparing to unpack .../016-ocl-icd-libopencl1_2.3.2-1build1_amd64.deb ...
2026-09-12T08:43:05.5192532Z Unpacking ocl-icd-libopencl1:amd64 (2.3.2-1build1) ...
2026-09-12T08:43:05.5193349Z Selecting previously unselected package libavutil58:amd64.
2026-09-12T08:43:05.5194257Z Preparing to unpack .../017-libavutil58_7%3a6.1.1-3ubuntu5_amd64.deb ...
2026-09-12T08:43:05.5195292Z Unpacking libavutil58:amd64 (7:6.1.1-3ubuntu5) ...
2026-09-12T08:43:05.5196107Z Selecting previously unselected package libcodec2-1.2:amd64.
2026-09-12T08:43:05.5197021Z Preparing to unpack .../018-libcodec2-1.2_1.2.0-2build1_amd64.deb ...
2026-09-12T08:43:05.5197807Z Unpacking libcodec2-1.2:amd64 (1.2.0-2build1) ...
2026-09-12T08:43:05.5198565Z Selecting previously unselected package libdav1d7:amd64.
2026-09-12T08:43:05.5199408Z Preparing to unpack .../019-libdav1d7_1.4.1-1build1_amd64.deb ...
2026-09-12T08:43:05.5200156Z Unpacking libdav1d7:amd64 (1.4.1-1build1) ...
2026-09-12T08:43:05.5200867Z Selecting previously unselected package libgsm1:amd64.
2026-09-12T08:43:05.5201709Z Preparing to unpack .../020-libgsm1_1.0.22-1build1_amd64.deb ...
2026-09-12T08:43:05.5202440Z Unpacking libgsm1:amd64 (1.0.22-1build1) ...
2026-09-12T08:43:05.5203182Z Selecting previously unselected package libhwy1t64:amd64.
2026-09-12T08:43:05.5204062Z Preparing to unpack .../021-libhwy1t64_1.0.7-8.1build1_amd64.deb ...
2026-09-12T08:43:05.5204963Z Unpacking libhwy1t64:amd64 (1.0.7-8.1build1) ...
2026-09-12T08:43:05.5205724Z Selecting previously unselected package libjxl0.7:amd64.
2026-09-12T08:43:05.5206614Z Preparing to unpack .../022-libjxl0.7_0.7.0-10.2ubuntu6.1_amd64.deb ...
2026-09-12T08:43:05.5207428Z Unpacking libjxl0.7:amd64 (0.7.0-10.2ubuntu6.1) ...
2026-09-12T08:43:05.5208199Z Selecting previously unselected package libmp3lame0:amd64.
2026-09-12T08:43:05.5209084Z Preparing to unpack .../023-libmp3lame0_3.100-6build1_amd64.deb ...
2026-09-12T08:43:05.5209857Z Unpacking libmp3lame0:amd64 (3.100-6build1) ...
2026-09-12T08:43:05.5210602Z Selecting previously unselected package libopus0:amd64.
2026-09-12T08:43:05.5211631Z Preparing to unpack .../024-libopus0_1.4-1build1_amd64.deb ...
2026-09-12T08:43:05.5212357Z Unpacking libopus0:amd64 (1.4-1build1) ...
2026-09-12T08:43:05.5213073Z Selecting previously unselected package librav1e0:amd64.
2026-09-12T08:43:05.5213881Z Preparing to unpack .../025-librav1e0_0.7.1-2_amd64.deb ...
2026-09-12T08:43:05.5214560Z Unpacking librav1e0:amd64 (0.7.1-2) ...
2026-09-12T08:43:05.5215414Z Selecting previously unselected package librsvg2-2:amd64.
2026-09-12T08:43:05.5216354Z Preparing to unpack .../026-librsvg2-2_2.58.0+dfsg-1build1_amd64.deb ...
2026-09-12T08:43:05.5217192Z Unpacking librsvg2-2:amd64 (2.58.0+dfsg-1build1) ...
2026-09-12T08:43:05.5217960Z Selecting previously unselected package libshine3:amd64.
2026-09-12T08:43:05.5218803Z Preparing to unpack .../027-libshine3_3.1.1-2build1_amd64.deb ...
2026-09-12T08:43:05.5219554Z Unpacking libshine3:amd64 (3.1.1-2build1) ...
2026-09-12T08:43:05.5220287Z Selecting previously unselected package libspeex1:amd64.
2026-09-12T08:43:05.5221202Z Preparing to unpack .../028-libspeex1_1.2.1-2ubuntu2.24.04.1_amd64.deb ...
2026-09-12T08:43:05.5222071Z Unpacking libspeex1:amd64 (1.2.1-2ubuntu2.24.04.1) ...
2026-09-12T08:43:05.5222913Z Selecting previously unselected package libsvtav1enc1d1:amd64.
2026-09-12T08:43:05.5223887Z Preparing to unpack .../029-libsvtav1enc1d1_1.7.0+dfsg-2build1_amd64.deb ...
2026-09-12T08:43:05.5225164Z Unpacking libsvtav1enc1d1:amd64 (1.7.0+dfsg-2build1) ...
2026-09-12T08:43:05.5225967Z Selecting previously unselected package libsoxr0:amd64.
2026-09-12T08:43:05.5226803Z Preparing to unpack .../030-libsoxr0_0.1.3-4build3_amd64.deb ...
2026-09-12T08:43:05.5227547Z Unpacking libsoxr0:amd64 (0.1.3-4build3) ...
2026-09-12T08:43:05.5228321Z Selecting previously unselected package libswresample4:amd64.
2026-09-12T08:43:05.5229287Z Preparing to unpack .../031-libswresample4_7%3a6.1.1-3ubuntu5_amd64.deb ...
2026-09-12T08:43:05.5230157Z Unpacking libswresample4:amd64 (7:6.1.1-3ubuntu5) ...
2026-09-12T08:43:05.5230958Z Selecting previously unselected package libtheora0:amd64.
2026-09-12T08:43:05.5231895Z Preparing to unpack .../032-libtheora0_1.1.1+dfsg.1-16.1build3_amd64.deb ...
2026-09-12T08:43:05.5232786Z Unpacking libtheora0:amd64 (1.1.1+dfsg.1-16.1build3) ...
2026-09-12T08:43:05.5233593Z Selecting previously unselected package libtwolame0:amd64.
2026-09-12T08:43:05.5234488Z Preparing to unpack .../033-libtwolame0_0.4.0-2build3_amd64.deb ...
2026-09-12T08:43:05.5235365Z Unpacking libtwolame0:amd64 (0.4.0-2build3) ...
2026-09-12T08:43:05.5236155Z Selecting previously unselected package libvorbisenc2:amd64.
2026-09-12T08:43:05.5237071Z Preparing to unpack .../034-libvorbisenc2_1.3.7-1build3_amd64.deb ...
2026-09-12T08:43:05.5237865Z Unpacking libvorbisenc2:amd64 (1.3.7-1build3) ...
2026-09-12T08:43:05.5238592Z Selecting previously unselected package libvpx9:amd64.
2026-09-12T08:43:05.5239428Z Preparing to unpack .../035-libvpx9_1.14.0-1ubuntu2.3_amd64.deb ...
2026-09-12T08:43:05.5240193Z Unpacking libvpx9:amd64 (1.14.0-1ubuntu2.3) ...
2026-09-12T08:43:05.5240938Z Selecting previously unselected package libx264-164:amd64.
2026-09-12T08:43:05.5241895Z Preparing to unpack .../036-libx264-164_2%3a0.164.3108+git31e19f9-1_amd64.deb ...
2026-09-12T08:43:05.5242801Z Unpacking libx264-164:amd64 (2:0.164.3108+git31e19f9-1) ...
2026-09-12T08:43:05.5243674Z Selecting previously unselected package libx265-199:amd64.
2026-09-12T08:43:05.5244554Z Preparing to unpack .../037-libx265-199_3.5-2build1_amd64.deb ...
2026-09-12T08:43:05.5245489Z Unpacking libx265-199:amd64 (3.5-2build1) ...
2026-09-12T08:43:05.5246265Z Selecting previously unselected package libxvidcore4:amd64.
2026-09-12T08:43:05.5247207Z Preparing to unpack .../038-libxvidcore4_2%3a1.3.7-1build1_amd64.deb ...
2026-09-12T08:43:05.5248033Z Unpacking libxvidcore4:amd64 (2:1.3.7-1build1) ...
2026-09-12T08:43:05.5248796Z Selecting previously unselected package libzvbi-common.
2026-09-12T08:43:05.5249630Z Preparing to unpack .../039-libzvbi-common_0.2.42-2_all.deb ...
2026-09-12T08:43:05.5250524Z Unpacking libzvbi-common (0.2.42-2) ...
2026-09-12T08:43:05.5251261Z Selecting previously unselected package libzvbi0t64:amd64.
2026-09-12T08:43:05.5252100Z Preparing to unpack .../040-libzvbi0t64_0.2.42-2_amd64.deb ...
2026-09-12T08:43:05.5252818Z Unpacking libzvbi0t64:amd64 (0.2.42-2) ...
2026-09-12T08:43:05.5253557Z Selecting previously unselected package libavcodec60:amd64.
2026-09-12T08:43:05.5254501Z Preparing to unpack .../041-libavcodec60_7%3a6.1.1-3ubuntu5_amd64.deb ...
2026-09-12T08:43:05.5255479Z Unpacking libavcodec60:amd64 (7:6.1.1-3ubuntu5) ...
2026-09-12T08:43:05.5256283Z Selecting previously unselected package libunibreak5:amd64.
2026-09-12T08:43:05.5257243Z Preparing to unpack .../042-libunibreak5_5.1-2build1_amd64.deb ...
2026-09-12T08:43:05.5258026Z Unpacking libunibreak5:amd64 (5.1-2build1) ...
2026-09-12T08:43:05.5258753Z Selecting previously unselected package libass9:amd64.
2026-09-12T08:43:05.5259616Z Preparing to unpack .../043-libass9_1%3a0.17.1-2build1_amd64.deb ...
2026-09-12T08:43:05.5260406Z Unpacking libass9:amd64 (1:0.17.1-2build1) ...
2026-09-12T08:43:05.5261164Z Selecting previously unselected package libudfread0:amd64.
2026-09-12T08:43:05.5262043Z Preparing to unpack .../044-libudfread0_1.1.2-1build1_amd64.deb ...
2026-09-12T08:43:05.5262811Z Unpacking libudfread0:amd64 (1.1.2-1build1) ...
2026-09-12T08:43:05.5263741Z Selecting previously unselected package libbluray2:amd64.
2026-09-12T08:43:05.5264642Z Preparing to unpack .../045-libbluray2_1%3a1.3.4-1build1_amd64.deb ...
2026-09-12T08:43:05.5265593Z Unpacking libbluray2:amd64 (1:1.3.4-1build1) ...
2026-09-12T08:43:05.5266399Z Selecting previously unselected package libchromaprint1:amd64.
2026-09-12T08:43:05.5267316Z Preparing to unpack .../046-libchromaprint1_1.5.1-5_amd64.deb ...
2026-09-12T08:43:05.5268073Z Unpacking libchromaprint1:amd64 (1.5.1-5) ...
2026-09-12T08:43:05.5268804Z Selecting previously unselected package libgme0:amd64.
2026-09-12T08:43:05.5269625Z Preparing to unpack .../047-libgme0_0.6.3-7build1_amd64.deb ...
2026-09-12T08:43:05.5270356Z Unpacking libgme0:amd64 (0.6.3-7build1) ...
2026-09-12T08:43:05.5271119Z Selecting previously unselected package libmpg123-0t64:amd64.
2026-09-12T08:43:05.5272079Z Preparing to unpack .../048-libmpg123-0t64_1.32.5-1ubuntu1.1_amd64.deb ...
2026-09-12T08:43:05.5272933Z Unpacking libmpg123-0t64:amd64 (1.32.5-1ubuntu1.1) ...
2026-09-12T08:43:05.5273761Z Selecting previously unselected package libopenmpt0t64:amd64.
2026-09-12T08:43:05.5274696Z Preparing to unpack .../049-libopenmpt0t64_0.7.3-1.1build3_amd64.deb ...
2026-09-12T08:43:05.5275723Z Unpacking libopenmpt0t64:amd64 (0.7.3-1.1build3) ...
2026-09-12T08:43:05.5276506Z Selecting previously unselected package libcjson1:amd64.
2026-09-12T08:43:05.5277320Z Preparing to unpack .../050-libcjson1_1.7.17-1_amd64.deb ...
2026-09-12T08:43:05.5278022Z Unpacking libcjson1:amd64 (1.7.17-1) ...
2026-09-12T08:43:05.5278806Z Selecting previously unselected package libmbedcrypto7t64:amd64.
2026-09-12T08:43:05.5279750Z Preparing to unpack .../051-libmbedcrypto7t64_2.28.8-1_amd64.deb ...
2026-09-12T08:43:05.5280542Z Unpacking libmbedcrypto7t64:amd64 (2.28.8-1) ...
2026-09-12T08:43:05.5281288Z Selecting previously unselected package librist4:amd64.
2026-09-12T08:43:05.5282110Z Preparing to unpack .../052-librist4_0.2.10+dfsg-2_amd64.deb ...
2026-09-12T08:43:05.5282843Z Unpacking librist4:amd64 (0.2.10+dfsg-2) ...
2026-09-12T08:43:05.5283629Z Selecting previously unselected package libsrt1.5-gnutls:amd64.
2026-09-12T08:43:05.5284611Z Preparing to unpack .../053-libsrt1.5-gnutls_1.5.3-1build2_amd64.deb ...
2026-09-12T08:43:05.5285594Z Unpacking libsrt1.5-gnutls:amd64 (1.5.3-1build2) ...
2026-09-12T08:43:05.5286439Z Selecting previously unselected package libssh-gcrypt-4:amd64.
2026-09-12T08:43:05.5287429Z Preparing to unpack .../054-libssh-gcrypt-4_0.10.6-2ubuntu0.5_amd64.deb ...
2026-09-12T08:43:05.5288308Z Unpacking libssh-gcrypt-4:amd64 (0.10.6-2ubuntu0.5) ...
2026-09-12T08:43:05.5289143Z Selecting previously unselected package libavformat60:amd64.
2026-09-12T08:43:05.5290280Z Preparing to unpack .../055-libavformat60_7%3a6.1.1-3ubuntu5_amd64.deb ...
2026-09-12T08:43:05.5291141Z Unpacking libavformat60:amd64 (7:6.1.1-3ubuntu5) ...
2026-09-12T08:43:05.5291904Z Selecting previously unselected package libbs2b0:amd64.
2026-09-12T08:43:05.5292781Z Preparing to unpack .../056-libbs2b0_3.1.0+dfsg-7build1_amd64.deb ...
2026-09-12T08:43:05.5293587Z Unpacking libbs2b0:amd64 (3.1.0+dfsg-7build1) ...
2026-09-12T08:43:05.5294352Z Selecting previously unselected package libflite1:amd64.
2026-09-12T08:43:05.5295329Z Preparing to unpack .../057-libflite1_2.2-6build3_amd64.deb ...
2026-09-12T08:43:05.5296066Z Unpacking libflite1:amd64 (2.2-6build3) ...
2026-09-12T08:43:05.5296816Z Selecting previously unselected package libserd-0-0:amd64.
2026-09-12T08:43:05.5297652Z Preparing to unpack .../058-libserd-0-0_0.32.2-1_amd64.deb ...
2026-09-12T08:43:05.5298360Z Unpacking libserd-0-0:amd64 (0.32.2-1) ...
2026-09-12T08:43:05.5299089Z Selecting previously unselected package libzix-0-0:amd64.
2026-09-12T08:43:05.5299958Z Preparing to unpack .../059-libzix-0-0_0.4.2-2build1_amd64.deb ...
2026-09-12T08:43:05.5300721Z Unpacking libzix-0-0:amd64 (0.4.2-2build1) ...
2026-09-12T08:43:05.5301478Z Selecting previously unselected package libsord-0-0:amd64.
2026-09-12T08:43:05.5302369Z Preparing to unpack .../060-libsord-0-0_0.16.16-2build1_amd64.deb ...
2026-09-12T08:43:05.5303333Z Unpacking libsord-0-0:amd64 (0.16.16-2build1) ...
2026-09-12T08:43:05.5304128Z Selecting previously unselected package libsratom-0-0:amd64.
2026-09-12T08:43:05.5305163Z Preparing to unpack .../061-libsratom-0-0_0.6.16-1build1_amd64.deb ...
2026-09-12T08:43:05.5305969Z Unpacking libsratom-0-0:amd64 (0.6.16-1build1) ...
2026-09-12T08:43:05.5306740Z Selecting previously unselected package liblilv-0-0:amd64.
2026-09-12T08:43:05.5307614Z Preparing to unpack .../062-liblilv-0-0_0.24.22-1build1_amd64.deb ...
2026-09-12T08:43:05.5308397Z Unpacking liblilv-0-0:amd64 (0.24.22-1build1) ...
2026-09-12T08:43:05.5309151Z Selecting previously unselected package libmysofa1:amd64.
2026-09-12T08:43:05.5310051Z Preparing to unpack .../063-libmysofa1_1.3.2+dfsg-2ubuntu2_amd64.deb ...
2026-09-12T08:43:05.5310883Z Unpacking libmysofa1:amd64 (1.3.2+dfsg-2ubuntu2) ...
2026-09-12T08:43:05.5311686Z Selecting previously unselected package libplacebo338:amd64.
2026-09-12T08:43:05.5312611Z Preparing to unpack .../064-libplacebo338_6.338.2-2build1_amd64.deb ...
2026-09-12T08:43:05.5313422Z Unpacking libplacebo338:amd64 (6.338.2-2build1) ...
2026-09-12T08:43:05.5314181Z Selecting previously unselected package libblas3:amd64.
2026-09-12T08:43:05.5315148Z Preparing to unpack .../065-libblas3_3.12.0-3build1.1_amd64.deb ...
2026-09-12T08:43:05.5315919Z Unpacking libblas3:amd64 (3.12.0-3build1.1) ...
2026-09-12T08:43:05.5316680Z Selecting previously unselected package liblapack3:amd64.
2026-09-12T08:43:05.5317581Z Preparing to unpack .../066-liblapack3_3.12.0-3build1.1_amd64.deb ...
2026-09-12T08:43:05.5318378Z Unpacking liblapack3:amd64 (3.12.0-3build1.1) ...
2026-09-12T08:43:05.5319159Z Selecting previously unselected package libasyncns0:amd64.
2026-09-12T08:43:05.5320023Z Preparing to unpack .../067-libasyncns0_0.8-6build4_amd64.deb ...
2026-09-12T08:43:05.5320772Z Unpacking libasyncns0:amd64 (0.8-6build4) ...
2026-09-12T08:43:05.5321537Z Selecting previously unselected package libflac12t64:amd64.
2026-09-12T08:43:05.5322473Z Preparing to unpack .../068-libflac12t64_1.4.3+ds-2.1ubuntu2_amd64.deb ...
2026-09-12T08:43:05.5323332Z Unpacking libflac12t64:amd64 (1.4.3+ds-2.1ubuntu2) ...
2026-09-12T08:43:05.5324123Z Selecting previously unselected package libsndfile1:amd64.
2026-09-12T08:43:05.5325187Z Preparing to unpack .../069-libsndfile1_1.2.2-1ubuntu5.24.04.1_amd64.deb ...
2026-09-12T08:43:05.5326073Z Unpacking libsndfile1:amd64 (1.2.2-1ubuntu5.24.04.1) ...
2026-09-12T08:43:05.5326862Z Selecting previously unselected package libpulse0:amd64.
2026-09-12T08:43:05.5327809Z Preparing to unpack .../070-libpulse0_1%3a16.1+dfsg1-2ubuntu10.1_amd64.deb ...
2026-09-12T08:43:05.5328902Z Unpacking libpulse0:amd64 (1:16.1+dfsg1-2ubuntu10.1) ...
2026-09-12T08:43:05.5329755Z Selecting previously unselected package libsphinxbase3t64:amd64.
2026-09-12T08:43:05.5330814Z Preparing to unpack .../071-libsphinxbase3t64_0.8+5prealpha+1-17build2_amd64.deb ...
2026-09-12T08:43:05.5331824Z Unpacking libsphinxbase3t64:amd64 (0.8+5prealpha+1-17build2) ...
2026-09-12T08:43:05.5332737Z Selecting previously unselected package libpocketsphinx3:amd64.
2026-09-12T08:43:05.5333835Z Preparing to unpack .../072-libpocketsphinx3_0.8.0+real5prealpha+1-15ubuntu5_amd64.deb ...
2026-09-12T08:43:05.5335088Z Unpacking libpocketsphinx3:amd64 (0.8.0+real5prealpha+1-15ubuntu5) ...
2026-09-12T08:43:05.5335942Z Selecting previously unselected package libpostproc57:amd64.
2026-09-12T08:43:05.5336887Z Preparing to unpack .../073-libpostproc57_7%3a6.1.1-3ubuntu5_amd64.deb ...
2026-09-12T08:43:05.5337743Z Unpacking libpostproc57:amd64 (7:6.1.1-3ubuntu5) ...
2026-09-12T08:43:05.5338554Z Selecting previously unselected package libsamplerate0:amd64.
2026-09-12T08:43:05.5339475Z Preparing to unpack .../074-libsamplerate0_0.2.2-4build1_amd64.deb ...
2026-09-12T08:43:05.5340287Z Unpacking libsamplerate0:amd64 (0.2.2-4build1) ...
2026-09-12T08:43:05.5341096Z Selecting previously unselected package librubberband2:amd64.
2026-09-12T08:43:05.5342225Z Preparing to unpack .../075-librubberband2_3.3.0+dfsg-2build1_amd64.deb ...
2026-09-12T08:43:05.5343179Z Unpacking librubberband2:amd64 (3.3.0+dfsg-2build1) ...
2026-09-12T08:43:05.5343991Z Selecting previously unselected package libswscale7:amd64.
2026-09-12T08:43:05.5345051Z Preparing to unpack .../076-libswscale7_7%3a6.1.1-3ubuntu5_amd64.deb ...
2026-09-12T08:43:05.5345877Z Unpacking libswscale7:amd64 (7:6.1.1-3ubuntu5) ...
2026-09-12T08:43:05.5346668Z Selecting previously unselected package libvidstab1.1:amd64.
2026-09-12T08:43:05.5347573Z Preparing to unpack .../077-libvidstab1.1_1.1.0-2build1_amd64.deb ...
2026-09-12T08:43:05.5348380Z Unpacking libvidstab1.1:amd64 (1.1.0-2build1) ...
2026-09-12T08:43:05.5349117Z Selecting previously unselected package libzimg2:amd64.
2026-09-12T08:43:05.5349970Z Preparing to unpack .../078-libzimg2_3.0.5+ds1-1build1_amd64.deb ...
2026-09-12T08:43:05.5350762Z Unpacking libzimg2:amd64 (3.0.5+ds1-1build1) ...
2026-09-12T08:43:05.5351540Z Selecting previously unselected package libavfilter9:amd64.
2026-09-12T08:43:05.5352490Z Preparing to unpack .../079-libavfilter9_7%3a6.1.1-3ubuntu5_amd64.deb ...
2026-09-12T08:43:05.5353321Z Unpacking libavfilter9:amd64 (7:6.1.1-3ubuntu5) ...
2026-09-12T08:43:05.5354137Z Selecting previously unselected package liborc-0.4-0t64:amd64.
2026-09-12T08:43:05.5355234Z Preparing to unpack .../080-liborc-0.4-0t64_1%3a0.4.38-1ubuntu0.1_amd64.deb ...
2026-09-12T08:43:05.5356161Z Unpacking liborc-0.4-0t64:amd64 (1:0.4.38-1ubuntu0.1) ...
2026-09-12T08:43:05.5357148Z Selecting previously unselected package libgstreamer-plugins-base1.0-0:amd64.
2026-09-12T08:43:05.5358363Z Preparing to unpack .../081-libgstreamer-plugins-base1.0-0_1.24.2-1ubuntu0.4_amd64.deb ...
2026-09-12T08:43:05.5359497Z Unpacking libgstreamer-plugins-base1.0-0:amd64 (1.24.2-1ubuntu0.4) ...
2026-09-12T08:43:05.5360488Z Selecting previously unselected package gstreamer1.0-libav:amd64.
2026-09-12T08:43:05.5361474Z Preparing to unpack .../082-gstreamer1.0-libav_1.24.1-1build1_amd64.deb ...
2026-09-12T08:43:05.5362362Z Unpacking gstreamer1.0-libav:amd64 (1.24.1-1build1) ...
2026-09-12T08:43:05.5363190Z Selecting previously unselected package libcdparanoia0:amd64.
2026-09-12T08:43:05.5364190Z Preparing to unpack .../083-libcdparanoia0_3.10.2+debian-14build3_amd64.deb ...
2026-09-12T08:43:05.5365315Z Unpacking libcdparanoia0:amd64 (3.10.2+debian-14build3) ...
2026-09-12T08:43:05.5366185Z Selecting previously unselected package libvisual-0.4-0:amd64.
2026-09-12T08:43:05.5367116Z Preparing to unpack .../084-libvisual-0.4-0_0.4.2-2build1_amd64.deb ...
2026-09-12T08:43:05.5367926Z Unpacking libvisual-0.4-0:amd64 (0.4.2-2build1) ...
2026-09-12T08:43:05.5369017Z Selecting previously unselected package gstreamer1.0-plugins-base:amd64.
2026-09-12T08:43:05.5370139Z Preparing to unpack .../085-gstreamer1.0-plugins-base_1.24.2-1ubuntu0.4_amd64.deb ...
2026-09-12T08:43:05.5371185Z Unpacking gstreamer1.0-plugins-base:amd64 (1.24.2-1ubuntu0.4) ...
2026-09-12T08:43:05.5372018Z Selecting previously unselected package libaa1:amd64.
2026-09-12T08:43:05.5372821Z Preparing to unpack .../086-libaa1_1.4p5-51.1_amd64.deb ...
2026-09-12T08:43:05.5373502Z Unpacking libaa1:amd64 (1.4p5-51.1) ...
2026-09-12T08:43:05.5374245Z Selecting previously unselected package libraw1394-11:amd64.
2026-09-12T08:43:05.5375281Z Preparing to unpack .../087-libraw1394-11_2.1.2-2build3_amd64.deb ...
2026-09-12T08:43:05.5376078Z Unpacking libraw1394-11:amd64 (2.1.2-2build3) ...
2026-09-12T08:43:05.5376848Z Selecting previously unselected package libavc1394-0:amd64.
2026-09-12T08:43:05.5377735Z Preparing to unpack .../088-libavc1394-0_0.5.4-5build3_amd64.deb ...
2026-09-12T08:43:05.5378520Z Unpacking libavc1394-0:amd64 (0.5.4-5build3) ...
2026-09-12T08:43:05.5379255Z Selecting previously unselected package libcaca0:amd64.
2026-09-12T08:43:05.5380171Z Preparing to unpack .../089-libcaca0_0.99.beta20-4ubuntu0.2_amd64.deb ...
2026-09-12T08:43:05.5381017Z Unpacking libcaca0:amd64 (0.99.beta20-4ubuntu0.2) ...
2026-09-12T08:43:05.5381798Z Selecting previously unselected package libdv4t64:amd64.
2026-09-12T08:43:05.5382831Z Preparing to unpack .../090-libdv4t64_1.0.0-17.1build1_amd64.deb ...
2026-09-12T08:43:05.5383618Z Unpacking libdv4t64:amd64 (1.0.0-17.1build1) ...
2026-09-12T08:43:05.5384554Z Selecting previously unselected package libgstreamer-plugins-good1.0-0:amd64.
2026-09-12T08:43:05.5385934Z Preparing to unpack .../091-libgstreamer-plugins-good1.0-0_1.24.2-1ubuntu1.5_amd64.deb ...
2026-09-12T08:43:05.5387079Z Unpacking libgstreamer-plugins-good1.0-0:amd64 (1.24.2-1ubuntu1.5) ...
2026-09-12T08:43:05.5388031Z Selecting previously unselected package libiec61883-0:amd64.
2026-09-12T08:43:05.5388942Z Preparing to unpack .../092-libiec61883-0_1.2.0-6build1_amd64.deb ...
2026-09-12T08:43:05.5389766Z Unpacking libiec61883-0:amd64 (1.2.0-6build1) ...
2026-09-12T08:43:05.5390531Z Selecting previously unselected package libshout3:amd64.
2026-09-12T08:43:05.5391396Z Preparing to unpack .../093-libshout3_2.4.6-1build2_amd64.deb ...
2026-09-12T08:43:05.5392158Z Unpacking libshout3:amd64 (2.4.6-1build2) ...
2026-09-12T08:43:05.5392975Z Selecting previously unselected package libtag1v5-vanilla:amd64.
2026-09-12T08:43:05.5393968Z Preparing to unpack .../094-libtag1v5-vanilla_1.13.1-1build1_amd64.deb ...
2026-09-12T08:43:05.5394960Z Unpacking libtag1v5-vanilla:amd64 (1.13.1-1build1) ...
2026-09-12T08:43:05.5395770Z Selecting previously unselected package libtag1v5:amd64.
2026-09-12T08:43:05.5396633Z Preparing to unpack .../095-libtag1v5_1.13.1-1build1_amd64.deb ...
2026-09-12T08:43:05.5397405Z Unpacking libtag1v5:amd64 (1.13.1-1build1) ...
2026-09-12T08:43:05.5398417Z Selecting previously unselected package libv4lconvert0t64:amd64.
2026-09-12T08:43:05.5399564Z Preparing to unpack .../096-libv4lconvert0t64_1.26.1-4build3_amd64.deb ...
2026-09-12T08:43:05.5400891Z Unpacking libv4lconvert0t64:amd64 (1.26.1-4build3) ...
2026-09-12T08:43:05.5401851Z Selecting previously unselected package libv4l-0t64:amd64.
2026-09-12T08:43:05.5403019Z Preparing to unpack .../097-libv4l-0t64_1.26.1-4build3_amd64.deb ...
2026-09-12T08:43:05.5403975Z Unpacking libv4l-0t64:amd64 (1.26.1-4build3) ...
2026-09-12T08:43:05.5405274Z Selecting previously unselected package libwavpack1:amd64.
2026-09-12T08:43:05.5406307Z Preparing to unpack .../098-libwavpack1_5.6.0-1build1_amd64.deb ...
2026-09-12T08:43:05.5407335Z Unpacking libwavpack1:amd64 (5.6.0-1build1) ...
2026-09-12T08:43:05.5408300Z Selecting previously unselected package libsoup-3.0-common.
2026-09-12T08:43:05.5409510Z Preparing to unpack .../099-libsoup-3.0-common_3.4.4-5ubuntu0.7_all.deb ...
2026-09-12T08:43:05.5410618Z Unpacking libsoup-3.0-common (3.4.4-5ubuntu0.7) ...
2026-09-12T08:43:05.5430281Z Selecting previously unselected package libsoup-3.0-0:amd64.
2026-09-12T08:43:05.5431296Z Preparing to unpack .../100-libsoup-3.0-0_3.4.4-5ubuntu0.7_amd64.deb ...
2026-09-12T08:43:05.5432173Z Unpacking libsoup-3.0-0:amd64 (3.4.4-5ubuntu0.7) ...
2026-09-12T08:43:05.5433099Z Selecting previously unselected package gstreamer1.0-plugins-good:amd64.
2026-09-12T08:43:05.5434265Z Preparing to unpack .../101-gstreamer1.0-plugins-good_1.24.2-1ubuntu1.5_amd64.deb ...
2026-09-12T08:43:05.5435462Z Unpacking gstreamer1.0-plugins-good:amd64 (1.24.2-1ubuntu1.5) ...
2026-09-12T08:43:05.5436398Z Selecting previously unselected package libabsl20220623t64:amd64.
2026-09-12T08:43:05.5437454Z Preparing to unpack .../102-libabsl20220623t64_20220623.1-3.1ubuntu3.2_amd64.deb ...
2026-09-12T08:43:05.5438449Z Unpacking libabsl20220623t64:amd64 (20220623.1-3.1ubuntu3.2) ...
2026-09-12T08:43:05.5439311Z Selecting previously unselected package libgav1-1:amd64.
2026-09-12T08:43:05.5440185Z Preparing to unpack .../103-libgav1-1_0.18.0-1build3_amd64.deb ...
2026-09-12T08:43:05.5440975Z Unpacking libgav1-1:amd64 (0.18.0-1build3) ...
2026-09-12T08:43:05.5441700Z Selecting previously unselected package libyuv0:amd64.
2026-09-12T08:43:05.5442618Z Preparing to unpack .../104-libyuv0_0.0~git202401110.af6ac82-1_amd64.deb ...
2026-09-12T08:43:05.5443575Z Unpacking libyuv0:amd64 (0.0~git202401110.af6ac82-1) ...
2026-09-12T08:43:05.5444658Z Selecting previously unselected package libavif16:amd64.
2026-09-12T08:43:05.5445695Z Preparing to unpack .../105-libavif16_1.0.4-1ubuntu3_amd64.deb ...
2026-09-12T08:43:05.5446469Z Unpacking libavif16:amd64 (1.0.4-1ubuntu3) ...
2026-09-12T08:43:05.5447204Z Selecting previously unselected package libavtp0:amd64.
2026-09-12T08:43:05.5448061Z Preparing to unpack .../106-libavtp0_0.2.0-1build1_amd64.deb ...
2026-09-12T08:43:05.5448810Z Unpacking libavtp0:amd64 (0.2.0-1build1) ...
2026-09-12T08:43:05.5449716Z Selecting previously unselected package libcairo-script-interpreter2:amd64.
2026-09-12T08:43:05.5450917Z Preparing to unpack .../107-libcairo-script-interpreter2_1.18.0-3build1_amd64.deb ...
2026-09-12T08:43:05.5451978Z Unpacking libcairo-script-interpreter2:amd64 (1.18.0-3build1) ...
2026-09-12T08:43:05.5452878Z Selecting previously unselected package libdc1394-25:amd64.
2026-09-12T08:43:05.5453771Z Preparing to unpack .../108-libdc1394-25_2.2.6-4build1_amd64.deb ...
2026-09-12T08:43:05.5454572Z Unpacking libdc1394-25:amd64 (2.2.6-4build1) ...
2026-09-12T08:43:05.5455879Z Selecting previously unselected package libde265-0:amd64.
2026-09-12T08:43:05.5456783Z Preparing to unpack .../109-libde265-0_1.0.15-1ubuntu0.1_amd64.deb ...
2026-09-12T08:43:05.5457589Z Unpacking libde265-0:amd64 (1.0.15-1ubuntu0.1) ...
2026-09-12T08:43:05.5458377Z Selecting previously unselected package libdecor-0-0:amd64.
2026-09-12T08:43:05.5459271Z Preparing to unpack .../110-libdecor-0-0_0.2.2-1build2_amd64.deb ...
2026-09-12T08:43:05.5460054Z Unpacking libdecor-0-0:amd64 (0.2.2-1build2) ...
2026-09-12T08:43:05.5460799Z Selecting previously unselected package libgles2:amd64.
2026-09-12T08:43:05.5461634Z Preparing to unpack .../111-libgles2_1.7.0-1build1_amd64.deb ...
2026-09-12T08:43:05.5462377Z Unpacking libgles2:amd64 (1.7.0-1build1) ...
2026-09-12T08:43:05.5463195Z Selecting previously unselected package libdirectfb-1.7-7t64:amd64.
2026-09-12T08:43:05.5464233Z Preparing to unpack .../112-libdirectfb-1.7-7t64_1.7.7-11.1ubuntu2_amd64.deb ...
2026-09-12T08:43:05.5465323Z Unpacking libdirectfb-1.7-7t64:amd64 (1.7.7-11.1ubuntu2) ...
2026-09-12T08:43:05.5466193Z Selecting previously unselected package libdvdread8t64:amd64.
2026-09-12T08:43:05.5467118Z Preparing to unpack .../113-libdvdread8t64_6.1.3-1.1build1_amd64.deb ...
2026-09-12T08:43:05.5467948Z Unpacking libdvdread8t64:amd64 (6.1.3-1.1build1) ...
2026-09-12T08:43:05.5468734Z Selecting previously unselected package libdvdnav4:amd64.
2026-09-12T08:43:05.5469616Z Preparing to unpack .../114-libdvdnav4_6.1.1-3build1_amd64.deb ...
2026-09-12T08:43:05.5470385Z Unpacking libdvdnav4:amd64 (6.1.1-3build1) ...
2026-09-12T08:43:05.5471375Z Selecting previously unselected package libegl-mesa0:amd64.
2026-09-12T08:43:05.5472339Z Preparing to unpack .../115-libegl-mesa0_25.2.8-0ubuntu0.24.04.2_amd64.deb ...
2026-09-12T08:43:05.5473261Z Unpacking libegl-mesa0:amd64 (25.2.8-0ubuntu0.24.04.2) ...
2026-09-12T08:43:05.5474133Z Selecting previously unselected package libevent-2.1-7t64:amd64.
2026-09-12T08:43:05.5475320Z Preparing to unpack .../116-libevent-2.1-7t64_2.1.12-stable-9ubuntu2.1_amd64.deb ...
2026-09-12T08:43:05.5476352Z Unpacking libevent-2.1-7t64:amd64 (2.1.12-stable-9ubuntu2.1) ...
2026-09-12T08:43:05.5477195Z Selecting previously unselected package libfaad2:amd64.
2026-09-12T08:43:05.5478049Z Preparing to unpack .../117-libfaad2_2.11.1-1build1_amd64.deb ...
2026-09-12T08:43:05.5478792Z Unpacking libfaad2:amd64 (2.11.1-1build1) ...
2026-09-12T08:43:05.5479608Z Selecting previously unselected package libinstpatch-1.0-2:amd64.
2026-09-12T08:43:05.5480588Z Preparing to unpack .../118-libinstpatch-1.0-2_1.1.6-1build2_amd64.deb ...
2026-09-12T08:43:05.5481477Z Unpacking libinstpatch-1.0-2:amd64 (1.1.6-1build2) ...
2026-09-12T08:43:05.5482315Z Selecting previously unselected package libjack-jackd2-0:amd64.
2026-09-12T08:43:05.5483327Z Preparing to unpack .../119-libjack-jackd2-0_1.9.21~dfsg-3ubuntu3_amd64.deb ...
2026-09-12T08:43:05.5484266Z Unpacking libjack-jackd2-0:amd64 (1.9.21~dfsg-3ubuntu3) ...
2026-09-12T08:43:05.5485552Z Selecting previously unselected package libwebrtc-audio-processing1:amd64.
2026-09-12T08:43:05.5486701Z Preparing to unpack .../120-libwebrtc-audio-processing1_0.3.1-0ubuntu6_amd64.deb ...
2026-09-12T08:43:05.5487750Z Unpacking libwebrtc-audio-processing1:amd64 (0.3.1-0ubuntu6) ...
2026-09-12T08:43:05.5488689Z Selecting previously unselected package libspa-0.2-modules:amd64.
2026-09-12T08:43:05.5489695Z Preparing to unpack .../121-libspa-0.2-modules_1.0.5-1ubuntu3.3_amd64.deb ...
2026-09-12T08:43:05.5490606Z Unpacking libspa-0.2-modules:amd64 (1.0.5-1ubuntu3.3) ...
2026-09-12T08:43:05.5491514Z Selecting previously unselected package libpipewire-0.3-0t64:amd64.
2026-09-12T08:43:05.5492557Z Preparing to unpack .../122-libpipewire-0.3-0t64_1.0.5-1ubuntu3.3_amd64.deb ...
2026-09-12T08:43:05.5493486Z Unpacking libpipewire-0.3-0t64:amd64 (1.0.5-1ubuntu3.3) ...
2026-09-12T08:43:05.5494376Z Selecting previously unselected package libsdl2-2.0-0:amd64.
2026-09-12T08:43:05.5495529Z Preparing to unpack .../123-libsdl2-2.0-0_2.30.0+dfsg-1ubuntu3.1_amd64.deb ...
2026-09-12T08:43:05.5496448Z Unpacking libsdl2-2.0-0:amd64 (2.30.0+dfsg-1ubuntu3.1) ...
2026-09-12T08:43:05.5497270Z Selecting previously unselected package timgm6mb-soundfont.
2026-09-12T08:43:05.5498144Z Preparing to unpack .../124-timgm6mb-soundfont_1.3-5_all.deb ...
2026-09-12T08:43:05.5498862Z Unpacking timgm6mb-soundfont (1.3-5) ...
2026-09-12T08:43:05.5499621Z Selecting previously unselected package libfluidsynth3:amd64.
2026-09-12T08:43:05.5500533Z Preparing to unpack .../125-libfluidsynth3_2.3.4-1build3_amd64.deb ...
2026-09-12T08:43:05.5501352Z Unpacking libfluidsynth3:amd64 (2.3.4-1build3) ...
2026-09-12T08:43:05.5502130Z Selecting previously unselected package libfreeaptx0:amd64.
2026-09-12T08:43:05.5503020Z Preparing to unpack .../126-libfreeaptx0_0.1.1-2build1_amd64.deb ...
2026-09-12T08:43:05.5503799Z Unpacking libfreeaptx0:amd64 (0.1.1-2build1) ...
2026-09-12T08:43:05.5504626Z Selecting previously unselected package libgraphene-1.0-0:amd64.
2026-09-12T08:43:05.5505774Z Preparing to unpack .../127-libgraphene-1.0-0_1.10.8-3build2_amd64.deb ...
2026-09-12T08:43:05.5506636Z Unpacking libgraphene-1.0-0:amd64 (1.10.8-3build2) ...
2026-09-12T08:43:05.5507452Z Selecting previously unselected package libgssdp-1.6-0:amd64.
2026-09-12T08:43:05.5508365Z Preparing to unpack .../128-libgssdp-1.6-0_1.6.3-1build3_amd64.deb ...
2026-09-12T08:43:05.5509169Z Unpacking libgssdp-1.6-0:amd64 (1.6.3-1build3) ...
2026-09-12T08:43:05.5509907Z Selecting previously unselected package libegl1:amd64.
2026-09-12T08:43:05.5510729Z Preparing to unpack .../129-libegl1_1.7.0-1build1_amd64.deb ...
2026-09-12T08:43:05.5511646Z Unpacking libegl1:amd64 (1.7.0-1build1) ...
2026-09-12T08:43:05.5512472Z Selecting previously unselected package libgstreamer-gl1.0-0:amd64.
2026-09-12T08:43:05.5513517Z Preparing to unpack .../130-libgstreamer-gl1.0-0_1.24.2-1ubuntu0.4_amd64.deb ...
2026-09-12T08:43:05.5514470Z Unpacking libgstreamer-gl1.0-0:amd64 (1.24.2-1ubuntu0.4) ...
2026-09-12T08:43:05.5515436Z Selecting previously unselected package libgtk-4-common.
2026-09-12T08:43:05.5516381Z Preparing to unpack .../131-libgtk-4-common_4.14.5+ds-0ubuntu0.10_all.deb ...
2026-09-12T08:43:05.5517255Z Unpacking libgtk-4-common (4.14.5+ds-0ubuntu0.10) ...
2026-09-12T08:43:05.5518034Z Selecting previously unselected package libgtk-4-1:amd64.
2026-09-12T08:43:05.5518956Z Preparing to unpack .../132-libgtk-4-1_4.14.5+ds-0ubuntu0.10_amd64.deb ...
2026-09-12T08:43:05.5519826Z Unpacking libgtk-4-1:amd64 (4.14.5+ds-0ubuntu0.10) ...
2026-09-12T08:43:05.5520660Z Selecting previously unselected package libgupnp-1.6-0:amd64.
2026-09-12T08:43:05.5521584Z Preparing to unpack .../133-libgupnp-1.6-0_1.6.6-1build3_amd64.deb ...
2026-09-12T08:43:05.5522395Z Unpacking libgupnp-1.6-0:amd64 (1.6.6-1build3) ...
2026-09-12T08:43:05.5523229Z Selecting previously unselected package libgupnp-igd-1.6-0:amd64.
2026-09-12T08:43:05.5524210Z Preparing to unpack .../134-libgupnp-igd-1.6-0_1.6.0-3build3_amd64.deb ...
2026-09-12T08:43:05.5525357Z Unpacking libgupnp-igd-1.6-0:amd64 (1.6.0-3build3) ...
2026-09-12T08:43:05.5526204Z Selecting previously unselected package libharfbuzz-icu0:amd64.
2026-09-12T08:43:05.5527148Z Preparing to unpack .../135-libharfbuzz-icu0_8.3.0-2build2_amd64.deb ...
2026-09-12T08:43:05.5527981Z Unpacking libharfbuzz-icu0:amd64 (8.3.0-2build2) ...
2026-09-12T08:43:05.5528751Z Selecting previously unselected package libhyphen0:amd64.
2026-09-12T08:43:05.5529617Z Preparing to unpack .../136-libhyphen0_2.8.8-7build3_amd64.deb ...
2026-09-12T08:43:05.5530379Z Unpacking libhyphen0:amd64 (2.8.8-7build3) ...
2026-09-12T08:43:05.5531199Z Selecting previously unselected package libimath-3-1-29t64:amd64.
2026-09-12T08:43:05.5532191Z Preparing to unpack .../137-libimath-3-1-29t64_3.1.9-3.1ubuntu2_amd64.deb ...
2026-09-12T08:43:05.5533085Z Unpacking libimath-3-1-29t64:amd64 (3.1.9-3.1ubuntu2) ...
2026-09-12T08:43:05.5533869Z Selecting previously unselected package liblc3-1:amd64.
2026-09-12T08:43:05.5534681Z Preparing to unpack .../138-liblc3-1_1.0.4-3build1_amd64.deb ...
2026-09-12T08:43:05.5535545Z Unpacking liblc3-1:amd64 (1.0.4-3build1) ...
2026-09-12T08:43:05.5536315Z Selecting previously unselected package libldacbt-enc2:amd64.
2026-09-12T08:43:05.5537433Z Preparing to unpack .../139-libldacbt-enc2_2.0.2.3+git20200429+ed310a0-4ubuntu2_amd64.deb ...
2026-09-12T08:43:05.5538571Z Unpacking libldacbt-enc2:amd64 (2.0.2.3+git20200429+ed310a0-4ubuntu2) ...
2026-09-12T08:43:05.5539513Z Selecting previously unselected package libraptor2-0:amd64.
2026-09-12T08:43:05.5540434Z Preparing to unpack .../140-libraptor2-0_2.0.16-3ubuntu0.1_amd64.deb ...
2026-09-12T08:43:05.5541277Z Unpacking libraptor2-0:amd64 (2.0.16-3ubuntu0.1) ...
2026-09-12T08:43:05.5542029Z Selecting previously unselected package liblrdf0:amd64.
2026-09-12T08:43:05.5542864Z Preparing to unpack .../141-liblrdf0_0.6.1-4build1_amd64.deb ...
2026-09-12T08:43:05.5543651Z Unpacking liblrdf0:amd64 (0.6.1-4build1) ...
2026-09-12T08:43:05.5544355Z Selecting previously unselected package libltc11:amd64.
2026-09-12T08:43:05.5545311Z Preparing to unpack .../142-libltc11_1.3.2-1build1_amd64.deb ...
2026-09-12T08:43:05.5546032Z Unpacking libltc11:amd64 (1.3.2-1build1) ...
2026-09-12T08:43:05.5546818Z Selecting previously unselected package libmanette-0.2-0:amd64.
2026-09-12T08:43:05.5547763Z Preparing to unpack .../143-libmanette-0.2-0_0.2.7-1build2_amd64.deb ...
2026-09-12T08:43:05.5548599Z Unpacking libmanette-0.2-0:amd64 (0.2.7-1build2) ...
2026-09-12T08:43:05.5549344Z Selecting previously unselected package libmfx1:amd64.
2026-09-12T08:43:05.5550312Z Preparing to unpack .../144-libmfx1_22.5.4-1_amd64.deb ...
2026-09-12T08:43:05.5550982Z Unpacking libmfx1:amd64 (22.5.4-1) ...
2026-09-12T08:43:05.5551798Z Selecting previously unselected package libmjpegutils-2.1-0t64:amd64.
2026-09-12T08:43:05.5552950Z Preparing to unpack .../145-libmjpegutils-2.1-0t64_1%3a2.1.0+debian-8.1build1_amd64.deb ...
2026-09-12T08:43:05.5554067Z Unpacking libmjpegutils-2.1-0t64:amd64 (1:2.1.0+debian-8.1build1) ...
2026-09-12T08:43:05.5555103Z Selecting previously unselected package libmodplug1:amd64.
2026-09-12T08:43:05.5556030Z Preparing to unpack .../146-libmodplug1_1%3a0.8.9.0-3build1_amd64.deb ...
2026-09-12T08:43:05.5556850Z Unpacking libmodplug1:amd64 (1:0.8.9.0-3build1) ...
2026-09-12T08:43:05.5557609Z Selecting previously unselected package libmpcdec6:amd64.
2026-09-12T08:43:05.5558509Z Preparing to unpack .../147-libmpcdec6_2%3a0.1~r495-2build1_amd64.deb ...
2026-09-12T08:43:05.5559314Z Unpacking libmpcdec6:amd64 (2:0.1~r495-2build1) ...
2026-09-12T08:43:05.5560172Z Selecting previously unselected package libmpeg2encpp-2.1-0t64:amd64.
2026-09-12T08:43:05.5561304Z Preparing to unpack .../148-libmpeg2encpp-2.1-0t64_1%3a2.1.0+debian-8.1build1_amd64.deb ...
2026-09-12T08:43:05.5562389Z Unpacking libmpeg2encpp-2.1-0t64:amd64 (1:2.1.0+debian-8.1build1) ...
2026-09-12T08:43:05.5563319Z Selecting previously unselected package libmplex2-2.1-0t64:amd64.
2026-09-12T08:43:05.5564542Z Preparing to unpack .../149-libmplex2-2.1-0t64_1%3a2.1.0+debian-8.1build1_amd64.deb ...
2026-09-12T08:43:05.5565697Z Unpacking libmplex2-2.1-0t64:amd64 (1:2.1.0+debian-8.1build1) ...
2026-09-12T08:43:05.5566576Z Selecting previously unselected package libneon27t64:amd64.
2026-09-12T08:43:05.5567482Z Preparing to unpack .../150-libneon27t64_0.33.0-1.1build3_amd64.deb ...
2026-09-12T08:43:05.5568299Z Unpacking libneon27t64:amd64 (0.33.0-1.1build3) ...
2026-09-12T08:43:05.5569052Z Selecting previously unselected package libnice10:amd64.
2026-09-12T08:43:05.5569911Z Preparing to unpack .../151-libnice10_0.1.21-2build3_amd64.deb ...
2026-09-12T08:43:05.5570668Z Unpacking libnice10:amd64 (0.1.21-2build3) ...
2026-09-12T08:43:05.5571404Z Selecting previously unselected package libopenal-data.
2026-09-12T08:43:05.5572305Z Preparing to unpack .../152-libopenal-data_1%3a1.23.1-4build1_all.deb ...
2026-09-12T08:43:05.5573114Z Unpacking libopenal-data (1:1.23.1-4build1) ...
2026-09-12T08:43:05.5573939Z Selecting previously unselected package libopenexr-3-1-30:amd64.
2026-09-12T08:43:05.5575845Z Preparing to unpack .../153-libopenexr-3-1-30_3.1.5-5.1build3_amd64.deb ...
2026-09-12T08:43:05.5576725Z Unpacking libopenexr-3-1-30:amd64 (3.1.5-5.1build3) ...
2026-09-12T08:43:05.5577535Z Selecting previously unselected package libopenh264-7:amd64.
2026-09-12T08:43:05.5578433Z Preparing to unpack .../154-libopenh264-7_2.4.1+dfsg-1_amd64.deb ...
2026-09-12T08:43:05.5579215Z Unpacking libopenh264-7:amd64 (2.4.1+dfsg-1) ...
2026-09-12T08:43:05.5580027Z Selecting previously unselected package libopenni2-0:amd64.
2026-09-12T08:43:05.5580940Z Preparing to unpack .../155-libopenni2-0_2.2.0.33+dfsg-18_amd64.deb ...
2026-09-12T08:43:05.5581747Z Unpacking libopenni2-0:amd64 (2.2.0.33+dfsg-18) ...
2026-09-12T08:43:05.5582525Z Selecting previously unselected package libqrencode4:amd64.
2026-09-12T08:43:05.5583414Z Preparing to unpack .../156-libqrencode4_4.1.1-1build2_amd64.deb ...
2026-09-12T08:43:05.5584191Z Unpacking libqrencode4:amd64 (4.1.1-1build2) ...
2026-09-12T08:43:05.5585096Z Selecting previously unselected package libsecret-common.
2026-09-12T08:43:05.5586030Z Preparing to unpack .../157-libsecret-common_0.21.4-1build3_all.deb ...
2026-09-12T08:43:05.5586837Z Unpacking libsecret-common (0.21.4-1build3) ...
2026-09-12T08:43:05.5587632Z Selecting previously unselected package libsecret-1-0:amd64.
2026-09-12T08:43:05.5588545Z Preparing to unpack .../158-libsecret-1-0_0.21.4-1build3_amd64.deb ...
2026-09-12T08:43:05.5589350Z Unpacking libsecret-1-0:amd64 (0.21.4-1build3) ...
2026-09-12T08:43:05.5590120Z Selecting previously unselected package libsndio7.0:amd64.
2026-09-12T08:43:05.5591208Z Preparing to unpack .../159-libsndio7.0_1.9.0-0.3build3_amd64.deb ...
2026-09-12T08:43:05.5591995Z Unpacking libsndio7.0:amd64 (1.9.0-0.3build3) ...
2026-09-12T08:43:05.5592795Z Selecting previously unselected package libsoundtouch1:amd64.
2026-09-12T08:43:05.5593740Z Preparing to unpack .../160-libsoundtouch1_2.3.2+ds1-1build1_amd64.deb ...
2026-09-12T08:43:05.5594619Z Unpacking libsoundtouch1:amd64 (2.3.2+ds1-1build1) ...
2026-09-12T08:43:05.5595593Z Selecting previously unselected package libspandsp2t64:amd64.
2026-09-12T08:43:05.5596580Z Preparing to unpack .../161-libspandsp2t64_0.0.6+dfsg-2.1build1_amd64.deb ...
2026-09-12T08:43:05.5597483Z Unpacking libspandsp2t64:amd64 (0.0.6+dfsg-2.1build1) ...
2026-09-12T08:43:05.5598288Z Selecting previously unselected package libsrtp2-1:amd64.
2026-09-12T08:43:05.5599149Z Preparing to unpack .../162-libsrtp2-1_2.5.0-3build1_amd64.deb ...
2026-09-12T08:43:05.5599906Z Unpacking libsrtp2-1:amd64 (2.5.0-3build1) ...
2026-09-12T08:43:05.5600736Z Selecting previously unselected package libwayland-server0:amd64.
2026-09-12T08:43:05.5601732Z Preparing to unpack .../163-libwayland-server0_1.22.0-2.1build1_amd64.deb ...
2026-09-12T08:43:05.5602638Z Unpacking libwayland-server0:amd64 (1.22.0-2.1build1) ...
2026-09-12T08:43:05.5603456Z Selecting previously unselected package libwildmidi2:amd64.
2026-09-12T08:43:05.5604525Z Preparing to unpack .../164-libwildmidi2_0.4.3-1build3_amd64.deb ...
2026-09-12T08:43:05.5605444Z Unpacking libwildmidi2:amd64 (0.4.3-1build3) ...
2026-09-12T08:43:05.5606185Z Selecting previously unselected package libwoff1:amd64.
2026-09-12T08:43:05.5607011Z Preparing to unpack .../165-libwoff1_1.0.2-2build1_amd64.deb ...
2026-09-12T08:43:05.5607753Z Unpacking libwoff1:amd64 (1.0.2-2build1) ...
2026-09-12T08:43:05.5608502Z Selecting previously unselected package libxcb-xkb1:amd64.
2026-09-12T08:43:05.5609391Z Preparing to unpack .../166-libxcb-xkb1_1.15-1ubuntu2_amd64.deb ...
2026-09-12T08:43:05.5610172Z Unpacking libxcb-xkb1:amd64 (1.15-1ubuntu2) ...
2026-09-12T08:43:05.5610995Z Selecting previously unselected package libxkbcommon-x11-0:amd64.
2026-09-12T08:43:05.5611975Z Preparing to unpack .../167-libxkbcommon-x11-0_1.6.0-1build1_amd64.deb ...
2026-09-12T08:43:05.5612837Z Unpacking libxkbcommon-x11-0:amd64 (1.6.0-1build1) ...
2026-09-12T08:43:05.5613630Z Selecting previously unselected package libzbar0t64:amd64.
2026-09-12T08:43:05.5614529Z Preparing to unpack .../168-libzbar0t64_0.23.93-4build3_amd64.deb ...
2026-09-12T08:43:05.5615440Z Unpacking libzbar0t64:amd64 (0.23.93-4build3) ...
2026-09-12T08:43:05.5616190Z Selecting previously unselected package libzxing3:amd64.
2026-09-12T08:43:05.5616992Z Preparing to unpack .../169-libzxing3_2.2.1-3_amd64.deb ...
2026-09-12T08:43:05.5617674Z Unpacking libzxing3:amd64 (2.2.1-3) ...
2026-09-12T08:43:05.5618388Z Selecting previously unselected package xfonts-encodings.
2026-09-12T08:43:05.5619331Z Preparing to unpack .../170-xfonts-encodings_1%3a1.0.5-0ubuntu2_all.deb ...
2026-09-12T08:43:05.5620176Z Unpacking xfonts-encodings (1:1.0.5-0ubuntu2) ...
2026-09-12T08:43:05.5620910Z Selecting previously unselected package xfonts-utils.
2026-09-12T08:43:05.5621774Z Preparing to unpack .../171-xfonts-utils_1%3a7.7+6build3_amd64.deb ...
2026-09-12T08:43:05.5622538Z Unpacking xfonts-utils (1:7.7+6build3) ...
2026-09-12T08:43:05.5623260Z Selecting previously unselected package xfonts-cyrillic.
2026-09-12T08:43:05.5624162Z Preparing to unpack .../172-xfonts-cyrillic_1%3a1.0.5+nmu1_all.deb ...
2026-09-12T08:43:05.5625068Z Unpacking xfonts-cyrillic (1:1.0.5+nmu1) ...
2026-09-12T08:43:05.5625792Z Selecting previously unselected package xfonts-scalable.
2026-09-12T08:43:05.5626666Z Preparing to unpack .../173-xfonts-scalable_1%3a1.0.3-1.3_all.deb ...
2026-09-12T08:43:05.5627419Z Unpacking xfonts-scalable (1:1.0.3-1.3) ...
2026-09-12T08:43:05.5628319Z Selecting previously unselected package libgstreamer-plugins-bad1.0-0:amd64.
2026-09-12T08:43:05.5629494Z Preparing to unpack .../174-libgstreamer-plugins-bad1.0-0_1.24.2-1ubuntu4_amd64.deb ...
2026-09-12T08:43:05.5630770Z Unpacking libgstreamer-plugins-bad1.0-0:amd64 (1.24.2-1ubuntu4) ...
2026-09-12T08:43:05.5631629Z Selecting previously unselected package libdca0:amd64.
2026-09-12T08:43:05.5632451Z Preparing to unpack .../175-libdca0_0.0.7-2build1_amd64.deb ...
2026-09-12T08:43:05.5633168Z Unpacking libdca0:amd64 (0.0.7-2build1) ...
2026-09-12T08:43:05.5633905Z Selecting previously unselected package libopenal1:amd64.
2026-09-12T08:43:05.5634800Z Preparing to unpack .../176-libopenal1_1%3a1.23.1-4build1_amd64.deb ...
2026-09-12T08:43:05.5635787Z Unpacking libopenal1:amd64 (1:1.23.1-4build1) ...
2026-09-12T08:43:05.5636558Z Selecting previously unselected package libsbc1:amd64.
2026-09-12T08:43:05.5637374Z Preparing to unpack .../177-libsbc1_2.0-1build1_amd64.deb ...
2026-09-12T08:43:05.5638087Z Unpacking libsbc1:amd64 (2.0-1build1) ...
2026-09-12T08:43:05.5638845Z Selecting previously unselected package libvo-aacenc0:amd64.
2026-09-12T08:43:05.5639769Z Preparing to unpack .../178-libvo-aacenc0_0.1.3-2build1_amd64.deb ...
2026-09-12T08:43:05.5640571Z Unpacking libvo-aacenc0:amd64 (0.1.3-2build1) ...
2026-09-12T08:43:05.5641393Z Selecting previously unselected package libvo-amrwbenc0:amd64.
2026-09-12T08:43:05.5642331Z Preparing to unpack .../179-libvo-amrwbenc0_0.1.3-2build1_amd64.deb ...
2026-09-12T08:43:05.5643153Z Unpacking libvo-amrwbenc0:amd64 (0.1.3-2build1) ...
2026-09-12T08:43:05.5644350Z Selecting previously unselected package gstreamer1.0-plugins-bad:amd64.
2026-09-12T08:43:05.5645590Z Preparing to unpack .../180-gstreamer1.0-plugins-bad_1.24.2-1ubuntu4_amd64.deb ...
2026-09-12T08:43:05.5646590Z Unpacking gstreamer1.0-plugins-bad:amd64 (1.24.2-1ubuntu4) ...
2026-09-12T08:43:05.5647342Z Setting up libgme0:amd64 (0.6.3-7build1) ...
2026-09-12T08:43:05.5647990Z Setting up libchromaprint1:amd64 (1.5.1-5) ...
2026-09-12T08:43:05.5648719Z Setting up libssh-gcrypt-4:amd64 (0.10.6-2ubuntu0.5) ...
2026-09-12T08:43:05.5649442Z Setting up libhwy1t64:amd64 (1.0.7-8.1build1) ...
2026-09-12T08:43:05.5650301Z Setting up libcairo-script-interpreter2:amd64 (1.18.0-3build1) ...
2026-09-12T08:43:05.5651103Z Setting up libfreeaptx0:amd64 (0.1.1-2build1) ...
2026-09-12T08:43:05.5651817Z Setting up libdvdread8t64:amd64 (6.1.3-1.1build1) ...
2026-09-12T08:43:05.5652512Z Setting up libudfread0:amd64 (1.1.2-1build1) ...
2026-09-12T08:43:05.5653216Z Setting up libmodplug1:amd64 (1:0.8.9.0-3build1) ...
2026-09-12T08:43:05.5653999Z Setting up libcdparanoia0:amd64 (3.10.2+debian-14build3) ...
2026-09-12T08:43:05.5654815Z Setting up libwayland-server0:amd64 (1.22.0-2.1build1) ...
2026-09-12T08:43:05.5655704Z Setting up libvo-amrwbenc0:amd64 (0.1.3-2build1) ...
2026-09-12T08:43:05.5656387Z Setting up session-migration (0.3.9build1) ...
2026-09-12T08:43:05.5658416Z Created symlink /etc/systemd/user/graphical-session-pre.target.wants/session-migration.service → /usr/lib/systemd/user/session-migration.service.
2026-09-12T08:43:05.5659457Z 
2026-09-12T08:43:05.5659797Z Setting up libraw1394-11:amd64 (2.1.2-2build3) ...
2026-09-12T08:43:05.5660467Z Setting up libsbc1:amd64 (2.0-1build1) ...
2026-09-12T08:43:05.5661112Z Setting up libproxy1v5:amd64 (0.5.4-4build1) ...
2026-09-12T08:43:05.5661808Z Setting up libneon27t64:amd64 (0.33.0-1.1build3) ...
2026-09-12T08:43:05.5662552Z Setting up libtag1v5-vanilla:amd64 (1.13.1-1build1) ...
2026-09-12T08:43:05.5663292Z Setting up libharfbuzz-icu0:amd64 (8.3.0-2build2) ...
2026-09-12T08:43:05.5664018Z Setting up libopenni2-0:amd64 (2.2.0.33+dfsg-18) ...
2026-09-12T08:43:05.5664739Z Setting up libspeex1:amd64 (1.2.1-2ubuntu2.24.04.1) ...
2026-09-12T08:43:05.5665571Z Setting up libshine3:amd64 (3.1.1-2build1) ...
2026-09-12T08:43:05.5666282Z Setting up libcaca0:amd64 (0.99.beta20-4ubuntu0.2) ...
2026-09-12T08:43:05.5666941Z Setting up libvpl2 (2023.3.0-1build1) ...
2026-09-12T08:43:05.5667632Z Setting up libv4lconvert0t64:amd64 (1.26.1-4build3) ...
2026-09-12T08:43:05.5668422Z Setting up libx264-164:amd64 (2:0.164.3108+git31e19f9-1) ...
2026-09-12T08:43:05.5669338Z Setting up libtwolame0:amd64 (0.4.0-2build3) ...
2026-09-12T08:43:05.5670037Z Setting up libmbedcrypto7t64:amd64 (2.28.8-1) ...
2026-09-12T08:43:05.5670707Z Setting up libwoff1:amd64 (1.0.2-2build1) ...
2026-09-12T08:43:05.5671331Z Setting up liblc3-1:amd64 (1.0.4-3build1) ...
2026-09-12T08:43:05.5671979Z Setting up libqrencode4:amd64 (4.1.1-1build2) ...
2026-09-12T08:43:05.5672645Z Setting up libhyphen0:amd64 (2.8.8-7build3) ...
2026-09-12T08:43:05.5673285Z Setting up libgsm1:amd64 (1.0.22-1build1) ...
2026-09-12T08:43:05.5673949Z Setting up libvisual-0.4-0:amd64 (0.4.2-2build1) ...
2026-09-12T08:43:05.5674614Z Setting up libsoxr0:amd64 (0.1.3-4build3) ...
2026-09-12T08:43:05.5675387Z Setting up libzix-0-0:amd64 (0.4.2-2build1) ...
2026-09-12T08:43:05.5676062Z Setting up libcodec2-1.2:amd64 (1.2.0-2build1) ...
2026-09-12T08:43:05.5676777Z Setting up libmanette-0.2-0:amd64 (0.2.7-1build2) ...
2026-09-12T08:43:05.5677469Z Setting up libsrtp2-1:amd64 (2.5.0-3build1) ...
2026-09-12T08:43:05.5678172Z Setting up libmysofa1:amd64 (1.3.2+dfsg-2ubuntu2) ...
2026-09-12T08:43:05.5678885Z Setting up libraptor2-0:amd64 (2.0.16-3ubuntu0.1) ...
2026-09-12T08:43:05.5679770Z Setting up libldacbt-enc2:amd64 (2.0.2.3+git20200429+ed310a0-4ubuntu2) ...
2026-09-12T08:43:05.5680560Z Setting up fonts-wqy-zenhei (0.9.45-8) ...
2026-09-12T08:43:05.5681355Z Setting up libwebrtc-audio-processing1:amd64 (0.3.1-0ubuntu6) ...
2026-09-12T08:43:05.5682334Z Setting up fonts-freefont-ttf (20211204+svn4273-2) ...
2026-09-12T08:43:05.5683166Z Setting up libevent-2.1-7t64:amd64 (2.1.12-stable-9ubuntu2.1) ...
2026-09-12T08:43:05.5683997Z Setting up libsvtav1enc1d1:amd64 (1.7.0+dfsg-2build1) ...
2026-09-12T08:43:05.5684755Z Setting up libsoup-3.0-common (3.4.4-5ubuntu0.7) ...
2026-09-12T08:43:05.5685634Z Setting up libmpg123-0t64:amd64 (1.32.5-1ubuntu1.1) ...
2026-09-12T08:43:05.5686299Z Setting up libcjson1:amd64 (1.7.17-1) ...
2026-09-12T08:43:05.5686962Z Setting up libxvidcore4:amd64 (2:1.3.7-1build1) ...
2026-09-12T08:43:05.5687679Z Setting up libmpcdec6:amd64 (2:0.1~r495-2build1) ...
2026-09-12T08:43:05.5688538Z Setting up libmjpegutils-2.1-0t64:amd64 (1:2.1.0+debian-8.1build1) ...
2026-09-12T08:43:05.5689294Z Setting up librav1e0:amd64 (0.7.1-2) ...
2026-09-12T08:43:05.5690003Z Setting up liborc-0.4-0t64:amd64 (1:0.4.38-1ubuntu0.1) ...
2026-09-12T08:43:05.5690720Z Setting up libxcb-xkb1:amd64 (1.15-1ubuntu2) ...
2026-09-12T08:43:05.5691414Z Setting up libvo-aacenc0:amd64 (0.1.3-2build1) ...
2026-09-12T08:43:05.5692077Z Setting up librist4:amd64 (0.2.10+dfsg-2) ...
2026-09-12T08:43:05.5692766Z Setting up librsvg2-2:amd64 (2.58.0+dfsg-1build1) ...
2026-09-12T08:43:05.5693448Z Setting up libblas3:amd64 (3.12.0-3build1.1) ...
2026-09-12T08:43:05.5695211Z update-alternatives: using /usr/lib/x86_64-linux-gnu/blas/libblas.so.3 to provide /usr/lib/x86_64-linux-gnu/libblas.so.3 (libblas.so.3-x86_64-linux-gnu) in auto mode
2026-09-12T08:43:05.5696681Z Setting up libegl-mesa0:amd64 (25.2.8-0ubuntu0.24.04.2) ...
2026-09-12T08:43:05.5697475Z Setting up libsoundtouch1:amd64 (2.3.2+ds1-1build1) ...
2026-09-12T08:43:05.5698204Z Setting up libplacebo338:amd64 (6.338.2-2build1) ...
2026-09-12T08:43:05.5698873Z Setting up libgles2:amd64 (1.7.0-1build1) ...
2026-09-12T08:43:05.5699527Z Setting up fonts-tlwg-loma-otf (1:0.7.3-1) ...
2026-09-12T08:43:05.5700189Z Setting up libva2:amd64 (2.20.0-2ubuntu0.2) ...
2026-09-12T08:43:05.5700954Z Setting up libspa-0.2-modules:amd64 (1.0.5-1ubuntu3.3) ...
2026-09-12T08:43:05.5701631Z Setting up libzxing3:amd64 (2.2.1-3) ...
2026-09-12T08:43:05.5702290Z Setting up xfonts-encodings (1:1.0.5-0ubuntu2) ...
2026-09-12T08:43:05.5702941Z Setting up libopus0:amd64 (1.4-1build1) ...
2026-09-12T08:43:05.5703580Z Setting up libfaad2:amd64 (2.11.1-1build1) ...
2026-09-12T08:43:05.5704299Z Setting up libxkbcommon-x11-0:amd64 (1.6.0-1build1) ...
2026-09-12T08:43:05.5705145Z Setting up libdc1394-25:amd64 (2.2.6-4build1) ...
2026-09-12T08:43:05.5705891Z Setting up libimath-3-1-29t64:amd64 (3.1.9-3.1ubuntu2) ...
2026-09-12T08:43:05.5706794Z Setting up libunibreak5:amd64 (5.1-2build1) ...
2026-09-12T08:43:05.5707455Z Setting up libdv4t64:amd64 (1.0.0-17.1build1) ...
2026-09-12T08:43:05.5708148Z Setting up libjxl0.7:amd64 (0.7.0-10.2ubuntu6.1) ...
2026-09-12T08:43:05.5708831Z Setting up libopenh264-7:amd64 (2.4.1+dfsg-1) ...
2026-09-12T08:43:05.5709474Z Setting up libltc11:amd64 (1.3.2-1build1) ...
2026-09-12T08:43:05.5710125Z Setting up libx265-199:amd64 (3.5-2build1) ...
2026-09-12T08:43:05.5710776Z Setting up libv4l-0t64:amd64 (1.26.1-4build3) ...
2026-09-12T08:43:05.5711415Z Setting up libavtp0:amd64 (0.2.0-1build1) ...
2026-09-12T08:43:05.5712063Z Setting up libsndio7.0:amd64 (1.9.0-0.3build3) ...
2026-09-12T08:43:05.5712837Z Setting up libdirectfb-1.7-7t64:amd64 (1.7.7-11.1ubuntu2) ...
2026-09-12T08:43:05.5713657Z Setting up libspandsp2t64:amd64 (0.0.6+dfsg-2.1build1) ...
2026-09-12T08:43:05.5714389Z Setting up libvidstab1.1:amd64 (1.1.0-2build1) ...
2026-09-12T08:43:05.5715195Z Setting up libvpx9:amd64 (1.14.0-1ubuntu2.3) ...
2026-09-12T08:43:05.5715926Z Setting up libsrt1.5-gnutls:amd64 (1.5.3-1build2) ...
2026-09-12T08:43:05.5716616Z Setting up libtag1v5:amd64 (1.13.1-1build1) ...
2026-09-12T08:43:05.5717260Z Setting up libflite1:amd64 (2.2-6build3) ...
2026-09-12T08:43:05.5717903Z Setting up libdav1d7:amd64 (1.4.1-1build1) ...
2026-09-12T08:43:05.5718577Z Setting up libva-drm2:amd64 (2.20.0-2ubuntu0.2) ...
2026-09-12T08:43:05.5719468Z Setting up fonts-ipafont-gothic (00303-21ubuntu1) ...
2026-09-12T08:43:05.5721363Z update-alternatives: using /usr/share/fonts/opentype/ipafont-gothic/ipag.ttf to provide /usr/share/fonts/truetype/fonts-japanese-gothic.ttf (fonts-japanese-gothic.ttf) in auto mode
2026-09-12T08:43:05.5723057Z Setting up ocl-icd-libopencl1:amd64 (2.3.2-1build1) ...
2026-09-12T08:43:05.5723773Z Setting up libasyncns0:amd64 (0.8-6build4) ...
2026-09-12T08:43:05.5724477Z Setting up libwildmidi2:amd64 (0.4.3-1build3) ...
2026-09-12T08:43:05.5725263Z Setting up libvdpau1:amd64 (1.5-2build1) ...
2026-09-12T08:43:05.5725931Z Setting up libwavpack1:amd64 (5.6.0-1build1) ...
2026-09-12T08:43:05.5726630Z Setting up libbs2b0:amd64 (3.1.0+dfsg-7build1) ...
2026-09-12T08:43:05.5727381Z Setting up libtheora0:amd64 (1.1.1+dfsg.1-16.1build3) ...
2026-09-12T08:43:05.5728074Z Setting up libegl1:amd64 (1.7.0-1build1) ...
2026-09-12T08:43:05.5728733Z Setting up libdecor-0-0:amd64 (0.2.2-1build2) ...
2026-09-12T08:43:05.5729377Z Setting up libdca0:amd64 (0.0.7-2build1) ...
2026-09-12T08:43:05.5730029Z Setting up libzimg2:amd64 (3.0.5+ds1-1build1) ...
2026-09-12T08:43:05.5730724Z Setting up libopenal-data (1:1.23.1-4build1) ...
2026-09-12T08:43:05.5731525Z Setting up libabsl20220623t64:amd64 (20220623.1-3.1ubuntu3.2) ...
2026-09-12T08:43:05.5732342Z Setting up libflac12t64:amd64 (1.4.3+ds-2.1ubuntu2) ...
2026-09-12T08:43:05.5733089Z Setting up libgtk-4-common (4.14.5+ds-0ubuntu0.10) ...
2026-09-12T08:43:05.5733976Z Setting up libmpeg2encpp-2.1-0t64:amd64 (1:2.1.0+debian-8.1build1) ...
2026-09-12T08:43:05.5734955Z Setting up glib-networking-common (2.80.0-1build1) ...
2026-09-12T08:43:05.5735637Z Setting up libmfx1:amd64 (22.5.4-1) ...
2026-09-12T08:43:05.5736268Z Setting up libbluray2:amd64 (1:1.3.4-1build1) ...
2026-09-12T08:43:05.5736971Z Setting up libde265-0:amd64 (1.0.15-1ubuntu0.1) ...
2026-09-12T08:43:05.5737665Z Setting up libsamplerate0:amd64 (0.2.2-4build1) ...
2026-09-12T08:43:05.5738315Z Setting up timgm6mb-soundfont (1.3-5) ...
2026-09-12T08:43:05.5739735Z update-alternatives: using /usr/share/sounds/sf2/TimGM6mb.sf2 to provide /usr/share/sounds/sf2/default-GM.sf2 (default-GM.sf2) in auto mode
2026-09-12T08:43:05.5741721Z update-alternatives: using /usr/share/sounds/sf2/TimGM6mb.sf2 to provide /usr/share/sounds/sf3/default-GM.sf3 (default-GM.sf3) in auto mode
2026-09-12T08:43:05.5742972Z Setting up libva-x11-2:amd64 (2.20.0-2ubuntu0.2) ...
2026-09-12T08:43:05.5743776Z Setting up libyuv0:amd64 (0.0~git202401110.af6ac82-1) ...
2026-09-12T08:43:05.5744641Z Setting up libmplex2-2.1-0t64:amd64 (1:2.1.0+debian-8.1build1) ...
2026-09-12T08:43:05.5745836Z Setting up libpipewire-0.3-0t64:amd64 (1.0.5-1ubuntu3.3) ...
2026-09-12T08:43:05.5746615Z Setting up libopenmpt0t64:amd64 (0.7.3-1.1build3) ...
2026-09-12T08:43:05.5747256Z Setting up libzvbi-common (0.2.42-2) ...
2026-09-12T08:43:05.5747902Z Setting up libsecret-common (0.21.4-1build3) ...
2026-09-12T08:43:05.5748570Z Setting up libmp3lame0:amd64 (3.100-6build1) ...
2026-09-12T08:43:05.5749291Z Setting up libgraphene-1.0-0:amd64 (1.10.8-3build2) ...
2026-09-12T08:43:05.5750005Z Setting up libvorbisenc2:amd64 (1.3.7-1build3) ...
2026-09-12T08:43:05.5750688Z Setting up libdvdnav4:amd64 (6.1.1-3build1) ...
2026-09-12T08:43:05.5751355Z Setting up fonts-unifont (1:15.1.01-1build1) ...
2026-09-12T08:43:05.5751972Z Setting up libaa1:amd64 (1.4p5-51.1) ...
2026-09-12T08:43:05.5752600Z Setting up libiec61883-0:amd64 (1.2.0-6build1) ...
2026-09-12T08:43:05.5753231Z Setting up libserd-0-0:amd64 (0.32.2-1) ...
2026-09-12T08:43:05.5753881Z Setting up libavc1394-0:amd64 (0.5.4-5build3) ...
2026-09-12T08:43:05.5754637Z Setting up gsettings-desktop-schemas (46.1-0ubuntu1) ...
2026-09-12T08:43:05.5755560Z Setting up glib-networking-services (2.80.0-1build1) ...
2026-09-12T08:43:05.5756280Z Setting up liblapack3:amd64 (3.12.0-3build1.1) ...
2026-09-12T08:43:05.5758001Z update-alternatives: using /usr/lib/x86_64-linux-gnu/lapack/liblapack.so.3 to provide /usr/lib/x86_64-linux-gnu/liblapack.so.3 (liblapack.so.3-x86_64-linux-gnu) in auto mode
2026-09-12T08:43:05.5759564Z Setting up libzvbi0t64:amd64 (0.2.42-2) ...
2026-09-12T08:43:05.5760206Z Setting up liblrdf0:amd64 (0.6.1-4build1) ...
2026-09-12T08:43:05.5760869Z Setting up libzbar0t64:amd64 (0.23.93-4build3) ...
2026-09-12T08:43:05.5761755Z Setting up libgstreamer-plugins-base1.0-0:amd64 (1.24.2-1ubuntu0.4) ...
2026-09-12T08:43:05.5762600Z Setting up libavutil58:amd64 (7:6.1.1-3ubuntu5) ...
2026-09-12T08:43:05.5763293Z Setting up libopenal1:amd64 (1:1.23.1-4build1) ...
2026-09-12T08:43:05.5763934Z Setting up xfonts-utils (1:7.7+6build3) ...
2026-09-12T08:43:05.5764586Z Setting up libsecret-1-0:amd64 (0.21.4-1build3) ...
2026-09-12T08:43:05.5765589Z Setting up libgstreamer-plugins-good1.0-0:amd64 (1.24.2-1ubuntu1.5) ...
2026-09-12T08:43:05.5766515Z Setting up libgstreamer-gl1.0-0:amd64 (1.24.2-1ubuntu0.4) ...
2026-09-12T08:43:05.5767409Z Setting up gstreamer1.0-plugins-base:amd64 (1.24.2-1ubuntu0.4) ...
2026-09-12T08:43:05.5768184Z Setting up libass9:amd64 (1:0.17.1-2build1) ...
2026-09-12T08:43:05.5768908Z Setting up libswresample4:amd64 (7:6.1.1-3ubuntu5) ...
2026-09-12T08:43:05.5769665Z Setting up libopenexr-3-1-30:amd64 (3.1.5-5.1build3) ...
2026-09-12T08:43:05.5770365Z Setting up libshout3:amd64 (2.4.6-1build2) ...
2026-09-12T08:43:05.5771017Z Setting up libgav1-1:amd64 (0.18.0-1build3) ...
2026-09-12T08:43:05.5771718Z Setting up libavcodec60:amd64 (7:6.1.1-3ubuntu5) ...
2026-09-12T08:43:05.5772466Z Setting up librubberband2:amd64 (3.3.0+dfsg-2build1) ...
2026-09-12T08:43:05.5773274Z Setting up libjack-jackd2-0:amd64 (1.9.21~dfsg-3ubuntu3) ...
2026-09-12T08:43:05.5774025Z Setting up libsord-0-0:amd64 (0.16.16-2build1) ...
2026-09-12T08:43:05.5774686Z Setting up xfonts-cyrillic (1:1.0.5+nmu1) ...
2026-09-12T08:43:05.5775518Z Setting up libpostproc57:amd64 (7:6.1.1-3ubuntu5) ...
2026-09-12T08:43:05.5776223Z Setting up libsratom-0-0:amd64 (0.6.16-1build1) ...
2026-09-12T08:43:05.5776972Z Setting up libsndfile1:amd64 (1.2.2-1ubuntu5.24.04.1) ...
2026-09-12T08:43:05.5777697Z Setting up liblilv-0-0:amd64 (0.24.22-1build1) ...
2026-09-12T08:43:05.5778426Z Setting up libinstpatch-1.0-2:amd64 (1.1.6-1build2) ...
2026-09-12T08:43:05.5779133Z Setting up xfonts-scalable (1:1.0.3-1.3) ...
2026-09-12T08:43:05.5779810Z Setting up libswscale7:amd64 (7:6.1.1-3ubuntu5) ...
2026-09-12T08:43:05.5780488Z Setting up libavif16:amd64 (1.0.4-1ubuntu3) ...
2026-09-12T08:43:05.5781234Z Setting up libpulse0:amd64 (1:16.1+dfsg1-2ubuntu10.1) ...
2026-09-12T08:43:05.5781985Z Setting up libavformat60:amd64 (7:6.1.1-3ubuntu5) ...
2026-09-12T08:43:05.5782817Z Setting up libsphinxbase3t64:amd64 (0.8+5prealpha+1-17build2) ...
2026-09-12T08:43:05.5783846Z Setting up libsdl2-2.0-0:amd64 (2.30.0+dfsg-1ubuntu3.1) ...
2026-09-12T08:43:05.5784592Z Setting up libfluidsynth3:amd64 (2.3.4-1build3) ...
2026-09-12T08:43:05.5785612Z Setting up libpocketsphinx3:amd64 (0.8.0+real5prealpha+1-15ubuntu5) ...
2026-09-12T08:43:05.5786467Z Setting up libavfilter9:amd64 (7:6.1.1-3ubuntu5) ...
2026-09-12T08:43:05.5787228Z Setting up gstreamer1.0-libav:amd64 (1.24.1-1build1) ...
2026-09-12T08:43:05.5788032Z Processing triggers for fontconfig (2.15.0-1.1ubuntu2) ...
2026-09-12T08:43:05.5788813Z Processing triggers for libc-bin (2.39-0ubuntu8.8) ...
2026-09-12T08:43:05.5789537Z Processing triggers for man-db (2.12.0-4build2) ...
2026-09-12T08:43:05.5790289Z Not building database; man-db/auto-update is not 'true'.
2026-09-12T08:43:05.5791175Z Processing triggers for libglib2.0-0t64:amd64 (2.80.0-6ubuntu3.8) ...
2026-09-12T08:43:05.5792029Z Setting up libgtk-4-1:amd64 (4.14.5+ds-0ubuntu0.10) ...
2026-09-12T08:43:05.5792766Z Setting up glib-networking:amd64 (2.80.0-1build1) ...
2026-09-12T08:43:05.5793497Z Setting up libsoup-3.0-0:amd64 (3.4.4-5ubuntu0.7) ...
2026-09-12T08:43:05.5794191Z Setting up libgssdp-1.6-0:amd64 (1.6.3-1build3) ...
2026-09-12T08:43:05.5795140Z Setting up gstreamer1.0-plugins-good:amd64 (1.24.2-1ubuntu1.5) ...
2026-09-12T08:43:05.5795943Z Setting up libgupnp-1.6-0:amd64 (1.6.6-1build3) ...
2026-09-12T08:43:05.5796831Z Setting up libgupnp-igd-1.6-0:amd64 (1.6.0-3build3) ...
2026-09-12T08:43:05.5797540Z Setting up libnice10:amd64 (0.1.21-2build3) ...
2026-09-12T08:43:05.5798378Z Setting up libgstreamer-plugins-bad1.0-0:amd64 (1.24.2-1ubuntu4) ...
2026-09-12T08:43:05.5799302Z Setting up gstreamer1.0-plugins-bad:amd64 (1.24.2-1ubuntu4) ...
2026-09-12T08:43:05.5800116Z Processing triggers for libc-bin (2.39-0ubuntu8.8) ...
2026-09-12T08:43:05.5800516Z 
2026-09-12T08:43:05.5800791Z Running kernel seems to be up-to-date.
2026-09-12T08:43:05.5801117Z 
2026-09-12T08:43:05.5801368Z No services need to be restarted.
2026-09-12T08:43:05.5801669Z 
2026-09-12T08:43:05.5801927Z No containers need to be restarted.
2026-09-12T08:43:05.5802232Z 
2026-09-12T08:43:05.5802548Z No user sessions are running outdated binaries.
2026-09-12T08:43:05.5802915Z 
2026-09-12T08:43:05.5803430Z No VM guests are running outdated hypervisor (qemu) binaries on this host.
2026-09-12T08:43:05.5805306Z Downloading Chrome for Testing 151.0.7922.34 (playwright chromium v1234) from https://cdn.playwright.dev/builds/cft/151.0.7922.34/linux64/chrome-linux64.zip
2026-09-12T08:43:05.5806809Z |                                                                                |   0% of 184.3 MiB
2026-09-12T08:43:05.5807969Z |■■■■■■■■                                                                        |  10% of 184.3 MiB
2026-09-12T08:43:05.5809040Z |■■■■■■■■■■■■■■■■                                                                |  20% of 184.3 MiB
2026-09-12T08:43:05.5810118Z |■■■■■■■■■■■■■■■■■■■■■■■■                                                        |  30% of 184.3 MiB
2026-09-12T08:43:05.5811238Z |■■■■■■■■■■■■■■■■■■■■■■■■■■■■■■■■                                                |  40% of 184.3 MiB
2026-09-12T08:43:05.5812352Z |■■■■■■■■■■■■■■■■■■■■■■■■■■■■■■■■■■■■■■■■                                        |  50% of 184.3 MiB
2026-09-12T08:43:05.5813503Z |■■■■■■■■■■■■■■■■■■■■■■■■■■■■■■■■■■■■■■■■■■■■■■■■                                |  60% of 184.3 MiB
2026-09-12T08:43:05.5814692Z |■■■■■■■■■■■■■■■■■■■■■■■■■■■■■■■■■■■■■■■■■■■■■■■■■■■■■■■■                        |  70% of 184.3 MiB
2026-09-12T08:43:05.5816030Z |■■■■■■■■■■■■■■■■■■■■■■■■■■■■■■■■■■■■■■■■■■■■■■■■■■■■■■■■■■■■■■■■                |  80% of 184.3 MiB
2026-09-12T08:43:05.5817182Z |■■■■■■■■■■■■■■■■■■■■■■■■■■■■■■■■■■■■■■■■■■■■■■■■■■■■■■■■■■■■■■■■■■■■■■■■        |  90% of 184.3 MiB
2026-09-12T08:43:05.5818337Z |■■■■■■■■■■■■■■■■■■■■■■■■■■■■■■■■■■■■■■■■■■■■■■■■■■■■■■■■■■■■■■■■■■■■■■■■■■■■■■■■| 100% of 184.3 MiB
2026-09-12T08:43:05.5819742Z Chrome for Testing 151.0.7922.34 (playwright chromium v1234) downloaded to /home/runner/.cache/ms-playwright/chromium-1234
2026-09-12T08:43:05.5821907Z Downloading FFmpeg (playwright ffmpeg v1011) from https://cdn.playwright.dev/dbazure/download/playwright/builds/ffmpeg/1011/ffmpeg-linux.zip
2026-09-12T08:43:05.5823352Z |                                                                                |   0% of 2.3 MiB
2026-09-12T08:43:05.5824439Z |■■■■■■■■                                                                        |  10% of 2.3 MiB
2026-09-12T08:43:05.5825627Z |■■■■■■■■■■■■■■■■                                                                |  20% of 2.3 MiB
2026-09-12T08:43:05.5826688Z |■■■■■■■■■■■■■■■■■■■■■■■■                                                        |  30% of 2.3 MiB
2026-09-12T08:43:05.5827759Z |■■■■■■■■■■■■■■■■■■■■■■■■■■■■■■■■                                                |  40% of 2.3 MiB
2026-09-12T08:43:05.5828883Z |■■■■■■■■■■■■■■■■■■■■■■■■■■■■■■■■■■■■■■■■                                        |  50% of 2.3 MiB
2026-09-12T08:43:05.5829997Z |■■■■■■■■■■■■■■■■■■■■■■■■■■■■■■■■■■■■■■■■■■■■■■■■                                |  60% of 2.3 MiB
2026-09-12T08:43:05.5831135Z |■■■■■■■■■■■■■■■■■■■■■■■■■■■■■■■■■■■■■■■■■■■■■■■■■■■■■■■■                        |  70% of 2.3 MiB
2026-09-12T08:43:05.5832245Z |■■■■■■■■■■■■■■■■■■■■■■■■■■■■■■■■■■■■■■■■■■■■■■■■■■■■■■■■■■■■■■■■                |  80% of 2.3 MiB
2026-09-12T08:43:05.5833572Z |■■■■■■■■■■■■■■■■■■■■■■■■■■■■■■■■■■■■■■■■■■■■■■■■■■■■■■■■■■■■■■■■■■■■■■■■        |  90% of 2.3 MiB
2026-09-12T08:43:05.5834708Z |■■■■■■■■■■■■■■■■■■■■■■■■■■■■■■■■■■■■■■■■■■■■■■■■■■■■■■■■■■■■■■■■■■■■■■■■■■■■■■■■| 100% of 2.3 MiB
2026-09-12T08:43:05.5836024Z FFmpeg (playwright ffmpeg v1011) downloaded to /home/runner/.cache/ms-playwright/ffmpeg-1011
2026-09-12T08:43:05.5838185Z Downloading Chrome Headless Shell 151.0.7922.34 (playwright chromium-headless-shell v1234) from https://cdn.playwright.dev/builds/cft/151.0.7922.34/linux64/chrome-headless-shell-linux64.zip
2026-09-12T08:43:05.5839924Z |                                                                                |   0% of 114.7 MiB
2026-09-12T08:43:05.5841036Z |■■■■■■■■                                                                        |  10% of 114.7 MiB
2026-09-12T08:43:05.5842128Z |■■■■■■■■■■■■■■■■                                                                |  20% of 114.7 MiB
2026-09-12T08:43:05.5843268Z |■■■■■■■■■■■■■■■■■■■■■■■■                                                        |  30% of 114.7 MiB
2026-09-12T08:43:05.5844389Z |■■■■■■■■■■■■■■■■■■■■■■■■■■■■■■■■                                                |  40% of 114.7 MiB
2026-09-12T08:43:05.5845614Z |■■■■■■■■■■■■■■■■■■■■■■■■■■■■■■■■■■■■■■■■                                        |  50% of 114.7 MiB
2026-09-12T08:43:05.5846736Z |■■■■■■■■■■■■■■■■■■■■■■■■■■■■■■■■■■■■■■■■■■■■■■■■                                |  60% of 114.7 MiB
2026-09-12T08:43:05.5847871Z |■■■■■■■■■■■■■■■■■■■■■■■■■■■■■■■■■■■■■■■■■■■■■■■■■■■■■■■■                        |  70% of 114.7 MiB
2026-09-12T08:43:05.5849024Z |■■■■■■■■■■■■■■■■■■■■■■■■■■■■■■■■■■■■■■■■■■■■■■■■■■■■■■■■■■■■■■■■                |  80% of 114.7 MiB
2026-09-12T08:43:05.5850354Z |■■■■■■■■■■■■■■■■■■■■■■■■■■■■■■■■■■■■■■■■■■■■■■■■■■■■■■■■■■■■■■■■■■■■■■■■        |  90% of 114.7 MiB
2026-09-12T08:43:05.5851512Z |■■■■■■■■■■■■■■■■■■■■■■■■■■■■■■■■■■■■■■■■■■■■■■■■■■■■■■■■■■■■■■■■■■■■■■■■■■■■■■■■| 100% of 114.7 MiB
2026-09-12T08:43:05.5853398Z Chrome Headless Shell 151.0.7922.34 (playwright chromium-headless-shell v1234) downloaded to /home/runner/.cache/ms-playwright/chromium_headless_shell-1234
2026-09-12T08:43:05.5855833Z Downloading Firefox 153.0 (playwright firefox v1538) from https://cdn.playwright.dev/dbazure/download/playwright/builds/firefox/1538/firefox-ubuntu-24.04.zip
2026-09-12T08:43:05.5857391Z |                                                                                |   0% of 108.2 MiB
2026-09-12T08:43:05.5858470Z |■■■■■■■■                                                                        |  10% of 108.2 MiB
2026-09-12T08:43:05.5859568Z |■■■■■■■■■■■■■■■■                                                                |  20% of 108.2 MiB
2026-09-12T08:43:05.5860687Z |■■■■■■■■■■■■■■■■■■■■■■■■                                                        |  30% of 108.2 MiB
2026-09-12T08:43:05.5861788Z |■■■■■■■■■■■■■■■■■■■■■■■■■■■■■■■■                                                |  40% of 108.2 MiB
2026-09-12T08:43:05.5862934Z |■■■■■■■■■■■■■■■■■■■■■■■■■■■■■■■■■■■■■■■■                                        |  50% of 108.2 MiB
2026-09-12T08:43:05.5864061Z |■■■■■■■■■■■■■■■■■■■■■■■■■■■■■■■■■■■■■■■■■■■■■■■■                                |  60% of 108.2 MiB
2026-09-12T08:43:05.5865353Z |■■■■■■■■■■■■■■■■■■■■■■■■■■■■■■■■■■■■■■■■■■■■■■■■■■■■■■■■                        |  70% of 108.2 MiB
2026-09-12T08:43:05.5866519Z |■■■■■■■■■■■■■■■■■■■■■■■■■■■■■■■■■■■■■■■■■■■■■■■■■■■■■■■■■■■■■■■■                |  80% of 108.2 MiB
2026-09-12T08:43:05.5867696Z |■■■■■■■■■■■■■■■■■■■■■■■■■■■■■■■■■■■■■■■■■■■■■■■■■■■■■■■■■■■■■■■■■■■■■■■■        |  90% of 108.2 MiB
2026-09-12T08:43:05.5868885Z |■■■■■■■■■■■■■■■■■■■■■■■■■■■■■■■■■■■■■■■■■■■■■■■■■■■■■■■■■■■■■■■■■■■■■■■■■■■■■■■■| 100% of 108.2 MiB
2026-09-12T08:43:05.5870346Z Firefox 153.0 (playwright firefox v1538) downloaded to /home/runner/.cache/ms-playwright/firefox-1538
2026-09-12T08:43:05.5872216Z Downloading WebKit 26.5 (playwright webkit v2336) from https://cdn.playwright.dev/dbazure/download/playwright/builds/webkit/2336/webkit-ubuntu-24.04.zip
2026-09-12T08:43:05.5873744Z |                                                                                |   0% of 102 MiB
2026-09-12T08:43:05.5874806Z |■■■■■■■■                                                                        |  10% of 102 MiB
2026-09-12T08:43:05.5876084Z |■■■■■■■■■■■■■■■■                                                                |  20% of 102 MiB
2026-09-12T08:43:05.5877215Z |■■■■■■■■■■■■■■■■■■■■■■■■                                                        |  30% of 102 MiB
2026-09-12T08:43:05.5878338Z |■■■■■■■■■■■■■■■■■■■■■■■■■■■■■■■■                                                |  40% of 102 MiB
2026-09-12T08:43:05.5879477Z |■■■■■■■■■■■■■■■■■■■■■■■■■■■■■■■■■■■■■■■■                                        |  50% of 102 MiB
2026-09-12T08:43:05.5880613Z |■■■■■■■■■■■■■■■■■■■■■■■■■■■■■■■■■■■■■■■■■■■■■■■■                                |  60% of 102 MiB
2026-09-12T08:43:05.5881743Z |■■■■■■■■■■■■■■■■■■■■■■■■■■■■■■■■■■■■■■■■■■■■■■■■■■■■■■■■                        |  70% of 102 MiB
2026-09-12T08:43:05.5883080Z |■■■■■■■■■■■■■■■■■■■■■■■■■■■■■■■■■■■■■■■■■■■■■■■■■■■■■■■■■■■■■■■■                |  80% of 102 MiB
2026-09-12T08:43:05.5884245Z |■■■■■■■■■■■■■■■■■■■■■■■■■■■■■■■■■■■■■■■■■■■■■■■■■■■■■■■■■■■■■■■■■■■■■■■■        |  90% of 102 MiB
2026-09-12T08:43:05.5885542Z |■■■■■■■■■■■■■■■■■■■■■■■■■■■■■■■■■■■■■■■■■■■■■■■■■■■■■■■■■■■■■■■■■■■■■■■■■■■■■■■■| 100% of 102 MiB
2026-09-12T08:43:05.5886749Z WebKit 26.5 (playwright webkit v2336) downloaded to /home/runner/.cache/ms-playwright/webkit-2336
2026-09-12T08:43:05.5887678Z Building the Web preview artifact...
2026-09-12T08:43:08.8067438Z 
2026-09-12T08:43:08.8075149Z > @relational-config-center/web@0.0.0 build /home/runner/work/relational-config-center/relational-config-center/web
2026-09-12T08:43:08.8076296Z > tsc --noEmit && vite build
2026-09-12T08:43:08.8076588Z 
2026-09-12T08:43:08.8077498Z [36mvite v8.2.2 [32mbuilding client environment for production...[36m[39m
2026-09-12T08:43:08.8078198Z transforming...
2026-09-12T08:43:08.8078683Z ✓ 2158 modules transformed.
2026-09-12T08:43:08.8079171Z rendering chunks...
2026-09-12T08:43:08.8079582Z computing gzip size...
2026-09-12T08:43:08.8080376Z dist/index.html                             0.74 kB │ gzip:   0.40 kB
2026-09-12T08:43:08.8081399Z dist/assets/index-uJ84wE7V.css             86.93 kB │ gzip:  16.77 kB
2026-09-12T08:43:08.8082535Z dist/assets/rolldown-runtime-CbXtAM7H.js    0.58 kB │ gzip:   0.36 kB
2026-09-12T08:43:08.8083608Z dist/assets/react-DXf84zf0.js             189.60 kB │ gzip:  59.62 kB
2026-09-12T08:43:08.8084642Z dist/assets/vendor-B5DI7EYn.js            359.58 kB │ gzip: 112.44 kB
2026-09-12T08:43:08.8086660Z dist/assets/index-BoUbTwuw.js             364.92 kB │ gzip:  99.95 kB
2026-09-12T08:43:08.8087138Z 
2026-09-12T08:43:08.8087442Z [32m✓ built in 594ms[39m
2026-09-12T08:43:08.8088163Z Verifying timeout cleanup against a TERM-resistant descendant...
2026-09-12T08:43:10.1679785Z ✔ kills the process group when its leader exits on TERM (1235.140608ms)
2026-09-12T08:43:10.1680541Z ℹ tests 1
2026-09-12T08:43:10.1680907Z ℹ suites 0
2026-09-12T08:43:10.1681312Z ℹ pass 1
2026-09-12T08:43:10.1681661Z ℹ fail 0
2026-09-12T08:43:10.1682006Z ℹ cancelled 0
2026-09-12T08:43:10.1682379Z ℹ skipped 0
2026-09-12T08:43:10.1682629Z ℹ todo 0
2026-09-12T08:43:10.1682897Z ℹ duration_ms 1292.023743
2026-09-12T08:43:10.1683704Z Starting disposable MySQL 8.4 container rcc-browser-1789202533-2617-mysql...
2026-09-12T08:43:31.3705544Z Building and applying the current Goose control schema...
2026-09-12T08:43:34.0387704Z {"state":"current","current":11,"required":11,"pending":[],"attempt_id":11,"attempt_version":11,"attempt_digest":"2e51f69bd9fc53e0de693a6e28fa26e547fb640740c9210b830b6f820c182963","attempt_operation":"up"}
2026-09-12T08:43:34.0390045Z Loading deploy/mysql/local-fixture/002-notification-templates.sql...
2026-09-12T08:43:34.1432156Z Granting the disposable Admin account publication metadata access...
2026-09-12T08:43:34.2989810Z Building and starting Admin on a dynamic loopback port...
2026-09-12T08:43:37.2488949Z Starting Web preview on a different dynamic loopback port...
2026-09-12T08:43:39.4336863Z {"files":["docs/verification/fixtures/stage1_acceptance.sql","web/e2e/fixtures/stage1-policies.sql","admin/cmd/admin/testdata/014-batch-browser.sql","admin/cmd/admin/testdata/015-draft-targets-browser.sql","admin/cmd/admin/testdata/016-multitable-browser.sql","web/e2e/fixtures/release-rollbacks.sql","web/e2e/fixtures/field-display.sql"],"added":["field_display_browser_items","stage1_acceptance_items","stage1_rollback_chromium_items","stage1_rollback_firefox_items","stage1_rollback_webkit_items"],"associations":[{"created_at":"2026-09-12T08:43:39.282Z","creator":"564c74d5-3812-43c8-bfd0-362b2e553071","enabled":true,"modifier":"564c74d5-3812-43c8-bfd0-362b2e553071","table_name":"field_display_browser_items","template_code":"default_standard_v1","template_enabled":true,"template_name":"默认常规发布","type":"STANDARD","updated_at":"2026-09-12T08:43:39.282Z","version":"1"},{"created_at":"2026-09-12T08:43:39.292Z","creator":"564c74d5-3812-43c8-bfd0-362b2e553071","enabled":true,"modifier":"564c74d5-3812-43c8-bfd0-362b2e553071","table_name":"field_display_browser_items","template_code":"default_emergency_v1","template_enabled":true,"template_name":"默认应急发布","type":"EMERGENCY","updated_at":"2026-09-12T08:43:39.292Z","version":"1"},{"created_at":"2026-09-12T08:43:39.309Z","creator":"564c74d5-3812-43c8-bfd0-362b2e553071","enabled":true,"modifier":"564c74d5-3812-43c8-bfd0-362b2e553071","table_name":"stage1_acceptance_items","template_code":"default_standard_v1","template_enabled":true,"template_name":"默认常规发布","type":"STANDARD","updated_at":"2026-09-12T08:43:39.309Z","version":"1"},{"created_at":"2026-09-12T08:43:39.329Z","creator":"564c74d5-3812-43c8-bfd0-362b2e553071","enabled":true,"modifier":"564c74d5-3812-43c8-bfd0-362b2e553071","table_name":"stage1_acceptance_items","template_code":"default_emergency_v1","template_enabled":true,"template_name":"默认应急发布","type":"EMERGENCY","updated_at":"2026-09-12T08:43:39.329Z","version":"1"},{"created_at":"2026-09-12T08:43:39.352Z","creator":"564c74d5-3812-43c8-bfd0-362b2e553071","enabled":true,"modifier":"564c74d5-3812-43c8-bfd0-362b2e553071","table_name":"stage1_rollback_chromium_items","template_code":"default_standard_v1","template_enabled":true,"template_name":"默认常规发布","type":"STANDARD","updated_at":"2026-09-12T08:43:39.352Z","version":"1"},{"created_at":"2026-09-12T08:43:39.361Z","creator":"564c74d5-3812-43c8-bfd0-362b2e553071","enabled":true,"modifier":"564c74d5-3812-43c8-bfd0-362b2e553071","table_name":"stage1_rollback_chromium_items","template_code":"default_emergency_v1","template_enabled":true,"template_name":"默认应急发布","type":"EMERGENCY","updated_at":"2026-09-12T08:43:39.361Z","version":"1"},{"created_at":"2026-09-12T08:43:39.377Z","creator":"564c74d5-3812-43c8-bfd0-362b2e553071","enabled":true,"modifier":"564c74d5-3812-43c8-bfd0-362b2e553071","table_name":"stage1_rollback_firefox_items","template_code":"default_standard_v1","template_enabled":true,"template_name":"默认常规发布","type":"STANDARD","updated_at":"2026-09-12T08:43:39.377Z","version":"1"},{"created_at":"2026-09-12T08:43:39.387Z","creator":"564c74d5-3812-43c8-bfd0-362b2e553071","enabled":true,"modifier":"564c74d5-3812-43c8-bfd0-362b2e553071","table_name":"stage1_rollback_firefox_items","template_code":"default_emergency_v1","template_enabled":true,"template_name":"默认应急发布","type":"EMERGENCY","updated_at":"2026-09-12T08:43:39.387Z","version":"1"},{"created_at":"2026-09-12T08:43:39.402Z","creator":"564c74d5-3812-43c8-bfd0-362b2e553071","enabled":true,"modifier":"564c74d5-3812-43c8-bfd0-362b2e553071","table_name":"stage1_rollback_webkit_items","template_code":"default_standard_v1","template_enabled":true,"template_name":"默认常规发布","type":"STANDARD","updated_at":"2026-09-12T08:43:39.402Z","version":"1"},{"created_at":"2026-09-12T08:43:39.411Z","creator":"564c74d5-3812-43c8-bfd0-362b2e553071","enabled":true,"modifier":"564c74d5-3812-43c8-bfd0-362b2e553071","table_name":"stage1_rollback_webkit_items","template_code":"default_emergency_v1","template_enabled":true,"template_name":"默认应急发布","type":"EMERGENCY","updated_at":"2026-09-12T08:43:39.411Z","version":"1"}]}
2026-09-12T08:43:42.1872126Z Running unsaved-changes...
2026-09-12T08:44:05.7702815Z PASS untouched Query create closes without a warning
2026-09-12T08:44:05.7703676Z PASS actual browser POP back cancel retains input and route
2026-09-12T08:44:05.7704778Z PASS actual browser POP back confirm and forward restore the intended route
2026-09-12T08:44:05.7718496Z PASS native beforeunload reload cancellation preserves input
2026-09-12T08:44:05.7719465Z PASS native tab-close cancellation preserves the editing document
2026-09-12T08:44:05.7720492Z PASS discard confirmation owns keyboard focus and fits a 390px viewport
2026-09-12T08:44:05.7721346Z PASS restored original Query values clear protection
2026-09-12T08:44:05.7722365Z PASS actual browser forward navigation is canceled or confirmed at its original target
2026-09-12T08:44:05.7723437Z PASS real duplicate Policy Code rejection preserves Query form input
2026-09-12T08:44:05.7724821Z PASS real completed write with delayed response blocks POP, then shows success once
2026-09-12T08:44:05.7726052Z PASS disposable Query draft cleaned up through the Admin API
2026-09-12T08:44:05.7726842Z PASS Change Set cancel and return retain values, NULL and omitted fields
2026-09-12T08:44:05.7727478Z PASS real Admin/MySQL validation rejection retains the row draft and request error
2026-09-12T08:44:05.7728098Z PASS confirmed discard closes the editor with no browser storage draft
2026-09-12T08:44:05.7728514Z Running rule-clarity...
2026-09-12T08:44:08.5978922Z {"ok":true,"checks":6,"resultPath":"/home/runner/work/_temp/rcc-browser-acceptance/rule-clarity/result.json","screenshotPath":"/home/runner/work/_temp/rcc-browser-acceptance/rule-clarity/rule-clarity-390.png"}
2026-09-12T08:44:08.5995112Z Running write-recovery...
2026-09-12T08:45:18.0888184Z PASS ADD abort: one publication, immutable intent, original-key recovery {"attempts":[{"path":"/api/v1/release-orders/b40b2b0e473e6d2c8f04a74f6dfece4c/execute","method":"POST","body":"{\"expected_version\":\"3\"}","key":"c05357c0-38c3-4d61-a949-4028eace9301"},{"path":"/api/v1/release-orders/b40b2b0e473e6d2c8f04a74f6dfece4c/execute","method":"POST","body":"{\"expected_version\":\"3\"}","key":"c05357c0-38c3-4d61-a949-4028eace9301"}],"commands":1,"faults":[{"path":"/api/v1/release-orders/b40b2b0e473e6d2c8f04a74f6dfece4c/execute","method":"POST","actualStatus":200,"requestId":"rcc-668d285ecdcb9a85c758a1eb2d38a06b"}]}
2026-09-12T08:45:18.0896888Z PASS ADD json: one publication, immutable intent, original-key recovery {"attempts":[{"path":"/api/v1/release-orders/603d27b7377598323837faa9642c95fb/execute","method":"POST","body":"{\"expected_version\":\"3\"}","key":"5f5a6f8c-f57c-49d6-ba43-63ec6ebd640d"},{"path":"/api/v1/release-orders/603d27b7377598323837faa9642c95fb/execute","method":"POST","body":"{\"expected_version\":\"3\"}","key":"5f5a6f8c-f57c-49d6-ba43-63ec6ebd640d"}],"commands":1,"faults":[{"path":"/api/v1/release-orders/603d27b7377598323837faa9642c95fb/execute","method":"POST","actualStatus":200,"requestId":"rcc-598c32937b5ff1f05a3ad3afb5a83c53"}]}
2026-09-12T08:45:18.0905364Z PASS ADD contract: one publication, immutable intent, original-key recovery {"attempts":[{"path":"/api/v1/release-orders/e440aa90cea76f2a2152dcfc20bf0417/execute","method":"POST","body":"{\"expected_version\":\"3\"}","key":"c9659ccc-6fb4-46d4-8f23-411fa73d004c"},{"path":"/api/v1/release-orders/e440aa90cea76f2a2152dcfc20bf0417/execute","method":"POST","body":"{\"expected_version\":\"3\"}","key":"c9659ccc-6fb4-46d4-8f23-411fa73d004c"}],"commands":1,"faults":[{"path":"/api/v1/release-orders/e440aa90cea76f2a2152dcfc20bf0417/execute","method":"POST","actualStatus":200,"requestId":"rcc-b25934c38c4f2d4138433a66cc71cf6a"}]}
2026-09-12T08:45:18.0911474Z PASS ADD 503: one publication, immutable intent, original-key recovery {"attempts":[{"path":"/api/v1/release-orders/e2e4b35d0d43cbd5f6794283f4a86c29/execute","method":"POST","body":"{\"expected_version\":\"3\"}","key":"7785fc98-3592-49a3-8542-ebde8e527ff7"},{"path":"/api/v1/release-orders/e2e4b35d0d43cbd5f6794283f4a86c29/execute","method":"POST","body":"{\"expected_version\":\"3\"}","key":"7785fc98-3592-49a3-8542-ebde8e527ff7"}],"commands":1,"faults":[{"path":"/api/v1/release-orders/e2e4b35d0d43cbd5f6794283f4a86c29/execute","method":"POST","actualStatus":200,"requestId":"rcc-a847e364737a2d1d58aaa763f91178db"}]}
2026-09-12T08:45:18.0916649Z PASS MODIFY lost response: exact identity and original-key replay {"attempts":[{"path":"/api/v1/release-orders/9f9225eedb70203a15255afdd15b6ec6/execute","method":"POST","body":"{\"expected_version\":\"3\"}","key":"50a9b77c-94da-41af-8d1f-8f3c88f76e4c"},{"path":"/api/v1/release-orders/9f9225eedb70203a15255afdd15b6ec6/execute","method":"POST","body":"{\"expected_version\":\"3\"}","key":"50a9b77c-94da-41af-8d1f-8f3c88f76e4c"}],"id":"10","commands":1,"faults":[{"path":"/api/v1/release-orders/9f9225eedb70203a15255afdd15b6ec6/execute","method":"POST","actualStatus":200,"requestId":"rcc-5827c9c62bf729a36a2a885ceebe5481"}]}
2026-09-12T08:45:18.0921375Z PASS DELETE lost response: exact identity and original-key replay {"attempts":[{"path":"/api/v1/release-orders/722aeb0d846177202d7cc141a182780c/execute","method":"POST","body":"{\"expected_version\":\"3\"}","key":"41d82064-6b20-4170-af54-616fb33f2538"},{"path":"/api/v1/release-orders/722aeb0d846177202d7cc141a182780c/execute","method":"POST","body":"{\"expected_version\":\"3\"}","key":"41d82064-6b20-4170-af54-616fb33f2538"}],"id":"11","commands":1,"faults":[{"path":"/api/v1/release-orders/722aeb0d846177202d7cc141a182780c/execute","method":"POST","actualStatus":200,"requestId":"rcc-885497b2092ed6bd1c369cd7fbcaad95"}]}
2026-09-12T08:45:18.0924010Z PASS separate unknown publications retain separate original request keys {"recoveredKeys":["bf295ad6-75f6-4efb-8bf3-84d0c49c2780","9a4bfa4d-deeb-44ce-8fad-5b47ee5f2979"]}
2026-09-12T08:45:18.0926104Z PASS known publication followed by detail read failure recovers with GET only {"attempts":[{"path":"/api/v1/release-orders/fddb427c3c7c532617c8531cb31338ed/execute","method":"POST","body":"{\"expected_version\":\"3\"}","key":"b1500163-c7cc-4b11-af45-8fa8191dbbe6"}],"commands":1}
2026-09-12T08:45:18.0928086Z PASS double-click, Enter and pending back/close execute once {"attempts":[{"path":"/api/v1/release-orders/94621ef2338c5aa2266cb2cb84b54426/execute","method":"POST","body":"{\"expected_version\":\"3\"}","key":"7800df1a-8fb2-4099-abd6-633ee10e270a"}],"commands":1}
2026-09-12T08:45:18.0929894Z PASS real ENUM failure preserves frozen intent; copied correction needs new approval and publishes once {"rejectedOrderID":"73c021dde2eb3076d754b05eb92c643d","correctedOrderID":"1bc2294c697693a631d2cfe4b27aabb4","commands":1}
2026-09-12T08:45:18.0933138Z PASS real database stop/start retains endpoint and original request, publishes once after recovery {"attempts":[{"path":"/api/v1/release-orders/b47452565fb3d4ee7889373f0934f952/execute","method":"POST","body":"{\"expected_version\":\"3\"}","key":"0a170685-2f4c-436c-9d73-b5b9b82f9021"},{"path":"/api/v1/release-orders/b47452565fb3d4ee7889373f0934f952/execute","method":"POST","body":"{\"expected_version\":\"3\"}","key":"0a170685-2f4c-436c-9d73-b5b9b82f9021"}],"commands":1,"accountRecoveryStatuses":[503,200],"replayStatuses":[200]}
2026-09-12T08:45:18.0936613Z PASS query create: saved state retained after response failure {"requests":[{"path":"/api/v1/query-policies","method":"POST"}],"actualWrites":1,"faults":[{"path":"/api/v1/query-policies","method":"POST","actualStatus":201,"requestId":"rcc-40201cd118260490cb2f7643766db13b"}],"readonlyRequests":[{"path":"/api/v1/query-policies/stage2_query_create_v1","method":"GET"}]}
2026-09-12T08:45:18.0939659Z PASS query replace: saved state retained after response failure {"requests":[{"path":"/api/v1/query-policies/stage2_query_replace_v1","method":"PUT"}],"actualWrites":1,"faults":[{"path":"/api/v1/query-policies/stage2_query_replace_v1","method":"PUT","actualStatus":200,"requestId":"rcc-0d8d64a9c8b6b84f236802ca022239f3"}],"readonlyRequests":[{"path":"/api/v1/query-policies/stage2_query_replace_v1","method":"GET"}]}
2026-09-12T08:45:18.0942884Z PASS query metadata: saved state retained after response failure {"requests":[{"path":"/api/v1/query-policies/stage2_query_metadata_v1/metadata","method":"PATCH"}],"actualWrites":1,"faults":[{"path":"/api/v1/query-policies/stage2_query_metadata_v1/metadata","method":"PATCH","actualStatus":200,"requestId":"rcc-cba22fb1c04a502b74f6c5b3caea526f"}],"readonlyRequests":[{"path":"/api/v1/query-policies/stage2_query_metadata_v1","method":"GET"}]}
2026-09-12T08:45:18.0946415Z PASS query activate: lifecycle response loss is recoverable by reads {"requests":[{"path":"/api/v1/query-policies/stage2_query_activate_v1/activate","method":"POST"}],"actualWrites":1,"faults":[{"path":"/api/v1/query-policies/stage2_query_activate_v1/activate","method":"POST","actualStatus":200,"requestId":"rcc-af41c7554d349ced83908404f6558ddf"}],"readonlyRequests":[{"path":"/api/v1/query-policies/stage2_query_activate_v1","method":"GET"}]}
2026-09-12T08:45:18.0949778Z PASS query deprecate: lifecycle response loss is recoverable by reads {"requests":[{"path":"/api/v1/query-policies/stage2_query_deprecate_v1/deprecate","method":"POST"}],"actualWrites":1,"faults":[{"path":"/api/v1/query-policies/stage2_query_deprecate_v1/deprecate","method":"POST","actualStatus":200,"requestId":"rcc-cabb4efe965f07e217f7a843550a9020"}],"readonlyRequests":[{"path":"/api/v1/query-policies/stage2_query_deprecate_v1","method":"GET"}]}
2026-09-12T08:45:18.0952617Z PASS query delete: lost response, missing-resource check never repeats deletion {"writes":[{"path":"/api/v1/query-policies/stage2_query_delete_v1","method":"DELETE"}],"actualWrites":1,"faults":[{"path":"/api/v1/query-policies/stage2_query_delete_v1","method":"DELETE","actualStatus":204,"requestId":"rcc-a33a5332bbbccb28fe4232956f0bce9a"}]}
2026-09-12T08:45:18.0955535Z PASS mutation create: saved state retained after response failure {"requests":[{"path":"/api/v1/mutation-policies","method":"POST"}],"actualWrites":1,"faults":[{"path":"/api/v1/mutation-policies","method":"POST","actualStatus":201,"requestId":"rcc-7d6d47594fdb2dd65fd317f871021216"}],"readonlyRequests":[{"path":"/api/v1/mutation-policies/stage2_mutation_create_v1","method":"GET"}]}
2026-09-12T08:45:18.0958582Z PASS mutation replace: saved state retained after response failure {"requests":[{"path":"/api/v1/mutation-policies/stage2_mutation_replace_v1","method":"PUT"}],"actualWrites":1,"faults":[{"path":"/api/v1/mutation-policies/stage2_mutation_replace_v1","method":"PUT","actualStatus":200,"requestId":"rcc-fe7185fd600623f566a0c1f52868493e"}],"readonlyRequests":[{"path":"/api/v1/mutation-policies/stage2_mutation_replace_v1","method":"GET"}]}
2026-09-12T08:45:18.0962165Z PASS mutation metadata: saved state retained after response failure {"requests":[{"path":"/api/v1/mutation-policies/stage2_mutation_metadata_v1/metadata","method":"PATCH"}],"actualWrites":1,"faults":[{"path":"/api/v1/mutation-policies/stage2_mutation_metadata_v1/metadata","method":"PATCH","actualStatus":200,"requestId":"rcc-6c6c4e6608053c2e967deeb89608f879"}],"readonlyRequests":[{"path":"/api/v1/mutation-policies/stage2_mutation_metadata_v1","method":"GET"}]}
2026-09-12T08:45:18.0965882Z PASS mutation activate: lifecycle response loss is recoverable by reads {"requests":[{"path":"/api/v1/mutation-policies/stage2_mutation_activate_v1/activate","method":"POST"}],"actualWrites":1,"faults":[{"path":"/api/v1/mutation-policies/stage2_mutation_activate_v1/activate","method":"POST","actualStatus":200,"requestId":"rcc-3d53fb92969d363d5a0865ceb6f61f20"}],"readonlyRequests":[{"path":"/api/v1/mutation-policies/stage2_mutation_activate_v1","method":"GET"}]}
2026-09-12T08:45:18.0970338Z PASS mutation deprecate: lifecycle response loss is recoverable by reads {"requests":[{"path":"/api/v1/mutation-policies/stage2_mutation_deprecate_v1/deprecate","method":"POST"}],"actualWrites":1,"faults":[{"path":"/api/v1/mutation-policies/stage2_mutation_deprecate_v1/deprecate","method":"POST","actualStatus":200,"requestId":"rcc-186c134eb894ebaaae60e7473ef647eb"}],"readonlyRequests":[{"path":"/api/v1/mutation-policies/stage2_mutation_deprecate_v1","method":"GET"}]}
2026-09-12T08:45:18.0973769Z PASS mutation delete: lost response, missing-resource check never repeats deletion {"writes":[{"path":"/api/v1/mutation-policies/stage2_mutation_delete_v1","method":"DELETE"}],"actualWrites":1,"faults":[{"path":"/api/v1/mutation-policies/stage2_mutation_delete_v1","method":"DELETE","actualStatus":204,"requestId":"rcc-ef98587c5766a4bd195f88a17ada6330"}]}
2026-09-12T08:45:18.0975879Z PASS rapid lifecycle confirmation and pending back navigation update once {"writes":[{"path":"/api/v1/query-policies/stage2_rapid_lifecycle_v1/activate","method":"POST"}],"actualWrites":1}
2026-09-12T08:45:18.0981194Z PASS table assignment create: original request manually replayed without duplicate database change {"writes":[{"path":"/api/v1/table-policies","method":"POST","body":"{\"table_name\":\"stage2_assignment_items\",\"query_policy_code\":\"stage1_query_v1\",\"mutation_policy_code\":\"stage2_assignment_mutation_v1\",\"concurrency_key\":[]}","key":"table-policy-f0dac19f-563a-4218-a986-254819fbfd83"},{"path":"/api/v1/table-policies","method":"POST","body":"{\"table_name\":\"stage2_assignment_items\",\"query_policy_code\":\"stage1_query_v1\",\"mutation_policy_code\":\"stage2_assignment_mutation_v1\",\"concurrency_key\":[]}","key":"table-policy-f0dac19f-563a-4218-a986-254819fbfd83"}],"originalWrite":{"path":"/api/v1/table-policies","method":"POST","body":"{\"table_name\":\"stage2_assignment_items\",\"query_policy_code\":\"stage1_query_v1\",\"mutation_policy_code\":\"stage2_assignment_mutation_v1\",\"concurrency_key\":[]}","key":"table-policy-f0dac19f-563a-4218-a986-254819fbfd83"}}
2026-09-12T08:45:18.0990464Z PASS table assignment replace: original request manually replayed without duplicate database change {"writes":[{"path":"/api/v1/table-policies/stage2_assignment_items","method":"PUT","body":"{\"table_name\":\"stage2_assignment_items\",\"query_policy_code\":\"stage1_query_v1\",\"mutation_policy_code\":\"stage2_assignment_mutation_v1\",\"concurrency_key\":[],\"expected_version\":\"1\"}","key":"table-policy-27f0cd15-4aa0-4c9e-b38c-e849540cba97"},{"path":"/api/v1/table-policies/stage2_assignment_items","method":"PUT","body":"{\"table_name\":\"stage2_assignment_items\",\"query_policy_code\":\"stage1_query_v1\",\"mutation_policy_code\":\"stage2_assignment_mutation_v1\",\"concurrency_key\":[],\"expected_version\":\"1\"}","key":"table-policy-27f0cd15-4aa0-4c9e-b38c-e849540cba97"}],"originalWrite":{"path":"/api/v1/table-policies/stage2_assignment_items","method":"PUT","body":"{\"table_name\":\"stage2_assignment_items\",\"query_policy_code\":\"stage1_query_v1\",\"mutation_policy_code\":\"stage2_assignment_mutation_v1\",\"concurrency_key\":[],\"expected_version\":\"1\"}","key":"table-policy-27f0cd15-4aa0-4c9e-b38c-e849540cba97"}}
2026-09-12T08:45:18.0998109Z PASS table assignment enable: original request manually replayed without duplicate database change {"writes":[{"path":"/api/v1/table-policies/stage2_assignment_items/enable","method":"POST","body":"{\"expected_version\":\"2\"}","key":"table-policy-f1da9190-d125-408c-bc6a-7d120a3297c6"},{"path":"/api/v1/table-policies/stage2_assignment_items/enable","method":"POST","body":"{\"expected_version\":\"2\"}","key":"table-policy-f1da9190-d125-408c-bc6a-7d120a3297c6"}],"originalWrite":{"path":"/api/v1/table-policies/stage2_assignment_items/enable","method":"POST","body":"{\"expected_version\":\"2\"}","key":"table-policy-f1da9190-d125-408c-bc6a-7d120a3297c6"}}
2026-09-12T08:45:18.1003953Z PASS table assignment disable: original request manually replayed without duplicate database change {"writes":[{"path":"/api/v1/table-policies/stage2_assignment_items/disable","method":"POST","body":"{\"expected_version\":\"3\"}","key":"table-policy-9b4ae456-a5f5-4f02-bdac-4a24f8042b10"},{"path":"/api/v1/table-policies/stage2_assignment_items/disable","method":"POST","body":"{\"expected_version\":\"3\"}","key":"table-policy-9b4ae456-a5f5-4f02-bdac-4a24f8042b10"}],"originalWrite":{"path":"/api/v1/table-policies/stage2_assignment_items/disable","method":"POST","body":"{\"expected_version\":\"3\"}","key":"table-policy-9b4ae456-a5f5-4f02-bdac-4a24f8042b10"}}
2026-09-12T08:45:18.1006773Z Running operation-coverage...
2026-09-12T08:45:41.1490599Z PASS browser creates a complete Mutation Draft through Admin {"http":{"page":"page-1","method":"POST","path":"/api/v1/mutation-policies","status":201,"requestId":"rcc-08a9cf6c92c7efe3ff14eb42ab700b67","body":{"code":"stage3_ui_mutation_v1","name":"Stage 3 UI mutation draft","description":"Created by the real browser with initially denied operations","type_code":"single_table_mutation","allow_add":false,"allow_modify":false,"allow_delete":false,"create_operator_field":null,"create_time_field":null,"modify_operator_field":null,"modify_time_field":null}},"sql":"0|0|0|NULL|NULL|NULL|NULL"}
2026-09-12T08:45:41.1493280Z PASS permission conflict is retained and blocks the HTTP write {}
2026-09-12T08:45:41.1493879Z PASS unsafe Auto Fill column is retained and blocks the HTTP write {}
2026-09-12T08:45:41.1494527Z PASS case-insensitive id Auto Fill target is retained and blocks the HTTP write {}
2026-09-12T08:45:41.1495612Z PASS exact duplicate Auto Fill columns block the HTTP write {}
2026-09-12T08:45:41.1496177Z PASS case-insensitive duplicate Auto Fill columns block the HTTP write {}
2026-09-12T08:45:41.1499728Z PASS Mutation Draft PUT survives close and reopen with all execution fields {"http":{"page":"page-1","method":"PUT","path":"/api/v1/mutation-policies/stage3_ui_mutation_v1","status":200,"requestId":"rcc-601151ee4e51b4b58aabe4d32e54a16f","body":{"code":"stage3_ui_mutation_v1","name":"Stage 3 UI mutation updated","description":"All three grants and all four Auto Fill slots saved by PUT","type_code":"single_table_mutation","allow_add":true,"allow_modify":true,"allow_delete":true,"create_operator_field":"created_by","create_time_field":"created_at","modify_operator_field":"updated_by","modify_time_field":"updated_at"}},"sql":"Stage 3 UI mutation updated|All three grants and all four Auto Fill slots saved by PUT|1|1|1|created_by|created_at|updated_by|updated_at|DRAFT"}
2026-09-12T08:45:41.1503090Z PASS Mutation Draft is deleted by the visible UI command {"http":{"page":"page-1","method":"DELETE","path":"/api/v1/mutation-policies/stage3_ui_mutation_v1","status":204,"requestId":"rcc-fe18b7910be5506d04bb09038a8aa4c4","body":null},"sqlCount":0}
2026-09-12T08:45:41.1506732Z PASS query Active metadata saves without changing execution fields {"http":{"page":"page-2","method":"PATCH","path":"/api/v1/query-policies/stage3_query_existing_v1/metadata","status":200,"requestId":"rcc-369d210e99803aa7bb7d596edbd4d0e2","body":{"name":"Stage 3 query renamed","description":"Stage 3 query metadata only"}},"executionBeforeAfter":"page_query|id|DESC|20|200|ACTIVE"}
2026-09-12T08:45:41.1510695Z PASS mutation Active metadata saves without changing execution fields {"http":{"page":"page-3","method":"PATCH","path":"/api/v1/mutation-policies/stage3_mutation_existing_v1/metadata","status":200,"requestId":"rcc-565103cdd6f8e07f827e500755529baf","body":{"name":"Stage 3 mutation renamed","description":"Stage 3 mutation metadata only"}},"executionBeforeAfter":"single_table_mutation|1|1|1|created_by|created_at|updated_by|updated_at|ACTIVE"}
2026-09-12T08:45:41.1513268Z PASS query is deprecated through the real lifecycle UI {"http":{"page":"page-4","method":"POST","path":"/api/v1/query-policies/stage3_query_existing_v1/deprecate","status":200,"requestId":"rcc-8fce5b19596aae02c8723ac82a745cb4","body":null},"status":"DEPRECATED"}
2026-09-12T08:45:41.1515473Z PASS mutation is deprecated through the real lifecycle UI {"http":{"page":"page-5","method":"POST","path":"/api/v1/mutation-policies/stage3_mutation_existing_v1/deprecate","status":200,"requestId":"rcc-7655c697c75ba13556a5f6bc47e63a98","body":null},"status":"DEPRECATED"}
2026-09-12T08:45:41.1518319Z PASS query Deprecated metadata saves without changing execution fields {"http":{"page":"page-6","method":"PATCH","path":"/api/v1/query-policies/stage3_query_existing_v1/metadata","status":200,"requestId":"rcc-32574b0b3a1811ad4cf629a5c290f8d5","body":{"name":"Stage 3 query Deprecated renamed","description":"Stage 3 query Deprecated metadata only"}},"executionBeforeAfter":"page_query|id|DESC|20|200|DEPRECATED"}
2026-09-12T08:45:41.1521798Z PASS mutation Deprecated metadata saves without changing execution fields {"http":{"page":"page-7","method":"PATCH","path":"/api/v1/mutation-policies/stage3_mutation_existing_v1/metadata","status":200,"requestId":"rcc-c674a59ecc7326d132c30819631afc6e","body":{"name":"Stage 3 mutation Deprecated renamed","description":"Stage 3 mutation Deprecated metadata only"}},"executionBeforeAfter":"single_table_mutation|1|1|1|created_by|created_at|updated_by|updated_at|DEPRECATED"}
2026-09-12T08:45:41.1525540Z PASS existing assignment keeps querying and publishes through a release order with Deprecated definitions {"query":{"page":"page-8","method":"POST","path":"/api/v1/tables/stage3_active_items/query","status":200,"requestId":"rcc-2a1a81911d767dde710c8bc031f31ee3","body":{"conditions":[],"page_number":1}},"releaseOrder":"0334c64da99cdd952be58ea557c7c942","sql":"DeprecatedStillRuns|c1ac2399-c742-40ca-a099-717ebfdc3e8d|c1ac2399-c742-40ca-a099-717ebfdc3e8d"}
2026-09-12T08:45:41.1527782Z PASS new assignment choices include only Active definitions {"queryOptions":["stage3_query_full_v1"],"mutationOptions":["stage3_mutation_denied_v1","stage3_mutation_full_v1"]}
2026-09-12T08:45:41.1529087Z PASS Table Policy Catalog filters full loaded data without writes {"cases":["table/trim/case","query code","mutation code","modifier","no match","clear"],"writeCount":0}
2026-09-12T08:45:41.1531200Z PASS direct field filter submits only entered AND conditions and preserves input after collapse/query {"http":{"page":"page-11","method":"POST","path":"/api/v1/tables/stage3_active_items/query","status":200,"requestId":"rcc-6c8f8130cf12e71b8922e39d1360c933","body":{"conditions":[{"field":"name","operator":"exact","value":"Stage3Alpha"}],"page_number":1}},"sqlCount":1}
2026-09-12T08:45:41.1532736Z PASS all three unauthorized operation controls stay visible, disabled, and explained {}
2026-09-12T08:45:41.1535603Z PASS real Table Policy replacement governs the next UI capability and release publication {"replacement":{"page":"page-13","method":"PUT","path":"/api/v1/table-policies/stage3_denied_items","status":200,"requestId":"rcc-29deeebf0a455f82b3eaea680e4628d6","body":{"table_name":"stage3_denied_items","query_policy_code":"stage3_query_full_v1","mutation_policy_code":"stage3_mutation_full_v1","concurrency_key":[],"expected_version":"1"}},"releaseOrder":"7d49150b31d07ee0b6de51c1b417179e","sqlCount":1}
2026-09-12T08:45:41.1538627Z Running complex-fields...
2026-09-12T08:48:47.6776407Z PASS TEXT and JSON browser ADD, MODIFY, SQL byte comparison, readback and reopened editor
2026-09-12T08:48:47.6777735Z PASS multiline TEXT query uses the exact browser input without removing LF
2026-09-12T08:48:47.6779184Z PASS SQL NULL, JSON null literal and string, empty and omitted values stay distinct
2026-09-12T08:48:47.6781041Z PASS uint64 auto ID 9007199254740993 survives browser create, query, release MODIFY and reopen
2026-09-12T08:48:47.6782211Z PASS uint64 auto ID 9223372036854775808 survives browser create, query, release MODIFY and reopen
2026-09-12T08:48:47.6783540Z PASS uint64 auto ID 18446744073709551614 survives browser create, query, release MODIFY and reopen
2026-09-12T08:48:47.6785332Z PASS ambiguous auto ID zero is rejected while omitted ID publishes the actual generated identity
2026-09-12T08:48:47.6786628Z PASS non-auto default ID stage4_default_id_constant requires explicit identity before publication
2026-09-12T08:48:47.6787955Z PASS non-auto default ID stage4_default_id_expression requires explicit identity before publication
2026-09-12T08:48:47.6789104Z PASS identity review: explicit numeric ID returns the stored canonical identity
2026-09-12T08:48:47.6790064Z PASS identity matrix: signed integer publishes a canonical stored key
2026-09-12T08:48:47.6791311Z PASS identity matrix: decimal equal value publishes a canonical stored key
2026-09-12T08:48:47.6792291Z PASS identity matrix: decimal rounding publishes a canonical stored key
2026-09-12T08:48:47.6793269Z PASS identity matrix: CHAR trailing spaces publishes a canonical stored key
2026-09-12T08:48:47.6794432Z PASS identity matrix: VARCHAR trailing spaces publishes a canonical stored key
2026-09-12T08:48:47.6795739Z PASS identity matrix: VARCHAR Unicode and URI delimiters publishes a canonical stored key
2026-09-12T08:48:47.6796802Z PASS identity matrix: ENUM case normalization is rejected before draft creation
2026-09-12T08:48:47.6797502Z PASS identity matrix: TIME equal value publishes a canonical stored key
2026-09-12T08:48:47.6798420Z PASS identity matrix: TIME rounding publishes a canonical stored key
2026-09-12T08:48:47.6799179Z PASS identity matrix: DATETIME equal value publishes a canonical stored key
2026-09-12T08:48:47.6799760Z PASS identity matrix: DATETIME rounding publishes a canonical stored key
2026-09-12T08:48:47.6800478Z PASS identity matrix: TIMESTAMP equal value publishes a canonical stored key
2026-09-12T08:48:47.6801221Z PASS identity matrix: TIMESTAMP rounding publishes a canonical stored key
2026-09-12T08:48:47.6801914Z PASS identity matrix: FLOAT exact publishes a canonical stored key
2026-09-12T08:48:47.6802534Z PASS identity matrix: FLOAT precision boundary publishes a canonical stored key
2026-09-12T08:48:47.6803084Z PASS identity matrix: DOUBLE publishes a canonical stored key
2026-09-12T08:48:47.6803577Z PASS identity matrix: DATE publishes a canonical stored key
2026-09-12T08:48:47.6804129Z PASS identity preflight read denial prevents INSERT and preserves the draft
2026-09-12T08:48:47.6804783Z PASS publication capability gate rejects a nontransactional table before business DML
2026-09-12T08:48:47.6805610Z PASS JSON identity "" publishes without path reinterpretation
2026-09-12T08:48:47.6806108Z PASS JSON identity "." publishes without path reinterpretation
2026-09-12T08:48:47.6806606Z PASS JSON identity ".." publishes without path reinterpretation
2026-09-12T08:48:47.6807477Z PASS JSON identity "键/值 %2F?#" publishes without path reinterpretation
2026-09-12T08:48:47.6808174Z PASS CRLF and standalone CR stay protected through unrelated writes and explicit normalization
2026-09-12T08:48:47.6808913Z PASS raw CR clipboard selection is preserved in record and query inputs before conversion
2026-09-12T08:48:47.6809577Z PASS ordinary expression defaults allow explicit values and omission defaults
2026-09-12T08:48:47.6810177Z PASS Auto Fill records the publisher identity and one UTC database time
2026-09-12T08:48:47.6810987Z PASS stored_value remains rejected as a real generated column
2026-09-12T08:48:47.6811474Z PASS virtual_value remains rejected as a real generated column
2026-09-12T08:48:47.6812061Z PASS generated fields calculate on omitted ADD and stay unwritable on release MODIFY
2026-09-12T08:48:47.6812928Z PASS VARCHAR length is editable rejection with rollback and corrected browser retry
2026-09-12T08:48:47.6813698Z PASS TINYINT range is editable rejection with rollback and corrected browser retry
2026-09-12T08:48:47.6814217Z Running browser-accessibility (chromium)...
2026-09-12T08:49:00.6751909Z PASS drawer background is inert and actual Shift+Tab/Tab loops inside the drawer {"inert":true,"focusStayedInTopModal":true,"bodyClasses":["modal-open"],"rootLocked":true,"focusProbe":"programmatic HTMLElement.focus used only for native inert","keyboardPath":["Shift+Tab skips appended hidden/disabled fixtures -> 取消","Tab -> 关闭","focus-loss fixture then real Tab -> 关闭"]}
2026-09-12T08:49:00.6755199Z PASS native back cancel/confirm and forward preserve the intended history entry {"unloadProbe":{"defaultPrevented":true,"dispatchReturned":false,"fixture":"cancelable browser event; no user-agent prompt"},"lowerDrawerInertWhilePromptOpen":true,"focusRestoredToDrawer":true}
2026-09-12T08:49:00.6762380Z PASS 320px long drawer scroll keeps the action footer reachable {"viewport":"320x568 CSS pixels","documentOverflow":0,"optionalIdIncluded":false,"actualMouseWheel":{"before":668,"after":1028},"surfaces":[{"selector":".drawer","metrics":{"left":0,"right":320,"width":320,"clientWidth":320,"scrollWidth":320,"innerWidth":320}},{"selector":".drawer-header","metrics":{"left":0,"right":320,"width":320,"clientWidth":320,"scrollWidth":320,"innerWidth":320}},{"selector":".drawer-body","metrics":{"left":0,"right":320,"width":320,"clientWidth":320,"scrollWidth":320,"innerWidth":320}},{"selector":".drawer-footer","metrics":{"left":0,"right":320,"width":320,"clientWidth":320,"scrollWidth":320,"innerWidth":320}}],"noteRect":{"left":20,"right":300,"top":12.375,"bottom":102.375,"width":280,"height":90,"innerWidth":320,"innerHeight":568},"footerActions":[{"action":"取消","rect":{"left":20,"right":156,"top":512.5,"bottom":548.5,"width":136,"height":36,"innerWidth":320,"innerHeight":568}},{"action":"查看 Change Set","rect":{"left":164,"right":300,"top":512.5,"bottom":548.5,"width":136,"height":36,"innerWidth":320,"innerHeight":568}}]}
2026-09-12T08:49:00.6770141Z PASS 320px Change Set owns horizontal/vertical overflow and keeps actions reachable {"keyboardPath":["Shift+Tab -> 确认并保存草稿","Tab -> 变更字段对比，可横向滚动","Tab -> 发布单标题","Tab -> 选择已有草稿"],"documentOverflow":0,"scrolling":{"horizontal":{"client":288,"total":600,"offset":312},"vertical":{"client":87,"total":700,"offset":613}},"footerActions":[{"action":"放弃本次编辑","rect":{"left":32,"right":155.5,"top":455,"bottom":491,"width":123.5,"height":36,"innerWidth":320,"innerHeight":568}},{"action":"返回修改","rect":{"left":164.5,"right":288,"top":455,"bottom":491,"width":123.5,"height":36,"innerWidth":320,"innerHeight":568}},{"action":"确认并保存草稿","rect":{"left":32,"right":288,"top":500,"bottom":536,"width":256,"height":36,"innerWidth":320,"innerHeight":568}}]}
2026-09-12T08:49:00.6773279Z PASS only the top nested leave dialog handles Tab/Escape and focus returns to Change Set {"lowerChangeSetInert":true,"bodyRemainedLocked":true}
2026-09-12T08:49:00.6775758Z PASS real MySQL rejection freezes raw CR; a copied draft requires explicit LF conversion before editing {"status":422,"rejectedOrder":"d7737d4683df7f1d5eb71700c01c1c68","rawHex":"7072656669782d6368726f6d69756d0d0a7365636f6e640d7461696c","submittedHex":"7072656669782d6368726f6d69756d0d0a7365636f6e640d7461696c","clipboardBoundary":"synthetic paste Event with injected DataTransfer; no OS clipboard access"}
2026-09-12T08:49:00.6779154Z PASS 390px unknown release-draft recovery replays one intent and then publishes it {"faultEvidence":{"actualStatus":201,"requestId":"rcc-820e5a3bd7eb52c3d1e7649ef95ac7bf","injectedStatus":503},"releaseDraftRequests":2,"replayedOriginalBodyAndKey":true,"releaseOrder":"4069495a748115b78b34f346106d00d6","sqlRows":1,"faultBoundary":"Playwright API response fault injection after route.fetch durably created the release draft","documentOverflow":0}
2026-09-12T08:49:00.6781230Z Running browser-accessibility (firefox)...
2026-09-12T08:49:17.5436043Z PASS drawer background is inert and actual Shift+Tab/Tab loops inside the drawer {"inert":true,"focusStayedInTopModal":true,"bodyClasses":["modal-open"],"rootLocked":true,"focusProbe":"programmatic HTMLElement.focus used only for native inert","keyboardPath":["Shift+Tab skips appended hidden/disabled fixtures -> 取消","Tab -> 关闭","focus-loss fixture then real Tab -> 关闭"]}
2026-09-12T08:49:17.5438940Z PASS native back cancel/confirm and forward preserve the intended history entry {"unloadProbe":{"defaultPrevented":true,"dispatchReturned":false,"fixture":"cancelable browser event; no user-agent prompt"},"lowerDrawerInertWhilePromptOpen":true,"focusRestoredToDrawer":true}
2026-09-12T08:49:17.5446146Z PASS 320px long drawer scroll keeps the action footer reachable {"viewport":"320x568 CSS pixels","documentOverflow":0,"optionalIdIncluded":false,"actualMouseWheel":{"before":668,"after":991},"surfaces":[{"selector":".drawer","metrics":{"left":0,"right":320,"width":320,"clientWidth":320,"scrollWidth":320,"innerWidth":320}},{"selector":".drawer-header","metrics":{"left":0,"right":320,"width":320,"clientWidth":320,"scrollWidth":320,"innerWidth":320}},{"selector":".drawer-body","metrics":{"left":0,"right":320,"width":320,"clientWidth":320,"scrollWidth":320,"innerWidth":320}},{"selector":".drawer-footer","metrics":{"left":0,"right":320,"width":320,"clientWidth":320,"scrollWidth":320,"innerWidth":320}}],"noteRect":{"left":20,"right":300,"top":49.399993896484375,"bottom":139.39999389648438,"width":280,"height":90,"innerWidth":320,"innerHeight":568},"footerActions":[{"action":"取消","rect":{"left":20,"right":156,"top":512.5,"bottom":548.5,"width":136,"height":36,"innerWidth":320,"innerHeight":568}},{"action":"查看 Change Set","rect":{"left":164,"right":300,"top":512.5,"bottom":548.5,"width":136,"height":36,"innerWidth":320,"innerHeight":568}}]}
2026-09-12T08:49:17.5455369Z PASS 320px Change Set owns horizontal/vertical overflow and keeps actions reachable {"keyboardPath":["Shift+Tab -> 确认并保存草稿","Tab -> 变更字段对比，可横向滚动","Tab -> 发布单标题","Tab -> 选择已有草稿"],"documentOverflow":0,"scrolling":{"horizontal":{"client":288,"total":600,"offset":312},"vertical":{"client":87,"total":700,"offset":613}},"footerActions":[{"action":"放弃本次编辑","rect":{"left":32,"right":155.5,"top":455,"bottom":491,"width":123.5,"height":36,"innerWidth":320,"innerHeight":568}},{"action":"返回修改","rect":{"left":164.5,"right":288,"top":455,"bottom":491,"width":123.5,"height":36,"innerWidth":320,"innerHeight":568}},{"action":"确认并保存草稿","rect":{"left":32,"right":288,"top":500,"bottom":536,"width":256,"height":36,"innerWidth":320,"innerHeight":568}}]}
2026-09-12T08:49:17.5458751Z PASS only the top nested leave dialog handles Tab/Escape and focus returns to Change Set {"lowerChangeSetInert":true,"bodyRemainedLocked":true}
2026-09-12T08:49:17.5461039Z PASS real MySQL rejection freezes raw CR; a copied draft requires explicit LF conversion before editing {"status":422,"rejectedOrder":"c1902f74fa6891fae89bd166111de0fb","rawHex":"7072656669782d66697265666f780d0a7365636f6e640d7461696c","submittedHex":"7072656669782d66697265666f780d0a7365636f6e640d7461696c","clipboardBoundary":"synthetic paste Event with injected DataTransfer; no OS clipboard access"}
2026-09-12T08:49:17.5464374Z PASS 390px unknown release-draft recovery replays one intent and then publishes it {"faultEvidence":{"actualStatus":201,"requestId":"rcc-e33669e26e9d7945cc56ffd1fa6d85da","injectedStatus":503},"releaseDraftRequests":2,"replayedOriginalBodyAndKey":true,"releaseOrder":"6ce12f9fec8d36761fb1415cddb4cb17","sqlRows":1,"faultBoundary":"Playwright API response fault injection after route.fetch durably created the release draft","documentOverflow":0}
2026-09-12T08:49:17.5466661Z Running browser-accessibility (webkit)...
2026-09-12T08:49:44.5339304Z PASS drawer background is inert and actual Shift+Tab/Tab loops inside the drawer {"inert":true,"focusStayedInTopModal":true,"bodyClasses":["modal-open"],"rootLocked":true,"focusProbe":"programmatic HTMLElement.focus used only for native inert","keyboardPath":["Shift+Tab skips appended hidden/disabled fixtures -> 取消","Tab -> 关闭","focus-loss fixture then real Tab -> 关闭"]}
2026-09-12T08:49:44.5343495Z PASS native back cancel/confirm and forward preserve the intended history entry {"unloadProbe":{"defaultPrevented":true,"dispatchReturned":false,"fixture":"cancelable browser event; no user-agent prompt"},"lowerDrawerInertWhilePromptOpen":true,"focusRestoredToDrawer":true}
2026-09-12T08:49:44.5350570Z PASS 320px long drawer scroll keeps the action footer reachable {"viewport":"320x568 CSS pixels","documentOverflow":0,"optionalIdIncluded":false,"actualMouseWheel":{"before":668,"after":690},"surfaces":[{"selector":".drawer","metrics":{"left":0,"right":320,"width":320,"clientWidth":320,"scrollWidth":320,"innerWidth":320}},{"selector":".drawer-header","metrics":{"left":0,"right":320,"width":320,"clientWidth":320,"scrollWidth":320,"innerWidth":320}},{"selector":".drawer-body","metrics":{"left":0,"right":320,"width":320,"clientWidth":320,"scrollWidth":320,"innerWidth":320}},{"selector":".drawer-footer","metrics":{"left":0,"right":320,"width":320,"clientWidth":320,"scrollWidth":320,"innerWidth":320}}],"noteRect":{"left":20,"right":300,"top":235.3125,"bottom":325.3125,"width":280,"height":90,"innerWidth":320,"innerHeight":568},"footerActions":[{"action":"取消","rect":{"left":20,"right":156,"top":512.5,"bottom":548.5,"width":136,"height":36,"innerWidth":320,"innerHeight":568}},{"action":"查看 Change Set","rect":{"left":164,"right":300,"top":512.5,"bottom":548.5,"width":136,"height":36,"innerWidth":320,"innerHeight":568}}]}
2026-09-12T08:49:44.5361390Z PASS 320px Change Set owns horizontal/vertical overflow and keeps actions reachable {"keyboardPath":["Shift+Tab -> 确认并保存草稿","Tab -> 变更字段对比，可横向滚动","Tab -> 发布单标题","Tab -> 选择已有草稿"],"documentOverflow":0,"scrolling":{"horizontal":{"client":288,"total":600,"offset":312},"vertical":{"client":87,"total":700,"offset":613}},"footerActions":[{"action":"放弃本次编辑","rect":{"left":32,"right":155.5,"top":455,"bottom":491,"width":123.5,"height":36,"innerWidth":320,"innerHeight":568}},{"action":"返回修改","rect":{"left":164.5,"right":288,"top":455,"bottom":491,"width":123.5,"height":36,"innerWidth":320,"innerHeight":568}},{"action":"确认并保存草稿","rect":{"left":32,"right":288,"top":500,"bottom":536,"width":256,"height":36,"innerWidth":320,"innerHeight":568}}]}
2026-09-12T08:49:44.5364186Z PASS only the top nested leave dialog handles Tab/Escape and focus returns to Change Set {"lowerChangeSetInert":true,"bodyRemainedLocked":true}
2026-09-12T08:49:44.5366811Z PASS real MySQL rejection freezes raw CR; a copied draft requires explicit LF conversion before editing {"status":422,"rejectedOrder":"e841d131dd04d5d09ff435ce5b5db314","rawHex":"7072656669782d7765626b69740d0a7365636f6e640d7461696c","submittedHex":"7072656669782d7765626b69740d0a7365636f6e640d7461696c","clipboardBoundary":"synthetic paste Event with injected DataTransfer; no OS clipboard access"}
2026-09-12T08:49:44.5370174Z PASS 390px unknown release-draft recovery replays one intent and then publishes it {"faultEvidence":{"actualStatus":201,"requestId":"rcc-9a7394ec7be995b076d99883cc9353b0","injectedStatus":503},"releaseDraftRequests":2,"replayedOriginalBodyAndKey":true,"releaseOrder":"8fde0a0372126b686829643712ae7527","sqlRows":1,"faultBoundary":"Playwright API response fault injection after route.fetch durably created the release draft","documentOverflow":0}
2026-09-12T08:49:44.5371826Z Running release drafts...
2026-09-12T08:49:57.1883836Z PASS EDITOR saves from data page; lost response survives refresh and original-key retry
2026-09-12T08:49:57.1885258Z PASS durable detail reload retains server diff; business row and version remain unchanged
2026-09-12T08:49:57.1886445Z PASS two real windows retain input on CAS conflict and require explicit reconstruction
2026-09-12T08:49:57.1888607Z PASS unknown edit rejected after concurrent change survives two refreshes and explicitly rebuilds original intent
2026-09-12T08:49:57.1889698Z PASS cancelled drafts remain searchable with permanent applicant and history on narrow screens
2026-09-12T08:49:57.1890367Z PASS current VIEWER can read release history without edit/cancel actions
2026-09-12T08:49:57.1893055Z {"checks":["EDITOR saves from data page; lost response survives refresh and original-key retry","durable detail reload retains server diff; business row and version remain unchanged","two real windows retain input on CAS conflict and require explicit reconstruction","unknown edit rejected after concurrent change survives two refreshes and explicitly rebuilds original intent","cancelled drafts remain searchable with permanent applicant and history on narrow screens","current VIEWER can read release history without edit/cancel actions"]}
2026-09-12T08:49:57.1901627Z Running release approvals...
2026-09-12T08:50:21.2563856Z PASS people lookup failure falls back to permanent IDs with diagnostics and an independent retry
2026-09-12T08:50:21.2565287Z PASS EDITOR submits and sees frozen read-only differences with no self-approval action
2026-09-12T08:50:21.2566856Z PASS Approval-role member rejects with a required reason; applicant explicitly reads and confirms a new draft without inherited approval
2026-09-12T08:50:21.2569302Z PASS Approval-role member recovers a committed lost approval response after refresh using original key and state version
2026-09-12T08:50:21.2570377Z PASS partial MODIFY hides omitted fields by default, restores their distinct state in full view and retains requested changes and generated fields
2026-09-12T08:50:21.2571491Z PASS detail presents saved table flows and whole-order phase, long title/value/IDs, copy feedback and keyboard folding on desktop and 390px
2026-09-12T08:50:21.2572656Z PASS pre-dispatch unknown reprepare keeps APPROVED and preserves original request while current-state actions follow present roles across close and reload
2026-09-12T08:50:21.2573876Z PASS applicant reviews current configuration and recovers one atomic replacement across pre-dispatch and post-commit loss with the same body and key
2026-09-12T08:50:21.2575336Z PASS applicant cancels an approved order; history survives refresh and actual business data remains unchanged on narrow viewport
2026-09-12T08:50:21.2580840Z {"checks":["people lookup failure falls back to permanent IDs with diagnostics and an independent retry","EDITOR submits and sees frozen read-only differences with no self-approval action","Approval-role member rejects with a required reason; applicant explicitly reads and confirms a new draft without inherited approval","Approval-role member recovers a committed lost approval response after refresh using original key and state version","partial MODIFY hides omitted fields by default, restores their distinct state in full view and retains requested changes and generated fields","detail presents saved table flows and whole-order phase, long title/value/IDs, copy feedback and keyboard folding on desktop and 390px","pre-dispatch unknown reprepare keeps APPROVED and preserves original request while current-state actions follow present roles across close and reload","applicant reviews current configuration and recovers one atomic replacement across pre-dispatch and post-commit loss with the same body and key","applicant cancels an approved order; history survives refresh and actual business data remains unchanged on narrow viewport"]}
2026-09-12T08:50:21.2588660Z Running release batches...
2026-09-12T08:50:41.6639505Z PASS data-page MODIFY creates a draft; detail link preselects its table and destination; two explicit row selections append DELETEs without touching data
2026-09-12T08:50:41.6640685Z PASS detail editor removes a selected later item and edits a retained item; a new ADD appends to the same mixed draft
2026-09-12T08:50:41.6642128Z PASS independent VIEWER table-role member approves all mixed items; EDITOR/PUBLISHER recovers a genuinely committed lost execute response after refresh with the original key and no duplicate rows/history
2026-09-12T08:50:41.6643941Z PASS 1000-item detail shows the complete count and paging reaches the actual final item on desktop and 390px mobile
2026-09-12T08:50:41.6645325Z PASS UI submission, independent approval and execution publish all 1000 items; all actual IDs match real queried rows and result paging reaches item 1000 on desktop/mobile
2026-09-12T08:50:41.6649212Z {"checks":["data-page MODIFY creates a draft; detail link preselects its table and destination; two explicit row selections append DELETEs without touching data","detail editor removes a selected later item and edits a retained item; a new ADD appends to the same mixed draft","independent VIEWER table-role member approves all mixed items; EDITOR/PUBLISHER recovers a genuinely committed lost execute response after refresh with the original key and no duplicate rows/history","1000-item detail shows the complete count and paging reaches the actual final item on desktop and 390px mobile","UI submission, independent approval and execution publish all 1000 items; all actual IDs match real queried rows and result paging reaches item 1000 on desktop/mobile"]}
2026-09-12T08:50:41.6657390Z Running publication and rollback (chromium)...
2026-09-12T08:50:56.8468129Z PASS separate EDITOR, VIEWER table-role member and PUBLISHER accounts complete the forward publication
2026-09-12T08:50:56.8469428Z PASS completion confirms release and closing quick rollback, cancellation does not write, repeated clicks and lost response restore the original request without changing configuration
2026-09-12T08:50:56.8470403Z PASS completion permanently closes both rollback entry points
2026-09-12T08:50:56.8471623Z PASS quick rollback is publisher-only, reviews actual current and restoration values, has no mandatory reason and cancels without writes on desktop and 390px
2026-09-12T08:50:56.8472603Z PASS the original detail switches preserved application, actual publication and actual rollback
2026-09-12T08:50:56.8473763Z PASS quick rollback commits once without approval; lost response and reload recover the same preview digest, reason and key, record the actual publisher and finish the original order
2026-09-12T08:50:56.8475306Z PASS a real competing completion rejects an already reviewed quick rollback, preserves its reason and prevents rebuilding after the original order ends
2026-09-12T08:50:56.8479879Z {"checks":["separate EDITOR, VIEWER table-role member and PUBLISHER accounts complete the forward publication","completion confirms release and closing quick rollback, cancellation does not write, repeated clicks and lost response restore the original request without changing configuration","completion permanently closes both rollback entry points","quick rollback is publisher-only, reviews actual current and restoration values, has no mandatory reason and cancels without writes on desktop and 390px","the original detail switches preserved application, actual publication and actual rollback","quick rollback commits once without approval; lost response and reload recover the same preview digest, reason and key, record the actual publisher and finish the original order","a real competing completion rejects an already reviewed quick rollback, preserves its reason and prevents rebuilding after the original order ends"]}
2026-09-12T08:50:56.8486100Z Running session, conflict and unknown recovery (chromium)...
2026-09-12T08:51:17.2695266Z {"run_suffix":"6543aceb10f3","account_id":"55c2feb3-85be-44a4-a1f1-d72d35e58909","username":"browser.user.6543aceb10f3","member_username":"roles.member.6543aceb10f3","template_key":"browser_system_6543aceb10f3","checks":["record version conflict preserves input","explicit latest read and baseline rebuild","registration defaults VIEWER","maintenance ADMIN bootstrap","UI combination grant","390px role catalog and drawer","role history with permanent actor","original member session refresh","refresh","reopen","dirty navigation protection","same-account Change Set recovery after session loss","hidden drawer keyboard isolation","draft submit independent approval and publisher execution","unknown execute result reload and original-key recovery","final row defaults and permanent actor fields","refresh notification remains NOT_CONNECTED","no direct record write request","HTTP Cookie","storage/URL secrecy","logout rejection"]}Running publication and rollback (firefox)...
2026-09-12T08:51:37.1779515Z PASS separate EDITOR, VIEWER table-role member and PUBLISHER accounts complete the forward publication
2026-09-12T08:51:37.1781571Z PASS completion confirms release and closing quick rollback, cancellation does not write, repeated clicks and lost response restore the original request without changing configuration
2026-09-12T08:51:37.1783171Z PASS completion permanently closes both rollback entry points
2026-09-12T08:51:37.1785353Z PASS quick rollback is publisher-only, reviews actual current and restoration values, has no mandatory reason and cancels without writes on desktop and 390px
2026-09-12T08:51:37.1786422Z PASS the original detail switches preserved application, actual publication and actual rollback
2026-09-12T08:51:37.1787586Z PASS quick rollback commits once without approval; lost response and reload recover the same preview digest, reason and key, record the actual publisher and finish the original order
2026-09-12T08:51:37.1789145Z PASS a real competing completion rejects an already reviewed quick rollback, preserves its reason and prevents rebuilding after the original order ends
2026-09-12T08:51:37.1793775Z {"checks":["separate EDITOR, VIEWER table-role member and PUBLISHER accounts complete the forward publication","completion confirms release and closing quick rollback, cancellation does not write, repeated clicks and lost response restore the original request without changing configuration","completion permanently closes both rollback entry points","quick rollback is publisher-only, reviews actual current and restoration values, has no mandatory reason and cancels without writes on desktop and 390px","the original detail switches preserved application, actual publication and actual rollback","quick rollback commits once without approval; lost response and reload recover the same preview digest, reason and key, record the actual publisher and finish the original order","a real competing completion rejects an already reviewed quick rollback, preserves its reason and prevents rebuilding after the original order ends"]}
2026-09-12T08:51:37.1799874Z Running session, conflict and unknown recovery (firefox)...
2026-09-12T08:52:05.3889515Z {"run_suffix":"93633f76986f","account_id":"5b53378d-7727-4fcc-93ff-73f006119b3b","username":"browser.user.93633f76986f","member_username":"roles.member.93633f76986f","template_key":"browser_system_93633f76986f","checks":["record version conflict preserves input","explicit latest read and baseline rebuild","registration defaults VIEWER","maintenance ADMIN bootstrap","UI combination grant","390px role catalog and drawer","role history with permanent actor","original member session refresh","refresh","reopen","dirty navigation protection","same-account Change Set recovery after session loss","hidden drawer keyboard isolation","draft submit independent approval and publisher execution","unknown execute result reload and original-key recovery","final row defaults and permanent actor fields","refresh notification remains NOT_CONNECTED","no direct record write request","HTTP Cookie","storage/URL secrecy","logout rejection"]}Running publication and rollback (webkit)...
2026-09-12T08:52:25.6066540Z PASS separate EDITOR, VIEWER table-role member and PUBLISHER accounts complete the forward publication
2026-09-12T08:52:25.6068047Z PASS completion confirms release and closing quick rollback, cancellation does not write, repeated clicks and lost response restore the original request without changing configuration
2026-09-12T08:52:25.6069923Z PASS completion permanently closes both rollback entry points
2026-09-12T08:52:25.6071854Z PASS quick rollback is publisher-only, reviews actual current and restoration values, has no mandatory reason and cancels without writes on desktop and 390px
2026-09-12T08:52:25.6073477Z PASS the original detail switches preserved application, actual publication and actual rollback
2026-09-12T08:52:25.6075832Z PASS quick rollback commits once without approval; lost response and reload recover the same preview digest, reason and key, record the actual publisher and finish the original order
2026-09-12T08:52:25.6077988Z PASS a real competing completion rejects an already reviewed quick rollback, preserves its reason and prevents rebuilding after the original order ends
2026-09-12T08:52:25.6079430Z AssertionError [ERR_ASSERTION]: Expected values to be strictly deep-equal:
2026-09-12T08:52:25.6080111Z + actual - expected
2026-09-12T08:52:25.6080323Z 
2026-09-12T08:52:25.6080454Z + [
2026-09-12T08:52:25.6081167Z +   '/127.0.0.1:35863/api/v1/approval-notifications due to access control checks.'
2026-09-12T08:52:25.6081802Z + ]
2026-09-12T08:52:25.6082077Z - []
2026-09-12T08:52:25.6082282Z 
2026-09-12T08:52:25.6083244Z     at /home/runner/work/relational-config-center/relational-config-center/web/e2e/release-rollbacks.cjs:333:12 {
2026-09-12T08:52:25.6084256Z   generatedMessage: true,
2026-09-12T08:52:25.6084719Z   code: 'ERR_ASSERTION',
2026-09-12T08:52:25.6085521Z   actual: [Array],
2026-09-12T08:52:25.6086181Z   expected: [],
2026-09-12T08:52:25.6086618Z   operator: 'deepStrictEqual',
2026-09-12T08:52:25.6087036Z   diff: 'simple'
2026-09-12T08:52:25.6087367Z }
2026-09-12T08:52:28.3451646Z artifact directory: /home/runner/work/_temp/rcc-browser-acceptance
2026-09-12T08:52:28.3454807Z make: *** [Makefile:30: test-browser-acceptance] Error 1
2026-09-12T08:52:28.3469802Z ##[error]Process completed with exit code 2.
2026-09-12T08:52:28.3538950Z ##[group]Run actions/upload-artifact@v6
2026-09-12T08:52:28.3539267Z with:
2026-09-12T08:52:28.3539506Z   name: browser-acceptance-34683913900-1
2026-09-12T08:52:28.3539882Z   path: /home/runner/work/_temp/rcc-browser-acceptance
2026-09-12T08:52:28.3540227Z   if-no-files-found: error
2026-09-12T08:52:28.3540479Z   retention-days: 14
2026-09-12T08:52:28.3540708Z   compression-level: 6
2026-09-12T08:52:28.3540933Z   overwrite: false
2026-09-12T08:52:28.3541165Z   include-hidden-files: false
2026-09-12T08:52:28.3541415Z env:
2026-09-12T08:52:28.3541667Z   PNPM_HOME: /home/runner/setup-pnpm/node_modules/.bin
2026-09-12T08:52:28.3541986Z   GOTOOLCHAIN: local
2026-09-12T08:52:28.3542207Z ##[endgroup]
2026-09-12T08:52:28.5387834Z With the provided path, there will be 151 files uploaded
2026-09-12T08:52:28.5393760Z Artifact name is valid!
2026-09-12T08:52:28.5394709Z Root directory input is valid!
2026-09-12T08:52:28.8063317Z Beginning upload of artifact content to blob storage
2026-09-12T08:52:29.5868800Z Uploaded bytes 8388608
2026-09-12T08:52:29.6562824Z Uploaded bytes 11407270
2026-09-12T08:52:29.6863661Z Finished uploading artifact content to blob storage!
2026-09-12T08:52:29.6865191Z SHA256 digest of uploaded artifact zip is 2dc666562dc40c4beadd70fceda4bcc22bcaf0e4be573008de657a5cab16660c
2026-09-12T08:52:29.6866797Z Finalizing artifact upload
2026-09-12T08:52:29.9423330Z Artifact browser-acceptance-34683913900-1.zip successfully finalized. Artifact ID 10294514130
2026-09-12T08:52:29.9425218Z Artifact browser-acceptance-34683913900-1 has been successfully uploaded! Final size is 11407270 bytes. Artifact ID is 10294514130
2026-09-12T08:52:29.9428772Z Artifact download URL: https://github.com/asherzj/relational-config-center/actions/runs/34683913900/artifacts/10294514130
2026-09-12T08:52:29.9641834Z Post job cleanup.
2026-09-12T08:52:30.1097526Z Pruning is unnecessary.
2026-09-12T08:52:30.1284725Z Post job cleanup.
2026-09-12T08:52:30.2241814Z [command]/usr/bin/git version
2026-09-12T08:52:30.2288119Z git version 2.55.0
2026-09-12T08:52:30.2323099Z Temporarily overriding HOME='/home/runner/work/_temp/8d14f4ed-a9d9-42b8-85da-d5a918e93c02' before making global git config changes
2026-09-12T08:52:30.2325082Z Adding repository directory to the temporary git global config as a safe directory
2026-09-12T08:52:30.2329298Z [command]/usr/bin/git config --global --add safe.directory /home/runner/work/relational-config-center/relational-config-center
2026-09-12T08:52:30.2365092Z Removing SSH command configuration
2026-09-12T08:52:30.2372300Z [command]/usr/bin/git config --local --name-only --get-regexp core\.sshCommand
2026-09-12T08:52:30.2409405Z [command]/usr/bin/git submodule foreach --recursive sh -c "git config --local --name-only --get-regexp 'core\.sshCommand' && git config --local --unset-all 'core.sshCommand' || :"
2026-09-12T08:52:30.2675676Z Removing HTTP extra header
2026-09-12T08:52:30.2679993Z [command]/usr/bin/git config --local --name-only --get-regexp http\.https\:\/\/github\.com\/\.extraheader
2026-09-12T08:52:30.2718472Z [command]/usr/bin/git submodule foreach --recursive sh -c "git config --local --name-only --get-regexp 'http\.https\:\/\/github\.com\/\.extraheader' && git config --local --unset-all 'http.https://github.com/.extraheader' || :"
2026-09-12T08:52:30.3003120Z Removing includeIf entries pointing to credentials config files
2026-09-12T08:52:30.3010702Z [command]/usr/bin/git config --local --name-only --get-regexp ^includeIf\.gitdir:
2026-09-12T08:52:30.3047514Z includeif.gitdir:/home/runner/work/relational-config-center/relational-config-center/.git.path
2026-09-12T08:52:30.3048628Z includeif.gitdir:/home/runner/work/relational-config-center/relational-config-center/.git/worktrees/*.path
2026-09-12T08:52:30.3049397Z includeif.gitdir:/github/workspace/.git.path
2026-09-12T08:52:30.3049955Z includeif.gitdir:/github/workspace/.git/worktrees/*.path
2026-09-12T08:52:30.3058966Z [command]/usr/bin/git config --local --get-all includeif.gitdir:/home/runner/work/relational-config-center/relational-config-center/.git.path
2026-09-12T08:52:30.3088166Z /home/runner/work/_temp/git-credentials-264f954a-5a76-4dec-9ba0-5dffb2b52203.config
2026-09-12T08:52:30.3100857Z [command]/usr/bin/git config --local --unset includeif.gitdir:/home/runner/work/relational-config-center/relational-config-center/.git.path \/home\/runner\/work\/_temp\/git\-credentials\-264f954a\-5a76\-4dec\-9ba0\-5dffb2b52203\.config
2026-09-12T08:52:30.3146931Z [command]/usr/bin/git config --local --get-all includeif.gitdir:/home/runner/work/relational-config-center/relational-config-center/.git/worktrees/*.path
2026-09-12T08:52:30.3187355Z /home/runner/work/_temp/git-credentials-264f954a-5a76-4dec-9ba0-5dffb2b52203.config
2026-09-12T08:52:30.3198614Z [command]/usr/bin/git config --local --unset includeif.gitdir:/home/runner/work/relational-config-center/relational-config-center/.git/worktrees/*.path \/home\/runner\/work\/_temp\/git\-credentials\-264f954a\-5a76\-4dec\-9ba0\-5dffb2b52203\.config
2026-09-12T08:52:30.3238135Z [command]/usr/bin/git config --local --get-all includeif.gitdir:/github/workspace/.git.path
2026-09-12T08:52:30.3271074Z /github/runner_temp/git-credentials-264f954a-5a76-4dec-9ba0-5dffb2b52203.config
2026-09-12T08:52:30.3278502Z [command]/usr/bin/git config --local --unset includeif.gitdir:/github/workspace/.git.path \/github\/runner_temp\/git\-credentials\-264f954a\-5a76\-4dec\-9ba0\-5dffb2b52203\.config
2026-09-12T08:52:30.3316691Z [command]/usr/bin/git config --local --get-all includeif.gitdir:/github/workspace/.git/worktrees/*.path
2026-09-12T08:52:30.3344633Z /github/runner_temp/git-credentials-264f954a-5a76-4dec-9ba0-5dffb2b52203.config
2026-09-12T08:52:30.3352606Z [command]/usr/bin/git config --local --unset includeif.gitdir:/github/workspace/.git/worktrees/*.path \/github\/runner_temp\/git\-credentials\-264f954a\-5a76\-4dec\-9ba0\-5dffb2b52203\.config
2026-09-12T08:52:30.3394684Z [command]/usr/bin/git submodule foreach --recursive git config --local --show-origin --name-only --get-regexp remote.origin.url
2026-09-12T08:52:30.3643526Z Removing credentials config '/home/runner/work/_temp/git-credentials-264f954a-5a76-4dec-9ba0-5dffb2b52203.config'
2026-09-12T08:52:30.3793895Z Cleaning up orphan processes
