2026-09-10T17:45:14.7824113Z Current runner version: '2.337.0'
2026-09-10T17:45:14.7851019Z ##[group]Runner Image Provisioner
2026-09-10T17:45:14.7851897Z Hosted Compute Agent
2026-09-10T17:45:14.7852608Z Version: 20260828.587
2026-09-10T17:45:14.7853272Z Commit: abac92662cab4cc7352de4f9f9d2e2419aad9c29
2026-09-10T17:45:14.7854009Z Build Date: 2026-08-28T16:44:25Z
2026-09-10T17:45:14.7854851Z Worker ID: {180d92e8-7706-4c08-919d-e1890754aa0b}
2026-09-10T17:45:14.7855595Z Azure Region: northcentralus
2026-09-10T17:45:14.7856287Z ##[endgroup]
2026-09-10T17:45:14.7857784Z ##[group]Operating System
2026-09-10T17:45:14.7858402Z Ubuntu
2026-09-10T17:45:14.7859116Z 24.04.5
2026-09-10T17:45:14.7859675Z LTS
2026-09-10T17:45:14.7860549Z ##[endgroup]
2026-09-10T17:45:14.7861153Z ##[group]Runner Image
2026-09-10T17:45:14.7861781Z Image: ubuntu-24.04
2026-09-10T17:45:14.7862471Z Version: 20260907.300.1
2026-09-10T17:45:14.7863838Z Included Software: https://github.com/actions/runner-images/blob/ubuntu24/20260907.300/images/ubuntu/Ubuntu2404-Readme.md
2026-09-10T17:45:14.7865478Z Image Release: https://github.com/actions/runner-images/releases/tag/ubuntu24%2F20260907.300
2026-09-10T17:45:14.7866474Z ##[endgroup]
2026-09-10T17:45:14.7867713Z ##[group]GITHUB_TOKEN Permissions
2026-09-10T17:45:14.7870233Z Contents: read
2026-09-10T17:45:14.7870982Z Metadata: read
2026-09-10T17:45:14.7871616Z ##[endgroup]
2026-09-10T17:45:14.7873886Z Secret source: Actions
2026-09-10T17:45:14.7874851Z Cache mode: write
2026-09-10T17:45:14.7875924Z Prepare workflow directory
2026-09-10T17:45:14.8295912Z Prepare all required actions
2026-09-10T17:45:14.8364111Z Getting action download info
2026-09-10T17:45:15.1116660Z Download action repository 'actions/checkout@v7' (SHA:3d3c42e5aac5ba805825da76410c181273ba90b1)
2026-09-10T17:45:15.1978675Z Download action repository 'pnpm/action-setup@v6' (SHA:0977fd99725f1db4007ccb2928dbb4e90d06cc86)
2026-09-10T17:45:15.4627820Z Download action repository 'actions/setup-node@v7' (SHA:820762786026740c76f36085b0efc47a31fe5020)
2026-09-10T17:45:15.5451445Z Download action repository 'actions/setup-go@v7' (SHA:b7ad1dad31e06c5925ef5d2fc7ad053ef454303e)
2026-09-10T17:45:15.9031200Z Download action repository 'actions/upload-artifact@v6' (SHA:b7c566a772e6b6bfb58ed0dc250532a479d7789f)
2026-09-10T17:45:16.1906216Z Complete job name: Browser acceptance
2026-09-10T17:45:16.2698739Z ##[group]Run actions/checkout@v7
2026-09-10T17:45:16.2699664Z with:
2026-09-10T17:45:16.2700410Z   repository: asherzj/relational-config-center
2026-09-10T17:45:16.2705133Z   token: ***
2026-09-10T17:45:16.2705616Z   ssh-strict: true
2026-09-10T17:45:16.2706115Z   ssh-user: git
2026-09-10T17:45:16.2706628Z   persist-credentials: true
2026-09-10T17:45:16.2707202Z   clean: true
2026-09-10T17:45:16.2707701Z   sparse-checkout-cone-mode: true
2026-09-10T17:45:16.2708305Z   fetch-depth: 1
2026-09-10T17:45:16.2708785Z   fetch-tags: false
2026-09-10T17:45:16.2709276Z   show-progress: true
2026-09-10T17:45:16.2709908Z   lfs: false
2026-09-10T17:45:16.2710373Z   submodules: false
2026-09-10T17:45:16.2710910Z   set-safe-directory: true
2026-09-10T17:45:16.2711485Z   allow-unsafe-pr-checkout: false
2026-09-10T17:45:16.2712299Z ##[endgroup]
2026-09-10T17:45:16.3750182Z Syncing repository: asherzj/relational-config-center
2026-09-10T17:45:16.3752240Z ##[group]Getting Git version info
2026-09-10T17:45:16.3753904Z Working directory is '/home/runner/work/relational-config-center/relational-config-center'
2026-09-10T17:45:16.3756141Z [command]/usr/bin/git version
2026-09-10T17:45:16.3916537Z git version 2.55.0
2026-09-10T17:45:16.3923750Z ##[endgroup]
2026-09-10T17:45:16.3934144Z Temporarily overriding HOME='/home/runner/work/_temp/898728ca-0a4f-4b3a-8e38-09b0f430a11d' before making global git config changes
2026-09-10T17:45:16.3937148Z Adding repository directory to the temporary git global config as a safe directory
2026-09-10T17:45:16.3940620Z [command]/usr/bin/git config --global --add safe.directory /home/runner/work/relational-config-center/relational-config-center
2026-09-10T17:45:16.3945148Z Deleting the contents of '/home/runner/work/relational-config-center/relational-config-center'
2026-09-10T17:45:16.3947901Z ##[group]Determining repository object format
2026-09-10T17:45:16.3949441Z ##[endgroup]
2026-09-10T17:45:16.3950887Z ##[group]Initializing the repository
2026-09-10T17:45:16.3952523Z [command]/usr/bin/git init /home/runner/work/relational-config-center/relational-config-center
2026-09-10T17:45:16.4017545Z hint: Using 'master' as the name for the initial branch. This default branch name
2026-09-10T17:45:16.4019618Z hint: will change to "main" in Git 3.0. To configure the initial branch name
2026-09-10T17:45:16.4024167Z hint: to use in all of your new repositories, which will suppress this warning,
2026-09-10T17:45:16.4025874Z hint: call:
2026-09-10T17:45:16.4027166Z hint:
2026-09-10T17:45:16.4028203Z hint: 	git config --global init.defaultBranch <name>
2026-09-10T17:45:16.4029383Z hint:
2026-09-10T17:45:16.4030737Z hint: Names commonly chosen instead of 'master' are 'main', 'trunk' and
2026-09-10T17:45:16.4032615Z hint: 'development'. The just-created branch can be renamed via this command:
2026-09-10T17:45:16.4033997Z hint:
2026-09-10T17:45:16.4034706Z hint: 	git branch -m <name>
2026-09-10T17:45:16.4035571Z hint:
2026-09-10T17:45:16.4036697Z hint: Disable this message with "git config set advice.defaultBranchName false"
2026-09-10T17:45:16.4039131Z Initialized empty Git repository in /home/runner/work/relational-config-center/relational-config-center/.git/
2026-09-10T17:45:16.4041731Z [command]/usr/bin/git remote add origin https://github.com/asherzj/relational-config-center
2026-09-10T17:45:16.4081859Z ##[endgroup]
2026-09-10T17:45:16.4083425Z ##[group]Disabling automatic garbage collection
2026-09-10T17:45:16.4085496Z [command]/usr/bin/git config --local gc.auto 0
2026-09-10T17:45:16.4120903Z ##[endgroup]
2026-09-10T17:45:16.4131591Z ##[group]Setting up auth
2026-09-10T17:45:16.4132812Z Removing SSH command configuration
2026-09-10T17:45:16.4134176Z [command]/usr/bin/git config --local --name-only --get-regexp core\.sshCommand
2026-09-10T17:45:16.4167698Z [command]/usr/bin/git submodule foreach --recursive sh -c "git config --local --name-only --get-regexp 'core\.sshCommand' && git config --local --unset-all 'core.sshCommand' || :"
2026-09-10T17:45:16.4496953Z Removing HTTP extra header
2026-09-10T17:45:16.4503894Z [command]/usr/bin/git config --local --name-only --get-regexp http\.https\:\/\/github\.com\/\.extraheader
2026-09-10T17:45:16.4569233Z [command]/usr/bin/git submodule foreach --recursive sh -c "git config --local --name-only --get-regexp 'http\.https\:\/\/github\.com\/\.extraheader' && git config --local --unset-all 'http.https://github.com/.extraheader' || :"
2026-09-10T17:45:16.4808832Z Removing includeIf entries pointing to credentials config files
2026-09-10T17:45:16.4814212Z [command]/usr/bin/git config --local --name-only --get-regexp ^includeIf\.gitdir:
2026-09-10T17:45:16.4851714Z [command]/usr/bin/git submodule foreach --recursive git config --local --show-origin --name-only --get-regexp remote.origin.url
2026-09-10T17:45:16.5094793Z [command]/usr/bin/git config --file /home/runner/work/_temp/git-credentials-cc30282e-ccdf-4441-b1a9-2a183fef1b76.config http.https://github.com/.extraheader AUTHORIZATION: basic ***
2026-09-10T17:45:16.5136747Z [command]/usr/bin/git config --local includeIf.gitdir:/home/runner/work/relational-config-center/relational-config-center/.git.path /home/runner/work/_temp/git-credentials-cc30282e-ccdf-4441-b1a9-2a183fef1b76.config
2026-09-10T17:45:16.5172153Z [command]/usr/bin/git config --local includeIf.gitdir:/home/runner/work/relational-config-center/relational-config-center/.git/worktrees/*.path /home/runner/work/_temp/git-credentials-cc30282e-ccdf-4441-b1a9-2a183fef1b76.config
2026-09-10T17:45:16.5211586Z [command]/usr/bin/git config --local includeIf.gitdir:/github/workspace/.git.path /github/runner_temp/git-credentials-cc30282e-ccdf-4441-b1a9-2a183fef1b76.config
2026-09-10T17:45:16.5249724Z [command]/usr/bin/git config --local includeIf.gitdir:/github/workspace/.git/worktrees/*.path /github/runner_temp/git-credentials-cc30282e-ccdf-4441-b1a9-2a183fef1b76.config
2026-09-10T17:45:16.5282060Z ##[endgroup]
2026-09-10T17:45:16.5282894Z ##[group]Fetching the repository
2026-09-10T17:45:16.5288975Z [command]/usr/bin/git -c protocol.version=2 fetch --no-tags --prune --no-recurse-submodules --depth=1 origin +cafa2476d2d2c65f4b1ecb20913b730fd77c2e93:refs/remotes/pull/99/merge
2026-09-10T17:45:18.1382098Z From https://github.com/asherzj/relational-config-center
2026-09-10T17:45:18.1384093Z  * [new ref]         cafa2476d2d2c65f4b1ecb20913b730fd77c2e93 -> pull/99/merge
2026-09-10T17:45:18.1387253Z ##[endgroup]
2026-09-10T17:45:18.1387928Z ##[group]Determining the checkout info
2026-09-10T17:45:18.1388767Z ##[endgroup]
2026-09-10T17:45:18.1394002Z [command]/usr/bin/git sparse-checkout disable
2026-09-10T17:45:18.1447271Z [command]/usr/bin/git config --local --unset-all extensions.worktreeConfig
2026-09-10T17:45:18.1482377Z ##[group]Checking out the ref
2026-09-10T17:45:18.1486341Z [command]/usr/bin/git checkout --progress --force refs/remotes/pull/99/merge
2026-09-10T17:45:18.2673417Z Note: switching to 'refs/remotes/pull/99/merge'.
2026-09-10T17:45:18.2673903Z 
2026-09-10T17:45:18.2674285Z You are in 'detached HEAD' state. You can look around, make experimental
2026-09-10T17:45:18.2675152Z changes and commit them, and you can discard any commits you make in this
2026-09-10T17:45:18.2676024Z state without impacting any branches by switching back to a branch.
2026-09-10T17:45:18.2676628Z 
2026-09-10T17:45:18.2677014Z If you want to create a new branch to retain commits you create, you may
2026-09-10T17:45:18.2677820Z do so (now or later) by using -c with the switch command. Example:
2026-09-10T17:45:18.2678286Z 
2026-09-10T17:45:18.2678509Z   git switch -c <new-branch-name>
2026-09-10T17:45:18.2678821Z 
2026-09-10T17:45:18.2679050Z Or undo this operation with:
2026-09-10T17:45:18.2679344Z 
2026-09-10T17:45:18.2679526Z   git switch -
2026-09-10T17:45:18.2680346Z 
2026-09-10T17:45:18.2680870Z Turn off this advice by setting config variable advice.detachedHead to false
2026-09-10T17:45:18.2681476Z 
2026-09-10T17:45:18.2682061Z HEAD is now at cafa247 Merge dafdde3a4a41a2b8afd03ae57fa51b9908fae08b into 9aa4bdd38ec9122b06a8899bdfd2f165cbcc7b5f
2026-09-10T17:45:18.2687035Z ##[endgroup]
2026-09-10T17:45:18.2739011Z [command]/usr/bin/git log -1 --format=%H
2026-09-10T17:45:18.2771253Z cafa2476d2d2c65f4b1ecb20913b730fd77c2e93
2026-09-10T17:45:18.3037248Z ##[group]Run pnpm/action-setup@v6
2026-09-10T17:45:18.3037606Z with:
2026-09-10T17:45:18.3037870Z   version: 10.28.2
2026-09-10T17:45:18.3038148Z   dest: ~/setup-pnpm
2026-09-10T17:45:18.3038424Z   run_install: null
2026-09-10T17:45:18.3038690Z   cache: false
2026-09-10T17:45:18.3038986Z   cache_dependency_path: pnpm-lock.yaml
2026-09-10T17:45:18.3039377Z   package_json_file: package.json
2026-09-10T17:45:18.3039697Z   standalone: false
2026-09-10T17:45:18.3040189Z ##[endgroup]
2026-09-10T17:45:18.4542469Z ##[group]Running self-installer...
2026-09-10T17:45:20.0172856Z 
2026-09-10T17:45:20.0173372Z added 1 package, and audited 2 packages in 1s
2026-09-10T17:45:20.0173852Z 
2026-09-10T17:45:20.0174099Z 1 package is looking for funding
2026-09-10T17:45:20.0174571Z   run `npm fund` for details
2026-09-10T17:45:20.0180796Z 
2026-09-10T17:45:20.0181060Z found 0 vulnerabilities
2026-09-10T17:45:20.6249528Z Checking for updates...
2026-09-10T17:45:21.0186983Z Switching pnpm from v11.19.0 to v10.28.2...
2026-09-10T17:45:21.5141161Z .../v11/8ea-1a08c6c94ad-3d0caf9ea9c35931 | Progress: resolved 1, reused 0, downloaded 0, added 0
2026-09-10T17:45:21.5163695Z .../v11/8ea-1a08c6c94ad-3d0caf9ea9c35931 |   +1 +
2026-09-10T17:45:21.7810767Z .../v11/8ea-1a08c6c94ad-3d0caf9ea9c35931 | Progress: resolved 1, reused 0, downloaded 1, added 1, done
2026-09-10T17:45:22.1622843Z [WARN] Detected a pnpm v10 installation layout at PNPM_HOME. The pnpm shims at PNPM_HOME have been refreshed so the new version is active, but pnpm v11 expects bins in PNPM_HOME/bin. Run "pnpm setup" to migrate your PATH to the v11 layout.
2026-09-10T17:45:22.1651555Z Successfully updated pnpm to v10.28.2
2026-09-10T17:45:22.1958574Z ##[endgroup]
2026-09-10T17:45:22.1958930Z Installation Completed!
2026-09-10T17:45:22.2153033Z ##[group]Run actions/setup-node@v7
2026-09-10T17:45:22.2153314Z with:
2026-09-10T17:45:22.2153520Z   node-version: 24.19.0
2026-09-10T17:45:22.2153751Z   cache: pnpm
2026-09-10T17:45:22.2153992Z   cache-dependency-path: web/pnpm-lock.yaml
2026-09-10T17:45:22.2154307Z   check-latest: false
2026-09-10T17:45:22.2156582Z   token: ***
2026-09-10T17:45:22.2156810Z   package-manager-cache: true
2026-09-10T17:45:22.2157058Z env:
2026-09-10T17:45:22.2157302Z   PNPM_HOME: /home/runner/setup-pnpm/node_modules/.bin
2026-09-10T17:45:22.2157609Z ##[endgroup]
2026-09-10T17:45:22.3401345Z Attempting to download 24.19.0...
2026-09-10T17:45:22.9854962Z Acquiring 24.19.0 - x64 from https://github.com/actions/node-versions/releases/download/24.19.0-30872449280/node-24.19.0-linux-x64.tar.gz
2026-09-10T17:45:23.4328342Z Extracting ...
2026-09-10T17:45:23.4453792Z [command]/usr/bin/tar xz --strip 1 --warning=no-unknown-keyword --overwrite -C /home/runner/work/_temp/b5b6b745-55c7-4b65-856a-379f8dc47663 -f /home/runner/work/_temp/26926cad-851c-4178-b560-2ef64bdcf9c5
2026-09-10T17:45:24.7822553Z Adding to the cache ...
2026-09-10T17:45:26.5023395Z ##[group]Environment details
2026-09-10T17:45:26.7328636Z node: v24.19.0
2026-09-10T17:45:26.7329020Z npm: 11.17.0
2026-09-10T17:45:26.7329272Z yarn: 1.22.22
2026-09-10T17:45:26.7330260Z ##[endgroup]
2026-09-10T17:45:26.7348844Z [command]/home/runner/setup-pnpm/node_modules/.bin/bin/pnpm store path --silent
2026-09-10T17:45:27.0973792Z /home/runner/setup-pnpm/node_modules/.bin/store/v10
2026-09-10T17:45:27.2280186Z pnpm cache is not found
2026-09-10T17:45:27.2463541Z ##[group]Run actions/setup-go@v7
2026-09-10T17:45:27.2463813Z with:
2026-09-10T17:45:27.2464024Z   go-version-file: go.work
2026-09-10T17:45:27.2464313Z   cache-dependency-path: go.work.sum
admin/go.sum

2026-09-10T17:45:27.2464651Z   check-latest: false
2026-09-10T17:45:27.2466868Z   token: ***
2026-09-10T17:45:27.2467080Z   cache: true
2026-09-10T17:45:27.2467272Z env:
2026-09-10T17:45:27.2467523Z   PNPM_HOME: /home/runner/setup-pnpm/node_modules/.bin
2026-09-10T17:45:27.2467832Z ##[endgroup]
2026-09-10T17:45:27.3660032Z Setup go version spec 1.27.0
2026-09-10T17:45:27.3661613Z Attempting to download 1.27.0...
2026-09-10T17:45:28.0242478Z matching 1.27.0...
2026-09-10T17:45:28.0253463Z Acquiring 1.27.0 from https://github.com/actions/go-versions/releases/download/1.27.0-32325163857/go-1.27.0-linux-x64.tar.gz
2026-09-10T17:45:28.4624659Z Extracting Go...
2026-09-10T17:45:28.4747204Z [command]/usr/bin/tar xz --warning=no-unknown-keyword --overwrite -C /home/runner/work/_temp/d965f26f-4032-42c2-bd0b-a6315bf01f09 -f /home/runner/work/_temp/3a4bbb9f-07a4-4a5e-9f95-42420a741415
2026-09-10T17:45:30.3043749Z Successfully extracted go to /home/runner/work/_temp/d965f26f-4032-42c2-bd0b-a6315bf01f09
2026-09-10T17:45:30.3044618Z Adding to the cache ...
2026-09-10T17:45:35.0854348Z Successfully cached go to /opt/hostedtoolcache/go/1.27.0/x64
2026-09-10T17:45:35.0856460Z Added go to the path
2026-09-10T17:45:35.0858407Z Successfully set up Go version 1.27.0
2026-09-10T17:45:35.1089180Z [command]/opt/hostedtoolcache/go/1.27.0/x64/bin/go env GOMODCACHE
2026-09-10T17:45:35.1128832Z [command]/opt/hostedtoolcache/go/1.27.0/x64/bin/go env GOCACHE
2026-09-10T17:45:35.1171489Z /home/runner/go/pkg/mod
2026-09-10T17:45:35.1188816Z /home/runner/.cache/go-build
2026-09-10T17:45:35.2709355Z Cache hit for: setup-go-Linux-x64-ubuntu24-go-1.27.0-a4c974d25c2ff2b488ec7c31b3913c3d40db1acfb66ede9ea1799465bdebed65
2026-09-10T17:45:36.3565453Z Received 109330780 of 109330780 (100.0%), 112.1 MBs/sec
2026-09-10T17:45:36.3565970Z Cache Size: ~104 MB (109330780 B)
2026-09-10T17:45:36.3667791Z [command]/usr/bin/tar -xf /home/runner/work/_temp/d5aba0d2-2299-4162-b371-f55fd8fc2ad1/cache.tzst -P -C /home/runner/work/relational-config-center/relational-config-center --use-compress-program unzstd
2026-09-10T17:45:37.3684859Z Cache restored successfully
2026-09-10T17:45:37.3744334Z Cache restored from key: setup-go-Linux-x64-ubuntu24-go-1.27.0-a4c974d25c2ff2b488ec7c31b3913c3d40db1acfb66ede9ea1799465bdebed65
2026-09-10T17:45:37.3751369Z go version go1.27.0 linux/amd64
2026-09-10T17:45:37.3751670Z 
2026-09-10T17:45:37.3752133Z ##[group]go env
2026-09-10T17:45:37.3906774Z AR='ar'
2026-09-10T17:45:37.3907232Z CC='gcc'
2026-09-10T17:45:37.3907491Z CGO_CFLAGS='-O2 -g'
2026-09-10T17:45:37.3907753Z CGO_CPPFLAGS=''
2026-09-10T17:45:37.3908023Z CGO_CXXFLAGS='-O2 -g'
2026-09-10T17:45:37.3908291Z CGO_ENABLED='1'
2026-09-10T17:45:37.3908528Z CGO_FFLAGS='-O2 -g'
2026-09-10T17:45:37.3908768Z CGO_LDFLAGS='-O2 -g'
2026-09-10T17:45:37.3909035Z CXX='g++'
2026-09-10T17:45:37.3909315Z GCCGO='gccgo'
2026-09-10T17:45:37.3909535Z GO111MODULE=''
2026-09-10T17:45:37.3909761Z GOAMD64='v1'
2026-09-10T17:45:37.3910191Z GOARCH='amd64'
2026-09-10T17:45:37.3910409Z GOAUTH='netrc'
2026-09-10T17:45:37.3910688Z GOBIN='/home/runner/go/bin'
2026-09-10T17:45:37.3911028Z GOCACHE='/home/runner/.cache/go-build'
2026-09-10T17:45:37.3911320Z GOCACHEPROG=''
2026-09-10T17:45:37.3911535Z GODEBUG=''
2026-09-10T17:45:37.3911808Z GOENV='/home/runner/.config/go/env'
2026-09-10T17:45:37.3912080Z GOEXE=''
2026-09-10T17:45:37.3912289Z GOEXPERIMENT=''
2026-09-10T17:45:37.3912516Z GOFIPS140='off'
2026-09-10T17:45:37.3912733Z GOFLAGS=''
2026-09-10T17:45:37.3913569Z GOGCCFLAGS='-fPIC -m64 -pthread -Wl,--no-gc-sections -fmessage-length=0 -ffile-prefix-map=/tmp/go-build4114345760=/tmp/go-build -gno-record-gcc-switches'
2026-09-10T17:45:37.3914236Z GOHOSTARCH='amd64'
2026-09-10T17:45:37.3914472Z GOHOSTOS='linux'
2026-09-10T17:45:37.3914694Z GOINSECURE=''
2026-09-10T17:45:37.3915206Z GOMOD='/dev/null'
2026-09-10T17:45:37.3915506Z GOMODCACHE='/home/runner/go/pkg/mod'
2026-09-10T17:45:37.3915792Z GONOPROXY=''
2026-09-10T17:45:37.3916009Z GONOSUMDB=''
2026-09-10T17:45:37.3916220Z GOOS='linux'
2026-09-10T17:45:37.3916458Z GOPACKAGESDRIVER=''
2026-09-10T17:45:37.3916713Z GOPATH='/home/runner/go'
2026-09-10T17:45:37.3916959Z GOPRIVATE=''
2026-09-10T17:45:37.3917279Z GOPROXY='https://proxy.golang.org,direct'
2026-09-10T17:45:37.3917691Z GOROOT='/opt/hostedtoolcache/go/1.27.0/x64'
2026-09-10T17:45:37.3918028Z GOSUMDB='sum.golang.org'
2026-09-10T17:45:37.3918291Z GOTELEMETRY='local'
2026-09-10T17:45:37.3918626Z GOTELEMETRYDIR='/home/runner/.config/go/telemetry'
2026-09-10T17:45:37.3918950Z GOTMPDIR=''
2026-09-10T17:45:37.3919183Z GOTOOLCHAIN='local'
2026-09-10T17:45:37.3919581Z GOTOOLDIR='/opt/hostedtoolcache/go/1.27.0/x64/pkg/tool/linux_amd64'
2026-09-10T17:45:37.3920177Z GOVCS=''
2026-09-10T17:45:37.3920409Z GOVERSION='go1.27.0'
2026-09-10T17:45:37.3920934Z GOWORK='/home/runner/work/relational-config-center/relational-config-center/go.work'
2026-09-10T17:45:37.3921422Z PKG_CONFIG='pkg-config'
2026-09-10T17:45:37.3921590Z 
2026-09-10T17:45:37.3921905Z ##[endgroup]
2026-09-10T17:45:37.4099190Z ##[group]Run docker info
2026-09-10T17:45:37.4099555Z docker info
2026-09-10T17:45:37.4145656Z shell: /usr/bin/bash -e {0}
2026-09-10T17:45:37.4145939Z env:
2026-09-10T17:45:37.4146213Z   PNPM_HOME: /home/runner/setup-pnpm/node_modules/.bin
2026-09-10T17:45:37.4146543Z   GOTOOLCHAIN: local
2026-09-10T17:45:37.4146781Z ##[endgroup]
2026-09-10T17:45:37.6252097Z Client: Docker Engine - Community
2026-09-10T17:45:37.6252699Z  Version:    28.0.4
2026-09-10T17:45:37.6253080Z  Context:    default
2026-09-10T17:45:37.6253349Z  Debug Mode: false
2026-09-10T17:45:37.6253587Z  Plugins:
2026-09-10T17:45:37.6253869Z   buildx: Docker Buildx (Docker Inc.)
2026-09-10T17:45:37.6254197Z     Version:  v0.37.0
2026-09-10T17:45:37.6254617Z     Path:     /usr/libexec/docker/cli-plugins/docker-buildx
2026-09-10T17:45:37.6255033Z   compose: Docker Compose (Docker Inc.)
2026-09-10T17:45:37.6255347Z     Version:  v2.38.2
2026-09-10T17:45:37.6255807Z     Path:     /usr/libexec/docker/cli-plugins/docker-compose
2026-09-10T17:45:37.6256051Z 
2026-09-10T17:45:37.6256493Z Server:
2026-09-10T17:45:37.6256701Z  Containers: 0
2026-09-10T17:45:37.6256931Z   Running: 0
2026-09-10T17:45:37.6257142Z   Paused: 0
2026-09-10T17:45:37.6257356Z   Stopped: 0
2026-09-10T17:45:37.6257572Z  Images: 6
2026-09-10T17:45:37.6257792Z  Server Version: 28.0.4
2026-09-10T17:45:37.6258048Z  Storage Driver: overlay2
2026-09-10T17:45:37.6258330Z   Backing Filesystem: extfs
2026-09-10T17:45:37.6258608Z   Supports d_type: true
2026-09-10T17:45:37.6258859Z   Using metacopy: false
2026-09-10T17:45:37.6259112Z   Native Overlay Diff: false
2026-09-10T17:45:37.6259380Z   userxattr: false
2026-09-10T17:45:37.6259631Z  Logging Driver: json-file
2026-09-10T17:45:37.6260139Z  Cgroup Driver: systemd
2026-09-10T17:45:37.6260480Z  Cgroup Version: 2
2026-09-10T17:45:37.6260701Z  Plugins:
2026-09-10T17:45:37.6260915Z   Volume: local
2026-09-10T17:45:37.6261242Z   Network: bridge host ipvlan macvlan null overlay
2026-09-10T17:45:37.6261758Z   Log: awslogs fluentd gcplogs gelf journald json-file local splunk syslog
2026-09-10T17:45:37.6262163Z  Swarm: inactive
2026-09-10T17:45:37.6262446Z  Runtimes: io.containerd.runc.v2 runc
2026-09-10T17:45:37.6262746Z  Default Runtime: runc
2026-09-10T17:45:37.6262997Z  Init Binary: docker-init
2026-09-10T17:45:37.6263373Z  containerd version: db8809540e1a7a9da5d518876894933ff55692ab
2026-09-10T17:45:37.6263770Z  runc version: v1.5.1-0-g8f2685a4
2026-09-10T17:45:37.6264054Z  init version: de40ad0
2026-09-10T17:45:37.6264301Z  Security Options:
2026-09-10T17:45:37.6264537Z   apparmor
2026-09-10T17:45:37.6264746Z   seccomp
2026-09-10T17:45:37.6264967Z    Profile: builtin
2026-09-10T17:45:37.6265191Z   cgroupns
2026-09-10T17:45:37.6265436Z  Kernel Version: 6.17.0-1022-azure
2026-09-10T17:45:37.6265752Z  Operating System: Ubuntu 24.04.5 LTS
2026-09-10T17:45:37.6266045Z  OSType: linux
2026-09-10T17:45:37.6266277Z  Architecture: x86_64
2026-09-10T17:45:37.6266504Z  CPUs: 4
2026-09-10T17:45:37.6266727Z  Total Memory: 15.61GiB
2026-09-10T17:45:37.6266981Z  Name: runnervmlun5p
2026-09-10T17:45:37.6267276Z  ID: a4efb8b6-20f9-46f4-b827-91ac0547be3a
2026-09-10T17:45:37.6267607Z  Docker Root Dir: /var/lib/docker
2026-09-10T17:45:37.6267880Z  Debug Mode: false
2026-09-10T17:45:37.6268117Z  Username: githubactions
2026-09-10T17:45:37.6268367Z  Experimental: false
2026-09-10T17:45:37.6268613Z  Insecure Registries:
2026-09-10T17:45:37.6268877Z   ::1/128
2026-09-10T17:45:37.6269085Z   127.0.0.0/8
2026-09-10T17:45:37.6269327Z  Live Restore Enabled: false
2026-09-10T17:45:37.6269489Z 
2026-09-10T17:45:37.6346088Z ##[group]Run make test-browser-acceptance
2026-09-10T17:45:37.6346470Z make test-browser-acceptance
2026-09-10T17:45:37.6389316Z shell: /usr/bin/bash -e {0}
2026-09-10T17:45:37.6389581Z env:
2026-09-10T17:45:37.6390033Z   PNPM_HOME: /home/runner/setup-pnpm/node_modules/.bin
2026-09-10T17:45:37.6390365Z   GOTOOLCHAIN: local
2026-09-10T17:45:37.6390788Z   RCC_E2E_ARTIFACTS: /home/runner/work/_temp/rcc-browser-acceptance
2026-09-10T17:45:37.6391212Z   RCC_E2E_ENGINES: chromium,firefox,webkit
2026-09-10T17:45:37.6391514Z ##[endgroup]
2026-09-10T17:45:37.9893052Z Installing pinned Web dependencies and required Playwright browsers...
2026-09-10T17:45:40.3589197Z Lockfile is up to date, resolution step is skipped
2026-09-10T17:45:40.3589769Z Progress: resolved 1, reused 0, downloaded 0, added 0
2026-09-10T17:45:40.3590352Z Packages: +222
2026-09-10T17:45:40.3590758Z ++++++++++++++++++++++++++++++++++++++++++++++++++++++++++++++++++++++++++++++++
2026-09-10T17:45:40.3591340Z Progress: resolved 222, reused 0, downloaded 125, added 96
2026-09-10T17:45:40.3591854Z Progress: resolved 222, reused 0, downloaded 222, added 222, done
2026-09-10T17:45:40.3592126Z 
2026-09-10T17:45:40.3592255Z dependencies:
2026-09-10T17:45:40.3592536Z + @tanstack/react-query 5.102.3
2026-09-10T17:45:40.3592862Z + class-variance-authority 0.7.1
2026-09-10T17:45:40.3593129Z + cn 0.2.6
2026-09-10T17:45:40.3593368Z + lucide-react 1.34.0
2026-09-10T17:45:40.3593647Z + radix-ui 1.6.7
2026-09-10T17:45:40.3593932Z + react 19.2.8
2026-09-10T17:45:40.3594487Z + react-dom 19.2.8
2026-09-10T17:45:40.3594734Z + react-router-dom 7.18.2
2026-09-10T17:45:40.3594978Z + sonner 2.0.8
2026-09-10T17:45:40.3595183Z + zod 4.4.3
2026-09-10T17:45:40.3595306Z 
2026-09-10T17:45:40.3595410Z devDependencies:
2026-09-10T17:45:40.3595657Z + @tailwindcss/vite 4.3.3
2026-09-10T17:45:40.3595953Z + @testing-library/jest-dom 7.0.1
2026-09-10T17:45:40.3596278Z + @testing-library/react 16.3.2
2026-09-10T17:45:40.3596604Z + @testing-library/user-event 14.6.6
2026-09-10T17:45:40.3596899Z + @types/node 26.3.0
2026-09-10T17:45:40.3597153Z + @types/react 19.2.18
2026-09-10T17:45:40.3597415Z + @types/react-dom 19.2.5
2026-09-10T17:45:40.3597683Z + @vitejs/plugin-react 6.1.0
2026-09-10T17:45:40.3597961Z + fake-indexeddb 6.2.5
2026-09-10T17:45:40.3598195Z + jsdom 30.0.1
2026-09-10T17:45:40.3598667Z + playwright 1.62.1
2026-09-10T17:45:40.3598910Z + tailwindcss 4.3.3
2026-09-10T17:45:40.3599156Z + tw-animate-css 1.4.0
2026-09-10T17:45:40.3599396Z + typescript 7.0.2
2026-09-10T17:45:40.3599630Z + vite 8.2.2
2026-09-10T17:45:40.3600203Z + vitest 4.1.11
2026-09-10T17:45:40.3600399Z 
2026-09-10T17:45:40.3600639Z Done in 2.2s using pnpm v10.28.2
2026-09-10T17:46:25.7603171Z Installing dependencies...
2026-09-10T17:46:25.7603731Z Switching to root user to install dependencies...
2026-09-10T17:46:25.7604483Z Get:1 file:/etc/apt/apt-mirrors.txt Mirrorlist [144 B]
2026-09-10T17:46:25.7605531Z Get:6 https://packages.microsoft.com/ubuntu/24.04/prod noble InRelease [3600 B]
2026-09-10T17:46:25.7606441Z Hit:2 http://azure.archive.ubuntu.com/ubuntu noble InRelease
2026-09-10T17:46:25.7607357Z Get:3 http://azure.archive.ubuntu.com/ubuntu noble-updates InRelease [126 kB]
2026-09-10T17:46:25.7608349Z Get:4 http://azure.archive.ubuntu.com/ubuntu noble-backports InRelease [126 kB]
2026-09-10T17:46:25.7609513Z Get:5 http://azure.archive.ubuntu.com/ubuntu noble-security InRelease [126 kB]
2026-09-10T17:46:25.7611146Z Get:7 https://packages.microsoft.com/ubuntu/24.04/prod noble/main arm64 Packages [411 kB]
2026-09-10T17:46:25.7612361Z Get:8 https://packages.microsoft.com/ubuntu/24.04/prod noble/main amd64 Packages [459 kB]
2026-09-10T17:46:25.7613135Z Get:9 https://dl.google.com/linux/chrome-stable/deb stable InRelease [2548 B]
2026-09-10T17:46:25.7613799Z Get:10 http://azure.archive.ubuntu.com/ubuntu noble-updates/main amd64 Packages [1262 kB]
2026-09-10T17:46:25.7614478Z Get:11 http://azure.archive.ubuntu.com/ubuntu noble-updates/main Translation-en [292 kB]
2026-09-10T17:46:25.7615533Z Get:12 http://azure.archive.ubuntu.com/ubuntu noble-updates/main amd64 Components [180 kB]
2026-09-10T17:46:25.7616258Z Get:13 http://azure.archive.ubuntu.com/ubuntu noble-updates/universe amd64 Packages [1690 kB]
2026-09-10T17:46:25.7617130Z Get:14 http://azure.archive.ubuntu.com/ubuntu noble-updates/universe amd64 Components [388 kB]
2026-09-10T17:46:25.7617856Z Get:15 http://azure.archive.ubuntu.com/ubuntu noble-updates/restricted amd64 Packages [1540 kB]
2026-09-10T17:46:25.7618585Z Get:16 http://azure.archive.ubuntu.com/ubuntu noble-updates/restricted Translation-en [353 kB]
2026-09-10T17:46:25.7619320Z Get:17 http://azure.archive.ubuntu.com/ubuntu noble-updates/multiverse amd64 Components [940 B]
2026-09-10T17:46:25.7621147Z Get:18 http://azure.archive.ubuntu.com/ubuntu noble-backports/main amd64 Components [5784 B]
2026-09-10T17:46:25.7621906Z Get:19 http://azure.archive.ubuntu.com/ubuntu noble-backports/universe amd64 Components [12.6 kB]
2026-09-10T17:46:25.7622638Z Get:20 http://azure.archive.ubuntu.com/ubuntu noble-security/main amd64 Packages [1006 kB]
2026-09-10T17:46:25.7623324Z Get:21 http://azure.archive.ubuntu.com/ubuntu noble-security/main Translation-en [213 kB]
2026-09-10T17:46:25.7624018Z Get:22 http://azure.archive.ubuntu.com/ubuntu noble-security/main amd64 Components [46.4 kB]
2026-09-10T17:46:25.7624716Z Get:23 http://azure.archive.ubuntu.com/ubuntu noble-security/universe amd64 Packages [1206 kB]
2026-09-10T17:46:25.7625433Z Get:24 http://azure.archive.ubuntu.com/ubuntu noble-security/universe amd64 Components [76.2 kB]
2026-09-10T17:46:25.7626369Z Get:25 http://azure.archive.ubuntu.com/ubuntu noble-security/restricted amd64 Packages [1445 kB]
2026-09-10T17:46:25.7627079Z Get:26 http://azure.archive.ubuntu.com/ubuntu noble-security/restricted Translation-en [336 kB]
2026-09-10T17:46:25.7627796Z Get:27 https://dl.google.com/linux/chrome-stable/deb stable/main amd64 Packages [1409 B]
2026-09-10T17:46:25.7628302Z Fetched 11.3 MB in 1s (8490 kB/s)
2026-09-10T17:46:25.7628597Z Reading package lists...
2026-09-10T17:46:25.7628861Z Reading package lists...
2026-09-10T17:46:25.7629123Z Building dependency tree...
2026-09-10T17:46:25.7629401Z Reading state information...
2026-09-10T17:46:25.7630016Z libasound2t64 is already the newest version (1.2.11-1ubuntu0.3).
2026-09-10T17:46:25.7630463Z libasound2t64 set to manually installed.
2026-09-10T17:46:25.7630926Z libatk-bridge2.0-0t64 is already the newest version (2.52.0-1build1).
2026-09-10T17:46:25.7631395Z libatk-bridge2.0-0t64 set to manually installed.
2026-09-10T17:46:25.7631853Z libatk1.0-0t64 is already the newest version (2.52.0-1build1).
2026-09-10T17:46:25.7632256Z libatk1.0-0t64 set to manually installed.
2026-09-10T17:46:25.7632685Z libatspi2.0-0t64 is already the newest version (2.52.0-1build1).
2026-09-10T17:46:25.7633097Z libatspi2.0-0t64 set to manually installed.
2026-09-10T17:46:25.7633505Z libcairo2 is already the newest version (1.18.0-3build1).
2026-09-10T17:46:25.7633888Z libcairo2 set to manually installed.
2026-09-10T17:46:25.7634314Z libcups2t64 is already the newest version (2.4.7-1.2ubuntu7.14).
2026-09-10T17:46:25.7634713Z libcups2t64 set to manually installed.
2026-09-10T17:46:25.7635135Z libdbus-1-3 is already the newest version (1.14.10-4ubuntu4.1).
2026-09-10T17:46:25.7635531Z libdbus-1-3 set to manually installed.
2026-09-10T17:46:25.7635957Z libdrm2 is already the newest version (2.4.125-1ubuntu0.1~24.04.2).
2026-09-10T17:46:25.7636358Z libdrm2 set to manually installed.
2026-09-10T17:46:25.7636762Z libgbm1 is already the newest version (25.2.8-0ubuntu0.24.04.2).
2026-09-10T17:46:25.7637165Z libgbm1 set to manually installed.
2026-09-10T17:46:25.7637579Z libglib2.0-0t64 is already the newest version (2.80.0-6ubuntu3.8).
2026-09-10T17:46:25.7637997Z libglib2.0-0t64 set to manually installed.
2026-09-10T17:46:25.7638424Z libnspr4 is already the newest version (2:4.35-1.1build1).
2026-09-10T17:46:25.7638817Z libnspr4 set to manually installed.
2026-09-10T17:46:25.7639360Z libnss3 is already the newest version (2:3.98-1ubuntu0.2).
2026-09-10T17:46:25.7639737Z libnss3 set to manually installed.
2026-09-10T17:46:25.7640835Z libpango-1.0-0 is already the newest version (1.52.1+ds-1build1).
2026-09-10T17:46:25.7641277Z libpango-1.0-0 set to manually installed.
2026-09-10T17:46:25.7641685Z libx11-6 is already the newest version (2:1.8.7-1build1).
2026-09-10T17:46:25.7642061Z libx11-6 set to manually installed.
2026-09-10T17:46:25.7642437Z libxcb1 is already the newest version (1.15-1ubuntu2).
2026-09-10T17:46:25.7642800Z libxcb1 set to manually installed.
2026-09-10T17:46:25.7643219Z libxcomposite1 is already the newest version (1:0.4.5-1build3).
2026-09-10T17:46:25.7643644Z libxcomposite1 set to manually installed.
2026-09-10T17:46:25.7644075Z libxdamage1 is already the newest version (1:1.1.6-1build1).
2026-09-10T17:46:25.7644477Z libxdamage1 set to manually installed.
2026-09-10T17:46:25.7644885Z libxext6 is already the newest version (2:1.3.4-1build2).
2026-09-10T17:46:25.7645260Z libxext6 set to manually installed.
2026-09-10T17:46:25.7645663Z libxfixes3 is already the newest version (1:6.0.0-2build1).
2026-09-10T17:46:25.7646050Z libxfixes3 set to manually installed.
2026-09-10T17:46:25.7646461Z libxkbcommon0 is already the newest version (1.6.0-1build1).
2026-09-10T17:46:25.7646853Z libxkbcommon0 set to manually installed.
2026-09-10T17:46:25.7647255Z libxrandr2 is already the newest version (2:1.5.2-2build1).
2026-09-10T17:46:25.7647634Z libxrandr2 set to manually installed.
2026-09-10T17:46:25.7648027Z xvfb is already the newest version (2:21.1.12-1ubuntu1.6).
2026-09-10T17:46:25.7648743Z fonts-noto-color-emoji is already the newest version (2.047-0ubuntu0.24.04.1).
2026-09-10T17:46:25.7649317Z libfontconfig1 is already the newest version (2.15.0-1.1ubuntu2).
2026-09-10T17:46:25.7649739Z libfontconfig1 set to manually installed.
2026-09-10T17:46:25.7650403Z libfreetype6 is already the newest version (2.13.2+dfsg-1ubuntu0.1).
2026-09-10T17:46:25.7650836Z libfreetype6 set to manually installed.
2026-09-10T17:46:25.7651268Z fonts-liberation is already the newest version (1:2.1.5-3).
2026-09-10T17:46:25.7651686Z fonts-liberation set to manually installed.
2026-09-10T17:46:25.7652151Z libcairo-gobject2 is already the newest version (1.18.0-3build1).
2026-09-10T17:46:25.7652590Z libcairo-gobject2 set to manually installed.
2026-09-10T17:46:25.7653113Z libgdk-pixbuf-2.0-0 is already the newest version (2.42.10+dfsg-3ubuntu3.3).
2026-09-10T17:46:25.7653601Z libgdk-pixbuf-2.0-0 set to manually installed.
2026-09-10T17:46:25.7654061Z libgtk-3-0t64 is already the newest version (3.24.41-4ubuntu1.3).
2026-09-10T17:46:25.7654477Z libgtk-3-0t64 set to manually installed.
2026-09-10T17:46:25.7654946Z libpangocairo-1.0-0 is already the newest version (1.52.1+ds-1build1).
2026-09-10T17:46:25.7655402Z libpangocairo-1.0-0 set to manually installed.
2026-09-10T17:46:25.7655833Z libx11-xcb1 is already the newest version (2:1.8.7-1build1).
2026-09-10T17:46:25.7656234Z libx11-xcb1 set to manually installed.
2026-09-10T17:46:25.7656630Z libxcb-shm0 is already the newest version (1.15-1ubuntu2).
2026-09-10T17:46:25.7657010Z libxcb-shm0 set to manually installed.
2026-09-10T17:46:25.7657406Z libxcursor1 is already the newest version (1:1.2.1-1build1).
2026-09-10T17:46:25.7657800Z libxcursor1 set to manually installed.
2026-09-10T17:46:25.7658177Z libxi6 is already the newest version (2:1.8.1-1build1).
2026-09-10T17:46:25.7658544Z libxi6 set to manually installed.
2026-09-10T17:46:25.7658957Z libxrender1 is already the newest version (1:0.9.10-1.1build1).
2026-09-10T17:46:25.7659362Z libxrender1 set to manually installed.
2026-09-10T17:46:25.7659751Z libicu74 is already the newest version (74.2-1ubuntu3.1).
2026-09-10T17:46:25.7660474Z libatomic1 is already the newest version (14.2.0-4ubuntu2~24.04.1).
2026-09-10T17:46:25.7660882Z libatomic1 set to manually installed.
2026-09-10T17:46:25.7661291Z libenchant-2-2 is already the newest version (2.3.3-2build2).
2026-09-10T17:46:25.7661696Z libenchant-2-2 set to manually installed.
2026-09-10T17:46:25.7662234Z libepoxy0 is already the newest version (1.5.10-1build1).
2026-09-10T17:46:25.7662610Z libepoxy0 set to manually installed.
2026-09-10T17:46:25.7663047Z libgstreamer1.0-0 is already the newest version (1.24.2-1ubuntu0.1).
2026-09-10T17:46:25.7663485Z libgstreamer1.0-0 set to manually installed.
2026-09-10T17:46:25.7663905Z libharfbuzz0b is already the newest version (8.3.0-2build2).
2026-09-10T17:46:25.7664301Z libharfbuzz0b set to manually installed.
2026-09-10T17:46:25.7664722Z libjpeg-turbo8 is already the newest version (2.1.5-2ubuntu2).
2026-09-10T17:46:25.7665128Z libjpeg-turbo8 set to manually installed.
2026-09-10T17:46:25.7665540Z liblcms2-2 is already the newest version (2.14-2ubuntu0.1).
2026-09-10T17:46:25.7665923Z liblcms2-2 set to manually installed.
2026-09-10T17:46:25.7666347Z libpng16-16t64 is already the newest version (1.6.43-5ubuntu0.6).
2026-09-10T17:46:25.7666757Z libpng16-16t64 set to manually installed.
2026-09-10T17:46:25.7667257Z libwayland-client0 is already the newest version (1.22.0-2.1build1).
2026-09-10T17:46:25.7667905Z libwayland-client0 set to manually installed.
2026-09-10T17:46:25.7668357Z libwayland-egl1 is already the newest version (1.22.0-2.1build1).
2026-09-10T17:46:25.7668774Z libwayland-egl1 set to manually installed.
2026-09-10T17:46:25.7669176Z libwebp7 is already the newest version (1.3.2-0.4build3).
2026-09-10T17:46:25.7669605Z libwebp7 set to manually installed.
2026-09-10T17:46:25.7670337Z libwebpdemux2 is already the newest version (1.3.2-0.4build3).
2026-09-10T17:46:25.7671030Z libwebpdemux2 set to manually installed.
2026-09-10T17:46:25.7671583Z libxml2 is already the newest version (2.9.14+dfsg-1.3ubuntu3.8).
2026-09-10T17:46:25.7671990Z libxml2 set to manually installed.
2026-09-10T17:46:25.7672571Z libxslt1.1 is already the newest version (1.1.39-0exp1ubuntu0.24.04.3).
2026-09-10T17:46:25.7673111Z libxslt1.1 set to manually installed.
2026-09-10T17:46:25.7673507Z The following additional packages will be installed:
2026-09-10T17:46:25.7674134Z   glib-networking glib-networking-common glib-networking-services
2026-09-10T17:46:25.7674830Z   gsettings-desktop-schemas libaa1 libabsl20220623t64 libass9 libasyncns0
2026-09-10T17:46:25.7675502Z   libavc1394-0 libavfilter9 libavformat60 libavtp0 libavutil58 libblas3
2026-09-10T17:46:25.7676103Z   libbluray2 libbs2b0 libcaca0 libcairo-script-interpreter2 libcdparanoia0
2026-09-10T17:46:25.7676832Z   libchromaprint1 libcjson1 libcodec2-1.2 libdav1d7 libdc1394-25 libdca0
2026-09-10T17:46:25.7677494Z   libde265-0 libdecor-0-0 libdirectfb-1.7-7t64 libdv4t64 libdvdnav4
2026-09-10T17:46:25.7678172Z   libdvdread8t64 libegl-mesa0 libegl1 libfaad2 libflac12t64 libfluidsynth3
2026-09-10T17:46:25.7678871Z   libfreeaptx0 libgav1-1 libgme0 libgraphene-1.0-0 libgsm1 libgssdp-1.6-0
2026-09-10T17:46:25.7679493Z   libgstreamer-plugins-good1.0-0 libgtk-4-common libgupnp-1.6-0
2026-09-10T17:46:25.7680313Z   libgupnp-igd-1.6-0 libhwy1t64 libiec61883-0 libimath-3-1-29t64
2026-09-10T17:46:25.7680931Z   libinstpatch-1.0-2 libjack-jackd2-0 libjxl0.7 liblapack3 liblc3-1
2026-09-10T17:46:25.7681493Z   libldacbt-enc2 liblilv-0-0 liblrdf0 libltc11 libmbedcrypto7t64 libmfx1
2026-09-10T17:46:25.7682125Z   libmjpegutils-2.1-0t64 libmodplug1 libmp3lame0 libmpcdec6
2026-09-10T17:46:25.7682754Z   libmpeg2encpp-2.1-0t64 libmpg123-0t64 libmplex2-2.1-0t64 libmysofa1
2026-09-10T17:46:25.7683396Z   libneon27t64 libnice10 libopenal-data libopenal1 libopenexr-3-1-30
2026-09-10T17:46:25.7683931Z   libopenh264-7 libopenmpt0t64 libopenni2-0 liborc-0.4-0t64
2026-09-10T17:46:25.7684560Z   libpipewire-0.3-0t64 libplacebo338 libpocketsphinx3 libpostproc57
2026-09-10T17:46:25.7685247Z   libproxy1v5 libpulse0 libqrencode4 libraptor2-0 librav1e0 libraw1394-11
2026-09-10T17:46:25.7685947Z   librist4 librsvg2-2 librubberband2 libsamplerate0 libsbc1 libsdl2-2.0-0
2026-09-10T17:46:25.7686627Z   libsecret-common libserd-0-0 libshine3 libshout3 libsndfile1 libsndio7.0
2026-09-10T17:46:25.7687201Z   libsord-0-0 libsoundtouch1 libsoup-3.0-0 libsoup-3.0-common libsoxr0
2026-09-10T17:46:25.7688112Z   libspa-0.2-modules libspandsp2t64 libspeex1 libsphinxbase3t64 libsratom-0-0
2026-09-10T17:46:25.7688802Z   libsrt1.5-gnutls libsrtp2-1 libssh-gcrypt-4 libsvtav1enc1d1 libswresample4
2026-09-10T17:46:25.7689532Z   libswscale7 libtag1v5 libtag1v5-vanilla libtheora0 libtwolame0 libudfread0
2026-09-10T17:46:25.7690422Z   libunibreak5 libv4l-0t64 libv4lconvert0t64 libva-drm2 libva-x11-2 libva2
2026-09-10T17:46:25.7691107Z   libvdpau1 libvidstab1.1 libvisual-0.4-0 libvo-aacenc0 libvo-amrwbenc0
2026-09-10T17:46:25.7691811Z   libvorbisenc2 libvpl2 libwavpack1 libwebrtc-audio-processing1 libwildmidi2
2026-09-10T17:46:25.7692537Z   libx265-199 libxcb-xkb1 libxkbcommon-x11-0 libxvidcore4 libyuv0 libzbar0t64
2026-09-10T17:46:25.7693274Z   libzimg2 libzix-0-0 libzvbi-common libzvbi0t64 libzxing3 ocl-icd-libopencl1
2026-09-10T17:46:25.7693959Z   session-migration timgm6mb-soundfont xfonts-encodings xfonts-utils
2026-09-10T17:46:25.7694367Z Suggested packages:
2026-09-10T17:46:25.7694908Z   frei0r-plugins gvfs libcuda1 libnvcuvid1 libnvidia-encode1 libbluray-bdj
2026-09-10T17:46:25.7695616Z   libdirectfb-extra libdv-bin oss-compat libdvdcss2 libvisual-0.4-plugins
2026-09-10T17:46:25.7696247Z   jackd2 liblrdf0-dev libportaudio2 opus-tools pipewire pulseaudio
2026-09-10T17:46:25.7696826Z   raptor2-utils libraw1394-doc librsvg2-bin serdi sndiod sordi speex
2026-09-10T17:46:25.7697408Z   libwildmidi-config opencl-icd fluid-soundfont-gm
2026-09-10T17:46:25.7697787Z Recommended packages:
2026-09-10T17:46:25.7698243Z   fonts-ipafont-mincho fonts-tlwg-loma gstreamer1.0-x libaacs0
2026-09-10T17:46:25.7699041Z   default-libdecor-0-plugin-1 | libdecor-0-plugin-1 gstreamer1.0-gl
2026-09-10T17:46:25.7700037Z   libgtk-4-bin librsvg2-common libgtk-4-media-gstreamer libpipewire-0.3-common
2026-09-10T17:46:25.7700786Z   pocketsphinx-en-us va-driver-all | va-driver vdpau-driver-all | vdpau-driver
2026-09-10T17:46:25.7701358Z   libmagickcore-6.q16-7-extra
2026-09-10T17:46:25.7701729Z The following NEW packages will be installed:
2026-09-10T17:46:25.7702361Z   fonts-freefont-ttf fonts-ipafont-gothic fonts-tlwg-loma-otf fonts-unifont
2026-09-10T17:46:25.7703012Z   fonts-wqy-zenhei glib-networking glib-networking-common
2026-09-10T17:46:25.7703667Z   glib-networking-services gsettings-desktop-schemas gstreamer1.0-libav
2026-09-10T17:46:25.7704380Z   gstreamer1.0-plugins-bad gstreamer1.0-plugins-base gstreamer1.0-plugins-good
2026-09-10T17:46:25.7705035Z   libaa1 libabsl20220623t64 libass9 libasyncns0 libavc1394-0 libavcodec60
2026-09-10T17:46:25.7705661Z   libavfilter9 libavformat60 libavif16 libavtp0 libavutil58 libblas3
2026-09-10T17:46:25.7706342Z   libbluray2 libbs2b0 libcaca0 libcairo-script-interpreter2 libcdparanoia0
2026-09-10T17:46:25.7707025Z   libchromaprint1 libcjson1 libcodec2-1.2 libdav1d7 libdc1394-25 libdca0
2026-09-10T17:46:25.7707675Z   libde265-0 libdecor-0-0 libdirectfb-1.7-7t64 libdv4t64 libdvdnav4
2026-09-10T17:46:25.7708298Z   libdvdread8t64 libegl-mesa0 libegl1 libevent-2.1-7t64 libfaad2 libflac12t64
2026-09-10T17:46:25.7708928Z   libflite1 libfluidsynth3 libfreeaptx0 libgav1-1 libgles2 libgme0
2026-09-10T17:46:25.7709544Z   libgraphene-1.0-0 libgsm1 libgssdp-1.6-0 libgstreamer-gl1.0-0
2026-09-10T17:46:25.7710262Z   libgstreamer-plugins-bad1.0-0 libgstreamer-plugins-base1.0-0
2026-09-10T17:46:25.7710830Z   libgstreamer-plugins-good1.0-0 libgtk-4-1 libgtk-4-common libgupnp-1.6-0
2026-09-10T17:46:25.7711526Z   libgupnp-igd-1.6-0 libharfbuzz-icu0 libhwy1t64 libhyphen0 libiec61883-0
2026-09-10T17:46:25.7712122Z   libimath-3-1-29t64 libinstpatch-1.0-2 libjack-jackd2-0 libjxl0.7 liblapack3
2026-09-10T17:46:25.7712806Z   liblc3-1 libldacbt-enc2 liblilv-0-0 liblrdf0 libltc11 libmanette-0.2-0
2026-09-10T17:46:25.7713380Z   libmbedcrypto7t64 libmfx1 libmjpegutils-2.1-0t64 libmodplug1 libmp3lame0
2026-09-10T17:46:25.7713941Z   libmpcdec6 libmpeg2encpp-2.1-0t64 libmpg123-0t64 libmplex2-2.1-0t64
2026-09-10T17:46:25.7714454Z   libmysofa1 libneon27t64 libnice10 libopenal-data libopenal1
2026-09-10T17:46:25.7715252Z   libopenexr-3-1-30 libopenh264-7 libopenmpt0t64 libopenni2-0 libopus0
2026-09-10T17:46:25.7715808Z   liborc-0.4-0t64 libpipewire-0.3-0t64 libplacebo338 libpocketsphinx3
2026-09-10T17:46:25.7716368Z   libpostproc57 libproxy1v5 libpulse0 libqrencode4 libraptor2-0 librav1e0
2026-09-10T17:46:25.7716937Z   libraw1394-11 librist4 librsvg2-2 librubberband2 libsamplerate0 libsbc1
2026-09-10T17:46:25.7717515Z   libsdl2-2.0-0 libsecret-1-0 libsecret-common libserd-0-0 libshine3 libshout3
2026-09-10T17:46:25.7718073Z   libsndfile1 libsndio7.0 libsord-0-0 libsoundtouch1 libsoup-3.0-0
2026-09-10T17:46:25.7718731Z   libsoup-3.0-common libsoxr0 libspa-0.2-modules libspandsp2t64 libspeex1
2026-09-10T17:46:25.7719317Z   libsphinxbase3t64 libsratom-0-0 libsrt1.5-gnutls libsrtp2-1 libssh-gcrypt-4
2026-09-10T17:46:25.7720085Z   libsvtav1enc1d1 libswresample4 libswscale7 libtag1v5 libtag1v5-vanilla
2026-09-10T17:46:25.7720621Z   libtheora0 libtwolame0 libudfread0 libunibreak5 libv4l-0t64
2026-09-10T17:46:25.7721152Z   libv4lconvert0t64 libva-drm2 libva-x11-2 libva2 libvdpau1 libvidstab1.1
2026-09-10T17:46:25.7721741Z   libvisual-0.4-0 libvo-aacenc0 libvo-amrwbenc0 libvorbisenc2 libvpl2 libvpx9
2026-09-10T17:46:25.7722334Z   libwavpack1 libwayland-server0 libwebrtc-audio-processing1 libwildmidi2
2026-09-10T17:46:25.7722917Z   libwoff1 libx264-164 libx265-199 libxcb-xkb1 libxkbcommon-x11-0 libxvidcore4
2026-09-10T17:46:25.7723504Z   libyuv0 libzbar0t64 libzimg2 libzix-0-0 libzvbi-common libzvbi0t64 libzxing3
2026-09-10T17:46:25.7724095Z   ocl-icd-libopencl1 session-migration timgm6mb-soundfont xfonts-cyrillic
2026-09-10T17:46:25.7724753Z   xfonts-encodings xfonts-scalable xfonts-utils
2026-09-10T17:46:25.7725242Z 0 upgraded, 181 newly installed, 0 to remove and 50 not upgraded.
2026-09-10T17:46:25.7725917Z Need to get 114 MB of archives.
2026-09-10T17:46:25.7726652Z After this operation, 364 MB of additional disk space will be used.
2026-09-10T17:46:25.7727289Z Get:1 file:/etc/apt/apt-mirrors.txt Mirrorlist [144 B]
2026-09-10T17:46:25.7728149Z Get:2 http://azure.archive.ubuntu.com/ubuntu noble/universe amd64 fonts-ipafont-gothic all 00303-21ubuntu1 [3513 kB]
2026-09-10T17:46:25.7729271Z Get:3 http://azure.archive.ubuntu.com/ubuntu noble/main amd64 fonts-freefont-ttf all 20211204+svn4273-2 [5641 kB]
2026-09-10T17:46:25.7730487Z Get:4 http://azure.archive.ubuntu.com/ubuntu noble/universe amd64 fonts-tlwg-loma-otf all 1:0.7.3-1 [107 kB]
2026-09-10T17:46:25.7731531Z Get:5 http://azure.archive.ubuntu.com/ubuntu noble/universe amd64 fonts-unifont all 1:15.1.01-1build1 [2993 kB]
2026-09-10T17:46:25.7732547Z Get:6 http://azure.archive.ubuntu.com/ubuntu noble/universe amd64 fonts-wqy-zenhei all 0.9.45-8 [7472 kB]
2026-09-10T17:46:25.7733450Z Get:7 http://azure.archive.ubuntu.com/ubuntu noble/main amd64 libproxy1v5 amd64 0.5.4-4build1 [26.5 kB]
2026-09-10T17:46:25.7734521Z Get:8 http://azure.archive.ubuntu.com/ubuntu noble/main amd64 glib-networking-common all 2.80.0-1build1 [6702 B]
2026-09-10T17:46:25.7735576Z Get:9 http://azure.archive.ubuntu.com/ubuntu noble/main amd64 glib-networking-services amd64 2.80.0-1build1 [12.8 kB]
2026-09-10T17:46:25.7736605Z Get:10 http://azure.archive.ubuntu.com/ubuntu noble/main amd64 session-migration amd64 0.3.9build1 [9034 B]
2026-09-10T17:46:25.7737696Z Get:11 http://azure.archive.ubuntu.com/ubuntu noble-updates/main amd64 gsettings-desktop-schemas all 46.1-0ubuntu1 [35.6 kB]
2026-09-10T17:46:25.7738751Z Get:12 http://azure.archive.ubuntu.com/ubuntu noble/main amd64 glib-networking amd64 2.80.0-1build1 [64.1 kB]
2026-09-10T17:46:25.7755160Z Get:13 http://azure.archive.ubuntu.com/ubuntu noble-updates/universe amd64 libva2 amd64 2.20.0-2ubuntu0.2 [66.4 kB]
2026-09-10T17:46:25.7756630Z Get:14 http://azure.archive.ubuntu.com/ubuntu noble-updates/universe amd64 libva-drm2 amd64 2.20.0-2ubuntu0.2 [7124 B]
2026-09-10T17:46:25.7757841Z Get:15 http://azure.archive.ubuntu.com/ubuntu noble-updates/universe amd64 libva-x11-2 amd64 2.20.0-2ubuntu0.2 [12.0 kB]
2026-09-10T17:46:25.7758905Z Get:16 http://azure.archive.ubuntu.com/ubuntu noble/main amd64 libvdpau1 amd64 1.5-2build1 [27.8 kB]
2026-09-10T17:46:25.7759755Z Get:17 http://azure.archive.ubuntu.com/ubuntu noble/universe amd64 libvpl2 amd64 2023.3.0-1build1 [99.8 kB]
2026-09-10T17:46:25.7760851Z Get:18 http://azure.archive.ubuntu.com/ubuntu noble/universe amd64 ocl-icd-libopencl1 amd64 2.3.2-1build1 [38.5 kB]
2026-09-10T17:46:25.7761713Z Get:19 http://azure.archive.ubuntu.com/ubuntu noble/universe amd64 libavutil58 amd64 7:6.1.1-3ubuntu5 [401 kB]
2026-09-10T17:46:25.7762536Z Get:20 http://azure.archive.ubuntu.com/ubuntu noble/universe amd64 libcodec2-1.2 amd64 1.2.0-2build1 [8998 kB]
2026-09-10T17:46:25.7763336Z Get:21 http://azure.archive.ubuntu.com/ubuntu noble/universe amd64 libdav1d7 amd64 1.4.1-1build1 [604 kB]
2026-09-10T17:46:25.7764110Z Get:22 http://azure.archive.ubuntu.com/ubuntu noble/universe amd64 libgsm1 amd64 1.0.22-1build1 [27.8 kB]
2026-09-10T17:46:25.7764901Z Get:23 http://azure.archive.ubuntu.com/ubuntu noble/universe amd64 libhwy1t64 amd64 1.0.7-8.1build1 [584 kB]
2026-09-10T17:46:25.7765913Z Get:24 http://azure.archive.ubuntu.com/ubuntu noble-updates/universe amd64 libjxl0.7 amd64 0.7.0-10.2ubuntu6.1 [1001 kB]
2026-09-10T17:46:25.7766749Z Get:25 http://azure.archive.ubuntu.com/ubuntu noble/main amd64 libmp3lame0 amd64 3.100-6build1 [142 kB]
2026-09-10T17:46:25.7767500Z Get:26 http://azure.archive.ubuntu.com/ubuntu noble/main amd64 libopus0 amd64 1.4-1build1 [208 kB]
2026-09-10T17:46:25.7768243Z Get:27 http://azure.archive.ubuntu.com/ubuntu noble/universe amd64 librav1e0 amd64 0.7.1-2 [1022 kB]
2026-09-10T17:46:25.7769189Z Get:28 http://azure.archive.ubuntu.com/ubuntu noble/main amd64 librsvg2-2 amd64 2.58.0+dfsg-1build1 [2135 kB]
2026-09-10T17:46:25.7770159Z Get:29 http://azure.archive.ubuntu.com/ubuntu noble/universe amd64 libshine3 amd64 3.1.1-2build1 [23.2 kB]
2026-09-10T17:46:25.7771026Z Get:30 http://azure.archive.ubuntu.com/ubuntu noble-updates/main amd64 libspeex1 amd64 1.2.1-2ubuntu2.24.04.1 [59.6 kB]
2026-09-10T17:46:25.7771935Z Get:31 http://azure.archive.ubuntu.com/ubuntu noble/universe amd64 libsvtav1enc1d1 amd64 1.7.0+dfsg-2build1 [2425 kB]
2026-09-10T17:46:25.7772753Z Get:32 http://azure.archive.ubuntu.com/ubuntu noble/universe amd64 libsoxr0 amd64 0.1.3-4build3 [80.0 kB]
2026-09-10T17:46:25.7773572Z Get:33 http://azure.archive.ubuntu.com/ubuntu noble/universe amd64 libswresample4 amd64 7:6.1.1-3ubuntu5 [63.8 kB]
2026-09-10T17:46:25.7774409Z Get:34 http://azure.archive.ubuntu.com/ubuntu noble/main amd64 libtheora0 amd64 1.1.1+dfsg.1-16.1build3 [211 kB]
2026-09-10T17:46:25.7775208Z Get:35 http://azure.archive.ubuntu.com/ubuntu noble/main amd64 libtwolame0 amd64 0.4.0-2build3 [52.3 kB]
2026-09-10T17:46:25.7775994Z Get:36 http://azure.archive.ubuntu.com/ubuntu noble/main amd64 libvorbisenc2 amd64 1.3.7-1build3 [80.8 kB]
2026-09-10T17:46:25.7776820Z Get:37 http://azure.archive.ubuntu.com/ubuntu noble-updates/main amd64 libvpx9 amd64 1.14.0-1ubuntu2.3 [1143 kB]
2026-09-10T17:46:25.7777688Z Get:38 http://azure.archive.ubuntu.com/ubuntu noble/universe amd64 libx264-164 amd64 2:0.164.3108+git31e19f9-1 [604 kB]
2026-09-10T17:46:25.7778514Z Get:39 http://azure.archive.ubuntu.com/ubuntu noble/universe amd64 libx265-199 amd64 3.5-2build1 [1226 kB]
2026-09-10T17:46:25.7779313Z Get:40 http://azure.archive.ubuntu.com/ubuntu noble/universe amd64 libxvidcore4 amd64 2:1.3.7-1build1 [219 kB]
2026-09-10T17:46:25.7780266Z Get:41 http://azure.archive.ubuntu.com/ubuntu noble/universe amd64 libzvbi-common all 0.2.42-2 [42.4 kB]
2026-09-10T17:46:25.7781038Z Get:42 http://azure.archive.ubuntu.com/ubuntu noble/universe amd64 libzvbi0t64 amd64 0.2.42-2 [261 kB]
2026-09-10T17:46:25.7781843Z Get:43 http://azure.archive.ubuntu.com/ubuntu noble/universe amd64 libavcodec60 amd64 7:6.1.1-3ubuntu5 [5851 kB]
2026-09-10T17:46:25.7782648Z Get:44 http://azure.archive.ubuntu.com/ubuntu noble/universe amd64 libunibreak5 amd64 5.1-2build1 [25.0 kB]
2026-09-10T17:46:25.7783435Z Get:45 http://azure.archive.ubuntu.com/ubuntu noble/universe amd64 libass9 amd64 1:0.17.1-2build1 [104 kB]
2026-09-10T17:46:25.7784368Z Get:46 http://azure.archive.ubuntu.com/ubuntu noble/universe amd64 libudfread0 amd64 1.1.2-1build1 [19.0 kB]
2026-09-10T17:46:25.7785192Z Get:47 http://azure.archive.ubuntu.com/ubuntu noble/universe amd64 libbluray2 amd64 1:1.3.4-1build1 [159 kB]
2026-09-10T17:46:25.7785984Z Get:48 http://azure.archive.ubuntu.com/ubuntu noble/universe amd64 libchromaprint1 amd64 1.5.1-5 [30.5 kB]
2026-09-10T17:46:25.7786758Z Get:49 http://azure.archive.ubuntu.com/ubuntu noble/universe amd64 libgme0 amd64 0.6.3-7build1 [134 kB]
2026-09-10T17:46:25.7787606Z Get:50 http://azure.archive.ubuntu.com/ubuntu noble-updates/main amd64 libmpg123-0t64 amd64 1.32.5-1ubuntu1.1 [169 kB]
2026-09-10T17:46:25.7788454Z Get:51 http://azure.archive.ubuntu.com/ubuntu noble/universe amd64 libopenmpt0t64 amd64 0.7.3-1.1build3 [647 kB]
2026-09-10T17:46:25.7789237Z Get:52 http://azure.archive.ubuntu.com/ubuntu noble/universe amd64 libcjson1 amd64 1.7.17-1 [24.8 kB]
2026-09-10T17:46:25.7790272Z Get:53 http://azure.archive.ubuntu.com/ubuntu noble/universe amd64 libmbedcrypto7t64 amd64 2.28.8-1 [209 kB]
2026-09-10T17:46:25.7791077Z Get:54 http://azure.archive.ubuntu.com/ubuntu noble/universe amd64 librist4 amd64 0.2.10+dfsg-2 [74.9 kB]
2026-09-10T17:46:25.7791880Z Get:55 http://azure.archive.ubuntu.com/ubuntu noble/universe amd64 libsrt1.5-gnutls amd64 1.5.3-1build2 [316 kB]
2026-09-10T17:46:25.7792750Z Get:56 http://azure.archive.ubuntu.com/ubuntu noble-updates/main amd64 libssh-gcrypt-4 amd64 0.10.6-2ubuntu0.5 [226 kB]
2026-09-10T17:46:25.7793617Z Get:57 http://azure.archive.ubuntu.com/ubuntu noble/universe amd64 libavformat60 amd64 7:6.1.1-3ubuntu5 [1153 kB]
2026-09-10T17:46:25.7794579Z Get:58 http://azure.archive.ubuntu.com/ubuntu noble/universe amd64 libbs2b0 amd64 3.1.0+dfsg-7build1 [10.6 kB]
2026-09-10T17:46:25.7795373Z Get:59 http://azure.archive.ubuntu.com/ubuntu noble/universe amd64 libflite1 amd64 2.2-6build3 [13.6 MB]
2026-09-10T17:46:25.7796136Z Get:60 http://azure.archive.ubuntu.com/ubuntu noble/universe amd64 libserd-0-0 amd64 0.32.2-1 [43.6 kB]
2026-09-10T17:46:25.7796924Z Get:61 http://azure.archive.ubuntu.com/ubuntu noble/universe amd64 libzix-0-0 amd64 0.4.2-2build1 [23.6 kB]
2026-09-10T17:46:25.7797722Z Get:62 http://azure.archive.ubuntu.com/ubuntu noble/universe amd64 libsord-0-0 amd64 0.16.16-2build1 [15.8 kB]
2026-09-10T17:46:25.7798528Z Get:63 http://azure.archive.ubuntu.com/ubuntu noble/universe amd64 libsratom-0-0 amd64 0.6.16-1build1 [17.3 kB]
2026-09-10T17:46:25.7799337Z Get:64 http://azure.archive.ubuntu.com/ubuntu noble/universe amd64 liblilv-0-0 amd64 0.24.22-1build1 [41.0 kB]
2026-09-10T17:46:25.7800356Z Get:65 http://azure.archive.ubuntu.com/ubuntu noble/universe amd64 libmysofa1 amd64 1.3.2+dfsg-2ubuntu2 [1158 kB]
2026-09-10T17:46:25.7801185Z Get:66 http://azure.archive.ubuntu.com/ubuntu noble/universe amd64 libplacebo338 amd64 6.338.2-2build1 [2654 kB]
2026-09-10T17:46:25.7802010Z Get:67 http://azure.archive.ubuntu.com/ubuntu noble-updates/main amd64 libblas3 amd64 3.12.0-3build1.1 [238 kB]
2026-09-10T17:46:25.7802851Z Get:68 http://azure.archive.ubuntu.com/ubuntu noble-updates/main amd64 liblapack3 amd64 3.12.0-3build1.1 [2646 kB]
2026-09-10T17:46:25.7803652Z Get:69 http://azure.archive.ubuntu.com/ubuntu noble/main amd64 libasyncns0 amd64 0.8-6build4 [11.3 kB]
2026-09-10T17:46:25.7804440Z Get:70 http://azure.archive.ubuntu.com/ubuntu noble/main amd64 libflac12t64 amd64 1.4.3+ds-2.1ubuntu2 [197 kB]
2026-09-10T17:46:25.7805292Z Get:71 http://azure.archive.ubuntu.com/ubuntu noble-updates/main amd64 libsndfile1 amd64 1.2.2-1ubuntu5.24.04.1 [209 kB]
2026-09-10T17:46:25.7806199Z Get:72 http://azure.archive.ubuntu.com/ubuntu noble-updates/main amd64 libpulse0 amd64 1:16.1+dfsg1-2ubuntu10.1 [292 kB]
2026-09-10T17:46:25.7807114Z Get:73 http://azure.archive.ubuntu.com/ubuntu noble/universe amd64 libsphinxbase3t64 amd64 0.8+5prealpha+1-17build2 [126 kB]
2026-09-10T17:46:25.7808084Z Get:74 http://azure.archive.ubuntu.com/ubuntu noble/universe amd64 libpocketsphinx3 amd64 0.8.0+real5prealpha+1-15ubuntu5 [133 kB]
2026-09-10T17:46:25.7809133Z Get:75 http://azure.archive.ubuntu.com/ubuntu noble/universe amd64 libpostproc57 amd64 7:6.1.1-3ubuntu5 [49.9 kB]
2026-09-10T17:46:25.7810122Z Get:76 http://azure.archive.ubuntu.com/ubuntu noble/main amd64 libsamplerate0 amd64 0.2.2-4build1 [1344 kB]
2026-09-10T17:46:25.7810972Z Get:77 http://azure.archive.ubuntu.com/ubuntu noble/universe amd64 librubberband2 amd64 3.3.0+dfsg-2build1 [130 kB]
2026-09-10T17:46:25.7811817Z Get:78 http://azure.archive.ubuntu.com/ubuntu noble/universe amd64 libswscale7 amd64 7:6.1.1-3ubuntu5 [193 kB]
2026-09-10T17:46:25.7812669Z Get:79 http://azure.archive.ubuntu.com/ubuntu noble/universe amd64 libvidstab1.1 amd64 1.1.0-2build1 [38.5 kB]
2026-09-10T17:46:25.7813508Z Get:80 http://azure.archive.ubuntu.com/ubuntu noble/universe amd64 libzimg2 amd64 3.0.5+ds1-1build1 [254 kB]
2026-09-10T17:46:25.7814349Z Get:81 http://azure.archive.ubuntu.com/ubuntu noble/universe amd64 libavfilter9 amd64 7:6.1.1-3ubuntu5 [4235 kB]
2026-09-10T17:46:25.7815233Z Get:82 http://azure.archive.ubuntu.com/ubuntu noble-updates/main amd64 liborc-0.4-0t64 amd64 1:0.4.38-1ubuntu0.1 [207 kB]
2026-09-10T17:46:25.7816217Z Get:83 http://azure.archive.ubuntu.com/ubuntu noble-updates/main amd64 libgstreamer-plugins-base1.0-0 amd64 1.24.2-1ubuntu0.4 [862 kB]
2026-09-10T17:46:25.7817258Z Get:84 http://azure.archive.ubuntu.com/ubuntu noble/universe amd64 gstreamer1.0-libav amd64 1.24.1-1build1 [103 kB]
2026-09-10T17:46:25.7818279Z Get:85 http://azure.archive.ubuntu.com/ubuntu noble/main amd64 libcdparanoia0 amd64 3.10.2+debian-14build3 [48.5 kB]
2026-09-10T17:46:25.7819340Z Get:86 http://azure.archive.ubuntu.com/ubuntu noble/main amd64 libvisual-0.4-0 amd64 0.4.2-2build1 [115 kB]
2026-09-10T17:46:25.7820415Z Get:87 http://azure.archive.ubuntu.com/ubuntu noble-updates/main amd64 gstreamer1.0-plugins-base amd64 1.24.2-1ubuntu0.4 [721 kB]
2026-09-10T17:46:25.7821258Z Get:88 http://azure.archive.ubuntu.com/ubuntu noble/main amd64 libaa1 amd64 1.4p5-51.1 [49.9 kB]
2026-09-10T17:46:25.7822032Z Get:89 http://azure.archive.ubuntu.com/ubuntu noble/main amd64 libraw1394-11 amd64 2.1.2-2build3 [26.2 kB]
2026-09-10T17:46:25.7822807Z Get:90 http://azure.archive.ubuntu.com/ubuntu noble/main amd64 libavc1394-0 amd64 0.5.4-5build3 [15.4 kB]
2026-09-10T17:46:25.7823634Z Get:91 http://azure.archive.ubuntu.com/ubuntu noble-updates/main amd64 libcaca0 amd64 0.99.beta20-4ubuntu0.2 [209 kB]
2026-09-10T17:46:25.7824449Z Get:92 http://azure.archive.ubuntu.com/ubuntu noble/main amd64 libdv4t64 amd64 1.0.0-17.1build1 [63.2 kB]
2026-09-10T17:46:25.7825361Z Get:93 http://azure.archive.ubuntu.com/ubuntu noble-updates/main amd64 libgstreamer-plugins-good1.0-0 amd64 1.24.2-1ubuntu1.5 [33.5 kB]
2026-09-10T17:46:25.7826249Z Get:94 http://azure.archive.ubuntu.com/ubuntu noble/main amd64 libiec61883-0 amd64 1.2.0-6build1 [24.5 kB]
2026-09-10T17:46:25.7827003Z Get:95 http://azure.archive.ubuntu.com/ubuntu noble/main amd64 libshout3 amd64 2.4.6-1build2 [50.3 kB]
2026-09-10T17:46:25.7827794Z Get:96 http://azure.archive.ubuntu.com/ubuntu noble/main amd64 libtag1v5-vanilla amd64 1.13.1-1build1 [326 kB]
2026-09-10T17:46:25.7828578Z Get:97 http://azure.archive.ubuntu.com/ubuntu noble/main amd64 libtag1v5 amd64 1.13.1-1build1 [11.7 kB]
2026-09-10T17:46:25.7829368Z Get:98 http://azure.archive.ubuntu.com/ubuntu noble/main amd64 libv4lconvert0t64 amd64 1.26.1-4build3 [87.6 kB]
2026-09-10T17:46:25.7830376Z Get:99 http://azure.archive.ubuntu.com/ubuntu noble/main amd64 libv4l-0t64 amd64 1.26.1-4build3 [46.9 kB]
2026-09-10T17:46:25.7831148Z Get:100 http://azure.archive.ubuntu.com/ubuntu noble/main amd64 libwavpack1 amd64 5.6.0-1build1 [84.6 kB]
2026-09-10T17:46:25.7832004Z Get:101 http://azure.archive.ubuntu.com/ubuntu noble-updates/main amd64 libsoup-3.0-common all 3.4.4-5ubuntu0.7 [11.6 kB]
2026-09-10T17:46:25.7832887Z Get:102 http://azure.archive.ubuntu.com/ubuntu noble-updates/main amd64 libsoup-3.0-0 amd64 3.4.4-5ubuntu0.7 [292 kB]
2026-09-10T17:46:25.7833968Z Get:103 http://azure.archive.ubuntu.com/ubuntu noble-updates/main amd64 gstreamer1.0-plugins-good amd64 1.24.2-1ubuntu1.5 [2236 kB]
2026-09-10T17:46:25.7834965Z Get:104 http://azure.archive.ubuntu.com/ubuntu noble-updates/main amd64 libabsl20220623t64 amd64 20220623.1-3.1ubuntu3.2 [423 kB]
2026-09-10T17:46:25.7835831Z Get:105 http://azure.archive.ubuntu.com/ubuntu noble/universe amd64 libgav1-1 amd64 0.18.0-1build3 [357 kB]
2026-09-10T17:46:25.7836676Z Get:106 http://azure.archive.ubuntu.com/ubuntu noble/universe amd64 libyuv0 amd64 0.0~git202401110.af6ac82-1 [178 kB]
2026-09-10T17:46:25.7837494Z Get:107 http://azure.archive.ubuntu.com/ubuntu noble/universe amd64 libavif16 amd64 1.0.4-1ubuntu3 [91.2 kB]
2026-09-10T17:46:25.7838652Z Get:108 http://azure.archive.ubuntu.com/ubuntu noble/universe amd64 libavtp0 amd64 0.2.0-1build1 [6414 B]
2026-09-10T17:46:25.7840186Z Get:109 http://azure.archive.ubuntu.com/ubuntu noble/main amd64 libcairo-script-interpreter2 amd64 1.18.0-3build1 [60.3 kB]
2026-09-10T17:46:25.7841484Z Get:110 http://azure.archive.ubuntu.com/ubuntu noble/universe amd64 libdc1394-25 amd64 2.2.6-4build1 [90.1 kB]
2026-09-10T17:46:25.7842350Z Get:111 http://azure.archive.ubuntu.com/ubuntu noble-updates/main amd64 libde265-0 amd64 1.0.15-1ubuntu0.1 [167 kB]
2026-09-10T17:46:25.7843172Z Get:112 http://azure.archive.ubuntu.com/ubuntu noble/main amd64 libdecor-0-0 amd64 0.2.2-1build2 [16.5 kB]
2026-09-10T17:46:25.7843936Z Get:113 http://azure.archive.ubuntu.com/ubuntu noble/main amd64 libgles2 amd64 1.7.0-1build1 [17.1 kB]
2026-09-10T17:46:25.7844793Z Get:114 http://azure.archive.ubuntu.com/ubuntu noble/universe amd64 libdirectfb-1.7-7t64 amd64 1.7.7-11.1ubuntu2 [1035 kB]
2026-09-10T17:46:25.7845884Z Get:115 http://azure.archive.ubuntu.com/ubuntu noble/universe amd64 libdvdread8t64 amd64 6.1.3-1.1build1 [54.7 kB]
2026-09-10T17:46:25.7846705Z Get:116 http://azure.archive.ubuntu.com/ubuntu noble/universe amd64 libdvdnav4 amd64 6.1.1-3build1 [39.5 kB]
2026-09-10T17:46:25.7847571Z Get:117 http://azure.archive.ubuntu.com/ubuntu noble-updates/main amd64 libegl-mesa0 amd64 25.2.8-0ubuntu0.24.04.2 [117 kB]
2026-09-10T17:46:25.7848518Z Get:118 http://azure.archive.ubuntu.com/ubuntu noble-updates/main amd64 libevent-2.1-7t64 amd64 2.1.12-stable-9ubuntu2.1 [146 kB]
2026-09-10T17:46:25.7849379Z Get:119 http://azure.archive.ubuntu.com/ubuntu noble/universe amd64 libfaad2 amd64 2.11.1-1build1 [207 kB]
2026-09-10T17:46:25.7850422Z Get:120 http://azure.archive.ubuntu.com/ubuntu noble/universe amd64 libinstpatch-1.0-2 amd64 1.1.6-1build2 [251 kB]
2026-09-10T17:46:25.7851285Z Get:121 http://azure.archive.ubuntu.com/ubuntu noble/main amd64 libjack-jackd2-0 amd64 1.9.21~dfsg-3ubuntu3 [289 kB]
2026-09-10T17:46:25.7852185Z Get:122 http://azure.archive.ubuntu.com/ubuntu noble/main amd64 libwebrtc-audio-processing1 amd64 0.3.1-0ubuntu6 [290 kB]
2026-09-10T17:46:25.7853132Z Get:123 http://azure.archive.ubuntu.com/ubuntu noble-updates/main amd64 libspa-0.2-modules amd64 1.0.5-1ubuntu3.3 [628 kB]
2026-09-10T17:46:25.7854053Z Get:124 http://azure.archive.ubuntu.com/ubuntu noble-updates/main amd64 libpipewire-0.3-0t64 amd64 1.0.5-1ubuntu3.3 [252 kB]
2026-09-10T17:46:25.7854978Z Get:125 http://azure.archive.ubuntu.com/ubuntu noble-updates/main amd64 libsdl2-2.0-0 amd64 2.30.0+dfsg-1ubuntu3.1 [686 kB]
2026-09-10T17:46:25.7855814Z Get:126 http://azure.archive.ubuntu.com/ubuntu noble/universe amd64 timgm6mb-soundfont all 1.3-5 [5427 kB]
2026-09-10T17:46:25.7856628Z Get:127 http://azure.archive.ubuntu.com/ubuntu noble/universe amd64 libfluidsynth3 amd64 2.3.4-1build3 [249 kB]
2026-09-10T17:46:25.7857428Z Get:128 http://azure.archive.ubuntu.com/ubuntu noble/main amd64 libfreeaptx0 amd64 0.1.1-2build1 [13.5 kB]
2026-09-10T17:46:25.7858229Z Get:129 http://azure.archive.ubuntu.com/ubuntu noble/main amd64 libgraphene-1.0-0 amd64 1.10.8-3build2 [46.2 kB]
2026-09-10T17:46:25.7859034Z Get:130 http://azure.archive.ubuntu.com/ubuntu noble/main amd64 libgssdp-1.6-0 amd64 1.6.3-1build3 [40.4 kB]
2026-09-10T17:46:25.7859944Z Get:131 http://azure.archive.ubuntu.com/ubuntu noble/main amd64 libegl1 amd64 1.7.0-1build1 [28.7 kB]
2026-09-10T17:46:25.7861002Z Get:132 http://azure.archive.ubuntu.com/ubuntu noble-updates/main amd64 libgstreamer-gl1.0-0 amd64 1.24.2-1ubuntu0.4 [214 kB]
2026-09-10T17:46:25.7861959Z Get:133 http://azure.archive.ubuntu.com/ubuntu noble-updates/main amd64 libgtk-4-common all 4.14.5+ds-0ubuntu0.10 [1497 kB]
2026-09-10T17:46:25.7862853Z Get:134 http://azure.archive.ubuntu.com/ubuntu noble-updates/main amd64 libgtk-4-1 amd64 4.14.5+ds-0ubuntu0.10 [3295 kB]
2026-09-10T17:46:25.7863675Z Get:135 http://azure.archive.ubuntu.com/ubuntu noble/main amd64 libgupnp-1.6-0 amd64 1.6.6-1build3 [92.7 kB]
2026-09-10T17:46:25.7864511Z Get:136 http://azure.archive.ubuntu.com/ubuntu noble/universe amd64 libgupnp-igd-1.6-0 amd64 1.6.0-3build3 [16.5 kB]
2026-09-10T17:46:25.7865341Z Get:137 http://azure.archive.ubuntu.com/ubuntu noble/main amd64 libharfbuzz-icu0 amd64 8.3.0-2build2 [13.3 kB]
2026-09-10T17:46:25.7866126Z Get:138 http://azure.archive.ubuntu.com/ubuntu noble/main amd64 libhyphen0 amd64 2.8.8-7build3 [26.5 kB]
2026-09-10T17:46:25.7866959Z Get:139 http://azure.archive.ubuntu.com/ubuntu noble/universe amd64 libimath-3-1-29t64 amd64 3.1.9-3.1ubuntu2 [72.2 kB]
2026-09-10T17:46:25.7867764Z Get:140 http://azure.archive.ubuntu.com/ubuntu noble/main amd64 liblc3-1 amd64 1.0.4-3build1 [69.7 kB]
2026-09-10T17:46:25.7868651Z Get:141 http://azure.archive.ubuntu.com/ubuntu noble/main amd64 libldacbt-enc2 amd64 2.0.2.3+git20200429+ed310a0-4ubuntu2 [27.1 kB]
2026-09-10T17:46:25.7869568Z Get:142 http://azure.archive.ubuntu.com/ubuntu noble-updates/main amd64 libraptor2-0 amd64 2.0.16-3ubuntu0.1 [165 kB]
2026-09-10T17:46:25.7870732Z Get:143 http://azure.archive.ubuntu.com/ubuntu noble/universe amd64 liblrdf0 amd64 0.6.1-4build1 [18.5 kB]
2026-09-10T17:46:25.7871507Z Get:144 http://azure.archive.ubuntu.com/ubuntu noble/universe amd64 libltc11 amd64 1.3.2-1build1 [13.0 kB]
2026-09-10T17:46:25.7872305Z Get:145 http://azure.archive.ubuntu.com/ubuntu noble/main amd64 libmanette-0.2-0 amd64 0.2.7-1build2 [30.6 kB]
2026-09-10T17:46:25.7873074Z Get:146 http://azure.archive.ubuntu.com/ubuntu noble/universe amd64 libmfx1 amd64 22.5.4-1 [3124 kB]
2026-09-10T17:46:25.7873955Z Get:147 http://azure.archive.ubuntu.com/ubuntu noble/universe amd64 libmjpegutils-2.1-0t64 amd64 1:2.1.0+debian-8.1build1 [25.5 kB]
2026-09-10T17:46:25.7874867Z Get:148 http://azure.archive.ubuntu.com/ubuntu noble/universe amd64 libmodplug1 amd64 1:0.8.9.0-3build1 [166 kB]
2026-09-10T17:46:25.7875708Z Get:149 http://azure.archive.ubuntu.com/ubuntu noble/universe amd64 libmpcdec6 amd64 2:0.1~r495-2build1 [32.7 kB]
2026-09-10T17:46:25.7876628Z Get:150 http://azure.archive.ubuntu.com/ubuntu noble/universe amd64 libmpeg2encpp-2.1-0t64 amd64 1:2.1.0+debian-8.1build1 [75.6 kB]
2026-09-10T17:46:25.7877586Z Get:151 http://azure.archive.ubuntu.com/ubuntu noble/universe amd64 libmplex2-2.1-0t64 amd64 1:2.1.0+debian-8.1build1 [46.1 kB]
2026-09-10T17:46:25.7878453Z Get:152 http://azure.archive.ubuntu.com/ubuntu noble/universe amd64 libneon27t64 amd64 0.33.0-1.1build3 [102 kB]
2026-09-10T17:46:25.7879260Z Get:153 http://azure.archive.ubuntu.com/ubuntu noble/universe amd64 libnice10 amd64 0.1.21-2build3 [157 kB]
2026-09-10T17:46:25.7880245Z Get:154 http://azure.archive.ubuntu.com/ubuntu noble/universe amd64 libopenal-data all 1:1.23.1-4build1 [161 kB]
2026-09-10T17:46:25.7881110Z Get:155 http://azure.archive.ubuntu.com/ubuntu noble/universe amd64 libopenexr-3-1-30 amd64 3.1.5-5.1build3 [1004 kB]
2026-09-10T17:46:25.7881955Z Get:156 http://azure.archive.ubuntu.com/ubuntu noble/universe amd64 libopenh264-7 amd64 2.4.1+dfsg-1 [409 kB]
2026-09-10T17:46:25.7882771Z Get:157 http://azure.archive.ubuntu.com/ubuntu noble/universe amd64 libopenni2-0 amd64 2.2.0.33+dfsg-18 [370 kB]
2026-09-10T17:46:25.7883588Z Get:158 http://azure.archive.ubuntu.com/ubuntu noble/universe amd64 libqrencode4 amd64 4.1.1-1build2 [25.0 kB]
2026-09-10T17:46:25.7884398Z Get:159 http://azure.archive.ubuntu.com/ubuntu noble/main amd64 libsecret-common all 0.21.4-1build3 [4962 B]
2026-09-10T17:46:25.7885326Z Get:160 http://azure.archive.ubuntu.com/ubuntu noble/main amd64 libsecret-1-0 amd64 0.21.4-1build3 [116 kB]
2026-09-10T17:46:25.7886149Z Get:161 http://azure.archive.ubuntu.com/ubuntu noble/universe amd64 libsndio7.0 amd64 1.9.0-0.3build3 [29.6 kB]
2026-09-10T17:46:25.7886991Z Get:162 http://azure.archive.ubuntu.com/ubuntu noble/universe amd64 libsoundtouch1 amd64 2.3.2+ds1-1build1 [60.5 kB]
2026-09-10T17:46:25.7887861Z Get:163 http://azure.archive.ubuntu.com/ubuntu noble/universe amd64 libspandsp2t64 amd64 0.0.6+dfsg-2.1build1 [311 kB]
2026-09-10T17:46:25.7888691Z Get:164 http://azure.archive.ubuntu.com/ubuntu noble/universe amd64 libsrtp2-1 amd64 2.5.0-3build1 [41.9 kB]
2026-09-10T17:46:25.7889521Z Get:165 http://azure.archive.ubuntu.com/ubuntu noble/main amd64 libwayland-server0 amd64 1.22.0-2.1build1 [33.9 kB]
2026-09-10T17:46:25.7890557Z Get:166 http://azure.archive.ubuntu.com/ubuntu noble/universe amd64 libwildmidi2 amd64 0.4.3-1build3 [68.5 kB]
2026-09-10T17:46:25.7891339Z Get:167 http://azure.archive.ubuntu.com/ubuntu noble/main amd64 libwoff1 amd64 1.0.2-2build1 [45.3 kB]
2026-09-10T17:46:25.7892108Z Get:168 http://azure.archive.ubuntu.com/ubuntu noble/main amd64 libxcb-xkb1 amd64 1.15-1ubuntu2 [32.3 kB]
2026-09-10T17:46:25.7892951Z Get:169 http://azure.archive.ubuntu.com/ubuntu noble/main amd64 libxkbcommon-x11-0 amd64 1.6.0-1build1 [14.5 kB]
2026-09-10T17:46:25.7893786Z Get:170 http://azure.archive.ubuntu.com/ubuntu noble/universe amd64 libzbar0t64 amd64 0.23.93-4build3 [123 kB]
2026-09-10T17:46:25.7894601Z Get:171 http://azure.archive.ubuntu.com/ubuntu noble/universe amd64 libzxing3 amd64 2.2.1-3 [583 kB]
2026-09-10T17:46:25.7895537Z Get:172 http://azure.archive.ubuntu.com/ubuntu noble/main amd64 xfonts-encodings all 1:1.0.5-0ubuntu2 [578 kB]
2026-09-10T17:46:25.7896328Z Get:173 http://azure.archive.ubuntu.com/ubuntu noble/main amd64 xfonts-utils amd64 1:7.7+6build3 [94.4 kB]
2026-09-10T17:46:25.7897129Z Get:174 http://azure.archive.ubuntu.com/ubuntu noble/universe amd64 xfonts-cyrillic all 1:1.0.5+nmu1 [384 kB]
2026-09-10T17:46:25.7897921Z Get:175 http://azure.archive.ubuntu.com/ubuntu noble/main amd64 xfonts-scalable all 1:1.0.3-1.3 [304 kB]
2026-09-10T17:46:25.7898809Z Get:176 http://azure.archive.ubuntu.com/ubuntu noble/universe amd64 libgstreamer-plugins-bad1.0-0 amd64 1.24.2-1ubuntu4 [797 kB]
2026-09-10T17:46:25.7899664Z Get:177 http://azure.archive.ubuntu.com/ubuntu noble/universe amd64 libdca0 amd64 0.0.7-2build1 [93.8 kB]
2026-09-10T17:46:25.7900708Z Get:178 http://azure.archive.ubuntu.com/ubuntu noble/universe amd64 libopenal1 amd64 1:1.23.1-4build1 [540 kB]
2026-09-10T17:46:25.7901473Z Get:179 http://azure.archive.ubuntu.com/ubuntu noble/main amd64 libsbc1 amd64 2.0-1build1 [33.9 kB]
2026-09-10T17:46:25.7902262Z Get:180 http://azure.archive.ubuntu.com/ubuntu noble/universe amd64 libvo-aacenc0 amd64 0.1.3-2build1 [67.8 kB]
2026-09-10T17:46:25.7903099Z Get:181 http://azure.archive.ubuntu.com/ubuntu noble/universe amd64 libvo-amrwbenc0 amd64 0.1.3-2build1 [76.7 kB]
2026-09-10T17:46:25.7903994Z Get:182 http://azure.archive.ubuntu.com/ubuntu noble/universe amd64 gstreamer1.0-plugins-bad amd64 1.24.2-1ubuntu4 [3081 kB]
2026-09-10T17:46:25.7904581Z Fetched 114 MB in 7s (16.1 MB/s)
2026-09-10T17:46:25.7905019Z Selecting previously unselected package fonts-ipafont-gothic.
2026-09-10T17:46:25.7905406Z (Reading database ... 
2026-09-10T17:46:25.7905672Z (Reading database ... 5%
2026-09-10T17:46:25.7905937Z (Reading database ... 10%
2026-09-10T17:46:25.7906195Z (Reading database ... 15%
2026-09-10T17:46:25.7906441Z (Reading database ... 20%
2026-09-10T17:46:25.7906865Z (Reading database ... 25%
2026-09-10T17:46:25.7907254Z (Reading database ... 30%
2026-09-10T17:46:25.7907640Z (Reading database ... 35%
2026-09-10T17:46:25.7908032Z (Reading database ... 40%
2026-09-10T17:46:25.7908394Z (Reading database ... 45%
2026-09-10T17:46:25.7908637Z (Reading database ... 50%
2026-09-10T17:46:25.7908883Z (Reading database ... 55%
2026-09-10T17:46:25.7909130Z (Reading database ... 60%
2026-09-10T17:46:25.7909374Z (Reading database ... 65%
2026-09-10T17:46:25.7909615Z (Reading database ... 70%
2026-09-10T17:46:25.7910270Z (Reading database ... 75%
2026-09-10T17:46:25.7910542Z (Reading database ... 80%
2026-09-10T17:46:25.7910787Z (Reading database ... 85%
2026-09-10T17:46:25.7911029Z (Reading database ... 90%
2026-09-10T17:46:25.7911277Z (Reading database ... 95%
2026-09-10T17:46:25.7911528Z (Reading database ... 100%
2026-09-10T17:46:25.7911975Z (Reading database ... 201818 files and directories currently installed.)
2026-09-10T17:46:25.7912574Z Preparing to unpack .../000-fonts-ipafont-gothic_00303-21ubuntu1_all.deb ...
2026-09-10T17:46:25.7913101Z Unpacking fonts-ipafont-gothic (00303-21ubuntu1) ...
2026-09-10T17:46:25.7913578Z Selecting previously unselected package fonts-freefont-ttf.
2026-09-10T17:46:25.7914131Z Preparing to unpack .../001-fonts-freefont-ttf_20211204+svn4273-2_all.deb ...
2026-09-10T17:46:25.7914626Z Unpacking fonts-freefont-ttf (20211204+svn4273-2) ...
2026-09-10T17:46:25.7915089Z Selecting previously unselected package fonts-tlwg-loma-otf.
2026-09-10T17:46:25.7915623Z Preparing to unpack .../002-fonts-tlwg-loma-otf_1%3a0.7.3-1_all.deb ...
2026-09-10T17:46:25.7916088Z Unpacking fonts-tlwg-loma-otf (1:0.7.3-1) ...
2026-09-10T17:46:25.7916494Z Selecting previously unselected package fonts-unifont.
2026-09-10T17:46:25.7916999Z Preparing to unpack .../003-fonts-unifont_1%3a15.1.01-1build1_all.deb ...
2026-09-10T17:46:25.7917457Z Unpacking fonts-unifont (1:15.1.01-1build1) ...
2026-09-10T17:46:25.7917889Z Selecting previously unselected package fonts-wqy-zenhei.
2026-09-10T17:46:25.7918372Z Preparing to unpack .../004-fonts-wqy-zenhei_0.9.45-8_all.deb ...
2026-09-10T17:46:25.7918922Z Unpacking fonts-wqy-zenhei (0.9.45-8) ...
2026-09-10T17:46:25.7919342Z Selecting previously unselected package libproxy1v5:amd64.
2026-09-10T17:46:25.7920034Z Preparing to unpack .../005-libproxy1v5_0.5.4-4build1_amd64.deb ...
2026-09-10T17:46:25.7920486Z Unpacking libproxy1v5:amd64 (0.5.4-4build1) ...
2026-09-10T17:46:25.7920948Z Selecting previously unselected package glib-networking-common.
2026-09-10T17:46:25.7921509Z Preparing to unpack .../006-glib-networking-common_2.80.0-1build1_all.deb ...
2026-09-10T17:46:25.7922010Z Unpacking glib-networking-common (2.80.0-1build1) ...
2026-09-10T17:46:25.7922490Z Selecting previously unselected package glib-networking-services.
2026-09-10T17:46:25.7923073Z Preparing to unpack .../007-glib-networking-services_2.80.0-1build1_amd64.deb ...
2026-09-10T17:46:25.7923591Z Unpacking glib-networking-services (2.80.0-1build1) ...
2026-09-10T17:46:25.7924045Z Selecting previously unselected package session-migration.
2026-09-10T17:46:25.7924561Z Preparing to unpack .../008-session-migration_0.3.9build1_amd64.deb ...
2026-09-10T17:46:25.7925005Z Unpacking session-migration (0.3.9build1) ...
2026-09-10T17:46:25.7925469Z Selecting previously unselected package gsettings-desktop-schemas.
2026-09-10T17:46:25.7926053Z Preparing to unpack .../009-gsettings-desktop-schemas_46.1-0ubuntu1_all.deb ...
2026-09-10T17:46:25.7926566Z Unpacking gsettings-desktop-schemas (46.1-0ubuntu1) ...
2026-09-10T17:46:25.7927039Z Selecting previously unselected package glib-networking:amd64.
2026-09-10T17:46:25.7927567Z Preparing to unpack .../010-glib-networking_2.80.0-1build1_amd64.deb ...
2026-09-10T17:46:25.7928033Z Unpacking glib-networking:amd64 (2.80.0-1build1) ...
2026-09-10T17:46:25.7928455Z Selecting previously unselected package libva2:amd64.
2026-09-10T17:46:25.7928917Z Preparing to unpack .../011-libva2_2.20.0-2ubuntu0.2_amd64.deb ...
2026-09-10T17:46:25.7929344Z Unpacking libva2:amd64 (2.20.0-2ubuntu0.2) ...
2026-09-10T17:46:25.7929771Z Selecting previously unselected package libva-drm2:amd64.
2026-09-10T17:46:25.7930530Z Preparing to unpack .../012-libva-drm2_2.20.0-2ubuntu0.2_amd64.deb ...
2026-09-10T17:46:25.7930992Z Unpacking libva-drm2:amd64 (2.20.0-2ubuntu0.2) ...
2026-09-10T17:46:25.7931430Z Selecting previously unselected package libva-x11-2:amd64.
2026-09-10T17:46:25.7931930Z Preparing to unpack .../013-libva-x11-2_2.20.0-2ubuntu0.2_amd64.deb ...
2026-09-10T17:46:25.7932526Z Unpacking libva-x11-2:amd64 (2.20.0-2ubuntu0.2) ...
2026-09-10T17:46:25.7932963Z Selecting previously unselected package libvdpau1:amd64.
2026-09-10T17:46:25.7933461Z Preparing to unpack .../014-libvdpau1_1.5-2build1_amd64.deb ...
2026-09-10T17:46:25.7933876Z Unpacking libvdpau1:amd64 (1.5-2build1) ...
2026-09-10T17:46:25.7934259Z Selecting previously unselected package libvpl2.
2026-09-10T17:46:25.7934713Z Preparing to unpack .../015-libvpl2_2023.3.0-1build1_amd64.deb ...
2026-09-10T17:46:25.7935123Z Unpacking libvpl2 (2023.3.0-1build1) ...
2026-09-10T17:46:25.7935578Z Selecting previously unselected package ocl-icd-libopencl1:amd64.
2026-09-10T17:46:25.7936118Z Preparing to unpack .../016-ocl-icd-libopencl1_2.3.2-1build1_amd64.deb ...
2026-09-10T17:46:25.7936610Z Unpacking ocl-icd-libopencl1:amd64 (2.3.2-1build1) ...
2026-09-10T17:46:25.7937054Z Selecting previously unselected package libavutil58:amd64.
2026-09-10T17:46:25.7937554Z Preparing to unpack .../017-libavutil58_7%3a6.1.1-3ubuntu5_amd64.deb ...
2026-09-10T17:46:25.7938018Z Unpacking libavutil58:amd64 (7:6.1.1-3ubuntu5) ...
2026-09-10T17:46:25.7938464Z Selecting previously unselected package libcodec2-1.2:amd64.
2026-09-10T17:46:25.7938966Z Preparing to unpack .../018-libcodec2-1.2_1.2.0-2build1_amd64.deb ...
2026-09-10T17:46:25.7939414Z Unpacking libcodec2-1.2:amd64 (1.2.0-2build1) ...
2026-09-10T17:46:25.7940021Z Selecting previously unselected package libdav1d7:amd64.
2026-09-10T17:46:25.7940505Z Preparing to unpack .../019-libdav1d7_1.4.1-1build1_amd64.deb ...
2026-09-10T17:46:25.7941072Z Unpacking libdav1d7:amd64 (1.4.1-1build1) ...
2026-09-10T17:46:25.7941479Z Selecting previously unselected package libgsm1:amd64.
2026-09-10T17:46:25.7941947Z Preparing to unpack .../020-libgsm1_1.0.22-1build1_amd64.deb ...
2026-09-10T17:46:25.7942367Z Unpacking libgsm1:amd64 (1.0.22-1build1) ...
2026-09-10T17:46:25.7942784Z Selecting previously unselected package libhwy1t64:amd64.
2026-09-10T17:46:25.7943275Z Preparing to unpack .../021-libhwy1t64_1.0.7-8.1build1_amd64.deb ...
2026-09-10T17:46:25.7943716Z Unpacking libhwy1t64:amd64 (1.0.7-8.1build1) ...
2026-09-10T17:46:25.7944141Z Selecting previously unselected package libjxl0.7:amd64.
2026-09-10T17:46:25.7944633Z Preparing to unpack .../022-libjxl0.7_0.7.0-10.2ubuntu6.1_amd64.deb ...
2026-09-10T17:46:25.7945090Z Unpacking libjxl0.7:amd64 (0.7.0-10.2ubuntu6.1) ...
2026-09-10T17:46:25.7945533Z Selecting previously unselected package libmp3lame0:amd64.
2026-09-10T17:46:25.7946025Z Preparing to unpack .../023-libmp3lame0_3.100-6build1_amd64.deb ...
2026-09-10T17:46:25.7946460Z Unpacking libmp3lame0:amd64 (3.100-6build1) ...
2026-09-10T17:46:25.7946879Z Selecting previously unselected package libopus0:amd64.
2026-09-10T17:46:25.7947336Z Preparing to unpack .../024-libopus0_1.4-1build1_amd64.deb ...
2026-09-10T17:46:25.7947738Z Unpacking libopus0:amd64 (1.4-1build1) ...
2026-09-10T17:46:25.7948145Z Selecting previously unselected package librav1e0:amd64.
2026-09-10T17:46:25.7948596Z Preparing to unpack .../025-librav1e0_0.7.1-2_amd64.deb ...
2026-09-10T17:46:25.7948987Z Unpacking librav1e0:amd64 (0.7.1-2) ...
2026-09-10T17:46:25.7949400Z Selecting previously unselected package librsvg2-2:amd64.
2026-09-10T17:46:25.7950190Z Preparing to unpack .../026-librsvg2-2_2.58.0+dfsg-1build1_amd64.deb ...
2026-09-10T17:46:25.7950704Z Unpacking librsvg2-2:amd64 (2.58.0+dfsg-1build1) ...
2026-09-10T17:46:25.7951141Z Selecting previously unselected package libshine3:amd64.
2026-09-10T17:46:25.7951612Z Preparing to unpack .../027-libshine3_3.1.1-2build1_amd64.deb ...
2026-09-10T17:46:25.7952044Z Unpacking libshine3:amd64 (3.1.1-2build1) ...
2026-09-10T17:46:25.7952460Z Selecting previously unselected package libspeex1:amd64.
2026-09-10T17:46:25.7952995Z Preparing to unpack .../028-libspeex1_1.2.1-2ubuntu2.24.04.1_amd64.deb ...
2026-09-10T17:46:25.7953491Z Unpacking libspeex1:amd64 (1.2.1-2ubuntu2.24.04.1) ...
2026-09-10T17:46:25.7953959Z Selecting previously unselected package libsvtav1enc1d1:amd64.
2026-09-10T17:46:25.7954639Z Preparing to unpack .../029-libsvtav1enc1d1_1.7.0+dfsg-2build1_amd64.deb ...
2026-09-10T17:46:25.7955147Z Unpacking libsvtav1enc1d1:amd64 (1.7.0+dfsg-2build1) ...
2026-09-10T17:46:25.7955587Z Selecting previously unselected package libsoxr0:amd64.
2026-09-10T17:46:25.7956049Z Preparing to unpack .../030-libsoxr0_0.1.3-4build3_amd64.deb ...
2026-09-10T17:46:25.7956464Z Unpacking libsoxr0:amd64 (0.1.3-4build3) ...
2026-09-10T17:46:25.7956900Z Selecting previously unselected package libswresample4:amd64.
2026-09-10T17:46:25.7957438Z Preparing to unpack .../031-libswresample4_7%3a6.1.1-3ubuntu5_amd64.deb ...
2026-09-10T17:46:25.7957932Z Unpacking libswresample4:amd64 (7:6.1.1-3ubuntu5) ...
2026-09-10T17:46:25.7958374Z Selecting previously unselected package libtheora0:amd64.
2026-09-10T17:46:25.7958891Z Preparing to unpack .../032-libtheora0_1.1.1+dfsg.1-16.1build3_amd64.deb ...
2026-09-10T17:46:25.7959375Z Unpacking libtheora0:amd64 (1.1.1+dfsg.1-16.1build3) ...
2026-09-10T17:46:25.7959931Z Selecting previously unselected package libtwolame0:amd64.
2026-09-10T17:46:25.7960430Z Preparing to unpack .../033-libtwolame0_0.4.0-2build3_amd64.deb ...
2026-09-10T17:46:25.7960863Z Unpacking libtwolame0:amd64 (0.4.0-2build3) ...
2026-09-10T17:46:25.7961310Z Selecting previously unselected package libvorbisenc2:amd64.
2026-09-10T17:46:25.7961819Z Preparing to unpack .../034-libvorbisenc2_1.3.7-1build3_amd64.deb ...
2026-09-10T17:46:25.7962264Z Unpacking libvorbisenc2:amd64 (1.3.7-1build3) ...
2026-09-10T17:46:25.7962684Z Selecting previously unselected package libvpx9:amd64.
2026-09-10T17:46:25.7963290Z Preparing to unpack .../035-libvpx9_1.14.0-1ubuntu2.3_amd64.deb ...
2026-09-10T17:46:25.7963712Z Unpacking libvpx9:amd64 (1.14.0-1ubuntu2.3) ...
2026-09-10T17:46:25.7964132Z Selecting previously unselected package libx264-164:amd64.
2026-09-10T17:46:25.7964670Z Preparing to unpack .../036-libx264-164_2%3a0.164.3108+git31e19f9-1_amd64.deb ...
2026-09-10T17:46:25.7965182Z Unpacking libx264-164:amd64 (2:0.164.3108+git31e19f9-1) ...
2026-09-10T17:46:25.7965635Z Selecting previously unselected package libx265-199:amd64.
2026-09-10T17:46:25.7966107Z Preparing to unpack .../037-libx265-199_3.5-2build1_amd64.deb ...
2026-09-10T17:46:25.7966521Z Unpacking libx265-199:amd64 (3.5-2build1) ...
2026-09-10T17:46:25.7966941Z Selecting previously unselected package libxvidcore4:amd64.
2026-09-10T17:46:25.7967452Z Preparing to unpack .../038-libxvidcore4_2%3a1.3.7-1build1_amd64.deb ...
2026-09-10T17:46:25.7967914Z Unpacking libxvidcore4:amd64 (2:1.3.7-1build1) ...
2026-09-10T17:46:25.7968339Z Selecting previously unselected package libzvbi-common.
2026-09-10T17:46:25.7968803Z Preparing to unpack .../039-libzvbi-common_0.2.42-2_all.deb ...
2026-09-10T17:46:25.7969202Z Unpacking libzvbi-common (0.2.42-2) ...
2026-09-10T17:46:25.7969607Z Selecting previously unselected package libzvbi0t64:amd64.
2026-09-10T17:46:25.7970188Z Preparing to unpack .../040-libzvbi0t64_0.2.42-2_amd64.deb ...
2026-09-10T17:46:25.7970592Z Unpacking libzvbi0t64:amd64 (0.2.42-2) ...
2026-09-10T17:46:25.7971005Z Selecting previously unselected package libavcodec60:amd64.
2026-09-10T17:46:25.7971520Z Preparing to unpack .../041-libavcodec60_7%3a6.1.1-3ubuntu5_amd64.deb ...
2026-09-10T17:46:25.7971985Z Unpacking libavcodec60:amd64 (7:6.1.1-3ubuntu5) ...
2026-09-10T17:46:25.7972418Z Selecting previously unselected package libunibreak5:amd64.
2026-09-10T17:46:25.7972898Z Preparing to unpack .../042-libunibreak5_5.1-2build1_amd64.deb ...
2026-09-10T17:46:25.7973328Z Unpacking libunibreak5:amd64 (5.1-2build1) ...
2026-09-10T17:46:25.7973740Z Selecting previously unselected package libass9:amd64.
2026-09-10T17:46:25.7974215Z Preparing to unpack .../043-libass9_1%3a0.17.1-2build1_amd64.deb ...
2026-09-10T17:46:25.7974649Z Unpacking libass9:amd64 (1:0.17.1-2build1) ...
2026-09-10T17:46:25.7975061Z Selecting previously unselected package libudfread0:amd64.
2026-09-10T17:46:25.7975539Z Preparing to unpack .../044-libudfread0_1.1.2-1build1_amd64.deb ...
2026-09-10T17:46:25.7976104Z Unpacking libudfread0:amd64 (1.1.2-1build1) ...
2026-09-10T17:46:25.7976546Z Selecting previously unselected package libbluray2:amd64.
2026-09-10T17:46:25.7977041Z Preparing to unpack .../045-libbluray2_1%3a1.3.4-1build1_amd64.deb ...
2026-09-10T17:46:25.7977491Z Unpacking libbluray2:amd64 (1:1.3.4-1build1) ...
2026-09-10T17:46:25.7977937Z Selecting previously unselected package libchromaprint1:amd64.
2026-09-10T17:46:25.7978433Z Preparing to unpack .../046-libchromaprint1_1.5.1-5_amd64.deb ...
2026-09-10T17:46:25.7978856Z Unpacking libchromaprint1:amd64 (1.5.1-5) ...
2026-09-10T17:46:25.7979261Z Selecting previously unselected package libgme0:amd64.
2026-09-10T17:46:25.7979712Z Preparing to unpack .../047-libgme0_0.6.3-7build1_amd64.deb ...
2026-09-10T17:46:25.7980224Z Unpacking libgme0:amd64 (0.6.3-7build1) ...
2026-09-10T17:46:25.7980652Z Selecting previously unselected package libmpg123-0t64:amd64.
2026-09-10T17:46:25.7981173Z Preparing to unpack .../048-libmpg123-0t64_1.32.5-1ubuntu1.1_amd64.deb ...
2026-09-10T17:46:25.7981655Z Unpacking libmpg123-0t64:amd64 (1.32.5-1ubuntu1.1) ...
2026-09-10T17:46:25.7982100Z Selecting previously unselected package libopenmpt0t64:amd64.
2026-09-10T17:46:25.7982606Z Preparing to unpack .../049-libopenmpt0t64_0.7.3-1.1build3_amd64.deb ...
2026-09-10T17:46:25.7983077Z Unpacking libopenmpt0t64:amd64 (0.7.3-1.1build3) ...
2026-09-10T17:46:25.7983510Z Selecting previously unselected package libcjson1:amd64.
2026-09-10T17:46:25.7983960Z Preparing to unpack .../050-libcjson1_1.7.17-1_amd64.deb ...
2026-09-10T17:46:25.7984349Z Unpacking libcjson1:amd64 (1.7.17-1) ...
2026-09-10T17:46:25.7984918Z Selecting previously unselected package libmbedcrypto7t64:amd64.
2026-09-10T17:46:25.7985432Z Preparing to unpack .../051-libmbedcrypto7t64_2.28.8-1_amd64.deb ...
2026-09-10T17:46:25.7985878Z Unpacking libmbedcrypto7t64:amd64 (2.28.8-1) ...
2026-09-10T17:46:25.7986298Z Selecting previously unselected package librist4:amd64.
2026-09-10T17:46:25.7986754Z Preparing to unpack .../052-librist4_0.2.10+dfsg-2_amd64.deb ...
2026-09-10T17:46:25.7987172Z Unpacking librist4:amd64 (0.2.10+dfsg-2) ...
2026-09-10T17:46:25.7987609Z Selecting previously unselected package libsrt1.5-gnutls:amd64.
2026-09-10T17:46:25.7988126Z Preparing to unpack .../053-libsrt1.5-gnutls_1.5.3-1build2_amd64.deb ...
2026-09-10T17:46:25.7988582Z Unpacking libsrt1.5-gnutls:amd64 (1.5.3-1build2) ...
2026-09-10T17:46:25.7989041Z Selecting previously unselected package libssh-gcrypt-4:amd64.
2026-09-10T17:46:25.7989566Z Preparing to unpack .../054-libssh-gcrypt-4_0.10.6-2ubuntu0.5_amd64.deb ...
2026-09-10T17:46:25.7990344Z Unpacking libssh-gcrypt-4:amd64 (0.10.6-2ubuntu0.5) ...
2026-09-10T17:46:25.7990825Z Selecting previously unselected package libavformat60:amd64.
2026-09-10T17:46:25.7991352Z Preparing to unpack .../055-libavformat60_7%3a6.1.1-3ubuntu5_amd64.deb ...
2026-09-10T17:46:25.7991831Z Unpacking libavformat60:amd64 (7:6.1.1-3ubuntu5) ...
2026-09-10T17:46:25.7992262Z Selecting previously unselected package libbs2b0:amd64.
2026-09-10T17:46:25.7992748Z Preparing to unpack .../056-libbs2b0_3.1.0+dfsg-7build1_amd64.deb ...
2026-09-10T17:46:25.7993198Z Unpacking libbs2b0:amd64 (3.1.0+dfsg-7build1) ...
2026-09-10T17:46:25.7993634Z Selecting previously unselected package libflite1:amd64.
2026-09-10T17:46:25.7994096Z Preparing to unpack .../057-libflite1_2.2-6build3_amd64.deb ...
2026-09-10T17:46:25.7994507Z Unpacking libflite1:amd64 (2.2-6build3) ...
2026-09-10T17:46:25.7995182Z Selecting previously unselected package libserd-0-0:amd64.
2026-09-10T17:46:25.7995666Z Preparing to unpack .../058-libserd-0-0_0.32.2-1_amd64.deb ...
2026-09-10T17:46:25.7996070Z Unpacking libserd-0-0:amd64 (0.32.2-1) ...
2026-09-10T17:46:25.7996485Z Selecting previously unselected package libzix-0-0:amd64.
2026-09-10T17:46:25.7997110Z Preparing to unpack .../059-libzix-0-0_0.4.2-2build1_amd64.deb ...
2026-09-10T17:46:25.7997679Z Unpacking libzix-0-0:amd64 (0.4.2-2build1) ...
2026-09-10T17:46:25.7998243Z Selecting previously unselected package libsord-0-0:amd64.
2026-09-10T17:46:25.7999077Z Preparing to unpack .../060-libsord-0-0_0.16.16-2build1_amd64.deb ...
2026-09-10T17:46:25.7999637Z Unpacking libsord-0-0:amd64 (0.16.16-2build1) ...
2026-09-10T17:46:25.8000188Z Selecting previously unselected package libsratom-0-0:amd64.
2026-09-10T17:46:25.8000824Z Preparing to unpack .../061-libsratom-0-0_0.6.16-1build1_amd64.deb ...
2026-09-10T17:46:25.8001400Z Unpacking libsratom-0-0:amd64 (0.6.16-1build1) ...
2026-09-10T17:46:25.8001837Z Selecting previously unselected package liblilv-0-0:amd64.
2026-09-10T17:46:25.8002447Z Preparing to unpack .../062-liblilv-0-0_0.24.22-1build1_amd64.deb ...
2026-09-10T17:46:25.8003008Z Unpacking liblilv-0-0:amd64 (0.24.22-1build1) ...
2026-09-10T17:46:25.8003440Z Selecting previously unselected package libmysofa1:amd64.
2026-09-10T17:46:25.8004070Z Preparing to unpack .../063-libmysofa1_1.3.2+dfsg-2ubuntu2_amd64.deb ...
2026-09-10T17:46:25.8004666Z Unpacking libmysofa1:amd64 (1.3.2+dfsg-2ubuntu2) ...
2026-09-10T17:46:25.8005136Z Selecting previously unselected package libplacebo338:amd64.
2026-09-10T17:46:25.8005774Z Preparing to unpack .../064-libplacebo338_6.338.2-2build1_amd64.deb ...
2026-09-10T17:46:25.8006370Z Unpacking libplacebo338:amd64 (6.338.2-2build1) ...
2026-09-10T17:46:25.8006804Z Selecting previously unselected package libblas3:amd64.
2026-09-10T17:46:25.8007409Z Preparing to unpack .../065-libblas3_3.12.0-3build1.1_amd64.deb ...
2026-09-10T17:46:25.8007973Z Unpacking libblas3:amd64 (3.12.0-3build1.1) ...
2026-09-10T17:46:25.8008411Z Selecting previously unselected package liblapack3:amd64.
2026-09-10T17:46:25.8009175Z Preparing to unpack .../066-liblapack3_3.12.0-3build1.1_amd64.deb ...
2026-09-10T17:46:25.8009733Z Unpacking liblapack3:amd64 (3.12.0-3build1.1) ...
2026-09-10T17:46:25.8010343Z Selecting previously unselected package libasyncns0:amd64.
2026-09-10T17:46:25.8010882Z Preparing to unpack .../067-libasyncns0_0.8-6build4_amd64.deb ...
2026-09-10T17:46:25.8011425Z Unpacking libasyncns0:amd64 (0.8-6build4) ...
2026-09-10T17:46:25.8011903Z Selecting previously unselected package libflac12t64:amd64.
2026-09-10T17:46:25.8012522Z Preparing to unpack .../068-libflac12t64_1.4.3+ds-2.1ubuntu2_amd64.deb ...
2026-09-10T17:46:25.8013132Z Unpacking libflac12t64:amd64 (1.4.3+ds-2.1ubuntu2) ...
2026-09-10T17:46:25.8013635Z Selecting previously unselected package libsndfile1:amd64.
2026-09-10T17:46:25.8014251Z Preparing to unpack .../069-libsndfile1_1.2.2-1ubuntu5.24.04.1_amd64.deb ...
2026-09-10T17:46:25.8014880Z Unpacking libsndfile1:amd64 (1.2.2-1ubuntu5.24.04.1) ...
2026-09-10T17:46:25.8015456Z Selecting previously unselected package libpulse0:amd64.
2026-09-10T17:46:25.8015991Z Preparing to unpack .../070-libpulse0_1%3a16.1+dfsg1-2ubuntu10.1_amd64.deb ...
2026-09-10T17:46:25.8016623Z Unpacking libpulse0:amd64 (1:16.1+dfsg1-2ubuntu10.1) ...
2026-09-10T17:46:25.8017229Z Selecting previously unselected package libsphinxbase3t64:amd64.
2026-09-10T17:46:25.8017946Z Preparing to unpack .../071-libsphinxbase3t64_0.8+5prealpha+1-17build2_amd64.deb ...
2026-09-10T17:46:25.8018604Z Unpacking libsphinxbase3t64:amd64 (0.8+5prealpha+1-17build2) ...
2026-09-10T17:46:25.8019192Z Selecting previously unselected package libpocketsphinx3:amd64.
2026-09-10T17:46:25.8020035Z Preparing to unpack .../072-libpocketsphinx3_0.8.0+real5prealpha+1-15ubuntu5_amd64.deb ...
2026-09-10T17:46:25.8020805Z Unpacking libpocketsphinx3:amd64 (0.8.0+real5prealpha+1-15ubuntu5) ...
2026-09-10T17:46:25.8021444Z Selecting previously unselected package libpostproc57:amd64.
2026-09-10T17:46:25.8022102Z Preparing to unpack .../073-libpostproc57_7%3a6.1.1-3ubuntu5_amd64.deb ...
2026-09-10T17:46:25.8022597Z Unpacking libpostproc57:amd64 (7:6.1.1-3ubuntu5) ...
2026-09-10T17:46:25.8023187Z Selecting previously unselected package libsamplerate0:amd64.
2026-09-10T17:46:25.8023838Z Preparing to unpack .../074-libsamplerate0_0.2.2-4build1_amd64.deb ...
2026-09-10T17:46:25.8024334Z Unpacking libsamplerate0:amd64 (0.2.2-4build1) ...
2026-09-10T17:46:25.8024881Z Selecting previously unselected package librubberband2:amd64.
2026-09-10T17:46:25.8025683Z Preparing to unpack .../075-librubberband2_3.3.0+dfsg-2build1_amd64.deb ...
2026-09-10T17:46:25.8026318Z Unpacking librubberband2:amd64 (3.3.0+dfsg-2build1) ...
2026-09-10T17:46:25.8026775Z Selecting previously unselected package libswscale7:amd64.
2026-09-10T17:46:25.8027430Z Preparing to unpack .../076-libswscale7_7%3a6.1.1-3ubuntu5_amd64.deb ...
2026-09-10T17:46:25.8028008Z Unpacking libswscale7:amd64 (7:6.1.1-3ubuntu5) ...
2026-09-10T17:46:25.8028494Z Selecting previously unselected package libvidstab1.1:amd64.
2026-09-10T17:46:25.8029096Z Preparing to unpack .../077-libvidstab1.1_1.1.0-2build1_amd64.deb ...
2026-09-10T17:46:25.8029660Z Unpacking libvidstab1.1:amd64 (1.1.0-2build1) ...
2026-09-10T17:46:25.8030356Z Selecting previously unselected package libzimg2:amd64.
2026-09-10T17:46:25.8030848Z Preparing to unpack .../078-libzimg2_3.0.5+ds1-1build1_amd64.deb ...
2026-09-10T17:46:25.8031407Z Unpacking libzimg2:amd64 (3.0.5+ds1-1build1) ...
2026-09-10T17:46:25.8031948Z Selecting previously unselected package libavfilter9:amd64.
2026-09-10T17:46:25.8032500Z Preparing to unpack .../079-libavfilter9_7%3a6.1.1-3ubuntu5_amd64.deb ...
2026-09-10T17:46:25.8033117Z Unpacking libavfilter9:amd64 (7:6.1.1-3ubuntu5) ...
2026-09-10T17:46:25.8033712Z Selecting previously unselected package liborc-0.4-0t64:amd64.
2026-09-10T17:46:25.8034321Z Preparing to unpack .../080-liborc-0.4-0t64_1%3a0.4.38-1ubuntu0.1_amd64.deb ...
2026-09-10T17:46:25.8034902Z Unpacking liborc-0.4-0t64:amd64 (1:0.4.38-1ubuntu0.1) ...
2026-09-10T17:46:25.8035728Z Selecting previously unselected package libgstreamer-plugins-base1.0-0:amd64.
2026-09-10T17:46:25.8036514Z Preparing to unpack .../081-libgstreamer-plugins-base1.0-0_1.24.2-1ubuntu0.4_amd64.deb ...
2026-09-10T17:46:25.8037261Z Unpacking libgstreamer-plugins-base1.0-0:amd64 (1.24.2-1ubuntu0.4) ...
2026-09-10T17:46:25.8037934Z Selecting previously unselected package gstreamer1.0-libav:amd64.
2026-09-10T17:46:25.8038602Z Preparing to unpack .../082-gstreamer1.0-libav_1.24.1-1build1_amd64.deb ...
2026-09-10T17:46:25.8039103Z Unpacking gstreamer1.0-libav:amd64 (1.24.1-1build1) ...
2026-09-10T17:46:25.8039692Z Selecting previously unselected package libcdparanoia0:amd64.
2026-09-10T17:46:25.8040340Z Preparing to unpack .../083-libcdparanoia0_3.10.2+debian-14build3_amd64.deb ...
2026-09-10T17:46:25.8040927Z Unpacking libcdparanoia0:amd64 (3.10.2+debian-14build3) ...
2026-09-10T17:46:25.8041484Z Selecting previously unselected package libvisual-0.4-0:amd64.
2026-09-10T17:46:25.8042010Z Preparing to unpack .../084-libvisual-0.4-0_0.4.2-2build1_amd64.deb ...
2026-09-10T17:46:25.8042484Z Unpacking libvisual-0.4-0:amd64 (0.4.2-2build1) ...
2026-09-10T17:46:25.8042991Z Selecting previously unselected package gstreamer1.0-plugins-base:amd64.
2026-09-10T17:46:25.8043737Z Preparing to unpack .../085-gstreamer1.0-plugins-base_1.24.2-1ubuntu0.4_amd64.deb ...
2026-09-10T17:46:25.8044325Z Unpacking gstreamer1.0-plugins-base:amd64 (1.24.2-1ubuntu0.4) ...
2026-09-10T17:46:25.8044803Z Selecting previously unselected package libaa1:amd64.
2026-09-10T17:46:25.8045252Z Preparing to unpack .../086-libaa1_1.4p5-51.1_amd64.deb ...
2026-09-10T17:46:25.8045651Z Unpacking libaa1:amd64 (1.4p5-51.1) ...
2026-09-10T17:46:25.8046074Z Selecting previously unselected package libraw1394-11:amd64.
2026-09-10T17:46:25.8046577Z Preparing to unpack .../087-libraw1394-11_2.1.2-2build3_amd64.deb ...
2026-09-10T17:46:25.8047146Z Unpacking libraw1394-11:amd64 (2.1.2-2build3) ...
2026-09-10T17:46:25.8047588Z Selecting previously unselected package libavc1394-0:amd64.
2026-09-10T17:46:25.8048081Z Preparing to unpack .../088-libavc1394-0_0.5.4-5build3_amd64.deb ...
2026-09-10T17:46:25.8048526Z Unpacking libavc1394-0:amd64 (0.5.4-5build3) ...
2026-09-10T17:46:25.8048945Z Selecting previously unselected package libcaca0:amd64.
2026-09-10T17:46:25.8049447Z Preparing to unpack .../089-libcaca0_0.99.beta20-4ubuntu0.2_amd64.deb ...
2026-09-10T17:46:25.8050021Z Unpacking libcaca0:amd64 (0.99.beta20-4ubuntu0.2) ...
2026-09-10T17:46:25.8050600Z Selecting previously unselected package libdv4t64:amd64.
2026-09-10T17:46:25.8051091Z Preparing to unpack .../090-libdv4t64_1.0.0-17.1build1_amd64.deb ...
2026-09-10T17:46:25.8051531Z Unpacking libdv4t64:amd64 (1.0.0-17.1build1) ...
2026-09-10T17:46:25.8052054Z Selecting previously unselected package libgstreamer-plugins-good1.0-0:amd64.
2026-09-10T17:46:25.8052723Z Preparing to unpack .../091-libgstreamer-plugins-good1.0-0_1.24.2-1ubuntu1.5_amd64.deb ...
2026-09-10T17:46:25.8053397Z Unpacking libgstreamer-plugins-good1.0-0:amd64 (1.24.2-1ubuntu1.5) ...
2026-09-10T17:46:25.8053936Z Selecting previously unselected package libiec61883-0:amd64.
2026-09-10T17:46:25.8054574Z Preparing to unpack .../092-libiec61883-0_1.2.0-6build1_amd64.deb ...
2026-09-10T17:46:25.8055022Z Unpacking libiec61883-0:amd64 (1.2.0-6build1) ...
2026-09-10T17:46:25.8055448Z Selecting previously unselected package libshout3:amd64.
2026-09-10T17:46:25.8055922Z Preparing to unpack .../093-libshout3_2.4.6-1build2_amd64.deb ...
2026-09-10T17:46:25.8056352Z Unpacking libshout3:amd64 (2.4.6-1build2) ...
2026-09-10T17:46:25.8056805Z Selecting previously unselected package libtag1v5-vanilla:amd64.
2026-09-10T17:46:25.8057341Z Preparing to unpack .../094-libtag1v5-vanilla_1.13.1-1build1_amd64.deb ...
2026-09-10T17:46:25.8057835Z Unpacking libtag1v5-vanilla:amd64 (1.13.1-1build1) ...
2026-09-10T17:46:25.8058267Z Selecting previously unselected package libtag1v5:amd64.
2026-09-10T17:46:25.8058743Z Preparing to unpack .../095-libtag1v5_1.13.1-1build1_amd64.deb ...
2026-09-10T17:46:25.8059328Z Unpacking libtag1v5:amd64 (1.13.1-1build1) ...
2026-09-10T17:46:25.8059885Z Selecting previously unselected package libv4lconvert0t64:amd64.
2026-09-10T17:46:25.8060428Z Preparing to unpack .../096-libv4lconvert0t64_1.26.1-4build3_amd64.deb ...
2026-09-10T17:46:25.8060916Z Unpacking libv4lconvert0t64:amd64 (1.26.1-4build3) ...
2026-09-10T17:46:25.8061361Z Selecting previously unselected package libv4l-0t64:amd64.
2026-09-10T17:46:25.8061853Z Preparing to unpack .../097-libv4l-0t64_1.26.1-4build3_amd64.deb ...
2026-09-10T17:46:25.8062295Z Unpacking libv4l-0t64:amd64 (1.26.1-4build3) ...
2026-09-10T17:46:25.8062726Z Selecting previously unselected package libwavpack1:amd64.
2026-09-10T17:46:25.8063210Z Preparing to unpack .../098-libwavpack1_5.6.0-1build1_amd64.deb ...
2026-09-10T17:46:25.8063644Z Unpacking libwavpack1:amd64 (5.6.0-1build1) ...
2026-09-10T17:46:25.8064083Z Selecting previously unselected package libsoup-3.0-common.
2026-09-10T17:46:25.8064610Z Preparing to unpack .../099-libsoup-3.0-common_3.4.4-5ubuntu0.7_all.deb ...
2026-09-10T17:46:25.8065085Z Unpacking libsoup-3.0-common (3.4.4-5ubuntu0.7) ...
2026-09-10T17:46:25.8065540Z Selecting previously unselected package libsoup-3.0-0:amd64.
2026-09-10T17:46:25.8066055Z Preparing to unpack .../100-libsoup-3.0-0_3.4.4-5ubuntu0.7_amd64.deb ...
2026-09-10T17:46:25.8066520Z Unpacking libsoup-3.0-0:amd64 (3.4.4-5ubuntu0.7) ...
2026-09-10T17:46:25.8067028Z Selecting previously unselected package gstreamer1.0-plugins-good:amd64.
2026-09-10T17:46:25.8067790Z Preparing to unpack .../101-gstreamer1.0-plugins-good_1.24.2-1ubuntu1.5_amd64.deb ...
2026-09-10T17:46:25.8068372Z Unpacking gstreamer1.0-plugins-good:amd64 (1.24.2-1ubuntu1.5) ...
2026-09-10T17:46:25.8068887Z Selecting previously unselected package libabsl20220623t64:amd64.
2026-09-10T17:46:25.8069446Z Preparing to unpack .../102-libabsl20220623t64_20220623.1-3.1ubuntu3.2_amd64.deb ...
2026-09-10T17:46:25.8070188Z Unpacking libabsl20220623t64:amd64 (20220623.1-3.1ubuntu3.2) ...
2026-09-10T17:46:25.8070669Z Selecting previously unselected package libgav1-1:amd64.
2026-09-10T17:46:25.8071144Z Preparing to unpack .../103-libgav1-1_0.18.0-1build3_amd64.deb ...
2026-09-10T17:46:25.8071566Z Unpacking libgav1-1:amd64 (0.18.0-1build3) ...
2026-09-10T17:46:25.8071977Z Selecting previously unselected package libyuv0:amd64.
2026-09-10T17:46:25.8072483Z Preparing to unpack .../104-libyuv0_0.0~git202401110.af6ac82-1_amd64.deb ...
2026-09-10T17:46:25.8073109Z Unpacking libyuv0:amd64 (0.0~git202401110.af6ac82-1) ...
2026-09-10T17:46:25.8073548Z Selecting previously unselected package libavif16:amd64.
2026-09-10T17:46:25.8074011Z Preparing to unpack .../105-libavif16_1.0.4-1ubuntu3_amd64.deb ...
2026-09-10T17:46:25.8074426Z Unpacking libavif16:amd64 (1.0.4-1ubuntu3) ...
2026-09-10T17:46:25.8074834Z Selecting previously unselected package libavtp0:amd64.
2026-09-10T17:46:25.8075293Z Preparing to unpack .../106-libavtp0_0.2.0-1build1_amd64.deb ...
2026-09-10T17:46:25.8075699Z Unpacking libavtp0:amd64 (0.2.0-1build1) ...
2026-09-10T17:46:25.8076202Z Selecting previously unselected package libcairo-script-interpreter2:amd64.
2026-09-10T17:46:25.8076833Z Preparing to unpack .../107-libcairo-script-interpreter2_1.18.0-3build1_amd64.deb ...
2026-09-10T17:46:25.8077403Z Unpacking libcairo-script-interpreter2:amd64 (1.18.0-3build1) ...
2026-09-10T17:46:25.8077902Z Selecting previously unselected package libdc1394-25:amd64.
2026-09-10T17:46:25.8078398Z Preparing to unpack .../108-libdc1394-25_2.2.6-4build1_amd64.deb ...
2026-09-10T17:46:25.8078836Z Unpacking libdc1394-25:amd64 (2.2.6-4build1) ...
2026-09-10T17:46:25.8079263Z Selecting previously unselected package libde265-0:amd64.
2026-09-10T17:46:25.8079754Z Preparing to unpack .../109-libde265-0_1.0.15-1ubuntu0.1_amd64.deb ...
2026-09-10T17:46:25.8080303Z Unpacking libde265-0:amd64 (1.0.15-1ubuntu0.1) ...
2026-09-10T17:46:25.8080740Z Selecting previously unselected package libdecor-0-0:amd64.
2026-09-10T17:46:25.8081226Z Preparing to unpack .../110-libdecor-0-0_0.2.2-1build2_amd64.deb ...
2026-09-10T17:46:25.8081797Z Unpacking libdecor-0-0:amd64 (0.2.2-1build2) ...
2026-09-10T17:46:25.8082212Z Selecting previously unselected package libgles2:amd64.
2026-09-10T17:46:25.8082670Z Preparing to unpack .../111-libgles2_1.7.0-1build1_amd64.deb ...
2026-09-10T17:46:25.8083077Z Unpacking libgles2:amd64 (1.7.0-1build1) ...
2026-09-10T17:46:25.8083534Z Selecting previously unselected package libdirectfb-1.7-7t64:amd64.
2026-09-10T17:46:25.8084104Z Preparing to unpack .../112-libdirectfb-1.7-7t64_1.7.7-11.1ubuntu2_amd64.deb ...
2026-09-10T17:46:25.8084626Z Unpacking libdirectfb-1.7-7t64:amd64 (1.7.7-11.1ubuntu2) ...
2026-09-10T17:46:25.8085099Z Selecting previously unselected package libdvdread8t64:amd64.
2026-09-10T17:46:25.8085616Z Preparing to unpack .../113-libdvdread8t64_6.1.3-1.1build1_amd64.deb ...
2026-09-10T17:46:25.8086081Z Unpacking libdvdread8t64:amd64 (6.1.3-1.1build1) ...
2026-09-10T17:46:25.8086518Z Selecting previously unselected package libdvdnav4:amd64.
2026-09-10T17:46:25.8087011Z Preparing to unpack .../114-libdvdnav4_6.1.1-3build1_amd64.deb ...
2026-09-10T17:46:25.8087439Z Unpacking libdvdnav4:amd64 (6.1.1-3build1) ...
2026-09-10T17:46:25.8087875Z Selecting previously unselected package libegl-mesa0:amd64.
2026-09-10T17:46:25.8088407Z Preparing to unpack .../115-libegl-mesa0_25.2.8-0ubuntu0.24.04.2_amd64.deb ...
2026-09-10T17:46:25.8088913Z Unpacking libegl-mesa0:amd64 (25.2.8-0ubuntu0.24.04.2) ...
2026-09-10T17:46:25.8089400Z Selecting previously unselected package libevent-2.1-7t64:amd64.
2026-09-10T17:46:25.8090092Z Preparing to unpack .../116-libevent-2.1-7t64_2.1.12-stable-9ubuntu2.1_amd64.deb ...
2026-09-10T17:46:25.8090656Z Unpacking libevent-2.1-7t64:amd64 (2.1.12-stable-9ubuntu2.1) ...
2026-09-10T17:46:25.8091118Z Selecting previously unselected package libfaad2:amd64.
2026-09-10T17:46:25.8091587Z Preparing to unpack .../117-libfaad2_2.11.1-1build1_amd64.deb ...
2026-09-10T17:46:25.8092007Z Unpacking libfaad2:amd64 (2.11.1-1build1) ...
2026-09-10T17:46:25.8092459Z Selecting previously unselected package libinstpatch-1.0-2:amd64.
2026-09-10T17:46:25.8092993Z Preparing to unpack .../118-libinstpatch-1.0-2_1.1.6-1build2_amd64.deb ...
2026-09-10T17:46:25.8093477Z Unpacking libinstpatch-1.0-2:amd64 (1.1.6-1build2) ...
2026-09-10T17:46:25.8094117Z Selecting previously unselected package libjack-jackd2-0:amd64.
2026-09-10T17:46:25.8094684Z Preparing to unpack .../119-libjack-jackd2-0_1.9.21~dfsg-3ubuntu3_amd64.deb ...
2026-09-10T17:46:25.8095350Z Unpacking libjack-jackd2-0:amd64 (1.9.21~dfsg-3ubuntu3) ...
2026-09-10T17:46:25.8095891Z Selecting previously unselected package libwebrtc-audio-processing1:amd64.
2026-09-10T17:46:25.8096524Z Preparing to unpack .../120-libwebrtc-audio-processing1_0.3.1-0ubuntu6_amd64.deb ...
2026-09-10T17:46:25.8097099Z Unpacking libwebrtc-audio-processing1:amd64 (0.3.1-0ubuntu6) ...
2026-09-10T17:46:25.8097608Z Selecting previously unselected package libspa-0.2-modules:amd64.
2026-09-10T17:46:25.8098169Z Preparing to unpack .../121-libspa-0.2-modules_1.0.5-1ubuntu3.3_amd64.deb ...
2026-09-10T17:46:25.8098678Z Unpacking libspa-0.2-modules:amd64 (1.0.5-1ubuntu3.3) ...
2026-09-10T17:46:25.8099179Z Selecting previously unselected package libpipewire-0.3-0t64:amd64.
2026-09-10T17:46:25.8099745Z Preparing to unpack .../122-libpipewire-0.3-0t64_1.0.5-1ubuntu3.3_amd64.deb ...
2026-09-10T17:46:25.8100368Z Unpacking libpipewire-0.3-0t64:amd64 (1.0.5-1ubuntu3.3) ...
2026-09-10T17:46:25.8100845Z Selecting previously unselected package libsdl2-2.0-0:amd64.
2026-09-10T17:46:25.8101386Z Preparing to unpack .../123-libsdl2-2.0-0_2.30.0+dfsg-1ubuntu3.1_amd64.deb ...
2026-09-10T17:46:25.8101885Z Unpacking libsdl2-2.0-0:amd64 (2.30.0+dfsg-1ubuntu3.1) ...
2026-09-10T17:46:25.8102343Z Selecting previously unselected package timgm6mb-soundfont.
2026-09-10T17:46:25.8102821Z Preparing to unpack .../124-timgm6mb-soundfont_1.3-5_all.deb ...
2026-09-10T17:46:25.8103226Z Unpacking timgm6mb-soundfont (1.3-5) ...
2026-09-10T17:46:25.8103654Z Selecting previously unselected package libfluidsynth3:amd64.
2026-09-10T17:46:25.8104306Z Preparing to unpack .../125-libfluidsynth3_2.3.4-1build3_amd64.deb ...
2026-09-10T17:46:25.8104764Z Unpacking libfluidsynth3:amd64 (2.3.4-1build3) ...
2026-09-10T17:46:25.8105207Z Selecting previously unselected package libfreeaptx0:amd64.
2026-09-10T17:46:25.8105704Z Preparing to unpack .../126-libfreeaptx0_0.1.1-2build1_amd64.deb ...
2026-09-10T17:46:25.8106144Z Unpacking libfreeaptx0:amd64 (0.1.1-2build1) ...
2026-09-10T17:46:25.8106607Z Selecting previously unselected package libgraphene-1.0-0:amd64.
2026-09-10T17:46:25.8107148Z Preparing to unpack .../127-libgraphene-1.0-0_1.10.8-3build2_amd64.deb ...
2026-09-10T17:46:25.8107631Z Unpacking libgraphene-1.0-0:amd64 (1.10.8-3build2) ...
2026-09-10T17:46:25.8108087Z Selecting previously unselected package libgssdp-1.6-0:amd64.
2026-09-10T17:46:25.8108589Z Preparing to unpack .../128-libgssdp-1.6-0_1.6.3-1build3_amd64.deb ...
2026-09-10T17:46:25.8109030Z Unpacking libgssdp-1.6-0:amd64 (1.6.3-1build3) ...
2026-09-10T17:46:25.8109438Z Selecting previously unselected package libegl1:amd64.
2026-09-10T17:46:25.8110091Z Preparing to unpack .../129-libegl1_1.7.0-1build1_amd64.deb ...
2026-09-10T17:46:25.8110504Z Unpacking libegl1:amd64 (1.7.0-1build1) ...
2026-09-10T17:46:25.8110977Z Selecting previously unselected package libgstreamer-gl1.0-0:amd64.
2026-09-10T17:46:25.8111549Z Preparing to unpack .../130-libgstreamer-gl1.0-0_1.24.2-1ubuntu0.4_amd64.deb ...
2026-09-10T17:46:25.8112085Z Unpacking libgstreamer-gl1.0-0:amd64 (1.24.2-1ubuntu0.4) ...
2026-09-10T17:46:25.8112557Z Selecting previously unselected package libgtk-4-common.
2026-09-10T17:46:25.8113078Z Preparing to unpack .../131-libgtk-4-common_4.14.5+ds-0ubuntu0.10_all.deb ...
2026-09-10T17:46:25.8113578Z Unpacking libgtk-4-common (4.14.5+ds-0ubuntu0.10) ...
2026-09-10T17:46:25.8114018Z Selecting previously unselected package libgtk-4-1:amd64.
2026-09-10T17:46:25.8114529Z Preparing to unpack .../132-libgtk-4-1_4.14.5+ds-0ubuntu0.10_amd64.deb ...
2026-09-10T17:46:25.8115012Z Unpacking libgtk-4-1:amd64 (4.14.5+ds-0ubuntu0.10) ...
2026-09-10T17:46:25.8115468Z Selecting previously unselected package libgupnp-1.6-0:amd64.
2026-09-10T17:46:25.8115969Z Preparing to unpack .../133-libgupnp-1.6-0_1.6.6-1build3_amd64.deb ...
2026-09-10T17:46:25.8116421Z Unpacking libgupnp-1.6-0:amd64 (1.6.6-1build3) ...
2026-09-10T17:46:25.8116883Z Selecting previously unselected package libgupnp-igd-1.6-0:amd64.
2026-09-10T17:46:25.8117574Z Preparing to unpack .../134-libgupnp-igd-1.6-0_1.6.0-3build3_amd64.deb ...
2026-09-10T17:46:25.8118066Z Unpacking libgupnp-igd-1.6-0:amd64 (1.6.0-3build3) ...
2026-09-10T17:46:25.8118531Z Selecting previously unselected package libharfbuzz-icu0:amd64.
2026-09-10T17:46:25.8119069Z Preparing to unpack .../135-libharfbuzz-icu0_8.3.0-2build2_amd64.deb ...
2026-09-10T17:46:25.8119545Z Unpacking libharfbuzz-icu0:amd64 (8.3.0-2build2) ...
2026-09-10T17:46:25.8120216Z Selecting previously unselected package libhyphen0:amd64.
2026-09-10T17:46:25.8120889Z Preparing to unpack .../136-libhyphen0_2.8.8-7build3_amd64.deb ...
2026-09-10T17:46:25.8121594Z Unpacking libhyphen0:amd64 (2.8.8-7build3) ...
2026-09-10T17:46:25.8122231Z Selecting previously unselected package libimath-3-1-29t64:amd64.
2026-09-10T17:46:25.8122936Z Preparing to unpack .../137-libimath-3-1-29t64_3.1.9-3.1ubuntu2_amd64.deb ...
2026-09-10T17:46:25.8123577Z Unpacking libimath-3-1-29t64:amd64 (3.1.9-3.1ubuntu2) ...
2026-09-10T17:46:25.8124210Z Selecting previously unselected package liblc3-1:amd64.
2026-09-10T17:46:25.8124878Z Preparing to unpack .../138-liblc3-1_1.0.4-3build1_amd64.deb ...
2026-09-10T17:46:25.8125429Z Unpacking liblc3-1:amd64 (1.0.4-3build1) ...
2026-09-10T17:46:25.8126083Z Selecting previously unselected package libldacbt-enc2:amd64.
2026-09-10T17:46:25.8141635Z Preparing to unpack .../139-libldacbt-enc2_2.0.2.3+git20200429+ed310a0-4ubuntu2_amd64.deb ...
2026-09-10T17:46:25.8142347Z Unpacking libldacbt-enc2:amd64 (2.0.2.3+git20200429+ed310a0-4ubuntu2) ...
2026-09-10T17:46:25.8143132Z Selecting previously unselected package libraptor2-0:amd64.
2026-09-10T17:46:25.8143686Z Preparing to unpack .../140-libraptor2-0_2.0.16-3ubuntu0.1_amd64.deb ...
2026-09-10T17:46:25.8144170Z Unpacking libraptor2-0:amd64 (2.0.16-3ubuntu0.1) ...
2026-09-10T17:46:25.8144612Z Selecting previously unselected package liblrdf0:amd64.
2026-09-10T17:46:25.8145089Z Preparing to unpack .../141-liblrdf0_0.6.1-4build1_amd64.deb ...
2026-09-10T17:46:25.8145581Z Unpacking liblrdf0:amd64 (0.6.1-4build1) ...
2026-09-10T17:46:25.8146242Z Selecting previously unselected package libltc11:amd64.
2026-09-10T17:46:25.8146932Z Preparing to unpack .../142-libltc11_1.3.2-1build1_amd64.deb ...
2026-09-10T17:46:25.8147529Z Unpacking libltc11:amd64 (1.3.2-1build1) ...
2026-09-10T17:46:25.8148200Z Selecting previously unselected package libmanette-0.2-0:amd64.
2026-09-10T17:46:25.8149038Z Preparing to unpack .../143-libmanette-0.2-0_0.2.7-1build2_amd64.deb ...
2026-09-10T17:46:25.8149758Z Unpacking libmanette-0.2-0:amd64 (0.2.7-1build2) ...
2026-09-10T17:46:25.8150648Z Selecting previously unselected package libmfx1:amd64.
2026-09-10T17:46:25.8151382Z Preparing to unpack .../144-libmfx1_22.5.4-1_amd64.deb ...
2026-09-10T17:46:25.8152005Z Unpacking libmfx1:amd64 (22.5.4-1) ...
2026-09-10T17:46:25.8152737Z Selecting previously unselected package libmjpegutils-2.1-0t64:amd64.
2026-09-10T17:46:25.8153904Z Preparing to unpack .../145-libmjpegutils-2.1-0t64_1%3a2.1.0+debian-8.1build1_amd64.deb ...
2026-09-10T17:46:25.8154926Z Unpacking libmjpegutils-2.1-0t64:amd64 (1:2.1.0+debian-8.1build1) ...
2026-09-10T17:46:25.8155778Z Selecting previously unselected package libmodplug1:amd64.
2026-09-10T17:46:25.8156607Z Preparing to unpack .../146-libmodplug1_1%3a0.8.9.0-3build1_amd64.deb ...
2026-09-10T17:46:25.8157090Z Unpacking libmodplug1:amd64 (1:0.8.9.0-3build1) ...
2026-09-10T17:46:25.8157534Z Selecting previously unselected package libmpcdec6:amd64.
2026-09-10T17:46:25.8158043Z Preparing to unpack .../147-libmpcdec6_2%3a0.1~r495-2build1_amd64.deb ...
2026-09-10T17:46:25.8158503Z Unpacking libmpcdec6:amd64 (2:0.1~r495-2build1) ...
2026-09-10T17:46:25.8158989Z Selecting previously unselected package libmpeg2encpp-2.1-0t64:amd64.
2026-09-10T17:46:25.8159634Z Preparing to unpack .../148-libmpeg2encpp-2.1-0t64_1%3a2.1.0+debian-8.1build1_amd64.deb ...
2026-09-10T17:46:25.8160475Z Unpacking libmpeg2encpp-2.1-0t64:amd64 (1:2.1.0+debian-8.1build1) ...
2026-09-10T17:46:25.8161234Z Selecting previously unselected package libmplex2-2.1-0t64:amd64.
2026-09-10T17:46:25.8161873Z Preparing to unpack .../149-libmplex2-2.1-0t64_1%3a2.1.0+debian-8.1build1_amd64.deb ...
2026-09-10T17:46:25.8162494Z Unpacking libmplex2-2.1-0t64:amd64 (1:2.1.0+debian-8.1build1) ...
2026-09-10T17:46:25.8162997Z Selecting previously unselected package libneon27t64:amd64.
2026-09-10T17:46:25.8163523Z Preparing to unpack .../150-libneon27t64_0.33.0-1.1build3_amd64.deb ...
2026-09-10T17:46:25.8163985Z Unpacking libneon27t64:amd64 (0.33.0-1.1build3) ...
2026-09-10T17:46:25.8164424Z Selecting previously unselected package libnice10:amd64.
2026-09-10T17:46:25.8164909Z Preparing to unpack .../151-libnice10_0.1.21-2build3_amd64.deb ...
2026-09-10T17:46:25.8165336Z Unpacking libnice10:amd64 (0.1.21-2build3) ...
2026-09-10T17:46:25.8165757Z Selecting previously unselected package libopenal-data.
2026-09-10T17:46:25.8166270Z Preparing to unpack .../152-libopenal-data_1%3a1.23.1-4build1_all.deb ...
2026-09-10T17:46:25.8166752Z Unpacking libopenal-data (1:1.23.1-4build1) ...
2026-09-10T17:46:25.8167231Z Selecting previously unselected package libopenexr-3-1-30:amd64.
2026-09-10T17:46:25.8167783Z Preparing to unpack .../153-libopenexr-3-1-30_3.1.5-5.1build3_amd64.deb ...
2026-09-10T17:46:25.8168276Z Unpacking libopenexr-3-1-30:amd64 (3.1.5-5.1build3) ...
2026-09-10T17:46:25.8168732Z Selecting previously unselected package libopenh264-7:amd64.
2026-09-10T17:46:25.8169238Z Preparing to unpack .../154-libopenh264-7_2.4.1+dfsg-1_amd64.deb ...
2026-09-10T17:46:25.8169687Z Unpacking libopenh264-7:amd64 (2.4.1+dfsg-1) ...
2026-09-10T17:46:25.8170431Z Selecting previously unselected package libopenni2-0:amd64.
2026-09-10T17:46:25.8170937Z Preparing to unpack .../155-libopenni2-0_2.2.0.33+dfsg-18_amd64.deb ...
2026-09-10T17:46:25.8171396Z Unpacking libopenni2-0:amd64 (2.2.0.33+dfsg-18) ...
2026-09-10T17:46:25.8171832Z Selecting previously unselected package libqrencode4:amd64.
2026-09-10T17:46:25.8172317Z Preparing to unpack .../156-libqrencode4_4.1.1-1build2_amd64.deb ...
2026-09-10T17:46:25.8172763Z Unpacking libqrencode4:amd64 (4.1.1-1build2) ...
2026-09-10T17:46:25.8173188Z Selecting previously unselected package libsecret-common.
2026-09-10T17:46:25.8173685Z Preparing to unpack .../157-libsecret-common_0.21.4-1build3_all.deb ...
2026-09-10T17:46:25.8174124Z Unpacking libsecret-common (0.21.4-1build3) ...
2026-09-10T17:46:25.8174560Z Selecting previously unselected package libsecret-1-0:amd64.
2026-09-10T17:46:25.8175068Z Preparing to unpack .../158-libsecret-1-0_0.21.4-1build3_amd64.deb ...
2026-09-10T17:46:25.8175532Z Unpacking libsecret-1-0:amd64 (0.21.4-1build3) ...
2026-09-10T17:46:25.8176052Z Selecting previously unselected package libsndio7.0:amd64.
2026-09-10T17:46:25.8176550Z Preparing to unpack .../159-libsndio7.0_1.9.0-0.3build3_amd64.deb ...
2026-09-10T17:46:25.8176999Z Unpacking libsndio7.0:amd64 (1.9.0-0.3build3) ...
2026-09-10T17:46:25.8177446Z Selecting previously unselected package libsoundtouch1:amd64.
2026-09-10T17:46:25.8177979Z Preparing to unpack .../160-libsoundtouch1_2.3.2+ds1-1build1_amd64.deb ...
2026-09-10T17:46:25.8178471Z Unpacking libsoundtouch1:amd64 (2.3.2+ds1-1build1) ...
2026-09-10T17:46:25.8178933Z Selecting previously unselected package libspandsp2t64:amd64.
2026-09-10T17:46:25.8179486Z Preparing to unpack .../161-libspandsp2t64_0.0.6+dfsg-2.1build1_amd64.deb ...
2026-09-10T17:46:25.8180225Z Unpacking libspandsp2t64:amd64 (0.0.6+dfsg-2.1build1) ...
2026-09-10T17:46:25.8180685Z Selecting previously unselected package libsrtp2-1:amd64.
2026-09-10T17:46:25.8181168Z Preparing to unpack .../162-libsrtp2-1_2.5.0-3build1_amd64.deb ...
2026-09-10T17:46:25.8181610Z Unpacking libsrtp2-1:amd64 (2.5.0-3build1) ...
2026-09-10T17:46:25.8182073Z Selecting previously unselected package libwayland-server0:amd64.
2026-09-10T17:46:25.8182623Z Preparing to unpack .../163-libwayland-server0_1.22.0-2.1build1_amd64.deb ...
2026-09-10T17:46:25.8183123Z Unpacking libwayland-server0:amd64 (1.22.0-2.1build1) ...
2026-09-10T17:46:25.8183783Z Selecting previously unselected package libwildmidi2:amd64.
2026-09-10T17:46:25.8184291Z Preparing to unpack .../164-libwildmidi2_0.4.3-1build3_amd64.deb ...
2026-09-10T17:46:25.8184741Z Unpacking libwildmidi2:amd64 (0.4.3-1build3) ...
2026-09-10T17:46:25.8185162Z Selecting previously unselected package libwoff1:amd64.
2026-09-10T17:46:25.8185629Z Preparing to unpack .../165-libwoff1_1.0.2-2build1_amd64.deb ...
2026-09-10T17:46:25.8186041Z Unpacking libwoff1:amd64 (1.0.2-2build1) ...
2026-09-10T17:46:25.8186470Z Selecting previously unselected package libxcb-xkb1:amd64.
2026-09-10T17:46:25.8186966Z Preparing to unpack .../166-libxcb-xkb1_1.15-1ubuntu2_amd64.deb ...
2026-09-10T17:46:25.8187402Z Unpacking libxcb-xkb1:amd64 (1.15-1ubuntu2) ...
2026-09-10T17:46:25.8187872Z Selecting previously unselected package libxkbcommon-x11-0:amd64.
2026-09-10T17:46:25.8188436Z Preparing to unpack .../167-libxkbcommon-x11-0_1.6.0-1build1_amd64.deb ...
2026-09-10T17:46:25.8188935Z Unpacking libxkbcommon-x11-0:amd64 (1.6.0-1build1) ...
2026-09-10T17:46:25.8189395Z Selecting previously unselected package libzbar0t64:amd64.
2026-09-10T17:46:25.8190081Z Preparing to unpack .../168-libzbar0t64_0.23.93-4build3_amd64.deb ...
2026-09-10T17:46:25.8190538Z Unpacking libzbar0t64:amd64 (0.23.93-4build3) ...
2026-09-10T17:46:25.8190976Z Selecting previously unselected package libzxing3:amd64.
2026-09-10T17:46:25.8191435Z Preparing to unpack .../169-libzxing3_2.2.1-3_amd64.deb ...
2026-09-10T17:46:25.8191826Z Unpacking libzxing3:amd64 (2.2.1-3) ...
2026-09-10T17:46:25.8192240Z Selecting previously unselected package xfonts-encodings.
2026-09-10T17:46:25.8192919Z Preparing to unpack .../170-xfonts-encodings_1%3a1.0.5-0ubuntu2_all.deb ...
2026-09-10T17:46:25.8193403Z Unpacking xfonts-encodings (1:1.0.5-0ubuntu2) ...
2026-09-10T17:46:25.8193836Z Selecting previously unselected package xfonts-utils.
2026-09-10T17:46:25.8194324Z Preparing to unpack .../171-xfonts-utils_1%3a7.7+6build3_amd64.deb ...
2026-09-10T17:46:25.8194753Z Unpacking xfonts-utils (1:7.7+6build3) ...
2026-09-10T17:46:25.8195170Z Selecting previously unselected package xfonts-cyrillic.
2026-09-10T17:46:25.8195655Z Preparing to unpack .../172-xfonts-cyrillic_1%3a1.0.5+nmu1_all.deb ...
2026-09-10T17:46:25.8196082Z Unpacking xfonts-cyrillic (1:1.0.5+nmu1) ...
2026-09-10T17:46:25.8196490Z Selecting previously unselected package xfonts-scalable.
2026-09-10T17:46:25.8196968Z Preparing to unpack .../173-xfonts-scalable_1%3a1.0.3-1.3_all.deb ...
2026-09-10T17:46:25.8197385Z Unpacking xfonts-scalable (1:1.0.3-1.3) ...
2026-09-10T17:46:25.8197892Z Selecting previously unselected package libgstreamer-plugins-bad1.0-0:amd64.
2026-09-10T17:46:25.8198538Z Preparing to unpack .../174-libgstreamer-plugins-bad1.0-0_1.24.2-1ubuntu4_amd64.deb ...
2026-09-10T17:46:25.8199136Z Unpacking libgstreamer-plugins-bad1.0-0:amd64 (1.24.2-1ubuntu4) ...
2026-09-10T17:46:25.8199625Z Selecting previously unselected package libdca0:amd64.
2026-09-10T17:46:25.8200286Z Preparing to unpack .../175-libdca0_0.0.7-2build1_amd64.deb ...
2026-09-10T17:46:25.8200712Z Unpacking libdca0:amd64 (0.0.7-2build1) ...
2026-09-10T17:46:25.8201136Z Selecting previously unselected package libopenal1:amd64.
2026-09-10T17:46:25.8201642Z Preparing to unpack .../176-libopenal1_1%3a1.23.1-4build1_amd64.deb ...
2026-09-10T17:46:25.8202100Z Unpacking libopenal1:amd64 (1:1.23.1-4build1) ...
2026-09-10T17:46:25.8202518Z Selecting previously unselected package libsbc1:amd64.
2026-09-10T17:46:25.8202970Z Preparing to unpack .../177-libsbc1_2.0-1build1_amd64.deb ...
2026-09-10T17:46:25.8203364Z Unpacking libsbc1:amd64 (2.0-1build1) ...
2026-09-10T17:46:25.8203792Z Selecting previously unselected package libvo-aacenc0:amd64.
2026-09-10T17:46:25.8204301Z Preparing to unpack .../178-libvo-aacenc0_0.1.3-2build1_amd64.deb ...
2026-09-10T17:46:25.8204751Z Unpacking libvo-aacenc0:amd64 (0.1.3-2build1) ...
2026-09-10T17:46:25.8205203Z Selecting previously unselected package libvo-amrwbenc0:amd64.
2026-09-10T17:46:25.8205725Z Preparing to unpack .../179-libvo-amrwbenc0_0.1.3-2build1_amd64.deb ...
2026-09-10T17:46:25.8206328Z Unpacking libvo-amrwbenc0:amd64 (0.1.3-2build1) ...
2026-09-10T17:46:25.8206840Z Selecting previously unselected package gstreamer1.0-plugins-bad:amd64.
2026-09-10T17:46:25.8207459Z Preparing to unpack .../180-gstreamer1.0-plugins-bad_1.24.2-1ubuntu4_amd64.deb ...
2026-09-10T17:46:25.8208018Z Unpacking gstreamer1.0-plugins-bad:amd64 (1.24.2-1ubuntu4) ...
2026-09-10T17:46:25.8208444Z Setting up libgme0:amd64 (0.6.3-7build1) ...
2026-09-10T17:46:25.8208824Z Setting up libchromaprint1:amd64 (1.5.1-5) ...
2026-09-10T17:46:25.8209252Z Setting up libssh-gcrypt-4:amd64 (0.10.6-2ubuntu0.5) ...
2026-09-10T17:46:25.8209663Z Setting up libhwy1t64:amd64 (1.0.7-8.1build1) ...
2026-09-10T17:46:25.8210323Z Setting up libcairo-script-interpreter2:amd64 (1.18.0-3build1) ...
2026-09-10T17:46:25.8210881Z Setting up libfreeaptx0:amd64 (0.1.1-2build1) ...
2026-09-10T17:46:25.8211407Z Setting up libdvdread8t64:amd64 (6.1.3-1.1build1) ...
2026-09-10T17:46:25.8211920Z Setting up libudfread0:amd64 (1.1.2-1build1) ...
2026-09-10T17:46:25.8212366Z Setting up libmodplug1:amd64 (1:0.8.9.0-3build1) ...
2026-09-10T17:46:25.8212813Z Setting up libcdparanoia0:amd64 (3.10.2+debian-14build3) ...
2026-09-10T17:46:25.8213271Z Setting up libwayland-server0:amd64 (1.22.0-2.1build1) ...
2026-09-10T17:46:25.8213695Z Setting up libvo-amrwbenc0:amd64 (0.1.3-2build1) ...
2026-09-10T17:46:25.8214089Z Setting up session-migration (0.3.9build1) ...
2026-09-10T17:46:25.8215288Z Created symlink /etc/systemd/user/graphical-session-pre.target.wants/session-migration.service → /usr/lib/systemd/user/session-migration.service.
2026-09-10T17:46:25.8216040Z 
2026-09-10T17:46:25.8216245Z Setting up libraw1394-11:amd64 (2.1.2-2build3) ...
2026-09-10T17:46:25.8216631Z Setting up libsbc1:amd64 (2.0-1build1) ...
2026-09-10T17:46:25.8217002Z Setting up libproxy1v5:amd64 (0.5.4-4build1) ...
2026-09-10T17:46:25.8217407Z Setting up libneon27t64:amd64 (0.33.0-1.1build3) ...
2026-09-10T17:46:25.8217845Z Setting up libtag1v5-vanilla:amd64 (1.13.1-1build1) ...
2026-09-10T17:46:25.8218271Z Setting up libharfbuzz-icu0:amd64 (8.3.0-2build2) ...
2026-09-10T17:46:25.8218674Z Setting up libopenni2-0:amd64 (2.2.0.33+dfsg-18) ...
2026-09-10T17:46:25.8219082Z Setting up libspeex1:amd64 (1.2.1-2ubuntu2.24.04.1) ...
2026-09-10T17:46:25.8219465Z Setting up libshine3:amd64 (3.1.1-2build1) ...
2026-09-10T17:46:25.8220144Z Setting up libcaca0:amd64 (0.99.beta20-4ubuntu0.2) ...
2026-09-10T17:46:25.8220530Z Setting up libvpl2 (2023.3.0-1build1) ...
2026-09-10T17:46:25.8220916Z Setting up libv4lconvert0t64:amd64 (1.26.1-4build3) ...
2026-09-10T17:46:25.8221365Z Setting up libx264-164:amd64 (2:0.164.3108+git31e19f9-1) ...
2026-09-10T17:46:25.8221784Z Setting up libtwolame0:amd64 (0.4.0-2build3) ...
2026-09-10T17:46:25.8222168Z Setting up libmbedcrypto7t64:amd64 (2.28.8-1) ...
2026-09-10T17:46:25.8222545Z Setting up libwoff1:amd64 (1.0.2-2build1) ...
2026-09-10T17:46:25.8222934Z Setting up liblc3-1:amd64 (1.0.4-3build1) ...
2026-09-10T17:46:25.8223336Z Setting up libqrencode4:amd64 (4.1.1-1build2) ...
2026-09-10T17:46:25.8223813Z Setting up libhyphen0:amd64 (2.8.8-7build3) ...
2026-09-10T17:46:25.8224245Z Setting up libgsm1:amd64 (1.0.22-1build1) ...
2026-09-10T17:46:25.8224634Z Setting up libvisual-0.4-0:amd64 (0.4.2-2build1) ...
2026-09-10T17:46:25.8225013Z Setting up libsoxr0:amd64 (0.1.3-4build3) ...
2026-09-10T17:46:25.8225377Z Setting up libzix-0-0:amd64 (0.4.2-2build1) ...
2026-09-10T17:46:25.8225751Z Setting up libcodec2-1.2:amd64 (1.2.0-2build1) ...
2026-09-10T17:46:25.8226155Z Setting up libmanette-0.2-0:amd64 (0.2.7-1build2) ...
2026-09-10T17:46:25.8226550Z Setting up libsrtp2-1:amd64 (2.5.0-3build1) ...
2026-09-10T17:46:25.8226934Z Setting up libmysofa1:amd64 (1.3.2+dfsg-2ubuntu2) ...
2026-09-10T17:46:25.8227328Z Setting up libraptor2-0:amd64 (2.0.16-3ubuntu0.1) ...
2026-09-10T17:46:25.8227820Z Setting up libldacbt-enc2:amd64 (2.0.2.3+git20200429+ed310a0-4ubuntu2) ...
2026-09-10T17:46:25.8228272Z Setting up fonts-wqy-zenhei (0.9.45-8) ...
2026-09-10T17:46:25.8228861Z Setting up libwebrtc-audio-processing1:amd64 (0.3.1-0ubuntu6) ...
2026-09-10T17:46:25.8229341Z Setting up fonts-freefont-ttf (20211204+svn4273-2) ...
2026-09-10T17:46:25.8229980Z Setting up libevent-2.1-7t64:amd64 (2.1.12-stable-9ubuntu2.1) ...
2026-09-10T17:46:25.8230461Z Setting up libsvtav1enc1d1:amd64 (1.7.0+dfsg-2build1) ...
2026-09-10T17:46:25.8230889Z Setting up libsoup-3.0-common (3.4.4-5ubuntu0.7) ...
2026-09-10T17:46:25.8231314Z Setting up libmpg123-0t64:amd64 (1.32.5-1ubuntu1.1) ...
2026-09-10T17:46:25.8231688Z Setting up libcjson1:amd64 (1.7.17-1) ...
2026-09-10T17:46:25.8232077Z Setting up libxvidcore4:amd64 (2:1.3.7-1build1) ...
2026-09-10T17:46:25.8232478Z Setting up libmpcdec6:amd64 (2:0.1~r495-2build1) ...
2026-09-10T17:46:25.8232961Z Setting up libmjpegutils-2.1-0t64:amd64 (1:2.1.0+debian-8.1build1) ...
2026-09-10T17:46:25.8233393Z Setting up librav1e0:amd64 (0.7.1-2) ...
2026-09-10T17:46:25.8233789Z Setting up liborc-0.4-0t64:amd64 (1:0.4.38-1ubuntu0.1) ...
2026-09-10T17:46:25.8234199Z Setting up libxcb-xkb1:amd64 (1.15-1ubuntu2) ...
2026-09-10T17:46:25.8234593Z Setting up libvo-aacenc0:amd64 (0.1.3-2build1) ...
2026-09-10T17:46:25.8234966Z Setting up librist4:amd64 (0.2.10+dfsg-2) ...
2026-09-10T17:46:25.8235352Z Setting up librsvg2-2:amd64 (2.58.0+dfsg-1build1) ...
2026-09-10T17:46:25.8235737Z Setting up libblas3:amd64 (3.12.0-3build1.1) ...
2026-09-10T17:46:25.8236640Z update-alternatives: using /usr/lib/x86_64-linux-gnu/blas/libblas.so.3 to provide /usr/lib/x86_64-linux-gnu/libblas.so.3 (libblas.so.3-x86_64-linux-gnu) in auto mode
2026-09-10T17:46:25.8237585Z Setting up libegl-mesa0:amd64 (25.2.8-0ubuntu0.24.04.2) ...
2026-09-10T17:46:25.8238042Z Setting up libsoundtouch1:amd64 (2.3.2+ds1-1build1) ...
2026-09-10T17:46:25.8238456Z Setting up libplacebo338:amd64 (6.338.2-2build1) ...
2026-09-10T17:46:25.8238834Z Setting up libgles2:amd64 (1.7.0-1build1) ...
2026-09-10T17:46:25.8239221Z Setting up fonts-tlwg-loma-otf (1:0.7.3-1) ...
2026-09-10T17:46:25.8239608Z Setting up libva2:amd64 (2.20.0-2ubuntu0.2) ...
2026-09-10T17:46:25.8240279Z Setting up libspa-0.2-modules:amd64 (1.0.5-1ubuntu3.3) ...
2026-09-10T17:46:25.8240671Z Setting up libzxing3:amd64 (2.2.1-3) ...
2026-09-10T17:46:25.8241050Z Setting up xfonts-encodings (1:1.0.5-0ubuntu2) ...
2026-09-10T17:46:25.8241421Z Setting up libopus0:amd64 (1.4-1build1) ...
2026-09-10T17:46:25.8241780Z Setting up libfaad2:amd64 (2.11.1-1build1) ...
2026-09-10T17:46:25.8242181Z Setting up libxkbcommon-x11-0:amd64 (1.6.0-1build1) ...
2026-09-10T17:46:25.8242580Z Setting up libdc1394-25:amd64 (2.2.6-4build1) ...
2026-09-10T17:46:25.8243000Z Setting up libimath-3-1-29t64:amd64 (3.1.9-3.1ubuntu2) ...
2026-09-10T17:46:25.8243402Z Setting up libunibreak5:amd64 (5.1-2build1) ...
2026-09-10T17:46:25.8243773Z Setting up libdv4t64:amd64 (1.0.0-17.1build1) ...
2026-09-10T17:46:25.8244156Z Setting up libjxl0.7:amd64 (0.7.0-10.2ubuntu6.1) ...
2026-09-10T17:46:25.8244544Z Setting up libopenh264-7:amd64 (2.4.1+dfsg-1) ...
2026-09-10T17:46:25.8244905Z Setting up libltc11:amd64 (1.3.2-1build1) ...
2026-09-10T17:46:25.8245265Z Setting up libx265-199:amd64 (3.5-2build1) ...
2026-09-10T17:46:25.8245632Z Setting up libv4l-0t64:amd64 (1.26.1-4build3) ...
2026-09-10T17:46:25.8245987Z Setting up libavtp0:amd64 (0.2.0-1build1) ...
2026-09-10T17:46:25.8246349Z Setting up libsndio7.0:amd64 (1.9.0-0.3build3) ...
2026-09-10T17:46:25.8246784Z Setting up libdirectfb-1.7-7t64:amd64 (1.7.7-11.1ubuntu2) ...
2026-09-10T17:46:25.8247244Z Setting up libspandsp2t64:amd64 (0.0.6+dfsg-2.1build1) ...
2026-09-10T17:46:25.8247653Z Setting up libvidstab1.1:amd64 (1.1.0-2build1) ...
2026-09-10T17:46:25.8248026Z Setting up libvpx9:amd64 (1.14.0-1ubuntu2.3) ...
2026-09-10T17:46:25.8248428Z Setting up libsrt1.5-gnutls:amd64 (1.5.3-1build2) ...
2026-09-10T17:46:25.8248809Z Setting up libtag1v5:amd64 (1.13.1-1build1) ...
2026-09-10T17:46:25.8249170Z Setting up libflite1:amd64 (2.2-6build3) ...
2026-09-10T17:46:25.8249531Z Setting up libdav1d7:amd64 (1.4.1-1build1) ...
2026-09-10T17:46:25.8250258Z Setting up libva-drm2:amd64 (2.20.0-2ubuntu0.2) ...
2026-09-10T17:46:25.8250670Z Setting up fonts-ipafont-gothic (00303-21ubuntu1) ...
2026-09-10T17:46:25.8251693Z update-alternatives: using /usr/share/fonts/opentype/ipafont-gothic/ipag.ttf to provide /usr/share/fonts/truetype/fonts-japanese-gothic.ttf (fonts-japanese-gothic.ttf) in auto mode
2026-09-10T17:46:25.8252557Z Setting up ocl-icd-libopencl1:amd64 (2.3.2-1build1) ...
2026-09-10T17:46:25.8252979Z Setting up libasyncns0:amd64 (0.8-6build4) ...
2026-09-10T17:46:25.8253361Z Setting up libwildmidi2:amd64 (0.4.3-1build3) ...
2026-09-10T17:46:25.8253739Z Setting up libvdpau1:amd64 (1.5-2build1) ...
2026-09-10T17:46:25.8254108Z Setting up libwavpack1:amd64 (5.6.0-1build1) ...
2026-09-10T17:46:25.8254497Z Setting up libbs2b0:amd64 (3.1.0+dfsg-7build1) ...
2026-09-10T17:46:25.8254918Z Setting up libtheora0:amd64 (1.1.1+dfsg.1-16.1build3) ...
2026-09-10T17:46:25.8255304Z Setting up libegl1:amd64 (1.7.0-1build1) ...
2026-09-10T17:46:25.8255674Z Setting up libdecor-0-0:amd64 (0.2.2-1build2) ...
2026-09-10T17:46:25.8256035Z Setting up libdca0:amd64 (0.0.7-2build1) ...
2026-09-10T17:46:25.8256390Z Setting up libzimg2:amd64 (3.0.5+ds1-1build1) ...
2026-09-10T17:46:25.8256766Z Setting up libopenal-data (1:1.23.1-4build1) ...
2026-09-10T17:46:25.8257203Z Setting up libabsl20220623t64:amd64 (20220623.1-3.1ubuntu3.2) ...
2026-09-10T17:46:25.8257655Z Setting up libflac12t64:amd64 (1.4.3+ds-2.1ubuntu2) ...
2026-09-10T17:46:25.8258080Z Setting up libgtk-4-common (4.14.5+ds-0ubuntu0.10) ...
2026-09-10T17:46:25.8258714Z Setting up libmpeg2encpp-2.1-0t64:amd64 (1:2.1.0+debian-8.1build1) ...
2026-09-10T17:46:25.8259197Z Setting up glib-networking-common (2.80.0-1build1) ...
2026-09-10T17:46:25.8259563Z Setting up libmfx1:amd64 (22.5.4-1) ...
2026-09-10T17:46:25.8260046Z Setting up libbluray2:amd64 (1:1.3.4-1build1) ...
2026-09-10T17:46:25.8260435Z Setting up libde265-0:amd64 (1.0.15-1ubuntu0.1) ...
2026-09-10T17:46:25.8260823Z Setting up libsamplerate0:amd64 (0.2.2-4build1) ...
2026-09-10T17:46:25.8261218Z Setting up timgm6mb-soundfont (1.3-5) ...
2026-09-10T17:46:25.8262009Z update-alternatives: using /usr/share/sounds/sf2/TimGM6mb.sf2 to provide /usr/share/sounds/sf2/default-GM.sf2 (default-GM.sf2) in auto mode
2026-09-10T17:46:25.8263092Z update-alternatives: using /usr/share/sounds/sf2/TimGM6mb.sf2 to provide /usr/share/sounds/sf3/default-GM.sf3 (default-GM.sf3) in auto mode
2026-09-10T17:46:25.8263784Z Setting up libva-x11-2:amd64 (2.20.0-2ubuntu0.2) ...
2026-09-10T17:46:25.8264209Z Setting up libyuv0:amd64 (0.0~git202401110.af6ac82-1) ...
2026-09-10T17:46:25.8264694Z Setting up libmplex2-2.1-0t64:amd64 (1:2.1.0+debian-8.1build1) ...
2026-09-10T17:46:25.8265184Z Setting up libpipewire-0.3-0t64:amd64 (1.0.5-1ubuntu3.3) ...
2026-09-10T17:46:25.8265619Z Setting up libopenmpt0t64:amd64 (0.7.3-1.1build3) ...
2026-09-10T17:46:25.8265987Z Setting up libzvbi-common (0.2.42-2) ...
2026-09-10T17:46:25.8266363Z Setting up libsecret-common (0.21.4-1build3) ...
2026-09-10T17:46:25.8266746Z Setting up libmp3lame0:amd64 (3.100-6build1) ...
2026-09-10T17:46:25.8267146Z Setting up libgraphene-1.0-0:amd64 (1.10.8-3build2) ...
2026-09-10T17:46:25.8267549Z Setting up libvorbisenc2:amd64 (1.3.7-1build3) ...
2026-09-10T17:46:25.8267930Z Setting up libdvdnav4:amd64 (6.1.1-3build1) ...
2026-09-10T17:46:25.8268305Z Setting up fonts-unifont (1:15.1.01-1build1) ...
2026-09-10T17:46:25.8268653Z Setting up libaa1:amd64 (1.4p5-51.1) ...
2026-09-10T17:46:25.8269004Z Setting up libiec61883-0:amd64 (1.2.0-6build1) ...
2026-09-10T17:46:25.8269357Z Setting up libserd-0-0:amd64 (0.32.2-1) ...
2026-09-10T17:46:25.8269733Z Setting up libavc1394-0:amd64 (0.5.4-5build3) ...
2026-09-10T17:46:25.8270368Z Setting up gsettings-desktop-schemas (46.1-0ubuntu1) ...
2026-09-10T17:46:25.8270811Z Setting up glib-networking-services (2.80.0-1build1) ...
2026-09-10T17:46:25.8271216Z Setting up liblapack3:amd64 (3.12.0-3build1.1) ...
2026-09-10T17:46:25.8272320Z update-alternatives: using /usr/lib/x86_64-linux-gnu/lapack/liblapack.so.3 to provide /usr/lib/x86_64-linux-gnu/liblapack.so.3 (liblapack.so.3-x86_64-linux-gnu) in auto mode
2026-09-10T17:46:25.8273110Z Setting up libzvbi0t64:amd64 (0.2.42-2) ...
2026-09-10T17:46:25.8273471Z Setting up liblrdf0:amd64 (0.6.1-4build1) ...
2026-09-10T17:46:25.8273856Z Setting up libzbar0t64:amd64 (0.23.93-4build3) ...
2026-09-10T17:46:25.8274350Z Setting up libgstreamer-plugins-base1.0-0:amd64 (1.24.2-1ubuntu0.4) ...
2026-09-10T17:46:25.8274824Z Setting up libavutil58:amd64 (7:6.1.1-3ubuntu5) ...
2026-09-10T17:46:25.8275224Z Setting up libopenal1:amd64 (1:1.23.1-4build1) ...
2026-09-10T17:46:25.8275589Z Setting up xfonts-utils (1:7.7+6build3) ...
2026-09-10T17:46:25.8275965Z Setting up libsecret-1-0:amd64 (0.21.4-1build3) ...
2026-09-10T17:46:25.8276456Z Setting up libgstreamer-plugins-good1.0-0:amd64 (1.24.2-1ubuntu1.5) ...
2026-09-10T17:46:25.8276958Z Setting up libgstreamer-gl1.0-0:amd64 (1.24.2-1ubuntu0.4) ...
2026-09-10T17:46:25.8277453Z Setting up gstreamer1.0-plugins-base:amd64 (1.24.2-1ubuntu0.4) ...
2026-09-10T17:46:25.8277901Z Setting up libass9:amd64 (1:0.17.1-2build1) ...
2026-09-10T17:46:25.8278301Z Setting up libswresample4:amd64 (7:6.1.1-3ubuntu5) ...
2026-09-10T17:46:25.8278728Z Setting up libopenexr-3-1-30:amd64 (3.1.5-5.1build3) ...
2026-09-10T17:46:25.8279142Z Setting up libshout3:amd64 (2.4.6-1build2) ...
2026-09-10T17:46:25.8279510Z Setting up libgav1-1:amd64 (0.18.0-1build3) ...
2026-09-10T17:46:25.8280136Z Setting up libavcodec60:amd64 (7:6.1.1-3ubuntu5) ...
2026-09-10T17:46:25.8280575Z Setting up librubberband2:amd64 (3.3.0+dfsg-2build1) ...
2026-09-10T17:46:25.8281173Z Setting up libjack-jackd2-0:amd64 (1.9.21~dfsg-3ubuntu3) ...
2026-09-10T17:46:25.8281590Z Setting up libsord-0-0:amd64 (0.16.16-2build1) ...
2026-09-10T17:46:25.8281963Z Setting up xfonts-cyrillic (1:1.0.5+nmu1) ...
2026-09-10T17:46:25.8282360Z Setting up libpostproc57:amd64 (7:6.1.1-3ubuntu5) ...
2026-09-10T17:46:25.8282759Z Setting up libsratom-0-0:amd64 (0.6.16-1build1) ...
2026-09-10T17:46:25.8283186Z Setting up libsndfile1:amd64 (1.2.2-1ubuntu5.24.04.1) ...
2026-09-10T17:46:25.8283603Z Setting up liblilv-0-0:amd64 (0.24.22-1build1) ...
2026-09-10T17:46:25.8284010Z Setting up libinstpatch-1.0-2:amd64 (1.1.6-1build2) ...
2026-09-10T17:46:25.8284398Z Setting up xfonts-scalable (1:1.0.3-1.3) ...
2026-09-10T17:46:25.8284781Z Setting up libswscale7:amd64 (7:6.1.1-3ubuntu5) ...
2026-09-10T17:46:25.8285163Z Setting up libavif16:amd64 (1.0.4-1ubuntu3) ...
2026-09-10T17:46:25.8285576Z Setting up libpulse0:amd64 (1:16.1+dfsg1-2ubuntu10.1) ...
2026-09-10T17:46:25.8286004Z Setting up libavformat60:amd64 (7:6.1.1-3ubuntu5) ...
2026-09-10T17:46:25.8286470Z Setting up libsphinxbase3t64:amd64 (0.8+5prealpha+1-17build2) ...
2026-09-10T17:46:25.8286950Z Setting up libsdl2-2.0-0:amd64 (2.30.0+dfsg-1ubuntu3.1) ...
2026-09-10T17:46:25.8287373Z Setting up libfluidsynth3:amd64 (2.3.4-1build3) ...
2026-09-10T17:46:25.8287861Z Setting up libpocketsphinx3:amd64 (0.8.0+real5prealpha+1-15ubuntu5) ...
2026-09-10T17:46:25.8288340Z Setting up libavfilter9:amd64 (7:6.1.1-3ubuntu5) ...
2026-09-10T17:46:25.8288767Z Setting up gstreamer1.0-libav:amd64 (1.24.1-1build1) ...
2026-09-10T17:46:25.8289212Z Processing triggers for fontconfig (2.15.0-1.1ubuntu2) ...
2026-09-10T17:46:25.8289659Z Processing triggers for libc-bin (2.39-0ubuntu8.8) ...
2026-09-10T17:46:25.8290195Z Processing triggers for man-db (2.12.0-4build2) ...
2026-09-10T17:46:25.8290626Z Not building database; man-db/auto-update is not 'true'.
2026-09-10T17:46:25.8291128Z Processing triggers for libglib2.0-0t64:amd64 (2.80.0-6ubuntu3.8) ...
2026-09-10T17:46:25.8291617Z Setting up libgtk-4-1:amd64 (4.14.5+ds-0ubuntu0.10) ...
2026-09-10T17:46:25.8292034Z Setting up glib-networking:amd64 (2.80.0-1build1) ...
2026-09-10T17:46:25.8292434Z Setting up libsoup-3.0-0:amd64 (3.4.4-5ubuntu0.7) ...
2026-09-10T17:46:25.8292824Z Setting up libgssdp-1.6-0:amd64 (1.6.3-1build3) ...
2026-09-10T17:46:25.8293284Z Setting up gstreamer1.0-plugins-good:amd64 (1.24.2-1ubuntu1.5) ...
2026-09-10T17:46:25.8293881Z Setting up libgupnp-1.6-0:amd64 (1.6.6-1build3) ...
2026-09-10T17:46:25.8294288Z Setting up libgupnp-igd-1.6-0:amd64 (1.6.0-3build3) ...
2026-09-10T17:46:25.8294687Z Setting up libnice10:amd64 (0.1.21-2build3) ...
2026-09-10T17:46:25.8295163Z Setting up libgstreamer-plugins-bad1.0-0:amd64 (1.24.2-1ubuntu4) ...
2026-09-10T17:46:25.8295676Z Setting up gstreamer1.0-plugins-bad:amd64 (1.24.2-1ubuntu4) ...
2026-09-10T17:46:25.8296134Z Processing triggers for libc-bin (2.39-0ubuntu8.8) ...
2026-09-10T17:46:25.8296354Z 
2026-09-10T17:46:25.8296519Z Running kernel seems to be up-to-date.
2026-09-10T17:46:25.8296711Z 
2026-09-10T17:46:25.8296867Z No services need to be restarted.
2026-09-10T17:46:25.8297036Z 
2026-09-10T17:46:25.8297187Z No containers need to be restarted.
2026-09-10T17:46:25.8297362Z 
2026-09-10T17:46:25.8297544Z No user sessions are running outdated binaries.
2026-09-10T17:46:25.8297756Z 
2026-09-10T17:46:25.8298044Z No VM guests are running outdated hypervisor (qemu) binaries on this host.
2026-09-10T17:46:25.8299003Z Downloading Chrome for Testing 151.0.7922.34 (playwright chromium v1234) from https://cdn.playwright.dev/builds/cft/151.0.7922.34/linux64/chrome-linux64.zip
2026-09-10T17:46:25.8299934Z |                                                                                |   0% of 184.3 MiB
2026-09-10T17:46:25.8300682Z |■■■■■■■■                                                                        |  10% of 184.3 MiB
2026-09-10T17:46:25.8301278Z |■■■■■■■■■■■■■■■■                                                                |  20% of 184.3 MiB
2026-09-10T17:46:25.8302029Z |■■■■■■■■■■■■■■■■■■■■■■■■                                                        |  30% of 184.3 MiB
2026-09-10T17:46:25.8302636Z |■■■■■■■■■■■■■■■■■■■■■■■■■■■■■■■■                                                |  40% of 184.3 MiB
2026-09-10T17:46:25.8303233Z |■■■■■■■■■■■■■■■■■■■■■■■■■■■■■■■■■■■■■■■■                                        |  50% of 184.3 MiB
2026-09-10T17:46:25.8303856Z |■■■■■■■■■■■■■■■■■■■■■■■■■■■■■■■■■■■■■■■■■■■■■■■■                                |  60% of 184.3 MiB
2026-09-10T17:46:25.8304483Z |■■■■■■■■■■■■■■■■■■■■■■■■■■■■■■■■■■■■■■■■■■■■■■■■■■■■■■■■                        |  70% of 184.3 MiB
2026-09-10T17:46:25.8305101Z |■■■■■■■■■■■■■■■■■■■■■■■■■■■■■■■■■■■■■■■■■■■■■■■■■■■■■■■■■■■■■■■■                |  80% of 184.3 MiB
2026-09-10T17:46:25.8305730Z |■■■■■■■■■■■■■■■■■■■■■■■■■■■■■■■■■■■■■■■■■■■■■■■■■■■■■■■■■■■■■■■■■■■■■■■■        |  90% of 184.3 MiB
2026-09-10T17:46:25.8306364Z |■■■■■■■■■■■■■■■■■■■■■■■■■■■■■■■■■■■■■■■■■■■■■■■■■■■■■■■■■■■■■■■■■■■■■■■■■■■■■■■■| 100% of 184.3 MiB
2026-09-10T17:46:25.8307167Z Chrome for Testing 151.0.7922.34 (playwright chromium v1234) downloaded to /home/runner/.cache/ms-playwright/chromium-1234
2026-09-10T17:46:25.8308215Z Downloading FFmpeg (playwright ffmpeg v1011) from https://cdn.playwright.dev/dbazure/download/playwright/builds/ffmpeg/1011/ffmpeg-linux.zip
2026-09-10T17:46:25.8309007Z |                                                                                |   0% of 2.3 MiB
2026-09-10T17:46:25.8309609Z |■■■■■■■■                                                                        |  10% of 2.3 MiB
2026-09-10T17:46:25.8310306Z |■■■■■■■■■■■■■■■■                                                                |  20% of 2.3 MiB
2026-09-10T17:46:25.8310887Z |■■■■■■■■■■■■■■■■■■■■■■■■                                                        |  30% of 2.3 MiB
2026-09-10T17:46:25.8311467Z |■■■■■■■■■■■■■■■■■■■■■■■■■■■■■■■■                                                |  40% of 2.3 MiB
2026-09-10T17:46:25.8312063Z |■■■■■■■■■■■■■■■■■■■■■■■■■■■■■■■■■■■■■■■■                                        |  50% of 2.3 MiB
2026-09-10T17:46:25.8312668Z |■■■■■■■■■■■■■■■■■■■■■■■■■■■■■■■■■■■■■■■■■■■■■■■■                                |  60% of 2.3 MiB
2026-09-10T17:46:25.8313278Z |■■■■■■■■■■■■■■■■■■■■■■■■■■■■■■■■■■■■■■■■■■■■■■■■■■■■■■■■                        |  70% of 2.3 MiB
2026-09-10T17:46:25.8313914Z |■■■■■■■■■■■■■■■■■■■■■■■■■■■■■■■■■■■■■■■■■■■■■■■■■■■■■■■■■■■■■■■■                |  80% of 2.3 MiB
2026-09-10T17:46:25.8314692Z |■■■■■■■■■■■■■■■■■■■■■■■■■■■■■■■■■■■■■■■■■■■■■■■■■■■■■■■■■■■■■■■■■■■■■■■■        |  90% of 2.3 MiB
2026-09-10T17:46:25.8315321Z |■■■■■■■■■■■■■■■■■■■■■■■■■■■■■■■■■■■■■■■■■■■■■■■■■■■■■■■■■■■■■■■■■■■■■■■■■■■■■■■■| 100% of 2.3 MiB
2026-09-10T17:46:25.8315961Z FFmpeg (playwright ffmpeg v1011) downloaded to /home/runner/.cache/ms-playwright/ffmpeg-1011
2026-09-10T17:46:25.8317183Z Downloading Chrome Headless Shell 151.0.7922.34 (playwright chromium-headless-shell v1234) from https://cdn.playwright.dev/builds/cft/151.0.7922.34/linux64/chrome-headless-shell-linux64.zip
2026-09-10T17:46:25.8318284Z |                                                                                |   0% of 114.7 MiB
2026-09-10T17:46:25.8318875Z |■■■■■■■■                                                                        |  10% of 114.7 MiB
2026-09-10T17:46:25.8319455Z |■■■■■■■■■■■■■■■■                                                                |  20% of 114.7 MiB
2026-09-10T17:46:25.8320294Z |■■■■■■■■■■■■■■■■■■■■■■■■                                                        |  30% of 114.7 MiB
2026-09-10T17:46:25.8320900Z |■■■■■■■■■■■■■■■■■■■■■■■■■■■■■■■■                                                |  40% of 114.7 MiB
2026-09-10T17:46:25.8321498Z |■■■■■■■■■■■■■■■■■■■■■■■■■■■■■■■■■■■■■■■■                                        |  50% of 114.7 MiB
2026-09-10T17:46:25.8322120Z |■■■■■■■■■■■■■■■■■■■■■■■■■■■■■■■■■■■■■■■■■■■■■■■■                                |  60% of 114.7 MiB
2026-09-10T17:46:25.8322739Z |■■■■■■■■■■■■■■■■■■■■■■■■■■■■■■■■■■■■■■■■■■■■■■■■■■■■■■■■                        |  70% of 114.7 MiB
2026-09-10T17:46:25.8323371Z |■■■■■■■■■■■■■■■■■■■■■■■■■■■■■■■■■■■■■■■■■■■■■■■■■■■■■■■■■■■■■■■■                |  80% of 114.7 MiB
2026-09-10T17:46:25.8323992Z |■■■■■■■■■■■■■■■■■■■■■■■■■■■■■■■■■■■■■■■■■■■■■■■■■■■■■■■■■■■■■■■■■■■■■■■■        |  90% of 114.7 MiB
2026-09-10T17:46:25.8324622Z |■■■■■■■■■■■■■■■■■■■■■■■■■■■■■■■■■■■■■■■■■■■■■■■■■■■■■■■■■■■■■■■■■■■■■■■■■■■■■■■■| 100% of 114.7 MiB
2026-09-10T17:46:25.8325709Z Chrome Headless Shell 151.0.7922.34 (playwright chromium-headless-shell v1234) downloaded to /home/runner/.cache/ms-playwright/chromium_headless_shell-1234
2026-09-10T17:46:25.8326950Z Downloading Firefox 153.0 (playwright firefox v1538) from https://cdn.playwright.dev/dbazure/download/playwright/builds/firefox/1538/firefox-ubuntu-24.04.zip
2026-09-10T17:46:25.8327786Z |                                                                                |   0% of 108.2 MiB
2026-09-10T17:46:25.8328384Z |■■■■■■■■                                                                        |  10% of 108.2 MiB
2026-09-10T17:46:25.8328989Z |■■■■■■■■■■■■■■■■                                                                |  20% of 108.2 MiB
2026-09-10T17:46:25.8329569Z |■■■■■■■■■■■■■■■■■■■■■■■■                                                        |  30% of 108.2 MiB
2026-09-10T17:46:25.8330279Z |■■■■■■■■■■■■■■■■■■■■■■■■■■■■■■■■                                                |  40% of 108.2 MiB
2026-09-10T17:46:25.8330896Z |■■■■■■■■■■■■■■■■■■■■■■■■■■■■■■■■■■■■■■■■                                        |  50% of 108.2 MiB
2026-09-10T17:46:25.8331506Z |■■■■■■■■■■■■■■■■■■■■■■■■■■■■■■■■■■■■■■■■■■■■■■■■                                |  60% of 108.2 MiB
2026-09-10T17:46:25.8332124Z |■■■■■■■■■■■■■■■■■■■■■■■■■■■■■■■■■■■■■■■■■■■■■■■■■■■■■■■■                        |  70% of 108.2 MiB
2026-09-10T17:46:25.8332736Z |■■■■■■■■■■■■■■■■■■■■■■■■■■■■■■■■■■■■■■■■■■■■■■■■■■■■■■■■■■■■■■■■                |  80% of 108.2 MiB
2026-09-10T17:46:25.8333376Z |■■■■■■■■■■■■■■■■■■■■■■■■■■■■■■■■■■■■■■■■■■■■■■■■■■■■■■■■■■■■■■■■■■■■■■■■        |  90% of 108.2 MiB
2026-09-10T17:46:25.8334211Z |■■■■■■■■■■■■■■■■■■■■■■■■■■■■■■■■■■■■■■■■■■■■■■■■■■■■■■■■■■■■■■■■■■■■■■■■■■■■■■■■| 100% of 108.2 MiB
2026-09-10T17:46:25.8334893Z Firefox 153.0 (playwright firefox v1538) downloaded to /home/runner/.cache/ms-playwright/firefox-1538
2026-09-10T17:46:25.8335945Z Downloading WebKit 26.5 (playwright webkit v2336) from https://cdn.playwright.dev/dbazure/download/playwright/builds/webkit/2336/webkit-ubuntu-24.04.zip
2026-09-10T17:46:25.8336764Z |                                                                                |   0% of 102 MiB
2026-09-10T17:46:25.8337345Z |■■■■■■■■                                                                        |  10% of 102 MiB
2026-09-10T17:46:25.8337920Z |■■■■■■■■■■■■■■■■                                                                |  20% of 102 MiB
2026-09-10T17:46:25.8338489Z |■■■■■■■■■■■■■■■■■■■■■■■■                                                        |  30% of 102 MiB
2026-09-10T17:46:25.8339088Z |■■■■■■■■■■■■■■■■■■■■■■■■■■■■■■■■                                                |  40% of 102 MiB
2026-09-10T17:46:25.8339687Z |■■■■■■■■■■■■■■■■■■■■■■■■■■■■■■■■■■■■■■■■                                        |  50% of 102 MiB
2026-09-10T17:46:25.8340398Z |■■■■■■■■■■■■■■■■■■■■■■■■■■■■■■■■■■■■■■■■■■■■■■■■                                |  60% of 102 MiB
2026-09-10T17:46:25.8341169Z |■■■■■■■■■■■■■■■■■■■■■■■■■■■■■■■■■■■■■■■■■■■■■■■■■■■■■■■■                        |  70% of 102 MiB
2026-09-10T17:46:25.8341791Z |■■■■■■■■■■■■■■■■■■■■■■■■■■■■■■■■■■■■■■■■■■■■■■■■■■■■■■■■■■■■■■■■                |  80% of 102 MiB
2026-09-10T17:46:25.8342400Z |■■■■■■■■■■■■■■■■■■■■■■■■■■■■■■■■■■■■■■■■■■■■■■■■■■■■■■■■■■■■■■■■■■■■■■■■        |  90% of 102 MiB
2026-09-10T17:46:25.8343009Z |■■■■■■■■■■■■■■■■■■■■■■■■■■■■■■■■■■■■■■■■■■■■■■■■■■■■■■■■■■■■■■■■■■■■■■■■■■■■■■■■| 100% of 102 MiB
2026-09-10T17:46:25.8343661Z WebKit 26.5 (playwright webkit v2336) downloaded to /home/runner/.cache/ms-playwright/webkit-2336
2026-09-10T17:46:25.8344308Z Building the Web preview artifact...
2026-09-10T17:46:28.2212983Z 
2026-09-10T17:46:28.2214204Z > @relational-config-center/web@0.0.0 build /home/runner/work/relational-config-center/relational-config-center/web
2026-09-10T17:46:28.2215177Z > tsc --noEmit && vite build
2026-09-10T17:46:28.2215425Z 
2026-09-10T17:46:28.2216292Z vite v8.2.2 building client environment for production...
2026-09-10T17:46:28.2217067Z transforming...
2026-09-10T17:46:28.2217801Z ✓ 2140 modules transformed.
2026-09-10T17:46:28.2218344Z rendering chunks...
2026-09-10T17:46:28.2218809Z computing gzip size...
2026-09-10T17:46:28.2219582Z dist/index.html                             0.74 kB │ gzip:   0.40 kB
2026-09-10T17:46:28.2220433Z dist/assets/index-DNHz9TwE.css             81.93 kB │ gzip:  15.97 kB
2026-09-10T17:46:28.2221031Z dist/assets/rolldown-runtime-CbXtAM7H.js    0.58 kB │ gzip:   0.36 kB
2026-09-10T17:46:28.2221634Z dist/assets/react-DXf84zf0.js             189.60 kB │ gzip:  59.62 kB
2026-09-10T17:46:28.2222222Z dist/assets/index-aD5mE5_0.js             283.21 kB │ gzip:  78.68 kB
2026-09-10T17:46:28.2222792Z dist/assets/vendor-C3sin2RQ.js            358.57 kB │ gzip: 112.01 kB
2026-09-10T17:46:28.2223048Z 
2026-09-10T17:46:28.2223259Z ✓ built in 452ms
2026-09-10T17:46:28.2223697Z Verifying timeout cleanup against a TERM-resistant descendant...
2026-09-10T17:46:29.5799185Z ✔ kills the process group when its leader exits on TERM (1235.204974ms)
2026-09-10T17:46:29.5799677Z ℹ tests 1
2026-09-10T17:46:29.5805126Z ℹ suites 0
2026-09-10T17:46:29.5805392Z ℹ pass 1
2026-09-10T17:46:29.5805616Z ℹ fail 0
2026-09-10T17:46:29.5805843Z ℹ cancelled 0
2026-09-10T17:46:29.5806087Z ℹ skipped 0
2026-09-10T17:46:29.5806308Z ℹ todo 0
2026-09-10T17:46:29.5806572Z ℹ duration_ms 1292.846202
2026-09-10T17:46:29.5807092Z Starting disposable MySQL 8.4 container rcc-browser-1789062337-2460-mysql...
2026-09-10T17:46:53.1163081Z Building and applying the current Goose control schema...
2026-09-10T17:46:54.9950944Z {"state":"current","current":5,"required":5,"pending":[],"attempt_id":5,"attempt_version":5,"attempt_digest":"9e1cc534b08b76d1bb262c8b934f6fbc923ddfc233c9b9941bba44a29fa15de3","attempt_operation":"up"}
2026-09-10T17:46:54.9952507Z Loading deploy/mysql/local-fixture/002-notification-templates.sql...
2026-09-10T17:46:55.1010110Z Loading docs/verification/fixtures/stage1_acceptance.sql...
2026-09-10T17:46:55.2038467Z Loading web/e2e/fixtures/stage1-policies.sql...
2026-09-10T17:46:55.2963354Z Loading admin/cmd/admin/testdata/014-batch-browser.sql...
2026-09-10T17:46:55.3952597Z Loading admin/cmd/admin/testdata/015-draft-targets-browser.sql...
2026-09-10T17:46:55.5005593Z Loading admin/cmd/admin/testdata/016-multitable-browser.sql...
2026-09-10T17:46:55.6956525Z Loading web/e2e/fixtures/release-rollbacks.sql...
2026-09-10T17:46:55.8327920Z Loading web/e2e/fixtures/field-display.sql...
2026-09-10T17:46:55.9362057Z Granting the disposable Admin account publication metadata access...
2026-09-10T17:46:56.1850004Z Building and starting Admin on a dynamic loopback port...
2026-09-10T17:46:59.0570123Z Starting Web preview on a different dynamic loopback port...
2026-09-10T17:47:00.5953878Z Running unsaved-changes...
2026-09-10T17:47:23.0664190Z PASS untouched Query create closes without a warning
2026-09-10T17:47:23.0665005Z PASS actual browser POP back cancel retains input and route
2026-09-10T17:47:23.0665963Z PASS actual browser POP back confirm and forward restore the intended route
2026-09-10T17:47:23.0666914Z PASS native beforeunload reload cancellation preserves input
2026-09-10T17:47:23.0668130Z PASS native tab-close cancellation preserves the editing document
2026-09-10T17:47:23.0668716Z PASS discard confirmation owns keyboard focus and fits a 390px viewport
2026-09-10T17:47:23.0669227Z PASS restored original Query values clear protection
2026-09-10T17:47:23.0670010Z PASS actual browser forward navigation is canceled or confirmed at its original target
2026-09-10T17:47:23.0670979Z PASS real duplicate Policy Code rejection preserves Query form input
2026-09-10T17:47:23.0671599Z PASS real completed write with delayed response blocks POP, then shows success once
2026-09-10T17:47:23.0672168Z PASS disposable Query draft cleaned up through the Admin API
2026-09-10T17:47:23.0672715Z PASS Change Set cancel and return retain values, NULL and omitted fields
2026-09-10T17:47:23.0673333Z PASS real Admin/MySQL validation rejection retains the row draft and request error
2026-09-10T17:47:23.0673941Z PASS confirmed discard closes the editor with no browser storage draft
2026-09-10T17:47:23.0681904Z Running rule-clarity...
2026-09-10T17:47:25.8388565Z {"ok":true,"checks":6,"resultPath":"/home/runner/work/_temp/rcc-browser-acceptance/rule-clarity/result.json","screenshotPath":"/home/runner/work/_temp/rcc-browser-acceptance/rule-clarity/rule-clarity-390.png"}
2026-09-10T17:47:25.8407425Z Running write-recovery...
2026-09-10T17:48:34.0250991Z PASS ADD abort: one publication, immutable intent, original-key recovery {"attempts":[{"path":"/api/v1/release-orders/e615e1c0a7a9cdfd078c48fa82b49816/execute","method":"POST","body":"{\"expected_version\":\"3\"}","key":"7f00a714-ed56-4cba-8828-890320ad1ace"},{"path":"/api/v1/release-orders/e615e1c0a7a9cdfd078c48fa82b49816/execute","method":"POST","body":"{\"expected_version\":\"3\"}","key":"7f00a714-ed56-4cba-8828-890320ad1ace"}],"commands":1,"faults":[{"path":"/api/v1/release-orders/e615e1c0a7a9cdfd078c48fa82b49816/execute","method":"POST","actualStatus":200,"requestId":"rcc-d18502a83afc2cff878adc9333a9b1ca"}]}
2026-09-10T17:48:34.0258801Z PASS ADD json: one publication, immutable intent, original-key recovery {"attempts":[{"path":"/api/v1/release-orders/8ce20c667ca49b8277164040ba9b8feb/execute","method":"POST","body":"{\"expected_version\":\"3\"}","key":"c554f1c8-1e2f-40c8-b392-c2ca22886d37"},{"path":"/api/v1/release-orders/8ce20c667ca49b8277164040ba9b8feb/execute","method":"POST","body":"{\"expected_version\":\"3\"}","key":"c554f1c8-1e2f-40c8-b392-c2ca22886d37"}],"commands":1,"faults":[{"path":"/api/v1/release-orders/8ce20c667ca49b8277164040ba9b8feb/execute","method":"POST","actualStatus":200,"requestId":"rcc-bdff6affb7cb080102dac72186c1c65c"}]}
2026-09-10T17:48:34.0266968Z PASS ADD contract: one publication, immutable intent, original-key recovery {"attempts":[{"path":"/api/v1/release-orders/a3a89438de654d3a0c675b53e20e1003/execute","method":"POST","body":"{\"expected_version\":\"3\"}","key":"0abbd387-0c8d-4a91-a6a2-9bd1e3d48300"},{"path":"/api/v1/release-orders/a3a89438de654d3a0c675b53e20e1003/execute","method":"POST","body":"{\"expected_version\":\"3\"}","key":"0abbd387-0c8d-4a91-a6a2-9bd1e3d48300"}],"commands":1,"faults":[{"path":"/api/v1/release-orders/a3a89438de654d3a0c675b53e20e1003/execute","method":"POST","actualStatus":200,"requestId":"rcc-7955b78cc8767c08357a0b7d67b22744"}]}
2026-09-10T17:48:34.0274350Z PASS ADD 503: one publication, immutable intent, original-key recovery {"attempts":[{"path":"/api/v1/release-orders/8b6a03e1c764d745bfb8a28c55b3a19b/execute","method":"POST","body":"{\"expected_version\":\"3\"}","key":"28c6c877-1e7a-4ce1-9ff0-72b119bbcb0c"},{"path":"/api/v1/release-orders/8b6a03e1c764d745bfb8a28c55b3a19b/execute","method":"POST","body":"{\"expected_version\":\"3\"}","key":"28c6c877-1e7a-4ce1-9ff0-72b119bbcb0c"}],"commands":1,"faults":[{"path":"/api/v1/release-orders/8b6a03e1c764d745bfb8a28c55b3a19b/execute","method":"POST","actualStatus":200,"requestId":"rcc-5ad0ecb1ae5ee04a2e92c26cc3c3cd12"}]}
2026-09-10T17:48:34.0279137Z PASS MODIFY lost response: exact identity and original-key replay {"attempts":[{"path":"/api/v1/release-orders/fa003c4defe70a453a8698d908a19089/execute","method":"POST","body":"{\"expected_version\":\"3\"}","key":"c824cb88-9aa1-4da6-8f88-b1ec529f8cce"},{"path":"/api/v1/release-orders/fa003c4defe70a453a8698d908a19089/execute","method":"POST","body":"{\"expected_version\":\"3\"}","key":"c824cb88-9aa1-4da6-8f88-b1ec529f8cce"}],"id":"10","commands":1,"faults":[{"path":"/api/v1/release-orders/fa003c4defe70a453a8698d908a19089/execute","method":"POST","actualStatus":200,"requestId":"rcc-7fa37310d201deea100a9df0d7ea223b"}]}
2026-09-10T17:48:34.0284570Z PASS DELETE lost response: exact identity and original-key replay {"attempts":[{"path":"/api/v1/release-orders/21e51c302660fae29af259d9dbddb458/execute","method":"POST","body":"{\"expected_version\":\"3\"}","key":"7f7c7049-7294-4261-b1b9-eb4ddcd0156f"},{"path":"/api/v1/release-orders/21e51c302660fae29af259d9dbddb458/execute","method":"POST","body":"{\"expected_version\":\"3\"}","key":"7f7c7049-7294-4261-b1b9-eb4ddcd0156f"}],"id":"11","commands":1,"faults":[{"path":"/api/v1/release-orders/21e51c302660fae29af259d9dbddb458/execute","method":"POST","actualStatus":200,"requestId":"rcc-2459e2a8c59e84205dd4bae426d89d59"}]}
2026-09-10T17:48:34.0287184Z PASS separate unknown publications retain separate original request keys {"recoveredKeys":["47edab3d-bf2d-4a21-911c-6a6459181f11","b3792f0f-bf62-46ea-ad17-ee3284eb512d"]}
2026-09-10T17:48:34.0288963Z PASS known publication followed by detail read failure recovers with GET only {"attempts":[{"path":"/api/v1/release-orders/a575153724a4d5d374504532a52602f6/execute","method":"POST","body":"{\"expected_version\":\"3\"}","key":"6d0f96dd-c8e7-4d33-8de7-573a52e6fb10"}],"commands":1}
2026-09-10T17:48:34.0291084Z PASS double-click, Enter and pending back/close execute once {"attempts":[{"path":"/api/v1/release-orders/5db88508df4fc8659831ca8e4045eee9/execute","method":"POST","body":"{\"expected_version\":\"3\"}","key":"1be25583-19e3-4c20-b35b-7f4a1e8e568d"}],"commands":1}
2026-09-10T17:48:34.0292890Z PASS real ENUM failure preserves frozen intent; copied correction needs new approval and publishes once {"rejectedOrderID":"ef683e0e8ed30772437c4fcfba30ee7a","correctedOrderID":"4021c8c4123808c1613dca0ae8c81ee4","commands":1}
2026-09-10T17:48:34.0295931Z PASS real database stop/start retains endpoint and original request, publishes once after recovery {"attempts":[{"path":"/api/v1/release-orders/8633a1ee3bd4700ea60fa0aec35a1032/execute","method":"POST","body":"{\"expected_version\":\"3\"}","key":"5df52308-e79c-4302-a4d0-1f85cf709aba"},{"path":"/api/v1/release-orders/8633a1ee3bd4700ea60fa0aec35a1032/execute","method":"POST","body":"{\"expected_version\":\"3\"}","key":"5df52308-e79c-4302-a4d0-1f85cf709aba"}],"commands":1,"accountRecoveryStatuses":[503,503,200],"replayStatuses":[200]}
2026-09-10T17:48:34.0299282Z PASS query create: saved state retained after response failure {"requests":[{"path":"/api/v1/query-policies","method":"POST"}],"actualWrites":1,"faults":[{"path":"/api/v1/query-policies","method":"POST","actualStatus":201,"requestId":"rcc-9b4584f38f346a011895ae97270a4c13"}],"readonlyRequests":[{"path":"/api/v1/query-policies/stage2_query_create_v1","method":"GET"}]}
2026-09-10T17:48:34.0302468Z PASS query replace: saved state retained after response failure {"requests":[{"path":"/api/v1/query-policies/stage2_query_replace_v1","method":"PUT"}],"actualWrites":1,"faults":[{"path":"/api/v1/query-policies/stage2_query_replace_v1","method":"PUT","actualStatus":200,"requestId":"rcc-42f489fc9ff59edfe05d76a5238ef28c"}],"readonlyRequests":[{"path":"/api/v1/query-policies/stage2_query_replace_v1","method":"GET"}]}
2026-09-10T17:48:34.0305621Z PASS query metadata: saved state retained after response failure {"requests":[{"path":"/api/v1/query-policies/stage2_query_metadata_v1/metadata","method":"PATCH"}],"actualWrites":1,"faults":[{"path":"/api/v1/query-policies/stage2_query_metadata_v1/metadata","method":"PATCH","actualStatus":200,"requestId":"rcc-dd152665ce5db635478aca422eade707"}],"readonlyRequests":[{"path":"/api/v1/query-policies/stage2_query_metadata_v1","method":"GET"}]}
2026-09-10T17:48:34.0308821Z PASS query activate: lifecycle response loss is recoverable by reads {"requests":[{"path":"/api/v1/query-policies/stage2_query_activate_v1/activate","method":"POST"}],"actualWrites":1,"faults":[{"path":"/api/v1/query-policies/stage2_query_activate_v1/activate","method":"POST","actualStatus":200,"requestId":"rcc-20dc3b3eea361b60fe0a820c1535131b"}],"readonlyRequests":[{"path":"/api/v1/query-policies/stage2_query_activate_v1","method":"GET"}]}
2026-09-10T17:48:34.0312467Z PASS query deprecate: lifecycle response loss is recoverable by reads {"requests":[{"path":"/api/v1/query-policies/stage2_query_deprecate_v1/deprecate","method":"POST"}],"actualWrites":1,"faults":[{"path":"/api/v1/query-policies/stage2_query_deprecate_v1/deprecate","method":"POST","actualStatus":200,"requestId":"rcc-e6ea63efd9b4f6114ecafa201f4361d4"}],"readonlyRequests":[{"path":"/api/v1/query-policies/stage2_query_deprecate_v1","method":"GET"}]}
2026-09-10T17:48:34.0315295Z PASS query delete: lost response, missing-resource check never repeats deletion {"writes":[{"path":"/api/v1/query-policies/stage2_query_delete_v1","method":"DELETE"}],"actualWrites":1,"faults":[{"path":"/api/v1/query-policies/stage2_query_delete_v1","method":"DELETE","actualStatus":204,"requestId":"rcc-9d4b6ecc93525faa40e347d9a7d8e03a"}]}
2026-09-10T17:48:34.0318058Z PASS mutation create: saved state retained after response failure {"requests":[{"path":"/api/v1/mutation-policies","method":"POST"}],"actualWrites":1,"faults":[{"path":"/api/v1/mutation-policies","method":"POST","actualStatus":201,"requestId":"rcc-7175a5c08abb7273d015f28e12df7f04"}],"readonlyRequests":[{"path":"/api/v1/mutation-policies/stage2_mutation_create_v1","method":"GET"}]}
2026-09-10T17:48:34.0321340Z PASS mutation replace: saved state retained after response failure {"requests":[{"path":"/api/v1/mutation-policies/stage2_mutation_replace_v1","method":"PUT"}],"actualWrites":1,"faults":[{"path":"/api/v1/mutation-policies/stage2_mutation_replace_v1","method":"PUT","actualStatus":200,"requestId":"rcc-e6b7f283e1241b712ee24b4c54067a34"}],"readonlyRequests":[{"path":"/api/v1/mutation-policies/stage2_mutation_replace_v1","method":"GET"}]}
2026-09-10T17:48:34.0324660Z PASS mutation metadata: saved state retained after response failure {"requests":[{"path":"/api/v1/mutation-policies/stage2_mutation_metadata_v1/metadata","method":"PATCH"}],"actualWrites":1,"faults":[{"path":"/api/v1/mutation-policies/stage2_mutation_metadata_v1/metadata","method":"PATCH","actualStatus":200,"requestId":"rcc-efc150ed9603885c5b9c18c8289dcc42"}],"readonlyRequests":[{"path":"/api/v1/mutation-policies/stage2_mutation_metadata_v1","method":"GET"}]}
2026-09-10T17:48:34.0328218Z PASS mutation activate: lifecycle response loss is recoverable by reads {"requests":[{"path":"/api/v1/mutation-policies/stage2_mutation_activate_v1/activate","method":"POST"}],"actualWrites":1,"faults":[{"path":"/api/v1/mutation-policies/stage2_mutation_activate_v1/activate","method":"POST","actualStatus":200,"requestId":"rcc-849e55c34da59012e0ecffc9a20a7581"}],"readonlyRequests":[{"path":"/api/v1/mutation-policies/stage2_mutation_activate_v1","method":"GET"}]}
2026-09-10T17:48:34.0331999Z PASS mutation deprecate: lifecycle response loss is recoverable by reads {"requests":[{"path":"/api/v1/mutation-policies/stage2_mutation_deprecate_v1/deprecate","method":"POST"}],"actualWrites":1,"faults":[{"path":"/api/v1/mutation-policies/stage2_mutation_deprecate_v1/deprecate","method":"POST","actualStatus":200,"requestId":"rcc-e9ab326bf00d1c4023813f44f08eb8e2"}],"readonlyRequests":[{"path":"/api/v1/mutation-policies/stage2_mutation_deprecate_v1","method":"GET"}]}
2026-09-10T17:48:34.0336324Z PASS mutation delete: lost response, missing-resource check never repeats deletion {"writes":[{"path":"/api/v1/mutation-policies/stage2_mutation_delete_v1","method":"DELETE"}],"actualWrites":1,"faults":[{"path":"/api/v1/mutation-policies/stage2_mutation_delete_v1","method":"DELETE","actualStatus":204,"requestId":"rcc-73a511a744095c7ce7977064b38f95a4"}]}
2026-09-10T17:48:34.0338234Z PASS rapid lifecycle confirmation and pending back navigation update once {"writes":[{"path":"/api/v1/query-policies/stage2_rapid_lifecycle_v1/activate","method":"POST"}],"actualWrites":1}
2026-09-10T17:48:34.0340544Z PASS table assignment create: persisted change and read-only recovery {"requests":[{"path":"/api/v1/table-policies","method":"POST"}],"actualWrites":1,"faults":[{"path":"/api/v1/table-policies","method":"POST","actualStatus":201,"requestId":"rcc-425e77abe275614929f12cc1dedc444d"}],"readonlyRequests":[{"path":"/api/v1/database-tables","method":"GET"}]}
2026-09-10T17:48:34.0344131Z PASS table assignment replace: persisted change and read-only recovery {"requests":[{"path":"/api/v1/table-policies/stage2_assignment_items","method":"PUT"}],"actualWrites":1,"faults":[{"path":"/api/v1/table-policies/stage2_assignment_items","method":"PUT","actualStatus":200,"requestId":"rcc-beeec4becbb76229d48f2f1779cefe70"}],"readonlyRequests":[{"path":"/api/v1/table-policies/stage2_assignment_items","method":"GET"}]}
2026-09-10T17:48:34.0347248Z PASS table assignment enable: persisted change and read-only recovery {"requests":[{"path":"/api/v1/table-policies/stage2_assignment_items/enable","method":"POST"}],"actualWrites":1,"faults":[{"path":"/api/v1/table-policies/stage2_assignment_items/enable","method":"POST","actualStatus":200,"requestId":"rcc-8be9c6b6ffdb2351b86c547a9481ad14"}],"readonlyRequests":[{"path":"/api/v1/table-policies/stage2_assignment_items","method":"GET"}]}
2026-09-10T17:48:34.0350642Z PASS table assignment disable: persisted change and read-only recovery {"requests":[{"path":"/api/v1/table-policies/stage2_assignment_items/disable","method":"POST"}],"actualWrites":1,"faults":[{"path":"/api/v1/table-policies/stage2_assignment_items/disable","method":"POST","actualStatus":200,"requestId":"rcc-185dbb4393c3dd26e1f91b438c5334f8"}],"readonlyRequests":[{"path":"/api/v1/table-policies/stage2_assignment_items","method":"GET"}]}
2026-09-10T17:48:34.0352178Z Running operation-coverage...
2026-09-10T17:48:56.5828823Z PASS browser creates a complete Mutation Draft through Admin {"http":{"page":"page-1","method":"POST","path":"/api/v1/mutation-policies","status":201,"requestId":"rcc-5c01c954254b144191a9aab9c4ef38b6","body":{"code":"stage3_ui_mutation_v1","name":"Stage 3 UI mutation draft","description":"Created by the real browser with initially denied operations","type_code":"single_table_mutation","allow_add":false,"allow_modify":false,"allow_delete":false,"create_operator_field":null,"create_time_field":null,"modify_operator_field":null,"modify_time_field":null}},"sql":"0|0|0|NULL|NULL|NULL|NULL"}
2026-09-10T17:48:56.5831926Z PASS permission conflict is retained and blocks the HTTP write {}
2026-09-10T17:48:56.5832496Z PASS unsafe Auto Fill column is retained and blocks the HTTP write {}
2026-09-10T17:48:56.5833429Z PASS case-insensitive id Auto Fill target is retained and blocks the HTTP write {}
2026-09-10T17:48:56.5834018Z PASS exact duplicate Auto Fill columns block the HTTP write {}
2026-09-10T17:48:56.5834575Z PASS case-insensitive duplicate Auto Fill columns block the HTTP write {}
2026-09-10T17:48:56.5838135Z PASS Mutation Draft PUT survives close and reopen with all execution fields {"http":{"page":"page-1","method":"PUT","path":"/api/v1/mutation-policies/stage3_ui_mutation_v1","status":200,"requestId":"rcc-ad0732fd45c626a4c86695f8367f80f4","body":{"code":"stage3_ui_mutation_v1","name":"Stage 3 UI mutation updated","description":"All three grants and all four Auto Fill slots saved by PUT","type_code":"single_table_mutation","allow_add":true,"allow_modify":true,"allow_delete":true,"create_operator_field":"created_by","create_time_field":"created_at","modify_operator_field":"updated_by","modify_time_field":"updated_at"}},"sql":"Stage 3 UI mutation updated|All three grants and all four Auto Fill slots saved by PUT|1|1|1|created_by|created_at|updated_by|updated_at|DRAFT"}
2026-09-10T17:48:56.5841670Z PASS Mutation Draft is deleted by the visible UI command {"http":{"page":"page-1","method":"DELETE","path":"/api/v1/mutation-policies/stage3_ui_mutation_v1","status":204,"requestId":"rcc-e589b78c45745022e3737532ae7acf9e","body":null},"sqlCount":0}
2026-09-10T17:48:56.5844857Z PASS query Active metadata saves without changing execution fields {"http":{"page":"page-2","method":"PATCH","path":"/api/v1/query-policies/stage3_query_existing_v1/metadata","status":200,"requestId":"rcc-f1678bbd2eb29f2d2c5852289f564af3","body":{"name":"Stage 3 query renamed","description":"Stage 3 query metadata only"}},"executionBeforeAfter":"page_query|id|DESC|20|200|ACTIVE"}
2026-09-10T17:48:56.5849526Z PASS mutation Active metadata saves without changing execution fields {"http":{"page":"page-3","method":"PATCH","path":"/api/v1/mutation-policies/stage3_mutation_existing_v1/metadata","status":200,"requestId":"rcc-9430f8f3d954286070af0dabae4e96b1","body":{"name":"Stage 3 mutation renamed","description":"Stage 3 mutation metadata only"}},"executionBeforeAfter":"single_table_mutation|1|1|1|created_by|created_at|updated_by|updated_at|ACTIVE"}
2026-09-10T17:48:56.5852955Z PASS query is deprecated through the real lifecycle UI {"http":{"page":"page-4","method":"POST","path":"/api/v1/query-policies/stage3_query_existing_v1/deprecate","status":200,"requestId":"rcc-36a9d9c2eaa1d5497372e9c402cfb946","body":null},"status":"DEPRECATED"}
2026-09-10T17:48:56.5854940Z PASS mutation is deprecated through the real lifecycle UI {"http":{"page":"page-5","method":"POST","path":"/api/v1/mutation-policies/stage3_mutation_existing_v1/deprecate","status":200,"requestId":"rcc-e2c86c08ed636b799e65c271e966c19e","body":null},"status":"DEPRECATED"}
2026-09-10T17:48:56.5857677Z PASS query Deprecated metadata saves without changing execution fields {"http":{"page":"page-6","method":"PATCH","path":"/api/v1/query-policies/stage3_query_existing_v1/metadata","status":200,"requestId":"rcc-7dfec8a32273ffefa1033d808f29ebf9","body":{"name":"Stage 3 query Deprecated renamed","description":"Stage 3 query Deprecated metadata only"}},"executionBeforeAfter":"page_query|id|DESC|20|200|DEPRECATED"}
2026-09-10T17:48:56.5861194Z PASS mutation Deprecated metadata saves without changing execution fields {"http":{"page":"page-7","method":"PATCH","path":"/api/v1/mutation-policies/stage3_mutation_existing_v1/metadata","status":200,"requestId":"rcc-04710899113139ec5a4815188404b504","body":{"name":"Stage 3 mutation Deprecated renamed","description":"Stage 3 mutation Deprecated metadata only"}},"executionBeforeAfter":"single_table_mutation|1|1|1|created_by|created_at|updated_by|updated_at|DEPRECATED"}
2026-09-10T17:48:56.5865106Z PASS existing assignment keeps querying and publishes through a release order with Deprecated definitions {"query":{"page":"page-8","method":"POST","path":"/api/v1/tables/stage3_active_items/query","status":200,"requestId":"rcc-b2b0db737e71596b3a8170bf3d205828","body":{"conditions":[],"page_number":1}},"releaseOrder":"96aeba411cdf5d6caa1a577e198105af","sql":"DeprecatedStillRuns|9d1459df-5f4d-421f-aa2d-a2e3d7ed362a|9d1459df-5f4d-421f-aa2d-a2e3d7ed362a"}
2026-09-10T17:48:56.5867344Z PASS new assignment choices include only Active definitions {"queryOptions":["stage3_query_full_v1"],"mutationOptions":["stage3_mutation_denied_v1","stage3_mutation_full_v1"]}
2026-09-10T17:48:56.5868647Z PASS Table Policy Catalog filters full loaded data without writes {"cases":["table/trim/case","query code","mutation code","modifier","no match","clear"],"writeCount":0}
2026-09-10T17:48:56.5871076Z PASS direct field filter submits only entered AND conditions and preserves input after collapse/query {"http":{"page":"page-11","method":"POST","path":"/api/v1/tables/stage3_active_items/query","status":200,"requestId":"rcc-9c2bf9d290bd3450df13c256b692673a","body":{"conditions":[{"field":"name","operator":"exact","value":"Stage3Alpha"}],"page_number":1}},"sqlCount":1}
2026-09-10T17:48:56.5873034Z PASS all three unauthorized operation controls stay visible, disabled, and explained {}
2026-09-10T17:48:56.5875412Z PASS real Table Policy replacement governs the next UI capability and release publication {"replacement":{"page":"page-13","method":"PUT","path":"/api/v1/table-policies/stage3_denied_items","status":200,"requestId":"rcc-2471a043908b2211a05c420c6574bcc6","body":{"table_name":"stage3_denied_items","query_policy_code":"stage3_query_full_v1","mutation_policy_code":"stage3_mutation_full_v1","concurrency_key":[]}},"releaseOrder":"768b889fc8118e8da34711d8220cd4f7","sqlCount":1}
2026-09-10T17:48:56.5877134Z Running complex-fields...
2026-09-10T17:51:54.5266747Z PASS TEXT and JSON browser ADD, MODIFY, SQL byte comparison, readback and reopened editor
2026-09-10T17:51:54.5267815Z PASS multiline TEXT query uses the exact browser input without removing LF
2026-09-10T17:51:54.5268837Z PASS SQL NULL, JSON null literal and string, empty and omitted values stay distinct
2026-09-10T17:51:54.5270438Z PASS uint64 auto ID 9007199254740993 survives browser create, query, release MODIFY and reopen
2026-09-10T17:51:54.5271634Z PASS uint64 auto ID 9223372036854775808 survives browser create, query, release MODIFY and reopen
2026-09-10T17:51:54.5272407Z PASS uint64 auto ID 18446744073709551614 survives browser create, query, release MODIFY and reopen
2026-09-10T17:51:54.5273160Z PASS ambiguous auto ID zero is rejected while omitted ID publishes the actual generated identity
2026-09-10T17:51:54.5273917Z PASS non-auto default ID stage4_default_id_constant requires explicit identity before publication
2026-09-10T17:51:54.5274682Z PASS non-auto default ID stage4_default_id_expression requires explicit identity before publication
2026-09-10T17:51:54.5275391Z PASS identity review: explicit numeric ID returns the stored canonical identity
2026-09-10T17:51:54.5275983Z PASS identity matrix: signed integer publishes a canonical stored key
2026-09-10T17:51:54.5276546Z PASS identity matrix: decimal equal value publishes a canonical stored key
2026-09-10T17:51:54.5277123Z PASS identity matrix: decimal rounding publishes a canonical stored key
2026-09-10T17:51:54.5277699Z PASS identity matrix: CHAR trailing spaces publishes a canonical stored key
2026-09-10T17:51:54.5278300Z PASS identity matrix: VARCHAR trailing spaces publishes a canonical stored key
2026-09-10T17:51:54.5278954Z PASS identity matrix: VARCHAR Unicode and URI delimiters publishes a canonical stored key
2026-09-10T17:51:54.5279598Z PASS identity matrix: ENUM case normalization is rejected before draft creation
2026-09-10T17:51:54.5280447Z PASS identity matrix: TIME equal value publishes a canonical stored key
2026-09-10T17:51:54.5280996Z PASS identity matrix: TIME rounding publishes a canonical stored key
2026-09-10T17:51:54.5281548Z PASS identity matrix: DATETIME equal value publishes a canonical stored key
2026-09-10T17:51:54.5282106Z PASS identity matrix: DATETIME rounding publishes a canonical stored key
2026-09-10T17:51:54.5282684Z PASS identity matrix: TIMESTAMP equal value publishes a canonical stored key
2026-09-10T17:51:54.5283910Z PASS identity matrix: TIMESTAMP rounding publishes a canonical stored key
2026-09-10T17:51:54.5284823Z PASS identity matrix: FLOAT exact publishes a canonical stored key
2026-09-10T17:51:54.5285752Z PASS identity matrix: FLOAT precision boundary publishes a canonical stored key
2026-09-10T17:51:54.5286644Z PASS identity matrix: DOUBLE publishes a canonical stored key
2026-09-10T17:51:54.5287604Z PASS identity matrix: DATE publishes a canonical stored key
2026-09-10T17:51:54.5288957Z PASS identity preflight read denial prevents INSERT and preserves the draft
2026-09-10T17:51:54.5289733Z PASS publication capability gate rejects a nontransactional table before business DML
2026-09-10T17:51:54.5290684Z PASS JSON identity "" publishes without path reinterpretation
2026-09-10T17:51:54.5291193Z PASS JSON identity "." publishes without path reinterpretation
2026-09-10T17:51:54.5291689Z PASS JSON identity ".." publishes without path reinterpretation
2026-09-10T17:51:54.5292611Z PASS JSON identity "键/值 %2F?#" publishes without path reinterpretation
2026-09-10T17:51:54.5293308Z PASS CRLF and standalone CR stay protected through unrelated writes and explicit normalization
2026-09-10T17:51:54.5294022Z PASS raw CR clipboard selection is preserved in record and query inputs before conversion
2026-09-10T17:51:54.5294677Z PASS ordinary expression defaults allow explicit values and omission defaults
2026-09-10T17:51:54.5295277Z PASS Auto Fill records the publisher identity and one UTC database time
2026-09-10T17:51:54.5295798Z PASS stored_value remains rejected as a real generated column
2026-09-10T17:51:54.5296542Z PASS virtual_value remains rejected as a real generated column
2026-09-10T17:51:54.5297132Z PASS generated fields calculate on omitted ADD and stay unwritable on release MODIFY
2026-09-10T17:51:54.5297786Z PASS VARCHAR length is editable rejection with rollback and corrected browser retry
2026-09-10T17:51:54.5298424Z PASS TINYINT range is editable rejection with rollback and corrected browser retry
2026-09-10T17:51:54.5298945Z Running browser-accessibility (chromium)...
2026-09-10T17:52:06.2583520Z PASS drawer background is inert and actual Shift+Tab/Tab loops inside the drawer {"inert":true,"focusStayedInTopModal":true,"bodyClasses":["modal-open"],"rootLocked":true,"focusProbe":"programmatic HTMLElement.focus used only for native inert","keyboardPath":["Shift+Tab skips appended hidden/disabled fixtures -> 取消","Tab -> 关闭","focus-loss fixture then real Tab -> 关闭"]}
2026-09-10T17:52:06.2587828Z PASS native back cancel/confirm and forward preserve the intended history entry {"unloadProbe":{"defaultPrevented":true,"dispatchReturned":false,"fixture":"cancelable browser event; no user-agent prompt"},"lowerDrawerInertWhilePromptOpen":true,"focusRestoredToDrawer":true}
2026-09-10T17:52:06.2594505Z PASS 320px long drawer scroll keeps the action footer reachable {"viewport":"320x568 CSS pixels","documentOverflow":0,"optionalIdIncluded":false,"actualMouseWheel":{"before":668,"after":1028},"surfaces":[{"selector":".drawer","metrics":{"left":0,"right":320,"width":320,"clientWidth":320,"scrollWidth":320,"innerWidth":320}},{"selector":".drawer-header","metrics":{"left":0,"right":320,"width":320,"clientWidth":320,"scrollWidth":320,"innerWidth":320}},{"selector":".drawer-body","metrics":{"left":0,"right":320,"width":320,"clientWidth":320,"scrollWidth":320,"innerWidth":320}},{"selector":".drawer-footer","metrics":{"left":0,"right":320,"width":320,"clientWidth":320,"scrollWidth":320,"innerWidth":320}}],"noteRect":{"left":20,"right":300,"top":12.375,"bottom":102.375,"width":280,"height":90,"innerWidth":320,"innerHeight":568},"footerActions":[{"action":"取消","rect":{"left":20,"right":156,"top":512.5,"bottom":548.5,"width":136,"height":36,"innerWidth":320,"innerHeight":568}},{"action":"查看 Change Set","rect":{"left":164,"right":300,"top":512.5,"bottom":548.5,"width":136,"height":36,"innerWidth":320,"innerHeight":568}}]}
2026-09-10T17:52:06.2604175Z PASS 320px Change Set owns horizontal/vertical overflow and keeps actions reachable {"keyboardPath":["Shift+Tab -> 确认并保存草稿","Tab -> 变更字段对比，可横向滚动","Tab -> 发布单标题","Tab -> 选择已有草稿"],"documentOverflow":0,"scrolling":{"horizontal":{"client":288,"total":600,"offset":312},"vertical":{"client":133,"total":700,"offset":567}},"footerActions":[{"action":"放弃本次编辑","rect":{"left":32,"right":155.5,"top":455,"bottom":491,"width":123.5,"height":36,"innerWidth":320,"innerHeight":568}},{"action":"返回修改","rect":{"left":164.5,"right":288,"top":455,"bottom":491,"width":123.5,"height":36,"innerWidth":320,"innerHeight":568}},{"action":"确认并保存草稿","rect":{"left":32,"right":288,"top":500,"bottom":536,"width":256,"height":36,"innerWidth":320,"innerHeight":568}}]}
2026-09-10T17:52:06.2608358Z PASS only the top nested leave dialog handles Tab/Escape and focus returns to Change Set {"lowerChangeSetInert":true,"bodyRemainedLocked":true}
2026-09-10T17:52:06.2611772Z PASS real MySQL rejection freezes raw CR; a copied draft requires explicit LF conversion before editing {"status":422,"rejectedOrder":"29f1d9bc578f4a1e64a98d9a27a957df","rawHex":"7072656669782d6368726f6d69756d0d0a7365636f6e640d7461696c","submittedHex":"7072656669782d6368726f6d69756d0d0a7365636f6e640d7461696c","clipboardBoundary":"synthetic paste Event with injected DataTransfer; no OS clipboard access"}
2026-09-10T17:52:06.2615153Z PASS 390px unknown release-draft recovery replays one intent and then publishes it {"faultEvidence":{"actualStatus":201,"requestId":"rcc-eeb24f15b41ad0b1cea02de497553d74","injectedStatus":503},"releaseDraftRequests":2,"replayedOriginalBodyAndKey":true,"releaseOrder":"a36a38ef496e8961a856110e6237290e","sqlRows":1,"faultBoundary":"Playwright API response fault injection after route.fetch durably created the release draft","documentOverflow":0}
2026-09-10T17:52:06.2617091Z Running browser-accessibility (firefox)...
2026-09-10T17:52:21.7738989Z PASS drawer background is inert and actual Shift+Tab/Tab loops inside the drawer {"inert":true,"focusStayedInTopModal":true,"bodyClasses":["modal-open"],"rootLocked":true,"focusProbe":"programmatic HTMLElement.focus used only for native inert","keyboardPath":["Shift+Tab skips appended hidden/disabled fixtures -> 取消","Tab -> 关闭","focus-loss fixture then real Tab -> 关闭"]}
2026-09-10T17:52:21.7742272Z PASS native back cancel/confirm and forward preserve the intended history entry {"unloadProbe":{"defaultPrevented":true,"dispatchReturned":false,"fixture":"cancelable browser event; no user-agent prompt"},"lowerDrawerInertWhilePromptOpen":true,"focusRestoredToDrawer":true}
2026-09-10T17:52:21.7748739Z PASS 320px long drawer scroll keeps the action footer reachable {"viewport":"320x568 CSS pixels","documentOverflow":0,"optionalIdIncluded":false,"actualMouseWheel":{"before":668,"after":991},"surfaces":[{"selector":".drawer","metrics":{"left":0,"right":320,"width":320,"clientWidth":320,"scrollWidth":320,"innerWidth":320}},{"selector":".drawer-header","metrics":{"left":0,"right":320,"width":320,"clientWidth":320,"scrollWidth":320,"innerWidth":320}},{"selector":".drawer-body","metrics":{"left":0,"right":320,"width":320,"clientWidth":320,"scrollWidth":320,"innerWidth":320}},{"selector":".drawer-footer","metrics":{"left":0,"right":320,"width":320,"clientWidth":320,"scrollWidth":320,"innerWidth":320}}],"noteRect":{"left":20,"right":300,"top":49.399993896484375,"bottom":139.39999389648438,"width":280,"height":90,"innerWidth":320,"innerHeight":568},"footerActions":[{"action":"取消","rect":{"left":20,"right":156,"top":512.5,"bottom":548.5,"width":136,"height":36,"innerWidth":320,"innerHeight":568}},{"action":"查看 Change Set","rect":{"left":164,"right":300,"top":512.5,"bottom":548.5,"width":136,"height":36,"innerWidth":320,"innerHeight":568}}]}
2026-09-10T17:52:21.7759131Z PASS 320px Change Set owns horizontal/vertical overflow and keeps actions reachable {"keyboardPath":["Shift+Tab -> 确认并保存草稿","Tab -> 变更字段对比，可横向滚动","Tab -> 发布单标题","Tab -> 选择已有草稿"],"documentOverflow":0,"scrolling":{"horizontal":{"client":288,"total":600,"offset":312},"vertical":{"client":133,"total":700,"offset":567}},"footerActions":[{"action":"放弃本次编辑","rect":{"left":32,"right":155.5,"top":455,"bottom":491,"width":123.5,"height":36,"innerWidth":320,"innerHeight":568}},{"action":"返回修改","rect":{"left":164.5,"right":288,"top":455,"bottom":491,"width":123.5,"height":36,"innerWidth":320,"innerHeight":568}},{"action":"确认并保存草稿","rect":{"left":32,"right":288,"top":500,"bottom":536,"width":256,"height":36,"innerWidth":320,"innerHeight":568}}]}
2026-09-10T17:52:21.7762150Z PASS only the top nested leave dialog handles Tab/Escape and focus returns to Change Set {"lowerChangeSetInert":true,"bodyRemainedLocked":true}
2026-09-10T17:52:21.7764412Z PASS real MySQL rejection freezes raw CR; a copied draft requires explicit LF conversion before editing {"status":422,"rejectedOrder":"413e24d7d62d3edfd16dfe45dcec06bd","rawHex":"7072656669782d66697265666f780d0a7365636f6e640d7461696c","submittedHex":"7072656669782d66697265666f780d0a7365636f6e640d7461696c","clipboardBoundary":"synthetic paste Event with injected DataTransfer; no OS clipboard access"}
2026-09-10T17:52:21.7767716Z PASS 390px unknown release-draft recovery replays one intent and then publishes it {"faultEvidence":{"actualStatus":201,"requestId":"rcc-14bab04c7a286b7727b55396ad945ac3","injectedStatus":503},"releaseDraftRequests":2,"replayedOriginalBodyAndKey":true,"releaseOrder":"b1ee82b5e4639bc2f2c9702084a26d39","sqlRows":1,"faultBoundary":"Playwright API response fault injection after route.fetch durably created the release draft","documentOverflow":0}
2026-09-10T17:52:21.7769389Z Running browser-accessibility (webkit)...
2026-09-10T17:52:53.9098042Z PASS drawer background is inert and actual Shift+Tab/Tab loops inside the drawer {"inert":true,"focusStayedInTopModal":true,"bodyClasses":["modal-open"],"rootLocked":true,"focusProbe":"programmatic HTMLElement.focus used only for native inert","keyboardPath":["Shift+Tab skips appended hidden/disabled fixtures -> 取消","Tab -> 关闭","focus-loss fixture then real Tab -> 关闭"]}
2026-09-10T17:52:53.9103187Z PASS native back cancel/confirm and forward preserve the intended history entry {"unloadProbe":{"defaultPrevented":true,"dispatchReturned":false,"fixture":"cancelable browser event; no user-agent prompt"},"lowerDrawerInertWhilePromptOpen":true,"focusRestoredToDrawer":true}
2026-09-10T17:52:53.9117605Z PASS 320px long drawer scroll keeps the action footer reachable {"viewport":"320x568 CSS pixels","documentOverflow":0,"optionalIdIncluded":false,"actualMouseWheel":{"before":668,"after":690},"surfaces":[{"selector":".drawer","metrics":{"left":0,"right":320,"width":320,"clientWidth":320,"scrollWidth":320,"innerWidth":320}},{"selector":".drawer-header","metrics":{"left":0,"right":320,"width":320,"clientWidth":320,"scrollWidth":320,"innerWidth":320}},{"selector":".drawer-body","metrics":{"left":0,"right":320,"width":320,"clientWidth":320,"scrollWidth":320,"innerWidth":320}},{"selector":".drawer-footer","metrics":{"left":0,"right":320,"width":320,"clientWidth":320,"scrollWidth":320,"innerWidth":320}}],"noteRect":{"left":20,"right":300,"top":232.3125,"bottom":322.3125,"width":280,"height":90,"innerWidth":320,"innerHeight":568},"footerActions":[{"action":"取消","rect":{"left":20,"right":156,"top":512.5,"bottom":548.5,"width":136,"height":36,"innerWidth":320,"innerHeight":568}},{"action":"查看 Change Set","rect":{"left":164,"right":300,"top":512.5,"bottom":548.5,"width":136,"height":36,"innerWidth":320,"innerHeight":568}}]}
2026-09-10T17:52:53.9128930Z PASS 320px Change Set owns horizontal/vertical overflow and keeps actions reachable {"keyboardPath":["Shift+Tab -> 确认并保存草稿","Tab -> 变更字段对比，可横向滚动","Tab -> 发布单标题","Tab -> 选择已有草稿"],"documentOverflow":0,"scrolling":{"horizontal":{"client":288,"total":600,"offset":312},"vertical":{"client":133,"total":700,"offset":567}},"footerActions":[{"action":"放弃本次编辑","rect":{"left":32,"right":155.5,"top":455,"bottom":491,"width":123.5,"height":36,"innerWidth":320,"innerHeight":568}},{"action":"返回修改","rect":{"left":164.5,"right":288,"top":455,"bottom":491,"width":123.5,"height":36,"innerWidth":320,"innerHeight":568}},{"action":"确认并保存草稿","rect":{"left":32,"right":288,"top":500,"bottom":536,"width":256,"height":36,"innerWidth":320,"innerHeight":568}}]}
2026-09-10T17:52:53.9133300Z PASS only the top nested leave dialog handles Tab/Escape and focus returns to Change Set {"lowerChangeSetInert":true,"bodyRemainedLocked":true}
2026-09-10T17:52:53.9134231Z {
2026-09-10T17:52:53.9134608Z   "name": "TimeoutError",
2026-09-10T17:52:53.9135691Z   "message": "locator.waitFor: Timeout 15000ms exceeded.\nCall log:\n  - waiting for getByRole('heading', { name: 'stage1_acceptance_items 配置变更', exact: true }) to be visible\n",
2026-09-10T17:52:53.9137696Z   "stack": "locator.waitFor: Timeout 15000ms exceeded.\nCall log:\n  - waiting for getByRole('heading', { name: 'stage1_acceptance_items 配置变更', exact: true }) to be visible\n\n    at /home/runner/work/relational-config-center/relational-config-center/web/e2e/browser-accessibility.cjs:331:77"
2026-09-10T17:52:53.9138730Z }
2026-09-10T17:52:56.6128572Z artifact directory: /home/runner/work/_temp/rcc-browser-acceptance
2026-09-10T17:52:56.6132299Z make: *** [Makefile:22: test-browser-acceptance] Error 1
2026-09-10T17:52:56.6155013Z ##[error]Process completed with exit code 2.
2026-09-10T17:52:56.6222249Z ##[group]Run actions/upload-artifact@v6
2026-09-10T17:52:56.6222553Z with:
2026-09-10T17:52:56.6222781Z   name: browser-acceptance-34510123199-1
2026-09-10T17:52:56.6223116Z   path: /home/runner/work/_temp/rcc-browser-acceptance
2026-09-10T17:52:56.6223446Z   if-no-files-found: error
2026-09-10T17:52:56.6223692Z   retention-days: 14
2026-09-10T17:52:56.6223912Z   compression-level: 6
2026-09-10T17:52:56.6224133Z   overwrite: false
2026-09-10T17:52:56.6224550Z   include-hidden-files: false
2026-09-10T17:52:56.6224794Z env:
2026-09-10T17:52:56.6225040Z   PNPM_HOME: /home/runner/setup-pnpm/node_modules/.bin
2026-09-10T17:52:56.6225344Z   GOTOOLCHAIN: local
2026-09-10T17:52:56.6225567Z ##[endgroup]
2026-09-10T17:52:56.8041543Z With the provided path, there will be 63 files uploaded
2026-09-10T17:52:56.8046426Z Artifact name is valid!
2026-09-10T17:52:56.8047203Z Root directory input is valid!
2026-09-10T17:52:57.0634741Z Beginning upload of artifact content to blob storage
2026-09-10T17:52:57.6415581Z Uploaded bytes 2411000
2026-09-10T17:52:57.6957119Z Finished uploading artifact content to blob storage!
2026-09-10T17:52:57.6958452Z SHA256 digest of uploaded artifact zip is 6c16ccf511a9197325896f4defadc7ae3713270e73caba3eea3a02413145b0ad
2026-09-10T17:52:57.6960180Z Finalizing artifact upload
2026-09-10T17:52:57.9607053Z Artifact browser-acceptance-34510123199-1.zip successfully finalized. Artifact ID 10165724878
2026-09-10T17:52:57.9608195Z Artifact browser-acceptance-34510123199-1 has been successfully uploaded! Final size is 2411000 bytes. Artifact ID is 10165724878
2026-09-10T17:52:57.9612898Z Artifact download URL: https://github.com/asherzj/relational-config-center/actions/runs/34510123199/artifacts/10165724878
2026-09-10T17:52:57.9792724Z Post job cleanup.
2026-09-10T17:52:58.1249155Z Pruning is unnecessary.
2026-09-10T17:52:58.1442700Z Post job cleanup.
2026-09-10T17:52:58.2400865Z [command]/usr/bin/git version
2026-09-10T17:52:58.2445204Z git version 2.55.0
2026-09-10T17:52:58.2483440Z Temporarily overriding HOME='/home/runner/work/_temp/f3ce27b3-078d-419f-af78-a4aa1c4fd38e' before making global git config changes
2026-09-10T17:52:58.2485227Z Adding repository directory to the temporary git global config as a safe directory
2026-09-10T17:52:58.2489415Z [command]/usr/bin/git config --global --add safe.directory /home/runner/work/relational-config-center/relational-config-center
2026-09-10T17:52:58.2528397Z Removing SSH command configuration
2026-09-10T17:52:58.2537566Z [command]/usr/bin/git config --local --name-only --get-regexp core\.sshCommand
2026-09-10T17:52:58.2579084Z [command]/usr/bin/git submodule foreach --recursive sh -c "git config --local --name-only --get-regexp 'core\.sshCommand' && git config --local --unset-all 'core.sshCommand' || :"
2026-09-10T17:52:58.2862335Z Removing HTTP extra header
2026-09-10T17:52:58.2869020Z [command]/usr/bin/git config --local --name-only --get-regexp http\.https\:\/\/github\.com\/\.extraheader
2026-09-10T17:52:58.2909315Z [command]/usr/bin/git submodule foreach --recursive sh -c "git config --local --name-only --get-regexp 'http\.https\:\/\/github\.com\/\.extraheader' && git config --local --unset-all 'http.https://github.com/.extraheader' || :"
2026-09-10T17:52:58.3171001Z Removing includeIf entries pointing to credentials config files
2026-09-10T17:52:58.3179245Z [command]/usr/bin/git config --local --name-only --get-regexp ^includeIf\.gitdir:
2026-09-10T17:52:58.3223236Z includeif.gitdir:/home/runner/work/relational-config-center/relational-config-center/.git.path
2026-09-10T17:52:58.3224348Z includeif.gitdir:/home/runner/work/relational-config-center/relational-config-center/.git/worktrees/*.path
2026-09-10T17:52:58.3225164Z includeif.gitdir:/github/workspace/.git.path
2026-09-10T17:52:58.3225750Z includeif.gitdir:/github/workspace/.git/worktrees/*.path
2026-09-10T17:52:58.3232816Z [command]/usr/bin/git config --local --get-all includeif.gitdir:/home/runner/work/relational-config-center/relational-config-center/.git.path
2026-09-10T17:52:58.3260638Z /home/runner/work/_temp/git-credentials-cc30282e-ccdf-4441-b1a9-2a183fef1b76.config
2026-09-10T17:52:58.3275282Z [command]/usr/bin/git config --local --unset includeif.gitdir:/home/runner/work/relational-config-center/relational-config-center/.git.path \/home\/runner\/work\/_temp\/git\-credentials\-cc30282e\-ccdf\-4441\-b1a9\-2a183fef1b76\.config
2026-09-10T17:52:58.3313278Z [command]/usr/bin/git config --local --get-all includeif.gitdir:/home/runner/work/relational-config-center/relational-config-center/.git/worktrees/*.path
2026-09-10T17:52:58.3346836Z /home/runner/work/_temp/git-credentials-cc30282e-ccdf-4441-b1a9-2a183fef1b76.config
2026-09-10T17:52:58.3356627Z [command]/usr/bin/git config --local --unset includeif.gitdir:/home/runner/work/relational-config-center/relational-config-center/.git/worktrees/*.path \/home\/runner\/work\/_temp\/git\-credentials\-cc30282e\-ccdf\-4441\-b1a9\-2a183fef1b76\.config
2026-09-10T17:52:58.3396104Z [command]/usr/bin/git config --local --get-all includeif.gitdir:/github/workspace/.git.path
2026-09-10T17:52:58.3433018Z /github/runner_temp/git-credentials-cc30282e-ccdf-4441-b1a9-2a183fef1b76.config
2026-09-10T17:52:58.3440764Z [command]/usr/bin/git config --local --unset includeif.gitdir:/github/workspace/.git.path \/github\/runner_temp\/git\-credentials\-cc30282e\-ccdf\-4441\-b1a9\-2a183fef1b76\.config
2026-09-10T17:52:58.3482948Z [command]/usr/bin/git config --local --get-all includeif.gitdir:/github/workspace/.git/worktrees/*.path
2026-09-10T17:52:58.3515970Z /github/runner_temp/git-credentials-cc30282e-ccdf-4441-b1a9-2a183fef1b76.config
2026-09-10T17:52:58.3524222Z [command]/usr/bin/git config --local --unset includeif.gitdir:/github/workspace/.git/worktrees/*.path \/github\/runner_temp\/git\-credentials\-cc30282e\-ccdf\-4441\-b1a9\-2a183fef1b76\.config
2026-09-10T17:52:58.3569774Z [command]/usr/bin/git submodule foreach --recursive git config --local --show-origin --name-only --get-regexp remote.origin.url
2026-09-10T17:52:58.3817175Z Removing credentials config '/home/runner/work/_temp/git-credentials-cc30282e-ccdf-4441-b1a9-2a183fef1b76.config'
2026-09-10T17:52:58.3970488Z Cleaning up orphan processes
