{"request_id":"rcc-d71767489f182e85688888787f7b0423","method":"GET","path":"/api/v1/query-policies","status":401,"duration_ms":0}
{"request_id":"rcc-793363ffaf02569655ad076029f2384f","method":"GET","path":"/api/v1/query-policies","status":401,"duration_ms":0}
{"request_id":"rcc-0c929fab865869570a691c90744453a3","method":"GET","path":"/api/v1/query-policies","status":401,"duration_ms":0}
{"request_id":"rcc-67192703307f1a0e35a5d90e133d5673","method":"GET","path":"/api/v1/auth/csrf","status":200,"duration_ms":9}
{"request_id":"rcc-d17cd59a127b8b4ef1fd177cfaf83737","method":"POST","path":"/api/v1/auth/register","status":201,"duration_ms":50}
{"request_id":"rcc-f55a107a2f38dc1553e01c737ec3caa6","method":"GET","path":"/api/v1/auth/session","status":200,"duration_ms":1}
{"request_id":"rcc-f5cda91943f5552066005e9f9e64185e","method":"GET","path":"/api/v1/account-roles","status":200,"duration_ms":1}
{"request_id":"rcc-d22cb712fa99a1d7d56b1650decd32f8","method":"GET","path":"/api/v1/query-policies","status":200,"duration_ms":1}
{"request_id":"rcc-9056daee937f05271609a7b10b14dd99","method":"POST","path":"/api/v1/tables/:table_name/query","status":403,"duration_ms":0}
{"request_id":"rcc-a925cc562fce14ca5615b8fc376c9913","method":"GET","path":"/api/v1/auth/session","status":200,"duration_ms":0}
{"request_id":"rcc-52a03534ee179f9d060f1a96e6a2bb89","method":"POST","path":"/api/v1/tables/:table_name/query","status":200,"duration_ms":27}
{"request_id":"rcc-7647f4fd12f1c743fc60ab45a86136cb","method":"GET","path":"/api/v1/auth/session","status":200,"duration_ms":1}
{"request_id":"rcc-ddde5da79ebaa75997f14bb72eef6b23","method":"POST","path":"/api/v1/auth/logout","status":204,"duration_ms":3}
{"request_id":"rcc-d07cb0d5ed189fe42b350eaf2e7bf231","method":"GET","path":"/api/v1/query-policies","status":401,"duration_ms":0}
{"request_id":"rcc-a27750ecdc1c66c83673fb461a3dd708","method":"GET","path":"/api/v1/auth/csrf","status":200,"duration_ms":7}
{"request_id":"rcc-d78c57583422f6fedb8498b64dba20f2","method":"POST","path":"/api/v1/auth/register","status":201,"duration_ms":49}
{"request_id":"rcc-7e3e79ca101dbea318d7bd97eb2b2e12","method":"GET","path":"/api/v1/auth/session","status":200,"duration_ms":1}
{"request_id":"rcc-bd653d8ffa2e45fb9cd42df15ef02973","method":"GET","path":"/api/v1/account-roles","status":200,"duration_ms":1}
{"request_id":"rcc-2aba264eb334f6520138cde532631394","method":"GET","path":"/api/v1/auth/session","status":200,"duration_ms":1}
{"request_id":"rcc-7004b05a24f5cdd3e53d17629660b926","method":"GET","path":"/api/v1/query-policy-types","status":200,"duration_ms":2}
{"request_id":"rcc-c45cf6888d6d924df77c5fff26cf7797","method":"GET","path":"/api/v1/query-policies","status":200,"duration_ms":5}
{"request_id":"rcc-68f6f27271ba9b2f12aa3cafa1600bc5","method":"GET","path":"/api/v1/approval-notifications","status":200,"duration_ms":6}
{"request_id":"rcc-672d126dd649e83a2b0e501fed92e7ba","method":"GET","path":"/api/v1/query-policy-types","status":200,"duration_ms":2}
{"request_id":"rcc-7780145d6aa4bd9bfb7a80f01c0e38a3","method":"GET","path":"/api/v1/approval-notifications","status":200,"duration_ms":3}
{"request_id":"rcc-c32d4634d7bc0f169813353295ffc426","method":"POST","path":"/api/v1/auth/activity","status":200,"duration_ms":12}
{"request_id":"rcc-31e1d479feb027a878b52b014cfa0cf0","method":"GET","path":"/api/v1/query-policy-types","status":200,"duration_ms":1}
{"request_id":"rcc-90f4d2fad88a3a2cfec64ff15a974b86","method":"GET","path":"/api/v1/approval-notifications","status":200,"duration_ms":3}
{"request_id":"rcc-206a051163bd9c220294c23ef0f25988","method":"GET","path":"/api/v1/query-policy-types","status":200,"duration_ms":1}
{"request_id":"rcc-1f46a3d2d96b8cc462c24599176990c3","method":"GET","path":"/api/v1/approval-notifications","status":200,"duration_ms":3}
{"request_id":"rcc-90e0d275725e587479641804962a3f7f","method":"GET","path":"/api/v1/query-policy-types","status":200,"duration_ms":2}
{"request_id":"rcc-94312867e58fbfcc7a0f2b9fd42338b1","method":"GET","path":"/api/v1/approval-notifications","status":200,"duration_ms":4}
{"request_id":"rcc-b3224c7462a4111eafe16431b54cbc1f","method":"GET","path":"/api/v1/query-policy-types","status":200,"duration_ms":2}
{"request_id":"rcc-818731bffd9530ebaadf6b1c84ccb3e7","method":"GET","path":"/api/v1/approval-notifications","status":200,"duration_ms":4}
{"request_id":"rcc-500717175b3982d6ec2d47a8715d71fd","method":"GET","path":"/api/v1/query-policy-types","status":200,"duration_ms":5}
{"request_id":"rcc-693db5954306ecede5d35782c92de8c6","method":"GET","path":"/api/v1/approval-notifications","status":200,"duration_ms":6}
{"request_id":"rcc-9b0a8855e62d7bb143c8feea6880761d","method":"GET","path":"/api/v1/approval-notifications","status":200,"duration_ms":3}
{"request_id":"rcc-a48e80de19a182e83384403409ff1a1f","method":"GET","path":"/api/v1/query-policy-types","status":200,"duration_ms":2}
{"request_id":"rcc-ff738ecf58ff470a99e0fc8082448aaf","method":"GET","path":"/api/v1/approval-notifications","status":200,"duration_ms":4}
{"request_id":"rcc-f5a276d6c4d28bad33abea91e1cdb327","method":"GET","path":"/api/v1/query-policy-types","status":200,"duration_ms":1}
{"request_id":"rcc-80b5230a285162c3421d5dbf58d1f1cc","method":"GET","path":"/api/v1/approval-notifications","status":200,"duration_ms":3}
{"request_id":"rcc-ac6db364d970695fd6552a99f1da28f8","method":"POST","path":"/api/v1/query-policies","status":409,"duration_ms":4}
{"request_id":"rcc-e1ba526d7b7ca40f044478809c84cf0d","method":"POST","path":"/api/v1/query-policies","status":201,"duration_ms":7}
{"request_id":"rcc-efcdf4bb939d6339fd62ab38796ba3b4","method":"GET","path":"/api/v1/query-policies","status":200,"duration_ms":2}
{"request_id":"rcc-80b45ef7c369d3be209fec95a7b89b3d","method":"GET","path":"/api/v1/query-policy-types","status":200,"duration_ms":3}
{"request_id":"rcc-e4c2d9429835441cbc3e1c1e554ec73d","method":"GET","path":"/api/v1/query-policies/:code","status":200,"duration_ms":6}
{"request_id":"rcc-4432b200eb1a44eabda137eb4d86f096","method":"GET","path":"/api/v1/auth/session","status":200,"duration_ms":1}
{"request_id":"rcc-2910bd24cec4c6aac4f21daae3e2b1e0","method":"GET","path":"/api/v1/approval-notifications","status":200,"duration_ms":7}
{"request_id":"rcc-fc7a0e8ab4076bc586ef132221b6d534","method":"DELETE","path":"/api/v1/query-policies/:code","status":204,"duration_ms":7}
{"request_id":"rcc-2d58c9d98514036fe0250ccb4c32e144","method":"GET","path":"/api/v1/auth/session","status":200,"duration_ms":2}
{"request_id":"rcc-8fc2e57f0c91f04bf92e536162525aef","method":"GET","path":"/api/v1/approval-notifications","status":200,"duration_ms":4}
{"request_id":"rcc-a69068f5bc4ac97cade30069e534809c","method":"GET","path":"/api/v1/table-policies","status":200,"duration_ms":3}
{"request_id":"rcc-47ab36fd35a49768e05ce5e173f16971","method":"GET","path":"/api/v1/query-policy-types","status":200,"duration_ms":2}
{"request_id":"rcc-634cbd0e2f49c832e97aa0a2cf06a29e","method":"GET","path":"/api/v1/query-policies/:code","status":200,"duration_ms":5}
{"request_id":"rcc-ea252761aab2af973b4802fb7c47c1e0","method":"GET","path":"/api/v1/mutation-policy-types","status":200,"duration_ms":7}
{"request_id":"rcc-1d4db01e9ade09b66e8c40d943650c20","method":"GET","path":"/api/v1/mutation-policies/:code","status":200,"duration_ms":9}
{"request_id":"rcc-bab6c6804155c681986cafce45e3381e","method":"POST","path":"/api/v1/tables/:table_name/query","status":200,"duration_ms":27}
{"request_id":"rcc-bfa6f39ce71a22cec9a0325307324871","method":"POST","path":"/api/v1/tables/:table_name/query","status":200,"duration_ms":43}
{"request_id":"rcc-ac024624810406b7e22c7330438de950","method":"GET","path":"/api/v1/table-field-policies/:table_name","status":200,"duration_ms":8}
{"request_id":"rcc-7780e2d575476625eb6de1ed8c6f66b1","method":"GET","path":"/api/v1/table-field-policies/:table_name","status":200,"duration_ms":9}
{"request_id":"rcc-e2b97b3be40ccebe5e00b4e8f69181ca","method":"POST","path":"/api/v1/release-orders","status":422,"duration_ms":16}
{"request_id":"rcc-963f62fc46f3ee8dc7cbbc26c368cba2","method":"GET","path":"/api/v1/approval-notifications","status":200,"duration_ms":2}
{"request_id":"rcc-02024294bd7cc1468bc251ac3a3b8b00","method":"GET","path":"/api/v1/auth/csrf","status":200,"duration_ms":7}
{"request_id":"rcc-ff9b6f0d5cb5fe41ae481a834d779acc","method":"POST","path":"/api/v1/auth/register","status":201,"duration_ms":45}
{"request_id":"rcc-ed5d1bbf698f8bb035ba851465120b98","method":"GET","path":"/api/v1/auth/session","status":200,"duration_ms":1}
{"request_id":"rcc-9b340523259c2ba930073b079962c486","method":"GET","path":"/api/v1/account-roles","status":200,"duration_ms":2}
{"request_id":"rcc-9fef421bd30dba61760b56ff8f2f8ca2","method":"GET","path":"/api/v1/auth/session","status":200,"duration_ms":1}
{"request_id":"rcc-8005a816082fdf204e161c5719c9fef5","method":"GET","path":"/api/v1/query-policy-types","status":200,"duration_ms":1}
{"request_id":"rcc-822ac117f56fa45f61f6fd2440d90b4f","method":"GET","path":"/api/v1/query-policies","status":200,"duration_ms":3}
{"request_id":"rcc-d99079bd8484b5fb4c40fb3b2c45cecf","method":"GET","path":"/api/v1/approval-notifications","status":200,"duration_ms":4}
{"request_id":"rcc-6ca065e00cac667060b798d9406eaee0","method":"GET","path":"/api/v1/query-policies/:code","status":200,"duration_ms":4}
{"request_id":"rcc-4c0ceb8787c5c0750524c586fb786841","method":"GET","path":"/api/v1/auth/session","status":200,"duration_ms":2}
{"request_id":"rcc-bd083cb3a2e53c5d903c399a64970147","method":"GET","path":"/api/v1/query-policy-types","status":200,"duration_ms":3}
{"request_id":"rcc-3de9dda50b097324a290c32d3a8e8a38","method":"GET","path":"/api/v1/query-policies","status":200,"duration_ms":3}
{"request_id":"rcc-f27eeb0d66d1b1c6e770379290f31906","method":"GET","path":"/api/v1/approval-notifications","status":200,"duration_ms":5}
{"request_id":"rcc-0cddfd93f0465cd110ebab1fcd865d34","method":"GET","path":"/api/v1/query-policies/:code","status":200,"duration_ms":6}
{"request_id":"rcc-c0356f952946e16103b08e9de258fcd1","method":"GET","path":"/api/v1/auth/session","status":200,"duration_ms":2}
{"request_id":"rcc-f13ef02862b3933f6fa95b4e5077bfba","method":"GET","path":"/api/v1/mutation-policy-types","status":200,"duration_ms":3}
{"request_id":"rcc-da20651a632fe413059da6f3e58068ee","method":"GET","path":"/api/v1/mutation-policies","status":200,"duration_ms":10}
{"request_id":"rcc-4826800c0e1f2865020ec9415fa9289b","method":"GET","path":"/api/v1/mutation-policies/:code","status":200,"duration_ms":22}
{"request_id":"rcc-96fb6f5d2cecf8f5ca8d6ee764f41653","method":"GET","path":"/api/v1/approval-notifications","status":200,"duration_ms":23}
{"request_id":"rcc-cc04c2d3514d56c1f7e366552d588fdb","method":"GET","path":"/api/v1/auth/session","status":200,"duration_ms":5}
{"request_id":"rcc-abf525efa02de790064e4992306f4cfc","method":"GET","path":"/api/v1/mutation-policy-types","status":200,"duration_ms":2}
{"request_id":"rcc-78df8b84b6901c18cc85386a243117e5","method":"GET","path":"/api/v1/query-policy-types","status":200,"duration_ms":2}
{"request_id":"rcc-6a91c076459e6a0ccee864478330d6b7","method":"GET","path":"/api/v1/mutation-policies","status":200,"duration_ms":4}
{"request_id":"rcc-defbc357c526d564b974d20d9e165cf0","method":"GET","path":"/api/v1/query-policies","status":200,"duration_ms":4}
{"request_id":"rcc-0344c87288dc4b9d6cbe8dde26cb972e","method":"GET","path":"/api/v1/approval-notifications","status":200,"duration_ms":5}
{"request_id":"rcc-62743efd283a8a74b74e4f63c3f5c023","method":"GET","path":"/api/v1/table-policies","status":200,"duration_ms":5}
{"request_id":"rcc-065ac843a02aa7f3d2aac2163a9bfc2e","method":"GET","path":"/api/v1/table-policies/:table_name","status":200,"duration_ms":10}
{"request_id":"rcc-f197c53e865e57f4f9e6a4e5f76887f5","method":"GET","path":"/api/v1/database-tables","status":200,"duration_ms":12}
{"request_id":"rcc-17641ba77c2326747c512729a8dd9103","method":"GET","path":"/api/v1/mutation-policy-types","status":200,"duration_ms":1}
{"request_id":"rcc-d4280a621b04ca03546a986f7ed482b5","method":"GET","path":"/api/v1/query-policy-types","status":200,"duration_ms":2}
{"request_id":"rcc-b380ba3ec6b8e4d2a88b9c103924f271","method":"GET","path":"/api/v1/query-policies","status":200,"duration_ms":3}
{"request_id":"rcc-d90bd564a8527a2494ef79dfe2760430","method":"GET","path":"/api/v1/approval-notifications","status":200,"duration_ms":4}
{"request_id":"rcc-032de9914ac1eb899cde5fa7fcbe50c3","method":"GET","path":"/api/v1/mutation-policies","status":200,"duration_ms":4}
{"request_id":"rcc-5a3803c633a54868bf29ac69de0385e4","method":"GET","path":"/api/v1/table-policies/:table_name","status":200,"duration_ms":2}
{"request_id":"rcc-27f463773c1e5be5e071972fc02c0068","method":"GET","path":"/api/v1/database-tables","status":200,"duration_ms":9}
{"request_id":"rcc-827150e3ccacb15d6a670ce132e6c64c","method":"POST","path":"/api/v1/auth/activity","status":200,"duration_ms":9}
{"request_id":"rcc-31f42a5e125a58b96676a3bd3f3bd69f","method":"GET","path":"/api/v1/auth/session","status":200,"duration_ms":1}
{"request_id":"rcc-c05dc08410f41b70022bbdf5119bdb26","method":"GET","path":"/api/v1/table-policies","status":200,"duration_ms":2}
{"request_id":"rcc-78e798a351e55009d39a13486d2ddeee","method":"GET","path":"/api/v1/approval-notifications","status":200,"duration_ms":2}
{"request_id":"rcc-fdfcd60e52569dc18ea9bdc53d62ca4c","method":"GET","path":"/api/v1/query-policy-types","status":200,"duration_ms":1}
{"request_id":"rcc-0522a3b0ace56592f39c9838969a5425","method":"GET","path":"/api/v1/mutation-policy-types","status":200,"duration_ms":1}
{"request_id":"rcc-91e06b08cd23a5ee4ad7275b8a34b286","method":"GET","path":"/api/v1/query-policies/:code","status":200,"duration_ms":4}
{"request_id":"rcc-e51353fa4161bcb494eb5e1d06478629","method":"GET","path":"/api/v1/mutation-policies/:code","status":200,"duration_ms":3}
{"request_id":"rcc-e6fbae040241bece0c9826bbfb892fb3","method":"POST","path":"/api/v1/tables/:table_name/query","status":200,"duration_ms":18}
{"request_id":"rcc-52ad3b8a513b69ab56c79598f74d5224","method":"POST","path":"/api/v1/tables/:table_name/query","status":200,"duration_ms":36}
{"request_id":"rcc-428faae0f283334943fa780f2c9cb436","method":"GET","path":"/api/v1/table-field-policies/:table_name","status":200,"duration_ms":8}
{"request_id":"rcc-c64f2b3e8c439a73762199d3158919c1","method":"GET","path":"/api/v1/auth/session","status":200,"duration_ms":1}
{"request_id":"rcc-52b8f1ee914bfc41e46982efa3dcd0e6","method":"GET","path":"/api/v1/query-policy-types","status":200,"duration_ms":2}
{"request_id":"rcc-9208e9c04d27dff422bf9b3ad585ec02","method":"GET","path":"/api/v1/mutation-policy-types","status":200,"duration_ms":1}
{"request_id":"rcc-397fac0eec1c6c79bbc6bf6cc09002cc","method":"GET","path":"/api/v1/query-policies","status":200,"duration_ms":3}
{"request_id":"rcc-f5fec5b674463fa8ca98c4272e9f4a6c","method":"GET","path":"/api/v1/mutation-policies","status":200,"duration_ms":3}
{"request_id":"rcc-f0284db81747a2f2fd4adbd1f37eebe2","method":"GET","path":"/api/v1/approval-notifications","status":200,"duration_ms":6}
{"request_id":"rcc-757c1923fba96c89aa487e8c643397ae","method":"GET","path":"/api/v1/table-policies/:table_name","status":200,"duration_ms":5}
{"request_id":"rcc-b5a58f428e56c700bc3500ae3193f9d9","method":"GET","path":"/api/v1/table-policies","status":200,"duration_ms":4}
{"request_id":"rcc-2ac45a5fdff3385e2d5c661138806383","method":"GET","path":"/api/v1/database-tables","status":200,"duration_ms":8}
{"request_id":"rcc-ec109da83c631193c94ce83740d1965c","method":"GET","path":"/api/v1/auth/csrf","status":200,"duration_ms":10}
{"request_id":"rcc-7565b1a59b00e6d0e318d51ca184b871","method":"POST","path":"/api/v1/auth/register","status":201,"duration_ms":47}
{"request_id":"rcc-fd78caa69947d5c606267cda95794fbc","method":"GET","path":"/api/v1/auth/session","status":200,"duration_ms":1}
{"request_id":"rcc-067157ff67b986405cf651519c02d40d","method":"GET","path":"/api/v1/account-roles","status":200,"duration_ms":2}
{"request_id":"rcc-a7c79e48e0c5b0635797e6f5ae5d1f67","method":"GET","path":"/api/v1/auth/csrf","status":200,"duration_ms":5}
{"request_id":"rcc-ccdf9b54ac377eba3a02575300a68729","method":"POST","path":"/api/v1/auth/register","status":201,"duration_ms":50}
{"request_id":"rcc-27f7d75c1c2819f803a7de3f7cdd0aca","method":"GET","path":"/api/v1/auth/session","status":200,"duration_ms":1}
{"request_id":"rcc-a4ba15feebdf1e5230218a647b338a50","method":"GET","path":"/api/v1/account-roles","status":200,"duration_ms":2}
{"request_id":"rcc-696de045b56ea2f038ab968ad1cd62bb","method":"GET","path":"/api/v1/auth/session","status":200,"duration_ms":1}
{"request_id":"rcc-4553358040c8cc865a0877556091ecd6","method":"PUT","path":"/api/v1/account-roles/:id","status":200,"duration_ms":19}
{"request_id":"rcc-dc2965714e3c4f6f9b29e2a6324bcf2f","method":"GET","path":"/api/v1/auth/csrf","status":200,"duration_ms":8}
{"request_id":"rcc-291edf9b69c79a40a1818109b53e833e","method":"POST","path":"/api/v1/auth/register","status":201,"duration_ms":46}
{"request_id":"rcc-7160251fb635f2bddd6e6c7c71c5fba3","method":"GET","path":"/api/v1/auth/session","status":200,"duration_ms":1}
{"request_id":"rcc-7fc44cb875a180754b4cdb0875683057","method":"GET","path":"/api/v1/account-roles","status":200,"duration_ms":2}
{"request_id":"rcc-ece0f4364bbd4ab38b4dec8e53017681","method":"GET","path":"/api/v1/auth/session","status":200,"duration_ms":1}
{"request_id":"rcc-af87c0b585620d86431e95d4d44a6557","method":"PUT","path":"/api/v1/account-roles/:id","status":200,"duration_ms":19}
{"request_id":"rcc-41d79430a56a3626a08a0bfaed023476","method":"GET","path":"/api/v1/auth/session","status":200,"duration_ms":1}
{"request_id":"rcc-0490f2629a0fcf99065dcda1e4aadf06","method":"GET","path":"/api/v1/auth/session","status":200,"duration_ms":1}
{"request_id":"rcc-21934e7dfd9b83356cd50931c31954de","method":"POST","path":"/api/v1/approval-roles","status":201,"duration_ms":14}
{"request_id":"rcc-aa6c592620a5b0ead8716747c6f45a5b","method":"GET","path":"/api/v1/auth/session","status":200,"duration_ms":1}
{"request_id":"rcc-51cfabac871937563887a6342c4b766d","method":"GET","path":"/api/v1/table-policies/:table_name/approval-roles","status":200,"duration_ms":3}
{"request_id":"rcc-6b1e61bf45dc2d247240575a1a81251a","method":"GET","path":"/api/v1/auth/session","status":200,"duration_ms":0}
{"request_id":"rcc-b47abb467e2ecc0c71588448d65976cf","method":"PUT","path":"/api/v1/table-policies/:table_name/approval-roles","status":200,"duration_ms":21}
{"request_id":"rcc-fa08652dd896c2d6f7a8833312cc679e","method":"GET","path":"/api/v1/auth/csrf","status":200,"duration_ms":5}
{"request_id":"rcc-e645061de2c564022fbd9ed4bfc1411e","method":"POST","path":"/api/v1/auth/register","status":201,"duration_ms":41}
{"request_id":"rcc-8e25b7b9927f288149462facfb4bd288","method":"GET","path":"/api/v1/auth/session","status":200,"duration_ms":1}
{"request_id":"rcc-7d0fd86c3e3292c628ac82d1185c3463","method":"GET","path":"/api/v1/account-roles","status":200,"duration_ms":1}
{"request_id":"rcc-faad4eee8aeef850192bde332bb07d4e","method":"GET","path":"/api/v1/auth/session","status":200,"duration_ms":1}
{"request_id":"rcc-0d87af9f0e73c59866f22f4b7bffd842","method":"PUT","path":"/api/v1/account-roles/:id","status":200,"duration_ms":12}
{"request_id":"rcc-602a326a29b92ece0eff4985494f0d92","method":"GET","path":"/api/v1/auth/session","status":200,"duration_ms":1}
{"request_id":"rcc-36cf2d4a23b48490dd0200ce927d52af","method":"POST","path":"/api/v1/release-orders","status":201,"duration_ms":31}
{"request_id":"rcc-e8be896ece757fef5861e8db49a7255c","method":"GET","path":"/api/v1/auth/session","status":200,"duration_ms":0}
{"request_id":"rcc-078fab34f57a8b02fe99592200b5a5aa","method":"POST","path":"/api/v1/release-orders/:id/submit","status":200,"duration_ms":69}
{"request_id":"rcc-6d8f76c99c6939a4f482bd0d7b0b9217","method":"GET","path":"/api/v1/auth/session","status":200,"duration_ms":2}
{"request_id":"rcc-cc790d1e191a9a45d740fac652ca5c3f","method":"GET","path":"/api/v1/release-orders/:id","status":200,"duration_ms":8}
{"request_id":"rcc-67fe98e87bcab50247be7ddecba3bb69","method":"GET","path":"/api/v1/auth/session","status":200,"duration_ms":1}
{"request_id":"rcc-7ab3993cd2c30874aca8ba4d1b12f1e5","method":"POST","path":"/api/v1/release-orders/:id/approve","status":200,"duration_ms":28}
{"request_id":"rcc-2a6624f70acc3e33ba51ac012e95d5f7","method":"GET","path":"/api/v1/auth/session","status":200,"duration_ms":1}
{"request_id":"rcc-a462f770a3f676fee50df5d057a84df5","method":"GET","path":"/api/v1/approval-notifications","status":200,"duration_ms":4}
{"request_id":"rcc-87848318a17e9977e0604f3d67f3f7b5","method":"GET","path":"/api/v1/release-orders","status":200,"duration_ms":11}
{"request_id":"rcc-fb8d96c2346dd9a8c9aea2a545f30bdc","method":"GET","path":"/api/v1/approval-notifications","status":200,"duration_ms":3}
{"request_id":"rcc-e7cdee9bd586e39dfdbc0338e81e145f","method":"GET","path":"/api/v1/release-orders/:id","status":200,"duration_ms":11}
{"request_id":"rcc-01da372b2128fef3e2732898fdbb1a10","method":"POST","path":"/api/v1/auth/activity","status":200,"duration_ms":10}
{"request_id":"rcc-272b633f9acdcceffd8a1ce484c9ca5d","method":"GET","path":"/api/v1/table-field-policies/:table_name","status":200,"duration_ms":6}
{"request_id":"rcc-33b4c6cd5268609560a726f10b4bddfa","method":"GET","path":"/api/v1/release-orders/:id/details","status":200,"duration_ms":7}
{"request_id":"rcc-22c8e450452318cbb6a5882cbcddd836","method":"GET","path":"/api/v1/release-orders/:id/people","status":200,"duration_ms":12}
{"request_id":"rcc-fe53c459e7bf9ad44e25a63170f59a91","method":"GET","path":"/api/v1/release-orders/:id/details","status":200,"duration_ms":9}
{"request_id":"rcc-a15e1cd30de84d25abfd3ca3318ced1d","method":"POST","path":"/api/v1/release-orders/:id/execute","status":200,"duration_ms":102}
{"request_id":"rcc-af08dfffe5c796dc3ff99d44ea0b15ba","method":"GET","path":"/api/v1/approval-notifications","status":200,"duration_ms":2}
{"request_id":"rcc-2dbb655cb9c7396f4da4b7402639f98d","method":"GET","path":"/api/v1/release-orders/:id","status":200,"duration_ms":8}
{"request_id":"rcc-f5236f930aa3b5aa1684f7d11036c3ca","method":"GET","path":"/api/v1/release-orders/:id/details","status":200,"duration_ms":7}
{"request_id":"rcc-6e99d103055d4215d4a5ebd5506d6cba","method":"GET","path":"/api/v1/auth/session","status":200,"duration_ms":1}
{"request_id":"rcc-fe8f2fa5897d0741a0bfce0a83c99681","method":"GET","path":"/api/v1/release-orders/:id","status":200,"duration_ms":9}
{"request_id":"rcc-fcbfcd78ac7f4fdc21a8ab2ad7aa5aed","method":"GET","path":"/api/v1/auth/session","status":200,"duration_ms":1}
{"request_id":"rcc-452ac7489181cc6e5a07c94e2b545285","method":"GET","path":"/api/v1/release-orders/:id/details","status":200,"duration_ms":5}
{"request_id":"rcc-0e89e9ee1088aefe2e2d4de674f483aa","method":"GET","path":"/api/v1/auth/session","status":200,"duration_ms":1}
{"request_id":"rcc-f6a35ad83070f257fd3cd637fc14b7f7","method":"GET","path":"/api/v1/release-orders/:id","status":200,"duration_ms":7}
{"request_id":"rcc-7b834694b1b2c3b6d3b7a5524efe4ff5","method":"GET","path":"/api/v1/auth/session","status":200,"duration_ms":1}
{"request_id":"rcc-4bea7cf7d668eeacd6b48ef4dc45c9b8","method":"GET","path":"/api/v1/release-orders/:id/details","status":200,"duration_ms":4}
{"request_id":"rcc-23428dd4c9cd877a5c2eb80b20bf058c","method":"GET","path":"/api/v1/auth/session","status":200,"duration_ms":3}
{"request_id":"rcc-bf9ce6d0e03b563d81f21081ac819825","method":"GET","path":"/api/v1/approval-notifications","status":200,"duration_ms":2}
{"request_id":"rcc-6a1ffbb03a6668de9ced7e7d4f37e435","method":"GET","path":"/api/v1/release-orders/:id","status":200,"duration_ms":9}
{"request_id":"rcc-1ad8fba1f8ca5e8a72fc7437b3561b70","method":"GET","path":"/api/v1/release-orders/:id/details","status":200,"duration_ms":6}
{"request_id":"rcc-9f6418ffa4306fbc4b6464006cd46248","method":"GET","path":"/api/v1/table-field-policies/:table_name","status":200,"duration_ms":6}
{"request_id":"rcc-2715b847d20335c1f970f84840907a6f","method":"GET","path":"/api/v1/release-orders/:id/people","status":200,"duration_ms":12}
{"request_id":"rcc-4a1704792174c22ac503be3a19f2eb6d","method":"GET","path":"/api/v1/release-orders/:id/details","status":200,"duration_ms":8}
{"request_id":"rcc-f1b20aade480ccd958ece526c4c06249","method":"POST","path":"/api/v1/release-orders/:id/execute","status":200,"duration_ms":21}
{"request_id":"rcc-51e93228cd5450cb86b0e7cbe5243ec5","method":"GET","path":"/api/v1/approval-notifications","status":200,"duration_ms":4}
{"request_id":"rcc-700103d623fad6cc3e6d47946ad84810","method":"GET","path":"/api/v1/release-orders/:id","status":200,"duration_ms":15}
{"request_id":"rcc-5ec8ec73c3439bf1c3d9790c5a10838f","method":"GET","path":"/api/v1/release-orders/:id/people","status":200,"duration_ms":16}
{"request_id":"rcc-751f788c28aec2671ad6f261a7965a78","method":"GET","path":"/api/v1/auth/session","status":200,"duration_ms":2}
{"request_id":"rcc-38d2e0d1d0c533598c2f87935b499cf8","method":"GET","path":"/api/v1/release-orders/:id","status":200,"duration_ms":9}
{"request_id":"rcc-52020f2a34af0138271a9666cdedd328","method":"GET","path":"/api/v1/auth/session","status":200,"duration_ms":1}
{"request_id":"rcc-130a807df7cf09d34c167aa9ba2b052a","method":"GET","path":"/api/v1/release-orders/:id/details","status":200,"duration_ms":5}
{"request_id":"rcc-7da96d1f1a6c204105694730da7ae415","method":"GET","path":"/api/v1/auth/session","status":200,"duration_ms":1}
{"request_id":"rcc-1456e08b15e784b0b87bf7dead1c7315","method":"POST","path":"/api/v1/release-orders","status":201,"duration_ms":39}
{"request_id":"rcc-a671d15918ec43fcdb435ce620a6a2d2","method":"GET","path":"/api/v1/auth/session","status":200,"duration_ms":1}
{"request_id":"rcc-a72a053fe949056793ae96fcee9fd72c","method":"POST","path":"/api/v1/release-orders/:id/submit","status":200,"duration_ms":64}
{"request_id":"rcc-9e0783c4254baa0ed9b3a384b6521f5b","method":"GET","path":"/api/v1/auth/session","status":200,"duration_ms":0}
{"request_id":"rcc-32a2e3216561191b2e301969ad78aa32","method":"GET","path":"/api/v1/release-orders/:id","status":200,"duration_ms":6}
{"request_id":"rcc-45e5c49809a1cc77793d029fd4dacf4d","method":"GET","path":"/api/v1/auth/session","status":200,"duration_ms":0}
{"request_id":"rcc-b0634efc4833257fa84f09ea0935438f","method":"POST","path":"/api/v1/release-orders/:id/approve","status":200,"duration_ms":27}
{"request_id":"rcc-54b4d91a53929c790fbfa0e41a74d505","method":"GET","path":"/api/v1/auth/session","status":200,"duration_ms":1}
{"request_id":"rcc-8144fcd75b43be56cd2f0be789ae3872","method":"GET","path":"/api/v1/approval-notifications","status":200,"duration_ms":3}
{"request_id":"rcc-f0c7748fe580be4d46af0070d6e6f95e","method":"GET","path":"/api/v1/release-orders","status":200,"duration_ms":16}
{"request_id":"rcc-9610d8642104726263dd6634718d05cf","method":"GET","path":"/api/v1/approval-notifications","status":200,"duration_ms":3}
{"request_id":"rcc-55052d5fe0fe88081c1452506b40264c","method":"GET","path":"/api/v1/release-orders/:id","status":200,"duration_ms":11}
{"request_id":"rcc-60a47c8b85a4e48b8c6e7f0f27f9ed07","method":"GET","path":"/api/v1/table-field-policies/:table_name","status":200,"duration_ms":6}
{"request_id":"rcc-4a53b2538c8abcfc8e965fc950d65f89","method":"GET","path":"/api/v1/release-orders/:id/details","status":200,"duration_ms":13}
{"request_id":"rcc-7f901b8e03cc440a6c1c775f3fe8b72b","method":"GET","path":"/api/v1/release-orders/:id/people","status":200,"duration_ms":16}
{"request_id":"rcc-9bdb1423ac8f6d29ba6bfbdef9b300e6","method":"GET","path":"/api/v1/release-orders/:id/details","status":200,"duration_ms":10}
{"request_id":"rcc-eba78e36d4903ff9d48a1c962454f659","method":"POST","path":"/api/v1/release-orders/:id/execute","status":200,"duration_ms":89}
{"request_id":"rcc-b12e9384df883c78248e4018a3b0cd5d","method":"GET","path":"/api/v1/approval-notifications","status":200,"duration_ms":2}
{"request_id":"rcc-ce496c5b50f30c122983f11f19a80135","method":"GET","path":"/api/v1/release-orders/:id","status":200,"duration_ms":9}
{"request_id":"rcc-7d35b7680be491cb6b4157a7bbce11f3","method":"GET","path":"/api/v1/release-orders/:id/details","status":200,"duration_ms":6}
{"request_id":"rcc-b4a45b16a55d5905665adaca9a6f1586","method":"GET","path":"/api/v1/auth/session","status":200,"duration_ms":1}
{"request_id":"rcc-35c3811f7de7ae2ffa4b2814a76291d9","method":"GET","path":"/api/v1/release-orders/:id","status":200,"duration_ms":9}
{"request_id":"rcc-b46a9cf2d3df82294ecda72ee2b7826b","method":"GET","path":"/api/v1/auth/session","status":200,"duration_ms":1}
{"request_id":"rcc-5049a9ad3289e06877205aafbb10c0a5","method":"GET","path":"/api/v1/release-orders/:id/details","status":200,"duration_ms":6}
{"request_id":"rcc-6c460959d03a7f8ff15c9ce3b7cc2d51","method":"GET","path":"/api/v1/auth/session","status":200,"duration_ms":1}
{"request_id":"rcc-c1ae6d9dc13b7fc8d7ecb200544777d9","method":"GET","path":"/api/v1/release-orders/:id","status":200,"duration_ms":10}
{"request_id":"rcc-7e12c0dd958b4143be94209111e159c6","method":"GET","path":"/api/v1/auth/session","status":200,"duration_ms":1}
{"request_id":"rcc-2d71a653fd8df3eedd1763e5b44c502f","method":"GET","path":"/api/v1/release-orders/:id/details","status":200,"duration_ms":5}
{"request_id":"rcc-4e194584b2007490a26e99f5b6a89699","method":"POST","path":"/api/v1/release-orders/:id/execute","status":200,"duration_ms":20}
{"request_id":"rcc-90abd8d1064c691a2f1a108ef29bf2cc","method":"GET","path":"/api/v1/approval-notifications","status":200,"duration_ms":3}
{"request_id":"rcc-919b1f9ad79ef2f5984c769b2918113b","method":"GET","path":"/api/v1/release-orders/:id","status":200,"duration_ms":12}
{"request_id":"rcc-eb2febb59916307b9cd8a13cf4b3802d","method":"GET","path":"/api/v1/release-orders/:id/people","status":200,"duration_ms":13}
{"request_id":"rcc-f30af6aeacac64bddfa582014d4796d5","method":"GET","path":"/api/v1/auth/session","status":200,"duration_ms":1}
{"request_id":"rcc-b65d97cc621f8c98f5cfad555cdb1dff","method":"GET","path":"/api/v1/release-orders/:id","status":200,"duration_ms":10}
{"request_id":"rcc-151a82d3ef39b5068c625d8846cea56e","method":"GET","path":"/api/v1/auth/session","status":200,"duration_ms":1}
{"request_id":"rcc-959fe04f694ae079536a7ac70d3cc004","method":"GET","path":"/api/v1/release-orders/:id/details","status":200,"duration_ms":4}
{"request_id":"rcc-a8e877c40143d0b41f31dfec74444161","method":"GET","path":"/api/v1/auth/session","status":200,"duration_ms":1}
{"request_id":"rcc-eeca491534cda6a80152d6b30ef9c8b1","method":"POST","path":"/api/v1/release-orders","status":201,"duration_ms":31}
{"request_id":"rcc-a45da910a0c7ab003b5643c2142e5558","method":"GET","path":"/api/v1/auth/session","status":200,"duration_ms":0}
{"request_id":"rcc-a33391e7df8e62483f089546df797a33","method":"POST","path":"/api/v1/release-orders/:id/submit","status":200,"duration_ms":62}
{"request_id":"rcc-83bceab53fa2eec044834e32e85d2256","method":"GET","path":"/api/v1/auth/session","status":200,"duration_ms":0}
{"request_id":"rcc-98ec0d3b0400fdb7184801e090127dca","method":"GET","path":"/api/v1/release-orders/:id","status":200,"duration_ms":7}
{"request_id":"rcc-bb9eb6f2c4a5010f91fa81a4566532f2","method":"GET","path":"/api/v1/auth/session","status":200,"duration_ms":1}
{"request_id":"rcc-302f58fc58cf5a7d642a28782f6e14e4","method":"POST","path":"/api/v1/release-orders/:id/approve","status":200,"duration_ms":23}
{"request_id":"rcc-c0b94544cd6f5d20ea72837320d75dac","method":"GET","path":"/api/v1/auth/session","status":200,"duration_ms":2}
{"request_id":"rcc-c8b466d9c0108492aad536b2ae84aaff","method":"GET","path":"/api/v1/approval-notifications","status":200,"duration_ms":3}
{"request_id":"rcc-ceeb275be9c18cba0dcd5f45770a3c6b","method":"GET","path":"/api/v1/release-orders","status":200,"duration_ms":22}
{"request_id":"rcc-ff64c5d2e002f6b9ad5c3e0577440dac","method":"GET","path":"/api/v1/approval-notifications","status":200,"duration_ms":3}
{"request_id":"rcc-e44c6f5bcda3953b3fe51e3f79c93aef","method":"GET","path":"/api/v1/release-orders/:id","status":200,"duration_ms":9}
{"request_id":"rcc-a72078d83962f3e6ed6a8ceef28449ce","method":"GET","path":"/api/v1/table-field-policies/:table_name","status":200,"duration_ms":9}
{"request_id":"rcc-8c5738e3cce474ac6289a290a726bb73","method":"GET","path":"/api/v1/release-orders/:id/details","status":200,"duration_ms":10}
{"request_id":"rcc-fc5f28456db033bd2fcf63f731db06ea","method":"GET","path":"/api/v1/release-orders/:id/people","status":200,"duration_ms":18}
{"request_id":"rcc-b3f6125a5874db75ff5d468719c52b06","method":"GET","path":"/api/v1/release-orders/:id/details","status":200,"duration_ms":9}
{"request_id":"rcc-f01ea1c78cebf6fe7870fbe655de0bf5","method":"POST","path":"/api/v1/release-orders/:id/execute","status":200,"duration_ms":95}
{"request_id":"rcc-2b8da33bc193b13ab9b0de98862c940c","method":"GET","path":"/api/v1/approval-notifications","status":200,"duration_ms":2}
{"request_id":"rcc-2a8bbe17447a68e7f56708f1eb4d0fa2","method":"GET","path":"/api/v1/release-orders/:id","status":200,"duration_ms":12}
{"request_id":"rcc-04210445a51a2e3ed342087423101dc5","method":"GET","path":"/api/v1/release-orders/:id/details","status":200,"duration_ms":6}
{"request_id":"rcc-975d9f27e9455a0072ff8ea5f80bc587","method":"GET","path":"/api/v1/auth/session","status":200,"duration_ms":1}
{"request_id":"rcc-3ea243126937ff28c7569449972b4f51","method":"GET","path":"/api/v1/release-orders/:id","status":200,"duration_ms":11}
{"request_id":"rcc-23f572f3b81742af2aa21bde622a16f6","method":"GET","path":"/api/v1/auth/session","status":200,"duration_ms":1}
{"request_id":"rcc-2be6a360a42620369288713cb64219c0","method":"GET","path":"/api/v1/release-orders/:id/details","status":200,"duration_ms":6}
{"request_id":"rcc-568ef0cbfad2df849357de8a0f0f3a83","method":"GET","path":"/api/v1/auth/session","status":200,"duration_ms":1}
{"request_id":"rcc-d6884c892d049368530710cbe94ba702","method":"GET","path":"/api/v1/release-orders/:id","status":200,"duration_ms":9}
{"request_id":"rcc-bf01af4ac5e6e13c36979bddfdcf6c74","method":"GET","path":"/api/v1/auth/session","status":200,"duration_ms":1}
{"request_id":"rcc-1f4593b5cd9effadd1e70c7f165d25e6","method":"GET","path":"/api/v1/release-orders/:id/details","status":200,"duration_ms":4}
{"request_id":"rcc-aa94bb468799d6c1af7179bd77bad7cb","method":"POST","path":"/api/v1/release-orders/:id/execute","status":200,"duration_ms":22}
{"request_id":"rcc-39e8b2048e800f8eb17c1cacb5e52633","method":"GET","path":"/api/v1/approval-notifications","status":200,"duration_ms":3}
{"request_id":"rcc-69be9bdb9b5fddc494069d536afbb147","method":"GET","path":"/api/v1/release-orders/:id","status":200,"duration_ms":11}
{"request_id":"rcc-6fb991eda4567d9bb06b1ba4e9210605","method":"GET","path":"/api/v1/release-orders/:id/people","status":200,"duration_ms":13}
{"request_id":"rcc-1004a78444aa951a47052a9d11fbcb1c","method":"GET","path":"/api/v1/auth/session","status":200,"duration_ms":1}
{"request_id":"rcc-68d502d776f459a2d54e9f08b0257cfe","method":"GET","path":"/api/v1/release-orders/:id","status":200,"duration_ms":9}
{"request_id":"rcc-1b50b4939eb1f92c639ce2737f8deed0","method":"GET","path":"/api/v1/auth/session","status":200,"duration_ms":1}
{"request_id":"rcc-1ceebd75942a810702002662063660a1","method":"GET","path":"/api/v1/release-orders/:id/details","status":200,"duration_ms":5}
{"request_id":"rcc-47ee4e4627f32dbefe2cc18519dad39f","method":"GET","path":"/api/v1/auth/session","status":200,"duration_ms":1}
{"request_id":"rcc-2ee4e5e763ffc7c371bcc39768e5a7d8","method":"POST","path":"/api/v1/release-orders","status":201,"duration_ms":36}
{"request_id":"rcc-cfd7ad393ab1332470fdea2aace2674f","method":"GET","path":"/api/v1/auth/session","status":200,"duration_ms":0}
{"request_id":"rcc-73cba765f772ca11d34f42aaa6fe6132","method":"POST","path":"/api/v1/release-orders/:id/submit","status":200,"duration_ms":87}
{"request_id":"rcc-55d8536e9916d4b0e0de28156f654832","method":"GET","path":"/api/v1/auth/session","status":200,"duration_ms":1}
{"request_id":"rcc-14499a7a57a9eb43f83a3b5ab20442e2","method":"GET","path":"/api/v1/release-orders/:id","status":200,"duration_ms":8}
{"request_id":"rcc-3c93859b37963b741e8623e19a7f3166","method":"GET","path":"/api/v1/auth/session","status":200,"duration_ms":1}
{"request_id":"rcc-40780cb51de782b5e8fee92b0cd2a1a1","method":"POST","path":"/api/v1/release-orders/:id/approve","status":200,"duration_ms":61}
{"request_id":"rcc-cfb2f2a5b8d636eea64f12f7a34db2b9","method":"GET","path":"/api/v1/auth/session","status":200,"duration_ms":1}
{"request_id":"rcc-b69182ed86824c1a34f7e92061f10f30","method":"GET","path":"/api/v1/approval-notifications","status":200,"duration_ms":3}
{"request_id":"rcc-b8b87379206f2cd4eba1944bd3c35534","method":"GET","path":"/api/v1/release-orders","status":200,"duration_ms":26}
{"request_id":"rcc-90384844fad613ebb406a68f92d00859","method":"GET","path":"/api/v1/approval-notifications","status":200,"duration_ms":2}
{"request_id":"rcc-8772a3b47fbf9b72a6d97eb519905786","method":"GET","path":"/api/v1/release-orders/:id","status":200,"duration_ms":13}
{"request_id":"rcc-8c76d0248eb65085270675c6f919d9f8","method":"GET","path":"/api/v1/table-field-policies/:table_name","status":200,"duration_ms":11}
{"request_id":"rcc-f1b34d57c7d0190255687648ecdee042","method":"GET","path":"/api/v1/release-orders/:id/details","status":200,"duration_ms":15}
{"request_id":"rcc-93cfa3f44127e54b70400248592215e4","method":"GET","path":"/api/v1/release-orders/:id/people","status":200,"duration_ms":21}
{"request_id":"rcc-fb0f1de832d3ec2767d94ca036979e92","method":"GET","path":"/api/v1/release-orders/:id/details","status":200,"duration_ms":8}
{"request_id":"rcc-f092a10ac5d56259da1b88bf46ee6bbd","method":"POST","path":"/api/v1/release-orders/:id/execute","status":200,"duration_ms":93}
{"request_id":"rcc-e2dfe6c117a58e504eb20b8c40995f0b","method":"GET","path":"/api/v1/approval-notifications","status":200,"duration_ms":2}
{"request_id":"rcc-ea5f371088a4ba09655e3f2e478fbdb7","method":"GET","path":"/api/v1/release-orders/:id","status":200,"duration_ms":10}
{"request_id":"rcc-973275be0c3c229a5a6603ccdf98d1c3","method":"GET","path":"/api/v1/release-orders/:id/details","status":200,"duration_ms":6}
{"request_id":"rcc-37276b61ae8c8155cbc65f3f677c1834","method":"GET","path":"/api/v1/auth/session","status":200,"duration_ms":1}
{"request_id":"rcc-d6ce224ea293f09784035afacb900a5c","method":"GET","path":"/api/v1/release-orders/:id","status":200,"duration_ms":10}
{"request_id":"rcc-00fe82af880111a4c1513b2e08c3dbcf","method":"GET","path":"/api/v1/auth/session","status":200,"duration_ms":1}
{"request_id":"rcc-b36996b6392d89deeebd2daa8a090ddc","method":"GET","path":"/api/v1/release-orders/:id/details","status":200,"duration_ms":6}
{"request_id":"rcc-d6f277932460d642ca75f40bb1f2f877","method":"GET","path":"/api/v1/auth/session","status":200,"duration_ms":1}
{"request_id":"rcc-a998a0ad99bc9ceb2c14bc51470e9c63","method":"GET","path":"/api/v1/release-orders/:id","status":200,"duration_ms":9}
{"request_id":"rcc-8ddf0f69884bd813aaf2fc1cb97c4e14","method":"GET","path":"/api/v1/auth/session","status":200,"duration_ms":1}
{"request_id":"rcc-61b712b1a860ceab636833298b77cab6","method":"GET","path":"/api/v1/release-orders/:id/details","status":200,"duration_ms":5}
{"request_id":"rcc-5d22f9c4148c583b5f56547391420e45","method":"POST","path":"/api/v1/release-orders/:id/execute","status":200,"duration_ms":23}
{"request_id":"rcc-59d4af153e86cf520752f52c8c5d84cb","method":"GET","path":"/api/v1/approval-notifications","status":200,"duration_ms":3}
{"request_id":"rcc-c5478388a4725961d76132ab46cc370a","method":"GET","path":"/api/v1/release-orders/:id","status":200,"duration_ms":12}
{"request_id":"rcc-2d1617c47b7af3d361f1dd67076c3fa4","method":"GET","path":"/api/v1/release-orders/:id/people","status":200,"duration_ms":13}
{"request_id":"rcc-391b18e8988c3b277315c394a9db7a66","method":"GET","path":"/api/v1/auth/session","status":200,"duration_ms":1}
{"request_id":"rcc-9074ef68c00db59d0a24d875493f0e50","method":"GET","path":"/api/v1/release-orders/:id","status":200,"duration_ms":9}
{"request_id":"rcc-6c54c3e3d0939d161e463a60eafefd0a","method":"GET","path":"/api/v1/auth/session","status":200,"duration_ms":1}
{"request_id":"rcc-c36f0ea61702e8be62495c7530a726a0","method":"GET","path":"/api/v1/release-orders/:id/details","status":200,"duration_ms":5}
{"request_id":"rcc-c730c2b7837604d864d4bcef1455537e","method":"GET","path":"/api/v1/auth/session","status":200,"duration_ms":1}
{"request_id":"rcc-b94724c8579574ab1e1309e53feb99fd","method":"POST","path":"/api/v1/release-orders","status":201,"duration_ms":35}
{"request_id":"rcc-6875c1ebb67e75e7acb48a88f3f3f0f4","method":"GET","path":"/api/v1/auth/session","status":200,"duration_ms":1}
{"request_id":"rcc-d3a738828526ec1fd76078bace2e89d8","method":"POST","path":"/api/v1/release-orders/:id/submit","status":200,"duration_ms":69}
{"request_id":"rcc-43be5479dd27b414272f1732ec88e26e","method":"GET","path":"/api/v1/auth/session","status":200,"duration_ms":0}
{"request_id":"rcc-361175bb42b25fcdcc51758273889054","method":"GET","path":"/api/v1/release-orders/:id","status":200,"duration_ms":8}
{"request_id":"rcc-8eac3b63518ad50e0117723a4c296158","method":"GET","path":"/api/v1/auth/session","status":200,"duration_ms":1}
{"request_id":"rcc-9716148399bda7879a284f237571e9a7","method":"POST","path":"/api/v1/release-orders/:id/approve","status":200,"duration_ms":27}
{"request_id":"rcc-11fc3125ac3defd9b2261c1abcac96f5","method":"GET","path":"/api/v1/auth/session","status":200,"duration_ms":3}
{"request_id":"rcc-5a9a9cac834063f106449feb47c75eda","method":"GET","path":"/api/v1/approval-notifications","status":200,"duration_ms":2}
{"request_id":"rcc-eddc133300b1045895371a2d867a6d2b","method":"GET","path":"/api/v1/release-orders","status":200,"duration_ms":30}
{"request_id":"rcc-9a4511671b957ce05d2aaf66d417f84c","method":"GET","path":"/api/v1/approval-notifications","status":200,"duration_ms":3}
{"request_id":"rcc-eeb6527077c4f3154765df67f17ed07b","method":"GET","path":"/api/v1/release-orders/:id","status":200,"duration_ms":10}
{"request_id":"rcc-570db855ff6bb308dbc3f5b00d100ee6","method":"GET","path":"/api/v1/table-field-policies/:table_name","status":200,"duration_ms":6}
{"request_id":"rcc-1706f73f52ce0d0daa496c6da558a3f8","method":"GET","path":"/api/v1/release-orders/:id/details","status":200,"duration_ms":7}
{"request_id":"rcc-9db74bff549b9f0b6bce5df770fdb71e","method":"GET","path":"/api/v1/release-orders/:id/people","status":200,"duration_ms":13}
{"request_id":"rcc-6601d054e41063a9398abc58fed18dc2","method":"GET","path":"/api/v1/release-orders/:id/details","status":200,"duration_ms":9}
{"request_id":"rcc-451b2980fe9223bae6d742b637f51734","method":"POST","path":"/api/v1/release-orders/:id/execute","status":200,"duration_ms":98}
{"request_id":"rcc-b94f9c423ee1cc3e0e0e5606fb747344","method":"GET","path":"/api/v1/approval-notifications","status":200,"duration_ms":3}
{"request_id":"rcc-a4f23096f595c18ab3a53a6f50bf5219","method":"GET","path":"/api/v1/release-orders/:id","status":200,"duration_ms":13}
{"request_id":"rcc-571be30b4db9e6e73504f505f1fa4bf5","method":"GET","path":"/api/v1/release-orders/:id/details","status":200,"duration_ms":7}
{"request_id":"rcc-a3eb64a17c88edda48deeafdf9e4c3ec","method":"GET","path":"/api/v1/auth/session","status":200,"duration_ms":1}
{"request_id":"rcc-d547382eff821689a21cc63b5576cca5","method":"GET","path":"/api/v1/release-orders/:id","status":200,"duration_ms":10}
{"request_id":"rcc-2d9b67fa823f5b7c021c8d4b1208b93b","method":"GET","path":"/api/v1/auth/session","status":200,"duration_ms":1}
{"request_id":"rcc-ec5f0305f062fc60d95afcce7d8ccde1","method":"GET","path":"/api/v1/release-orders/:id/details","status":200,"duration_ms":6}
{"request_id":"rcc-fe298f3add84b9cc0cdc94bafb5c1384","method":"GET","path":"/api/v1/auth/session","status":200,"duration_ms":1}
{"request_id":"rcc-d8dbfa4c83c6d360e50af87162dfd08b","method":"GET","path":"/api/v1/release-orders/:id","status":200,"duration_ms":9}
{"request_id":"rcc-cca81db49d8ba406851c14e22a111a73","method":"GET","path":"/api/v1/auth/session","status":200,"duration_ms":1}
{"request_id":"rcc-6d4bf4d59bffe967db4f381ea86f6d58","method":"GET","path":"/api/v1/release-orders/:id/details","status":200,"duration_ms":5}
{"request_id":"rcc-2b72bfab1ad089f456667aa7e43b64f5","method":"POST","path":"/api/v1/release-orders/:id/execute","status":200,"duration_ms":23}
{"request_id":"rcc-899732e6a5b232ea567a48f7348482d7","method":"GET","path":"/api/v1/approval-notifications","status":200,"duration_ms":3}
{"request_id":"rcc-dffab71cb5dc91a84611eda9ae783caf","method":"GET","path":"/api/v1/release-orders/:id","status":200,"duration_ms":13}
{"request_id":"rcc-b2a77e0d6ed72e510ddfd98f9144e0aa","method":"GET","path":"/api/v1/release-orders/:id/people","status":200,"duration_ms":14}
{"request_id":"rcc-d8814dcf2d7f01609b9cc8f625eaafa4","method":"GET","path":"/api/v1/auth/session","status":200,"duration_ms":1}
{"request_id":"rcc-cd30f402d8e8060d2f775eae507b4fef","method":"GET","path":"/api/v1/release-orders/:id","status":200,"duration_ms":10}
{"request_id":"rcc-74a55710f0ddd1ae76be49d3945d45a4","method":"GET","path":"/api/v1/auth/session","status":200,"duration_ms":1}
{"request_id":"rcc-55124c548acdbc2c79bd4931bec42c21","method":"GET","path":"/api/v1/release-orders/:id/details","status":200,"duration_ms":5}
{"request_id":"rcc-3afbf222dfff1748296da77bfc1661de","method":"GET","path":"/api/v1/auth/session","status":200,"duration_ms":1}
{"request_id":"rcc-33fbbe8afa90d4c955fb8c81cb4e493b","method":"POST","path":"/api/v1/release-orders","status":201,"duration_ms":33}
{"request_id":"rcc-11990b181e934d761cb0703d08879b3a","method":"GET","path":"/api/v1/auth/session","status":200,"duration_ms":0}
{"request_id":"rcc-b5616387a654cf32bc1f90fd933ef5f5","method":"POST","path":"/api/v1/release-orders/:id/submit","status":200,"duration_ms":65}
{"request_id":"rcc-8782f30bdfe7ecf5ade80bb7500171e2","method":"GET","path":"/api/v1/auth/session","status":200,"duration_ms":0}
{"request_id":"rcc-08639c17b2d326da241f7c8006975090","method":"GET","path":"/api/v1/release-orders/:id","status":200,"duration_ms":6}
{"request_id":"rcc-d9e93464c47528b3df601726e9921c17","method":"GET","path":"/api/v1/auth/session","status":200,"duration_ms":1}
{"request_id":"rcc-bc7708db3a758befd1d113164a919b4b","method":"POST","path":"/api/v1/release-orders/:id/approve","status":200,"duration_ms":27}
{"request_id":"rcc-27c694a4bc2847a9d961c874a17ffd8b","method":"GET","path":"/api/v1/auth/session","status":200,"duration_ms":1}
{"request_id":"rcc-3252722a97ca794265d085c7d73720aa","method":"GET","path":"/api/v1/approval-notifications","status":200,"duration_ms":3}
{"request_id":"rcc-48fad172b3d7e357eae70a5b030d2e3d","method":"GET","path":"/api/v1/release-orders","status":200,"duration_ms":36}
{"request_id":"rcc-271270f4e0600328bf1aea8d1d48feb4","method":"GET","path":"/api/v1/approval-notifications","status":200,"duration_ms":2}
{"request_id":"rcc-d971e246ce37f8d426264ce60fb436ff","method":"GET","path":"/api/v1/release-orders/:id","status":200,"duration_ms":10}
{"request_id":"rcc-71804c4a45d72bfc2046c11176fb350c","method":"GET","path":"/api/v1/table-field-policies/:table_name","status":200,"duration_ms":6}
{"request_id":"rcc-3cb985197085bcea09e913a0a9810dd1","method":"GET","path":"/api/v1/release-orders/:id/details","status":200,"duration_ms":8}
{"request_id":"rcc-1faec811235325b1ab39e2f2a56eaebf","method":"GET","path":"/api/v1/release-orders/:id/people","status":200,"duration_ms":15}
{"request_id":"rcc-b7ccdf97302a4a907ee4bd0b4fb3a332","method":"GET","path":"/api/v1/release-orders/:id/details","status":200,"duration_ms":9}
{"request_id":"rcc-57469f0a00d0084fcbcebdf889695e22","method":"POST","path":"/api/v1/release-orders/:id/execute","status":200,"duration_ms":98}
{"request_id":"rcc-be1e4f9f06b76ef05ba013fdbc63e148","method":"GET","path":"/api/v1/approval-notifications","status":200,"duration_ms":2}
{"request_id":"rcc-e6d22b4d958e1dca689eb15f2fdd2256","method":"GET","path":"/api/v1/release-orders/:id","status":200,"duration_ms":12}
{"request_id":"rcc-3bbb579dbc958c80662c0dc1fe7df763","method":"GET","path":"/api/v1/release-orders/:id/details","status":200,"duration_ms":6}
{"request_id":"rcc-5b6335385d477e0986730480e3f6343e","method":"GET","path":"/api/v1/auth/session","status":200,"duration_ms":1}
{"request_id":"rcc-b95b62450e7921191704bb513a4f070b","method":"GET","path":"/api/v1/release-orders/:id","status":200,"duration_ms":9}
{"request_id":"rcc-4996d14600df8904ee17a8785a092ce7","method":"GET","path":"/api/v1/auth/session","status":200,"duration_ms":1}
{"request_id":"rcc-27cef570464d1f486ddd365c8681aa66","method":"GET","path":"/api/v1/release-orders/:id/details","status":200,"duration_ms":5}
{"request_id":"rcc-d4983e1ffd0438e95cb4bf77646d4993","method":"GET","path":"/api/v1/auth/session","status":200,"duration_ms":1}
{"request_id":"rcc-b48b9ac4547e270de840d808481d2e64","method":"GET","path":"/api/v1/release-orders/:id","status":200,"duration_ms":10}
{"request_id":"rcc-84909ddc00e06757de22f141fa574507","method":"GET","path":"/api/v1/auth/session","status":200,"duration_ms":1}
{"request_id":"rcc-3f15a54ffb65d771384c07a7af9f8bfe","method":"GET","path":"/api/v1/release-orders/:id/details","status":200,"duration_ms":5}
{"request_id":"rcc-5269c7a3b5cebc4447d363be459ed0ef","method":"POST","path":"/api/v1/release-orders/:id/execute","status":200,"duration_ms":24}
{"request_id":"rcc-1e3537400e3812d36e712dfe774b25d3","method":"GET","path":"/api/v1/approval-notifications","status":200,"duration_ms":3}
{"request_id":"rcc-d63be0082a3a5d19e2ad0866a237b2d2","method":"GET","path":"/api/v1/release-orders/:id","status":200,"duration_ms":13}
{"request_id":"rcc-c8df6d76a21968c5a815dcb9cda70b47","method":"GET","path":"/api/v1/release-orders/:id/people","status":200,"duration_ms":15}
{"request_id":"rcc-3cd70ce1f3b1c6d150af6b051569ab68","method":"GET","path":"/api/v1/auth/session","status":200,"duration_ms":1}
{"request_id":"rcc-583504d774e09addacb68373dd50c50b","method":"GET","path":"/api/v1/release-orders/:id","status":200,"duration_ms":9}
{"request_id":"rcc-3dbfafd1890407377fd6dc2949da1173","method":"GET","path":"/api/v1/auth/session","status":200,"duration_ms":1}
{"request_id":"rcc-6e9cb1559a455c7a809ca0ad04c13ff2","method":"GET","path":"/api/v1/release-orders/:id/details","status":200,"duration_ms":5}
{"request_id":"rcc-4db71c4e971e8c80118ba9b19455d22e","method":"GET","path":"/api/v1/auth/session","status":200,"duration_ms":1}
{"request_id":"rcc-b6daea1dd04ed25320351a1afa9728fa","method":"POST","path":"/api/v1/release-orders","status":201,"duration_ms":31}
{"request_id":"rcc-9475e9e622d36b5776aa40effcf174d4","method":"GET","path":"/api/v1/auth/session","status":200,"duration_ms":0}
{"request_id":"rcc-04501c7f68a58bf56397e17bf2a58184","method":"POST","path":"/api/v1/release-orders/:id/submit","status":200,"duration_ms":62}
{"request_id":"rcc-7825f0f9fa90945822b09a703327f18d","method":"GET","path":"/api/v1/auth/session","status":200,"duration_ms":0}
{"request_id":"rcc-4556a1d019b86f50558c5e3cc8bb0e8d","method":"GET","path":"/api/v1/release-orders/:id","status":200,"duration_ms":7}
{"request_id":"rcc-a548f247bb34186cf9fd8b660e0a916b","method":"GET","path":"/api/v1/auth/session","status":200,"duration_ms":1}
{"request_id":"rcc-fa4ab2b13b808e1ec253eb63dc126581","method":"POST","path":"/api/v1/release-orders/:id/approve","status":200,"duration_ms":27}
{"request_id":"rcc-f3af1b384d2f2b6661573cee4e7c4f85","method":"GET","path":"/api/v1/auth/session","status":200,"duration_ms":1}
{"request_id":"rcc-4e72ca6b4988f9333e8f944a88eea060","method":"GET","path":"/api/v1/approval-notifications","status":200,"duration_ms":3}
{"request_id":"rcc-dbeed9826793eaaf906f117a70f28768","method":"GET","path":"/api/v1/release-orders","status":200,"duration_ms":42}
{"request_id":"rcc-3f989b07560ae19bacdab3a119312d7d","method":"GET","path":"/api/v1/approval-notifications","status":200,"duration_ms":2}
{"request_id":"rcc-22f8c14e4f12bd37c28dea6cd18c911b","method":"GET","path":"/api/v1/release-orders/:id","status":200,"duration_ms":10}
{"request_id":"rcc-52eb9bf7546019ec54a3d4bf6a0e94fd","method":"GET","path":"/api/v1/table-field-policies/:table_name","status":200,"duration_ms":6}
{"request_id":"rcc-8b38d1fc8c00ec65903aa41c059155ed","method":"GET","path":"/api/v1/release-orders/:id/details","status":200,"duration_ms":7}
{"request_id":"rcc-e4b3739968b8a678486bed8e88c678e1","method":"GET","path":"/api/v1/release-orders/:id/people","status":200,"duration_ms":15}
{"request_id":"rcc-51b142e8cde6d4329f7049ed41c246f5","method":"GET","path":"/api/v1/release-orders/:id/details","status":200,"duration_ms":9}
{"request_id":"rcc-6741179d837b4da029237d826fd1aeff","method":"POST","path":"/api/v1/release-orders/:id/execute","status":200,"duration_ms":92}
{"request_id":"rcc-4f1a285729a6b38bb9ea4f0058be067e","method":"GET","path":"/api/v1/approval-notifications","status":200,"duration_ms":2}
{"request_id":"rcc-5a34a8a4d4b87fccbb34b718acc1cdf3","method":"GET","path":"/api/v1/release-orders/:id","status":200,"duration_ms":11}
{"request_id":"rcc-d909f3018674ad2522dcaee9ebba0dad","method":"GET","path":"/api/v1/release-orders/:id/details","status":200,"duration_ms":5}
{"request_id":"rcc-c44a2346a3589e3604fb2164731c1547","method":"GET","path":"/api/v1/auth/session","status":200,"duration_ms":2}
{"request_id":"rcc-2c16e7225544bdffbc21fbb57d206b81","method":"GET","path":"/api/v1/release-orders/:id","status":200,"duration_ms":15}
{"request_id":"rcc-82ba4834122501120249a3f07a6fb755","method":"GET","path":"/api/v1/auth/session","status":200,"duration_ms":1}
{"request_id":"rcc-8786c57603baa231a44d3dfb9af628b0","method":"GET","path":"/api/v1/release-orders/:id/details","status":200,"duration_ms":7}
{"request_id":"rcc-b97ea1d653ce55a2272236b4c2114ce2","method":"POST","path":"/api/v1/release-orders/:id/execute","status":200,"duration_ms":24}
{"request_id":"rcc-ac8c20e989d66afa7740467acf20bd3d","method":"GET","path":"/api/v1/approval-notifications","status":200,"duration_ms":5}
{"request_id":"rcc-a79e8d4f405766340c481d975656a5cd","method":"GET","path":"/api/v1/release-orders/:id","status":200,"duration_ms":15}
{"request_id":"rcc-f0f6bf97f94717598a1fc54c7e05a0f0","method":"GET","path":"/api/v1/release-orders/:id/people","status":200,"duration_ms":16}
{"request_id":"rcc-662fba005bb1adbba9d9da5d7e6c3b9c","method":"GET","path":"/api/v1/auth/session","status":200,"duration_ms":1}
{"request_id":"rcc-c944f103d59a34ec65672ef6ec04787f","method":"GET","path":"/api/v1/release-orders/:id","status":200,"duration_ms":8}
{"request_id":"rcc-47973fdbfa47f01f8442e92d489c6096","method":"GET","path":"/api/v1/auth/session","status":200,"duration_ms":1}
{"request_id":"rcc-8e2254109bc1a45c6fbddfab5984b1b7","method":"GET","path":"/api/v1/release-orders/:id/details","status":200,"duration_ms":6}
{"request_id":"rcc-d80797cf13200bfa426e86ed0d3f755c","method":"GET","path":"/api/v1/auth/session","status":200,"duration_ms":1}
{"request_id":"rcc-3ba5f2eba9410a4795ab05a52a443006","method":"POST","path":"/api/v1/release-orders","status":201,"duration_ms":44}
{"request_id":"rcc-8dba386e59de5ba70ffbd8e02c9cf5ca","method":"GET","path":"/api/v1/auth/session","status":200,"duration_ms":0}
{"request_id":"rcc-ec50790c2eb0813e8acfbbeafafeb9b5","method":"POST","path":"/api/v1/release-orders/:id/submit","status":200,"duration_ms":77}
{"request_id":"rcc-529aeb75367c643040b3ff6a575a8a12","method":"GET","path":"/api/v1/auth/session","status":200,"duration_ms":1}
{"request_id":"rcc-137ea95be1b01f46da86c4f358dc84a0","method":"GET","path":"/api/v1/release-orders/:id","status":200,"duration_ms":10}
{"request_id":"rcc-dcf078decc8bc711d03ff0856b1cb039","method":"GET","path":"/api/v1/auth/session","status":200,"duration_ms":1}
{"request_id":"rcc-bae0ebf3b9fdb3b103944b1374baed52","method":"POST","path":"/api/v1/release-orders/:id/approve","status":200,"duration_ms":32}
{"request_id":"rcc-7fe2836ae33aa34a98348c8c4d808873","method":"GET","path":"/api/v1/auth/session","status":200,"duration_ms":2}
{"request_id":"rcc-333dfadb39876b923bc06a97d005eca5","method":"GET","path":"/api/v1/approval-notifications","status":200,"duration_ms":3}
{"request_id":"rcc-ecae127e43e2c6231a7a7605ae4798b8","method":"GET","path":"/api/v1/release-orders","status":200,"duration_ms":49}
{"request_id":"rcc-1e063f4d9108553767c1b7d9141929c5","method":"GET","path":"/api/v1/approval-notifications","status":200,"duration_ms":3}
{"request_id":"rcc-757c1d791b265cd96423e001e9b45858","method":"GET","path":"/api/v1/release-orders/:id","status":200,"duration_ms":12}
{"request_id":"rcc-70f0eefad3d6726e06660e61bd66f0df","method":"GET","path":"/api/v1/table-field-policies/:table_name","status":200,"duration_ms":10}
{"request_id":"rcc-19e577f90d3afc0484684160f39be06a","method":"GET","path":"/api/v1/release-orders/:id/details","status":200,"duration_ms":12}
{"request_id":"rcc-744a1c989908f8fe1a73c3a910a69d64","method":"GET","path":"/api/v1/release-orders/:id/people","status":200,"duration_ms":22}
{"request_id":"rcc-0b7621a0e648d8e1d6b72c8593b78286","method":"GET","path":"/api/v1/release-orders/:id/details","status":200,"duration_ms":13}
{"request_id":"rcc-8ac65724ff3ad3a36dcbfec3ed1a4922","method":"POST","path":"/api/v1/release-orders/:id/execute","status":200,"duration_ms":97}
{"request_id":"rcc-cd31647ee50a296315fa75e57d1576db","method":"GET","path":"/api/v1/approval-notifications","status":200,"duration_ms":2}
{"request_id":"rcc-932fc8e7f7345bdf8eeb5ab9b88f57a6","method":"GET","path":"/api/v1/release-orders/:id","status":200,"duration_ms":10}
{"request_id":"rcc-7ec207a0e595197b844a3dcc7717f74b","method":"GET","path":"/api/v1/release-orders/:id/details","status":200,"duration_ms":7}
{"request_id":"rcc-338b2ac974ce9dd8a1684f6fe7aa9417","method":"GET","path":"/api/v1/auth/session","status":200,"duration_ms":1}
{"request_id":"rcc-e85b6f10cd1fa0e1dce16a38f11e5bb3","method":"GET","path":"/api/v1/release-orders/:id","status":200,"duration_ms":10}
{"request_id":"rcc-da7e39f9aba4835b385787847e0f8b28","method":"GET","path":"/api/v1/auth/session","status":200,"duration_ms":1}
{"request_id":"rcc-649aa531e4b29cd3af42452e5a284173","method":"GET","path":"/api/v1/release-orders/:id/details","status":200,"duration_ms":6}
{"request_id":"rcc-a749da46effe65007556b45dcf30120b","method":"POST","path":"/api/v1/release-orders/:id/execute","status":200,"duration_ms":24}
{"request_id":"rcc-59b82544cd5842a2c59c106f2c3b07bc","method":"GET","path":"/api/v1/approval-notifications","status":200,"duration_ms":3}
{"request_id":"rcc-b60550999fdd7af11e227cc84a185106","method":"GET","path":"/api/v1/release-orders/:id","status":200,"duration_ms":14}
{"request_id":"rcc-b39720820a67ee1b81aacfcb7ad1e2de","method":"GET","path":"/api/v1/release-orders/:id/people","status":200,"duration_ms":16}
{"request_id":"rcc-f0b041d126a2cb6fc4eede2696ddbfa3","method":"GET","path":"/api/v1/auth/session","status":200,"duration_ms":1}
{"request_id":"rcc-0cd653a248d136850dfc5ec5dba5c027","method":"GET","path":"/api/v1/release-orders/:id","status":200,"duration_ms":11}
{"request_id":"rcc-715f67841cd3a3ea39681ec49ff93560","method":"GET","path":"/api/v1/auth/session","status":200,"duration_ms":1}
{"request_id":"rcc-c4bf49e5fdfc7c993c7c6552cf1759ac","method":"GET","path":"/api/v1/release-orders/:id/details","status":200,"duration_ms":6}
{"request_id":"rcc-42891586773190e4c1014939bf3c4e2e","method":"GET","path":"/api/v1/auth/session","status":200,"duration_ms":1}
{"request_id":"rcc-a77c3a195c3d62d3912c4d573834e249","method":"POST","path":"/api/v1/release-orders","status":201,"duration_ms":34}
{"request_id":"rcc-a4487b5bb37121e181d0256cb0622918","method":"GET","path":"/api/v1/auth/session","status":200,"duration_ms":0}
{"request_id":"rcc-a82e12df11a720ce68781454cd09a88a","method":"POST","path":"/api/v1/release-orders/:id/submit","status":200,"duration_ms":65}
{"request_id":"rcc-fd6f8ef6de43b5191dc1678953176aa3","method":"GET","path":"/api/v1/auth/session","status":200,"duration_ms":0}
{"request_id":"rcc-c25f7adae3fb119cfb742cb5f0621705","method":"GET","path":"/api/v1/release-orders/:id","status":200,"duration_ms":7}
{"request_id":"rcc-bfcdde93c4b3328e60d005a7a2163abd","method":"GET","path":"/api/v1/auth/session","status":200,"duration_ms":0}
{"request_id":"rcc-69828a870e33bc4e6f28372180951038","method":"POST","path":"/api/v1/release-orders/:id/approve","status":200,"duration_ms":28}
{"request_id":"rcc-0bdbdeb61796bfad41596d588e24429c","method":"GET","path":"/api/v1/auth/session","status":200,"duration_ms":1}
{"request_id":"rcc-28d3647f25b463a76b33219b8997f813","method":"GET","path":"/api/v1/approval-notifications","status":200,"duration_ms":2}
{"request_id":"rcc-f2925eaa0a586405fe7124fa64f0172d","method":"GET","path":"/api/v1/release-orders","status":200,"duration_ms":49}
{"request_id":"rcc-cfb3eb5db1e8d267c2165ae6ea1d756c","method":"GET","path":"/api/v1/approval-notifications","status":200,"duration_ms":2}
{"request_id":"rcc-c9fad4c8ff5fcf232bf0087c823218f3","method":"GET","path":"/api/v1/release-orders/:id","status":200,"duration_ms":11}
{"request_id":"rcc-6ade0ede3d92dee53cc606ff722a6b73","method":"GET","path":"/api/v1/table-field-policies/:table_name","status":200,"duration_ms":9}
{"request_id":"rcc-f7195a539cedfc2c4356bc1839e6aff2","method":"GET","path":"/api/v1/release-orders/:id/details","status":200,"duration_ms":11}
{"request_id":"rcc-8329f4154ef7f145085c6ce47545fe21","method":"GET","path":"/api/v1/release-orders/:id/people","status":200,"duration_ms":15}
{"request_id":"rcc-a1b594dfbc7a6aae3c0140c971182b36","method":"GET","path":"/api/v1/release-orders/:id/details","status":200,"duration_ms":7}
{"request_id":"rcc-56b941b6d336850aef879f6783e321ca","method":"POST","path":"/api/v1/release-orders/:id/execute","status":200,"duration_ms":103}
{"request_id":"rcc-4b3e6a615e8273d54c76e526ea75d8b0","method":"GET","path":"/api/v1/approval-notifications","status":200,"duration_ms":3}
{"request_id":"rcc-4f75094cdc5c317322cec20e43f89658","method":"GET","path":"/api/v1/release-orders/:id/people","status":200,"duration_ms":12}
{"request_id":"rcc-9b9347eaded524e6707091a90b552cd1","method":"GET","path":"/api/v1/auth/session","status":200,"duration_ms":3}
{"request_id":"rcc-3dd9954f741e2a142ffe51277d551aca","method":"GET","path":"/api/v1/release-orders/:id","status":200,"duration_ms":14}
{"request_id":"rcc-a70af38554cf568a2643fffaa373e330","method":"GET","path":"/api/v1/auth/session","status":200,"duration_ms":1}
{"request_id":"rcc-ab4397ade86e39876bfeaf8d3efbfd47","method":"GET","path":"/api/v1/release-orders/:id/details","status":200,"duration_ms":7}
{"request_id":"rcc-f1a3d5b5c935a1805ebaf17bcbdfa42a","method":"GET","path":"/api/v1/release-orders/:id","status":200,"duration_ms":11}
{"request_id":"rcc-bd05030b85306da9b165294244e8c916","method":"GET","path":"/api/v1/release-orders/:id/details","status":200,"duration_ms":9}
{"request_id":"rcc-725b1d22969c31119395d193988024ae","method":"GET","path":"/api/v1/release-orders/:id/people","status":200,"duration_ms":14}
{"request_id":"rcc-a9664c6c747b34659781ac26462e8c31","method":"GET","path":"/api/v1/auth/session","status":200,"duration_ms":1}
{"request_id":"rcc-19c96c3a43600df0e22fd90aa2debc15","method":"POST","path":"/api/v1/release-orders","status":201,"duration_ms":31}
{"request_id":"rcc-f1feea914e186a1dbaf0e29b67220d1b","method":"GET","path":"/api/v1/auth/session","status":200,"duration_ms":0}
{"request_id":"rcc-373bd269dbbea110503c4b58dbafbc04","method":"POST","path":"/api/v1/release-orders/:id/submit","status":200,"duration_ms":63}
{"request_id":"rcc-22883e2c88f9a5c78d338f042eae9c39","method":"GET","path":"/api/v1/auth/session","status":200,"duration_ms":0}
{"request_id":"rcc-cd2755386fb8b61d2d7ab938f0369116","method":"GET","path":"/api/v1/release-orders/:id","status":200,"duration_ms":8}
{"request_id":"rcc-139834fdd2156144952c430fba8f88e5","method":"GET","path":"/api/v1/auth/session","status":200,"duration_ms":1}
{"request_id":"rcc-d3d9b4b909ba1db0d3e7df2f96d23455","method":"POST","path":"/api/v1/release-orders/:id/approve","status":200,"duration_ms":29}
{"request_id":"rcc-6c7a42e0a0cd47225055fb75dd3b8058","method":"GET","path":"/api/v1/auth/session","status":200,"duration_ms":1}
{"request_id":"rcc-88050c5c67024e10eeaa47da2a14a55b","method":"GET","path":"/api/v1/approval-notifications","status":200,"duration_ms":3}
{"request_id":"rcc-71da6a24579e29fe2a5c719d3536660e","method":"GET","path":"/api/v1/release-orders","status":200,"duration_ms":57}
{"request_id":"rcc-6b484a1f71bbafe68787164039471b15","method":"GET","path":"/api/v1/approval-notifications","status":200,"duration_ms":2}
{"request_id":"rcc-751af8d30bf694d4b246739f67d919e2","method":"GET","path":"/api/v1/release-orders/:id","status":200,"duration_ms":10}
{"request_id":"rcc-061be0a2b5b9c5732f862f84b8aee555","method":"GET","path":"/api/v1/table-field-policies/:table_name","status":200,"duration_ms":6}
{"request_id":"rcc-c59d0fd86907890a1504e09e38b02aa4","method":"GET","path":"/api/v1/release-orders/:id/details","status":200,"duration_ms":8}
{"request_id":"rcc-58c17cb5199ba62fb4d85e4789fcff38","method":"GET","path":"/api/v1/release-orders/:id/people","status":200,"duration_ms":19}
{"request_id":"rcc-d9f469f6fa261815a22fab504e34adc7","method":"GET","path":"/api/v1/release-orders/:id/details","status":200,"duration_ms":9}
{"request_id":"rcc-be41e09726db57555897ef0d3c3f85d4","method":"POST","path":"/api/v1/release-orders/:id/execute","status":200,"duration_ms":100}
{"request_id":"rcc-f58832db08a432a714859fb2e15d9deb","method":"GET","path":"/api/v1/approval-notifications","status":200,"duration_ms":2}
{"request_id":"rcc-69f0512ec7ef0e440901b64478558a48","method":"GET","path":"/api/v1/release-orders/:id","status":200,"duration_ms":13}
{"request_id":"rcc-75c431f02a1b94dd4fcbadd1e611bc5b","method":"GET","path":"/api/v1/release-orders/:id/people","status":200,"duration_ms":14}
{"request_id":"rcc-750db4fff3224e6704d87f2f94e0d4f1","method":"GET","path":"/api/v1/release-orders/:id/details","status":200,"duration_ms":7}
{"request_id":"rcc-5bf5e38a7e806b00271ee25d7f8c14aa","method":"GET","path":"/api/v1/auth/session","status":200,"duration_ms":1}
{"request_id":"rcc-0a2a0dd186c5796d87ce7dc3d54baad7","method":"GET","path":"/api/v1/release-orders/:id","status":200,"duration_ms":10}
{"request_id":"rcc-cb3dad132ffabf7de81590b96246a191","method":"GET","path":"/api/v1/auth/session","status":200,"duration_ms":1}
{"request_id":"rcc-e1e29fa948b6844653fd65f02d3dc83d","method":"GET","path":"/api/v1/release-orders/:id/details","status":200,"duration_ms":6}
{"request_id":"rcc-aa88f51aeff40d8246f06ca54616733a","method":"GET","path":"/api/v1/auth/session","status":200,"duration_ms":1}
{"request_id":"rcc-150fdb2ec157c7779929c56845f8513b","method":"GET","path":"/api/v1/query-policy-types","status":200,"duration_ms":1}
{"request_id":"rcc-32446e1017bde7737c5576499c5ffeee","method":"GET","path":"/api/v1/query-policies","status":200,"duration_ms":2}
{"request_id":"rcc-177cde7586036477f34d5c88039ba84d","method":"GET","path":"/api/v1/approval-notifications","status":200,"duration_ms":3}
{"request_id":"rcc-e06e19b460f95ac1ecc1abde3ea668d1","method":"GET","path":"/api/v1/table-policies","status":200,"duration_ms":2}
{"request_id":"rcc-8dad31a5385fb58bd31984a7a04ece9f","method":"GET","path":"/api/v1/approval-notifications","status":200,"duration_ms":4}
{"request_id":"rcc-97d05be416e775e47ceb2eef27f7889e","method":"GET","path":"/api/v1/query-policy-types","status":200,"duration_ms":1}
{"request_id":"rcc-274dfca7684f3e604960f5651fcaade3","method":"GET","path":"/api/v1/mutation-policy-types","status":200,"duration_ms":2}
{"request_id":"rcc-f4bd1911de9e0bcc2bbd1b46adfff0e2","method":"GET","path":"/api/v1/mutation-policies/:code","status":200,"duration_ms":3}
{"request_id":"rcc-c801376b6cd2be3782172f3b25cb43c6","method":"GET","path":"/api/v1/query-policies/:code","status":200,"duration_ms":4}
{"request_id":"rcc-d9df8487b18757d4f8c571c1bfa7e590","method":"POST","path":"/api/v1/auth/activity","status":200,"duration_ms":14}
{"request_id":"rcc-3c93f50b7cebc9c4d0840de2a9ab6c55","method":"POST","path":"/api/v1/tables/:table_name/query","status":200,"duration_ms":18}
{"request_id":"rcc-b4e175482833f7d8740027fdbde2287b","method":"GET","path":"/api/v1/table-field-policies/:table_name","status":200,"duration_ms":5}
{"request_id":"rcc-38b497fd2c70b7ad38a3fb658dad8e6a","method":"POST","path":"/api/v1/tables/:table_name/query","status":200,"duration_ms":74}
{"request_id":"rcc-8cf1dc02b0b2f425325e9beacdefe24b","method":"GET","path":"/api/v1/table-field-policies/:table_name","status":200,"duration_ms":5}
{"request_id":"rcc-1667ec91d6dbe3bf603170ff699a2b71","method":"GET","path":"/api/v1/table-field-policies/:table_name","status":200,"duration_ms":7}
{"request_id":"rcc-9ad8dbf0e788fd7fc15293e44ceabd56","method":"POST","path":"/api/v1/release-orders","status":201,"duration_ms":40}
{"request_id":"rcc-5f45c914949f577c2e39b83878010c29","method":"GET","path":"/api/v1/approval-notifications","status":200,"duration_ms":4}
{"request_id":"rcc-78c6330c80c82000fed9f0f31d76cc6b","method":"GET","path":"/api/v1/approval-notifications","status":200,"duration_ms":7}
{"request_id":"rcc-837c1eb66ba8e739f8b11579468ed04f","method":"GET","path":"/api/v1/release-orders/:id","status":200,"duration_ms":19}
{"request_id":"rcc-6ef9cf8546ed8780ed0ec28f9a5602d4","method":"GET","path":"/api/v1/table-field-policies/:table_name","status":200,"duration_ms":8}
{"request_id":"rcc-8c0749f35446a958842b1d109b2814df","method":"GET","path":"/api/v1/release-orders/:id/details","status":200,"duration_ms":9}
{"request_id":"rcc-4b20e7f90eae866b0b8ed58e656fa746","method":"GET","path":"/api/v1/release-orders/:id/people","status":200,"duration_ms":20}
{"request_id":"rcc-15b90e489ad6081039b9bb1f408b2327","method":"GET","path":"/api/v1/auth/session","status":200,"duration_ms":2}
{"request_id":"rcc-4c8679a3cbded44b1358abcb8f817c76","method":"GET","path":"/api/v1/release-orders/:id","status":200,"duration_ms":12}
{"request_id":"rcc-48a41025b0b44fefe16929497bf38465","method":"GET","path":"/api/v1/auth/session","status":200,"duration_ms":1}
{"request_id":"rcc-50bb9878cc0a39dee4135fd062f7a978","method":"GET","path":"/api/v1/release-orders/:id/details","status":200,"duration_ms":6}
{"request_id":"rcc-bca2dc308088b312c8ad9cacb394c7ea","method":"GET","path":"/api/v1/auth/session","status":200,"duration_ms":1}
{"request_id":"rcc-55bf4ca3e0412223a1c1d0cea69cf146","method":"POST","path":"/api/v1/release-orders/:id/submit","status":200,"duration_ms":65}
{"request_id":"rcc-47e8c64d35e5b6273a79b9c278d9af2c","method":"GET","path":"/api/v1/auth/session","status":200,"duration_ms":1}
{"request_id":"rcc-cde59dafa6f2ea6f210a95bc42f57f30","method":"GET","path":"/api/v1/release-orders/:id","status":200,"duration_ms":8}
{"request_id":"rcc-ed5fad7e2bbcea2045f50af21a732528","method":"GET","path":"/api/v1/auth/session","status":200,"duration_ms":1}
{"request_id":"rcc-e1e9ef757ebaad4f4c9a7e551e12dd76","method":"POST","path":"/api/v1/release-orders/:id/approve","status":200,"duration_ms":30}
{"request_id":"rcc-d5f1911f94e668a84c278540a0414c51","method":"GET","path":"/api/v1/auth/session","status":200,"duration_ms":2}
{"request_id":"rcc-762bc9ad9f473c6c978580db90b10bbc","method":"GET","path":"/api/v1/approval-notifications","status":200,"duration_ms":3}
{"request_id":"rcc-b3e8e4b9d5d56697360f76121cef0dfa","method":"GET","path":"/api/v1/release-orders/:id","status":200,"duration_ms":13}
{"request_id":"rcc-2f32cc24b0d9fbcb80bac6d4e996258d","method":"GET","path":"/api/v1/release-orders/:id/details","status":200,"duration_ms":7}
{"request_id":"rcc-9ab9cd0dc721511168b4f1ac988b36a8","method":"GET","path":"/api/v1/table-field-policies/:table_name","status":200,"duration_ms":9}
{"request_id":"rcc-97c1459c050feb7747a01bede280ae7f","method":"GET","path":"/api/v1/release-orders/:id/people","status":200,"duration_ms":17}
{"request_id":"rcc-ecd31186c47564dd250dbfc042767db2","method":"GET","path":"/api/v1/release-orders/:id/details","status":200,"duration_ms":10}
{"request_id":"rcc-30183f425b2360b801db780b1a97d4ed","method":"POST","path":"/api/v1/release-orders/:id/execute","status":422,"duration_ms":63}
{"request_id":"rcc-ee944718157953b8bcdb08df7923572b","method":"GET","path":"/api/v1/approval-notifications","status":200,"duration_ms":2}
{"request_id":"rcc-0d25f13f7c81920ad4c2a250d06ee0cf","method":"GET","path":"/api/v1/auth/session","status":200,"duration_ms":1}
{"request_id":"rcc-b51deac7a34e779e39f5f662f3e4b30d","method":"GET","path":"/api/v1/release-orders/:id","status":200,"duration_ms":10}
{"request_id":"rcc-2dc9989ff0fb9976a7223945bee09e4c","method":"GET","path":"/api/v1/release-orders/:id","status":200,"duration_ms":9}
{"request_id":"rcc-ba12709d12214a6d84ad25c6431d2abb","method":"GET","path":"/api/v1/auth/session","status":200,"duration_ms":1}
{"request_id":"rcc-df2a6d5b35c928b8f686b7172e4d923a","method":"GET","path":"/api/v1/release-orders/:id/details","status":200,"duration_ms":5}
{"request_id":"rcc-eed84bc62162916be4d8815b6cec7bbb","method":"GET","path":"/api/v1/auth/session","status":200,"duration_ms":1}
{"request_id":"rcc-3c15f9016ebb3e4d89d867205ede16a8","method":"GET","path":"/api/v1/approval-notifications","status":200,"duration_ms":2}
{"request_id":"rcc-69751a1c30c748b1a99c162ac1905780","method":"GET","path":"/api/v1/release-orders/:id","status":200,"duration_ms":12}
{"request_id":"rcc-c9e2db15783a5cd2876589a92b08def2","method":"GET","path":"/api/v1/table-field-policies/:table_name","status":200,"duration_ms":7}
{"request_id":"rcc-77687a028584b508f0b237b6dbe5b69e","method":"GET","path":"/api/v1/release-orders/:id/details","status":200,"duration_ms":7}
{"request_id":"rcc-214bf785831dfa28de034c9b219bdbb7","method":"GET","path":"/api/v1/release-orders/:id/people","status":200,"duration_ms":15}
{"request_id":"rcc-68273f4c54a58aff09702873fb8c0216","method":"POST","path":"/api/v1/release-orders/:id/notification-read","status":200,"duration_ms":17}
{"request_id":"rcc-ada1ae85527c39a4fc21f34b421967f3","method":"GET","path":"/api/v1/approval-notifications","status":200,"duration_ms":2}
{"request_id":"rcc-0255f7cf130d0babf36ef9a6a033a8ec","method":"GET","path":"/api/v1/release-orders/:id/details","status":200,"duration_ms":9}
{"request_id":"rcc-a242f1e953e8aad7b3d0f739d0ab3f21","method":"POST","path":"/api/v1/release-orders/:id/cancel","status":200,"duration_ms":29}
{"request_id":"rcc-5efd23647fc875f9f3f4e4ef25ca303c","method":"GET","path":"/api/v1/approval-notifications","status":200,"duration_ms":3}
{"request_id":"rcc-7c906b98d8cdf8a08dc817cdf9d8a1bc","method":"GET","path":"/api/v1/release-orders/:id","status":200,"duration_ms":13}
{"request_id":"rcc-8b214941c677fdbfa8a2fc1dae521b2f","method":"GET","path":"/api/v1/release-orders/:id/people","status":200,"duration_ms":15}
{"request_id":"rcc-9887bfca322ca39009886bc1c42e2a92","method":"GET","path":"/api/v1/release-orders/:id/details","status":200,"duration_ms":7}
{"request_id":"rcc-925b26be88ad23231f1e67311900852d","method":"GET","path":"/api/v1/release-orders/:id/details","status":200,"duration_ms":7}
{"request_id":"rcc-e470a310b2d7ce1fb01dd6740cb08dd2","method":"POST","path":"/api/v1/release-orders/preview","status":200,"duration_ms":13}
{"request_id":"rcc-5747cc8264ab70d9f72457110ec26199","method":"POST","path":"/api/v1/release-orders/:id/copy","status":201,"duration_ms":47}
{"request_id":"rcc-0cd9d7749e24f75cebed5991d3264ed1","method":"GET","path":"/api/v1/approval-notifications","status":200,"duration_ms":3}
{"request_id":"rcc-1ecc5851a11a9b2b933f5366ea2bf074","method":"GET","path":"/api/v1/release-orders/:id","status":200,"duration_ms":13}
{"request_id":"rcc-603869f8ffac59c808e43896707e86ff","method":"GET","path":"/api/v1/approval-notifications","status":200,"duration_ms":2}
{"request_id":"rcc-b1b6bab3ff9ce631e33cfc3b56a9ef6d","method":"GET","path":"/api/v1/release-orders/:id/people","status":200,"duration_ms":14}
{"request_id":"rcc-675c190009fe16f0ab1ebd3cc217d4ae","method":"GET","path":"/api/v1/release-orders/:id","status":200,"duration_ms":14}
{"request_id":"rcc-7d81a4753c7df9a3a121b77110f2a885","method":"GET","path":"/api/v1/table-field-policies/:table_name","status":200,"duration_ms":6}
{"request_id":"rcc-7d87e78b09adde37bb2200e25f070c8b","method":"GET","path":"/api/v1/release-orders/:id/details","status":200,"duration_ms":7}
{"request_id":"rcc-f5065538112fe51c6cdf13ecd4baa896","method":"GET","path":"/api/v1/release-orders/:id/people","status":200,"duration_ms":16}
{"request_id":"rcc-14b3e6ff8a3d0f9678b065af7a9687b5","method":"GET","path":"/api/v1/release-orders/:id/details","status":200,"duration_ms":8}
{"request_id":"rcc-0608cebc145cc6acc5293288c4c56542","method":"PUT","path":"/api/v1/release-orders/:id","status":200,"duration_ms":40}
{"request_id":"rcc-115e75bcb7fa262d26f1782d9332c2a3","method":"GET","path":"/api/v1/approval-notifications","status":200,"duration_ms":2}
{"request_id":"rcc-b90b2826a952bb0decf946d5766f8612","method":"GET","path":"/api/v1/release-orders/:id","status":200,"duration_ms":16}
{"request_id":"rcc-83a2549e08461fad5846abe270ac5393","method":"GET","path":"/api/v1/release-orders/:id/people","status":200,"duration_ms":17}
{"request_id":"rcc-da64808c0e6990f4c4512023ed7dffb9","method":"GET","path":"/api/v1/release-orders/:id/details","status":200,"duration_ms":5}
{"request_id":"rcc-df831045017146b73a02a96d43d35324","method":"GET","path":"/api/v1/auth/session","status":200,"duration_ms":1}
{"request_id":"rcc-485140a2730cee2e604677faed815b1d","method":"GET","path":"/api/v1/release-orders/:id","status":200,"duration_ms":13}
{"request_id":"rcc-3dfafa70ad6c10051ea3b30c23ce97a8","method":"GET","path":"/api/v1/auth/session","status":200,"duration_ms":1}
{"request_id":"rcc-09f6379c2a67d67607304ad11f561338","method":"GET","path":"/api/v1/release-orders/:id/details","status":200,"duration_ms":5}
{"request_id":"rcc-0c0b939f7031df8e8fecf4962c0103a0","method":"GET","path":"/api/v1/auth/session","status":200,"duration_ms":1}
{"request_id":"rcc-69dee577059dedd759c24f705f261490","method":"POST","path":"/api/v1/release-orders/:id/submit","status":200,"duration_ms":74}
{"request_id":"rcc-c0d764c6e0e9d2ff2dc9b821b3eb37e2","method":"GET","path":"/api/v1/auth/session","status":200,"duration_ms":1}
{"request_id":"rcc-6976e74e4b41685c08234b0340ec3958","method":"GET","path":"/api/v1/release-orders/:id","status":200,"duration_ms":7}
{"request_id":"rcc-2d4e55b20ab0d6efd4da72cd0bb07ed7","method":"GET","path":"/api/v1/auth/session","status":200,"duration_ms":0}
{"request_id":"rcc-cdc1b28a17c7c51f69f5c89c1e6dbdd7","method":"POST","path":"/api/v1/release-orders/:id/approve","status":200,"duration_ms":28}
{"request_id":"rcc-7dd3fd17b026fea6a1c6eb07c8204da0","method":"GET","path":"/api/v1/auth/session","status":200,"duration_ms":2}
{"request_id":"rcc-436bd009ab8021230084f43906188a85","method":"GET","path":"/api/v1/approval-notifications","status":200,"duration_ms":3}
{"request_id":"rcc-ec00420f5affaecacac47d201359defc","method":"GET","path":"/api/v1/release-orders/:id","status":200,"duration_ms":12}
{"request_id":"rcc-710301df8a64b96a10507d7e848ba75d","method":"GET","path":"/api/v1/table-field-policies/:table_name","status":200,"duration_ms":6}
{"request_id":"rcc-595b201a968678e0bf8ce553c064523a","method":"GET","path":"/api/v1/release-orders/:id/details","status":200,"duration_ms":7}
{"request_id":"rcc-71eb78768cabfda4fcdedce91a5b2367","method":"GET","path":"/api/v1/release-orders/:id/people","status":200,"duration_ms":14}
{"request_id":"rcc-b8530c8536b4d1f371ca3aed92f79811","method":"GET","path":"/api/v1/release-orders/:id/details","status":200,"duration_ms":7}
{"request_id":"rcc-593f3a9162af4a591705cb3b4f21fb84","method":"POST","path":"/api/v1/release-orders/:id/execute","status":200,"duration_ms":104}
{"request_id":"rcc-26614902d6e74962f5f4104fe8e010a4","method":"GET","path":"/api/v1/approval-notifications","status":200,"duration_ms":4}
{"request_id":"rcc-ab02d2d7be0437a23f75bc57b227762a","method":"GET","path":"/api/v1/release-orders/:id","status":200,"duration_ms":15}
{"request_id":"rcc-6edb756593b36062385468e915bb161e","method":"GET","path":"/api/v1/release-orders/:id/people","status":200,"duration_ms":17}
{"request_id":"rcc-5c646c064d9f28aec1981b306d63b60a","method":"GET","path":"/api/v1/release-orders/:id/details","status":200,"duration_ms":7}
{"request_id":"rcc-61af9da2eeaab62e818048f07e221d66","method":"GET","path":"/api/v1/auth/session","status":200,"duration_ms":1}
{"request_id":"rcc-9104c05b118d29e75b10e89643102c57","method":"GET","path":"/api/v1/release-orders/:id","status":200,"duration_ms":9}
{"request_id":"rcc-242516f67bc4940a0f3504dece1230d7","method":"GET","path":"/api/v1/auth/session","status":200,"duration_ms":1}
{"request_id":"rcc-8a11f060bde41a4aa6fc0d4ebf400364","method":"GET","path":"/api/v1/release-orders/:id/details","status":200,"duration_ms":6}
{"request_id":"rcc-3f8e820102f8ba1d8aa928a96e7cd31d","method":"GET","path":"/api/v1/auth/session","status":200,"duration_ms":1}
{"request_id":"rcc-efff9491c6477f13337ddc64674e4d74","method":"GET","path":"/api/v1/release-orders/:id","status":200,"duration_ms":9}
{"request_id":"rcc-76945e133004fc6e53b758571d0f5165","method":"GET","path":"/api/v1/auth/session","status":200,"duration_ms":1}
{"request_id":"rcc-ad37e62e64744fcf7c8568ccdc2ccff3","method":"GET","path":"/api/v1/release-orders/:id/details","status":200,"duration_ms":6}
{"request_id":"rcc-c007befb0a2f8b416051b33b503df4b7","method":"GET","path":"/api/v1/auth/session","status":200,"duration_ms":1}
{"request_id":"rcc-172c3575b50c6d17cd3b7dd9e97f6797","method":"POST","path":"/api/v1/release-orders","status":201,"duration_ms":33}
{"request_id":"rcc-e5c3883a5ffd2561a9c7fbde1dc6f833","method":"GET","path":"/api/v1/auth/session","status":200,"duration_ms":1}
{"request_id":"rcc-b77d8140994b7078330ab73f439f22ca","method":"POST","path":"/api/v1/release-orders/:id/submit","status":200,"duration_ms":72}
{"request_id":"rcc-61c3a0b052afb352b963284ea28fde8d","method":"GET","path":"/api/v1/auth/session","status":200,"duration_ms":0}
{"request_id":"rcc-aa3bfd638f3868e500141e86fa56dbfb","method":"GET","path":"/api/v1/release-orders/:id","status":200,"duration_ms":9}
{"request_id":"rcc-11c66405c57d9daf492f5c108cef0749","method":"GET","path":"/api/v1/auth/session","status":200,"duration_ms":1}
{"request_id":"rcc-707db404bc3f604beeea9e2e6f5e4dad","method":"POST","path":"/api/v1/release-orders/:id/approve","status":200,"duration_ms":32}
{"request_id":"rcc-58855c6613e9b61cb83bbaf1bdf21e2e","method":"GET","path":"/api/v1/auth/session","status":200,"duration_ms":1}
{"request_id":"rcc-86a6d3b46ccf3e9379077555ca0145dc","method":"GET","path":"/api/v1/approval-notifications","status":200,"duration_ms":2}
{"request_id":"rcc-ee85ebf88645b12decbcf5c7ec93eaa7","method":"GET","path":"/api/v1/release-orders","status":200,"duration_ms":71}
{"request_id":"rcc-be3247a91bd518161103b366a1f2950f","method":"GET","path":"/api/v1/approval-notifications","status":200,"duration_ms":2}
{"request_id":"rcc-4a35b1f7ac53504242bfb8c26c7209f3","method":"GET","path":"/api/v1/release-orders/:id","status":200,"duration_ms":11}
{"request_id":"rcc-0639a39718c028a4d9947fbaaebdc0c1","method":"GET","path":"/api/v1/table-field-policies/:table_name","status":200,"duration_ms":6}
{"request_id":"rcc-6662bdc5e16ec9d97eb7e812a2e65719","method":"GET","path":"/api/v1/release-orders/:id/details","status":200,"duration_ms":7}
{"request_id":"rcc-7db86b37d9a3b2bce01215d7071d755d","method":"GET","path":"/api/v1/release-orders/:id/people","status":200,"duration_ms":15}
{"request_id":"rcc-105dae062db02812f51e57d780d9b4cd","method":"GET","path":"/api/v1/release-orders/:id/details","status":200,"duration_ms":7}
[mysql] 2026/09/11 17:42:37 packets.go:58 unexpected EOF
{"request_id":"rcc-7f3dd3b94fc36533636399ea3043b1fb","method":"POST","path":"/api/v1/release-orders/:id/execute","status":503,"duration_ms":0}
[mysql] 2026/09/11 17:42:37 packets.go:58 unexpected EOF
[mysql] 2026/09/11 17:42:37 packets.go:58 unexpected EOF
{"request_id":"rcc-a4ab2291d3d643f081a11602ef5f8572","method":"GET","path":"/api/v1/approval-notifications","status":503,"duration_ms":0}
{"request_id":"rcc-efff48f645ad43752b041c649b4bf92b","method":"GET","path":"/api/v1/release-orders/:id","status":503,"duration_ms":0}
[mysql] 2026/09/11 17:42:38 packets.go:58 unexpected EOF
{"request_id":"rcc-5d528293755515b7c03b364b106c7842","method":"GET","path":"/api/v1/release-orders/:id","status":503,"duration_ms":0}
[mysql] 2026/09/11 17:42:39 packets.go:58 unexpected EOF
{"request_id":"rcc-92a8320244f9c1f914b50920edd7c134","method":"GET","path":"/api/v1/auth/session","status":503,"duration_ms":0}
[mysql] 2026/09/11 17:42:40 packets.go:58 unexpected EOF
{"request_id":"rcc-670ed22f8bdd253b98c2e98e16a3002d","method":"GET","path":"/api/v1/auth/session","status":503,"duration_ms":0}
{"request_id":"rcc-f1fadb876a0043504bc964711504dfa3","method":"GET","path":"/api/v1/auth/session","status":200,"duration_ms":16}
{"request_id":"rcc-d7d40f5108dcf3fc5afa0dabe9e909fc","method":"POST","path":"/api/v1/release-orders/:id/execute","status":200,"duration_ms":109}
{"request_id":"rcc-2675b68f9891a5f97ea9de69599f8ad8","method":"GET","path":"/api/v1/approval-notifications","status":200,"duration_ms":3}
{"request_id":"rcc-17d200ae96f6db35a64fcb8afc705595","method":"GET","path":"/api/v1/release-orders/:id","status":200,"duration_ms":13}
{"request_id":"rcc-a8b459266f2e616b958af5684199636f","method":"GET","path":"/api/v1/release-orders/:id/details","status":200,"duration_ms":7}
{"request_id":"rcc-03e94405bea5add442bd948e62e373d0","method":"GET","path":"/api/v1/auth/session","status":200,"duration_ms":1}
{"request_id":"rcc-9938b676600bd7c6c16b5a24a3a3d0da","method":"GET","path":"/api/v1/release-orders/:id/people","status":200,"duration_ms":13}
{"request_id":"rcc-8741f91e304e1bcef8caf743ba0d0662","method":"GET","path":"/api/v1/release-orders/:id","status":200,"duration_ms":10}
{"request_id":"rcc-9a038d9ff10975d3590c78b27dca0348","method":"GET","path":"/api/v1/auth/session","status":200,"duration_ms":1}
{"request_id":"rcc-e2414326fbd1d88327342f976229db96","method":"GET","path":"/api/v1/release-orders/:id/details","status":200,"duration_ms":5}
{"request_id":"rcc-4838997a9ed4549e28bfd27d7c0a55b2","method":"GET","path":"/api/v1/auth/session","status":200,"duration_ms":1}
{"request_id":"rcc-9994a63531ea6eaf60ad9e1ecf686d00","method":"GET","path":"/api/v1/query-policy-types","status":200,"duration_ms":2}
{"request_id":"rcc-1199cac26deac8bded2ad3822866683d","method":"GET","path":"/api/v1/approval-notifications","status":200,"duration_ms":3}
{"request_id":"rcc-37c2ac8c637cd893e7cd12649fe50135","method":"GET","path":"/api/v1/query-policies","status":200,"duration_ms":6}
{"request_id":"rcc-a99acda2304db642a5ca4dd110fc363d","method":"POST","path":"/api/v1/query-policies","status":201,"duration_ms":10}
{"request_id":"rcc-9c7397db0d842e6e5b128774496778f5","method":"POST","path":"/api/v1/auth/activity","status":200,"duration_ms":11}
{"request_id":"rcc-ee061806c319ce49a476ca0bb2a6b387","method":"GET","path":"/api/v1/query-policies/:code","status":200,"duration_ms":3}
{"request_id":"rcc-df6de6b87ad8c16e1cd1fb605339451f","method":"GET","path":"/api/v1/auth/session","status":200,"duration_ms":2}
{"request_id":"rcc-ee2e082e899f7964eb79698608e52de3","method":"GET","path":"/api/v1/query-policies","status":200,"duration_ms":2}
{"request_id":"rcc-f13014cf41618c710f8fd741c9ab4b16","method":"GET","path":"/api/v1/approval-notifications","status":200,"duration_ms":3}
{"request_id":"rcc-79131ad10f25f94043c1a130c260bbb1","method":"GET","path":"/api/v1/query-policies/:code","status":200,"duration_ms":3}
{"request_id":"rcc-df46903e77ef2812e996970c6235a80e","method":"GET","path":"/api/v1/query-policy-types","status":200,"duration_ms":7}
{"request_id":"rcc-59c95d2807bb0d4258aa28357a5b4379","method":"PUT","path":"/api/v1/query-policies/:code","status":200,"duration_ms":9}
{"request_id":"rcc-a4769bf8691668d6183b464c61ce2d4b","method":"GET","path":"/api/v1/query-policies/:code","status":200,"duration_ms":3}
{"request_id":"rcc-3d3bac988b000ec191e4e4e78f412b43","method":"GET","path":"/api/v1/auth/session","status":200,"duration_ms":2}
{"request_id":"rcc-12b3acbc7528106e12c5e5c5be8b4243","method":"GET","path":"/api/v1/query-policy-types","status":200,"duration_ms":2}
{"request_id":"rcc-14aae4c54cef32d63b30348eaf645b0d","method":"GET","path":"/api/v1/approval-notifications","status":200,"duration_ms":4}
{"request_id":"rcc-c3937034d33d7504c7ae707d30ab2d8c","method":"GET","path":"/api/v1/query-policies","status":200,"duration_ms":4}
{"request_id":"rcc-9c024d47057c96874bfb6bfb07b622ee","method":"GET","path":"/api/v1/query-policies/:code","status":200,"duration_ms":6}
{"request_id":"rcc-b26c7cf2793896768565d09508cf7b74","method":"PATCH","path":"/api/v1/query-policies/:code/metadata","status":200,"duration_ms":10}
{"request_id":"rcc-c67633a8e33127a73d8033fd17aa9100","method":"GET","path":"/api/v1/query-policies/:code","status":200,"duration_ms":3}
{"request_id":"rcc-28d67adc82f73dacb3202254ec3128e0","method":"GET","path":"/api/v1/auth/session","status":200,"duration_ms":1}
{"request_id":"rcc-ec1d6450929446282c4dbf4a6935cb88","method":"GET","path":"/api/v1/query-policy-types","status":200,"duration_ms":1}
{"request_id":"rcc-f6157dedbd5dbca78853d81a39f08a5a","method":"GET","path":"/api/v1/query-policies","status":200,"duration_ms":2}
{"request_id":"rcc-1c9aace071acb0a8ffab51c1cb50b777","method":"GET","path":"/api/v1/approval-notifications","status":200,"duration_ms":3}
{"request_id":"rcc-e8bc68940100d463aa15441753d8f576","method":"GET","path":"/api/v1/query-policies/:code","status":200,"duration_ms":3}
{"request_id":"rcc-de0b118cbc6bbb05576e86db630a55ce","method":"POST","path":"/api/v1/query-policies/:code/activate","status":200,"duration_ms":11}
{"request_id":"rcc-5dfe00e6021338b518a3b529016de71d","method":"GET","path":"/api/v1/query-policy-types","status":200,"duration_ms":1}
{"request_id":"rcc-c1e0871c5ac1ee490c3c569721422a7e","method":"GET","path":"/api/v1/approval-notifications","status":200,"duration_ms":6}
{"request_id":"rcc-3f67a29c7cbe9914d02751981fc47492","method":"GET","path":"/api/v1/query-policies/:code","status":200,"duration_ms":2}
{"request_id":"rcc-7bf0b4a7745feb5afa64e29855e12a06","method":"GET","path":"/api/v1/query-policies","status":200,"duration_ms":3}
{"request_id":"rcc-1e8d04da1c8a4571119f605f2f6b1fda","method":"GET","path":"/api/v1/auth/session","status":200,"duration_ms":1}
{"request_id":"rcc-17671cc72710bdf0aefcebff6539d1f2","method":"GET","path":"/api/v1/query-policy-types","status":200,"duration_ms":1}
{"request_id":"rcc-4e213e2cf2d00e888aee4d70367c996d","method":"GET","path":"/api/v1/query-policies","status":200,"duration_ms":2}
{"request_id":"rcc-0ab910679958638f57e0d1a48c787551","method":"GET","path":"/api/v1/approval-notifications","status":200,"duration_ms":3}
{"request_id":"rcc-b1afee19e51747dedd20861ba3a480ee","method":"GET","path":"/api/v1/query-policies/:code","status":200,"duration_ms":4}
{"request_id":"rcc-09acdc3e706ab71a11cadcf1361812d4","method":"POST","path":"/api/v1/query-policies/:code/deprecate","status":200,"duration_ms":9}
{"request_id":"rcc-1d56297d857b3b361a7c52d8971d183a","method":"GET","path":"/api/v1/query-policy-types","status":200,"duration_ms":2}
{"request_id":"rcc-d34bea87c036897b7639b06b3cf39c9c","method":"GET","path":"/api/v1/approval-notifications","status":200,"duration_ms":4}
{"request_id":"rcc-47bc5cf8236053d4b268dfaf8923f2b4","method":"GET","path":"/api/v1/query-policies/:code","status":200,"duration_ms":3}
{"request_id":"rcc-04d9e88a470e15ea67a83e08736d41ae","method":"GET","path":"/api/v1/query-policies","status":200,"duration_ms":3}
{"request_id":"rcc-b994b815e7cbedd65bfd18efd65c043e","method":"GET","path":"/api/v1/auth/session","status":200,"duration_ms":2}
{"request_id":"rcc-56078b4d2faab70cd5cd4e4ef65ccbc7","method":"GET","path":"/api/v1/query-policy-types","status":200,"duration_ms":1}
{"request_id":"rcc-19ffd3faba0ae4dfce9ad5ce3a2ab214","method":"GET","path":"/api/v1/query-policies","status":200,"duration_ms":2}
{"request_id":"rcc-24af86f4444a5ba57bd4ff54aaab7084","method":"GET","path":"/api/v1/query-policies/:code","status":200,"duration_ms":3}
{"request_id":"rcc-c0ee45ea0310b706a305d318ba4e0442","method":"GET","path":"/api/v1/approval-notifications","status":200,"duration_ms":3}
{"request_id":"rcc-d24b96e5254683186d1798409ca0c5f9","method":"DELETE","path":"/api/v1/query-policies/:code","status":204,"duration_ms":7}
{"request_id":"rcc-c9c89962d0675f1157a19114b8d5be5c","method":"GET","path":"/api/v1/query-policy-types","status":200,"duration_ms":1}
{"request_id":"rcc-eba113c70a70543177814fd453c93b8d","method":"GET","path":"/api/v1/approval-notifications","status":200,"duration_ms":4}
{"request_id":"rcc-bd2032a1f01e2fc86f73c1665dcb0456","method":"GET","path":"/api/v1/query-policies/:code","status":404,"duration_ms":2}
{"request_id":"rcc-4aa288d39eb6564881291dc5d65b583a","method":"GET","path":"/api/v1/query-policies","status":200,"duration_ms":3}
{"request_id":"rcc-5320b11a055c92c30830bc8f0ac285ea","method":"GET","path":"/api/v1/approval-notifications","status":503,"duration_ms":2}
{"request_id":"rcc-a296ac432a7ae3d3d97ab614b6a62a42","method":"GET","path":"/api/v1/auth/session","status":200,"duration_ms":1}
{"request_id":"rcc-420adae28609cee0661eb5b16d2c5db8","method":"GET","path":"/api/v1/mutation-policy-types","status":200,"duration_ms":2}
{"request_id":"rcc-7fe627d6c00d5a22c7593dcf50560e62","method":"GET","path":"/api/v1/mutation-policies","status":200,"duration_ms":3}
{"request_id":"rcc-bcaee1ee931371ffce973b9c332d1c36","method":"GET","path":"/api/v1/approval-notifications","status":200,"duration_ms":4}
{"request_id":"rcc-4b7a0a8aaee3129816ceaf502a816443","method":"POST","path":"/api/v1/mutation-policies","status":201,"duration_ms":7}
{"request_id":"rcc-f9a674c565a7d83f4ac8c248f0e0256b","method":"GET","path":"/api/v1/mutation-policies/:code","status":200,"duration_ms":3}
{"request_id":"rcc-49aaa5527c95c29bf18647fb6f75eb56","method":"GET","path":"/api/v1/auth/session","status":200,"duration_ms":1}
{"request_id":"rcc-f73295307beaa7f1f061ddfcaa9cfce5","method":"GET","path":"/api/v1/mutation-policy-types","status":200,"duration_ms":2}
{"request_id":"rcc-cb9d4b01e8fd6e8c9bbabf17d073c432","method":"GET","path":"/api/v1/mutation-policies/:code","status":200,"duration_ms":4}
{"request_id":"rcc-2ff0d453ea878e1d69447c34f240c8e3","method":"GET","path":"/api/v1/approval-notifications","status":200,"duration_ms":5}
{"request_id":"rcc-ee984ca6f117974a802e386e28a35adb","method":"GET","path":"/api/v1/mutation-policies","status":200,"duration_ms":8}
{"request_id":"rcc-13511ab5eff570469718a0c542509717","method":"PUT","path":"/api/v1/mutation-policies/:code","status":200,"duration_ms":8}
{"request_id":"rcc-2e46a83f73b15ca3c40db1c6e9a3befd","method":"GET","path":"/api/v1/mutation-policies/:code","status":200,"duration_ms":2}
{"request_id":"rcc-10dcd3eac9079ab53cac8169516c4610","method":"GET","path":"/api/v1/auth/session","status":200,"duration_ms":1}
{"request_id":"rcc-494aef8b5e80e296c52c05df512e83cb","method":"GET","path":"/api/v1/mutation-policy-types","status":200,"duration_ms":1}
{"request_id":"rcc-0da699b16753a7a8d447df12c3c5c712","method":"GET","path":"/api/v1/mutation-policies","status":200,"duration_ms":2}
{"request_id":"rcc-0ef26dc852f254a312852a1a117cf952","method":"GET","path":"/api/v1/approval-notifications","status":200,"duration_ms":3}
{"request_id":"rcc-9d2d941cde71ce471a03f93200d089f3","method":"GET","path":"/api/v1/mutation-policies/:code","status":200,"duration_ms":3}
{"request_id":"rcc-fd85bf7f732f07855ebe3c7df634f58d","method":"PATCH","path":"/api/v1/mutation-policies/:code/metadata","status":200,"duration_ms":9}
{"request_id":"rcc-fb07ea6efa79e2f4244d5cfac9a2fd35","method":"GET","path":"/api/v1/mutation-policies/:code","status":200,"duration_ms":4}
{"request_id":"rcc-75dd73b57142f6e2a3fcfe94668957e4","method":"GET","path":"/api/v1/auth/session","status":200,"duration_ms":1}
{"request_id":"rcc-df7917d25c1cfbc247321f23b1e6df36","method":"GET","path":"/api/v1/mutation-policy-types","status":200,"duration_ms":1}
{"request_id":"rcc-5e013b5b67d7d79e684166f69d926b10","method":"GET","path":"/api/v1/approval-notifications","status":200,"duration_ms":3}
{"request_id":"rcc-b554d4543eef42d6c131d2f5a09eb52a","method":"GET","path":"/api/v1/mutation-policies/:code","status":200,"duration_ms":3}
{"request_id":"rcc-18d93801efd5fb899ac87fed2a8c6c78","method":"GET","path":"/api/v1/mutation-policies","status":200,"duration_ms":2}
{"request_id":"rcc-aaa3dd40c2c2219561d1c27e9b2f9b5a","method":"POST","path":"/api/v1/mutation-policies/:code/activate","status":200,"duration_ms":9}
{"request_id":"rcc-0a92a7299d58ca0bdea1a07c22779894","method":"GET","path":"/api/v1/mutation-policy-types","status":200,"duration_ms":1}
{"request_id":"rcc-04662962a65bd87788dcf14bc0410aed","method":"GET","path":"/api/v1/approval-notifications","status":200,"duration_ms":4}
{"request_id":"rcc-453da2884ff256612cd5ca02e5dfcc96","method":"GET","path":"/api/v1/mutation-policies/:code","status":200,"duration_ms":4}
{"request_id":"rcc-b3214cc4d8d785cb0e2b455853e65cf1","method":"GET","path":"/api/v1/mutation-policies","status":200,"duration_ms":3}
{"request_id":"rcc-019dcdc4e6137be7365db31f8de725ae","method":"GET","path":"/api/v1/auth/session","status":200,"duration_ms":1}
{"request_id":"rcc-e28dad75e6ccc1db567e06fee308aa14","method":"GET","path":"/api/v1/mutation-policy-types","status":200,"duration_ms":1}
{"request_id":"rcc-8acb1e2ac0f9d96c21864ecef06a9954","method":"GET","path":"/api/v1/mutation-policies","status":200,"duration_ms":2}
{"request_id":"rcc-6129eefb437df7beae64cb1a4438816f","method":"GET","path":"/api/v1/mutation-policies/:code","status":200,"duration_ms":3}
{"request_id":"rcc-38e97592454d87d4cdc802fb738344bb","method":"GET","path":"/api/v1/approval-notifications","status":200,"duration_ms":3}
{"request_id":"rcc-f7e18bbb7b7e10ef1bdc844abe2581c8","method":"POST","path":"/api/v1/mutation-policies/:code/deprecate","status":200,"duration_ms":9}
{"request_id":"rcc-ec3efd9e113080fc32f68053ae3f07f4","method":"GET","path":"/api/v1/mutation-policy-types","status":200,"duration_ms":2}
{"request_id":"rcc-c222d69c36a9b796550cd13a951f5cce","method":"GET","path":"/api/v1/approval-notifications","status":200,"duration_ms":5}
{"request_id":"rcc-87c225d4a7980f6bc3262e415ae48dd9","method":"GET","path":"/api/v1/mutation-policies/:code","status":200,"duration_ms":3}
{"request_id":"rcc-587d265f4a3010e9b072afca2af74126","method":"GET","path":"/api/v1/mutation-policies","status":200,"duration_ms":4}
{"request_id":"rcc-4268c014166e39a2cbaf767283d143cc","method":"GET","path":"/api/v1/auth/session","status":200,"duration_ms":2}
{"request_id":"rcc-f89ebffd80bde4ac4efab70ad8dbce85","method":"GET","path":"/api/v1/mutation-policy-types","status":200,"duration_ms":2}
{"request_id":"rcc-1fe30c01833b3532061cf58b0c0d0972","method":"GET","path":"/api/v1/mutation-policies","status":200,"duration_ms":2}
{"request_id":"rcc-e5841e149b586dff258378759c8f3f47","method":"GET","path":"/api/v1/mutation-policies/:code","status":200,"duration_ms":3}
{"request_id":"rcc-57b1eadd886ca741d8edb6698c5f3b10","method":"GET","path":"/api/v1/approval-notifications","status":200,"duration_ms":5}
{"request_id":"rcc-1f900f4b94990bd49c8ba032a85ce0c5","method":"DELETE","path":"/api/v1/mutation-policies/:code","status":204,"duration_ms":7}
{"request_id":"rcc-9050cea3c1182e05fba01bcd76dc83ca","method":"GET","path":"/api/v1/mutation-policy-types","status":200,"duration_ms":1}
{"request_id":"rcc-de1ffb84e0e281f7fc1168df27570288","method":"GET","path":"/api/v1/approval-notifications","status":200,"duration_ms":3}
{"request_id":"rcc-5bde7cbceeb2e78eb97eaead237f379d","method":"GET","path":"/api/v1/mutation-policies/:code","status":404,"duration_ms":3}
{"request_id":"rcc-cc0f3af510eb307ba0164554b03d7b1a","method":"GET","path":"/api/v1/mutation-policies","status":200,"duration_ms":2}
{"request_id":"rcc-917cdc87d4defa0c2a8c56ee8acda679","method":"GET","path":"/api/v1/auth/session","status":200,"duration_ms":1}
{"request_id":"rcc-59570d33a728105cf5a135b6fb3b8d37","method":"GET","path":"/api/v1/query-policy-types","status":200,"duration_ms":2}
{"request_id":"rcc-db13db085490ca0234f1dc3c4784c0f5","method":"GET","path":"/api/v1/query-policies","status":200,"duration_ms":2}
{"request_id":"rcc-0550ab3709940a91977d10d408d7b8a9","method":"GET","path":"/api/v1/approval-notifications","status":200,"duration_ms":3}
{"request_id":"rcc-e3bb21620bfc79f7f8537ffe6ac6769d","method":"GET","path":"/api/v1/query-policy-types","status":200,"duration_ms":1}
{"request_id":"rcc-1bdd3b249f871009e99f1b04e3a8411b","method":"GET","path":"/api/v1/approval-notifications","status":200,"duration_ms":3}
{"request_id":"rcc-32b250388cc70d2ba6eed439b2a6dd5d","method":"GET","path":"/api/v1/query-policies/:code","status":200,"duration_ms":4}
{"request_id":"rcc-9a23e978b4d9d9cfaecd8bcd4d6b3284","method":"POST","path":"/api/v1/query-policies/:code/activate","status":200,"duration_ms":8}
{"request_id":"rcc-55c9ec851f30c1dea389095b43cd5c3c","method":"GET","path":"/api/v1/query-policies","status":200,"duration_ms":2}
{"request_id":"rcc-f31648f83a26f7518717a741c00e31ed","method":"GET","path":"/api/v1/auth/session","status":200,"duration_ms":1}
{"request_id":"rcc-ea931cc10988de21babcc7302f262688","method":"GET","path":"/api/v1/query-policies","status":200,"duration_ms":3}
{"request_id":"rcc-b3f8c701d05d990fb0c07724c6f654ac","method":"GET","path":"/api/v1/query-policy-types","status":200,"duration_ms":3}
{"request_id":"rcc-cd456c626d90f7d88be24f9fbd5f8f80","method":"GET","path":"/api/v1/approval-notifications","status":200,"duration_ms":4}
{"request_id":"rcc-719a8075ad2bd3b0ce54a6971673d6b4","method":"GET","path":"/api/v1/database-tables","status":200,"duration_ms":9}
{"request_id":"rcc-f77875d947ad695257b0fc1d2c394081","method":"GET","path":"/api/v1/mutation-policy-types","status":200,"duration_ms":9}
{"request_id":"rcc-d9a8ba7b27829c666e41637fe55add39","method":"GET","path":"/api/v1/mutation-policies","status":200,"duration_ms":9}
{"request_id":"rcc-6466b83c35e74d9e811bb7193f360ddc","method":"GET","path":"/api/v1/table-policies","status":200,"duration_ms":6}
{"request_id":"rcc-aebdc515bfacd678ccecece5923ef812","method":"POST","path":"/api/v1/table-policies","status":201,"duration_ms":31}
{"request_id":"rcc-5391f59ea180f9e538c4e66b1e4509bf","method":"POST","path":"/api/v1/table-policies","status":201,"duration_ms":5}
{"request_id":"rcc-34c486580604b4c0618d142ed0f86451","method":"GET","path":"/api/v1/table-policies","status":200,"duration_ms":2}
{"request_id":"rcc-0a978269bbc483589d74e4903dfd8f4a","method":"GET","path":"/api/v1/database-tables","status":200,"duration_ms":6}
{"request_id":"rcc-46286178abdf47e4d370bc56d9ef6f49","method":"GET","path":"/api/v1/query-policy-types","status":200,"duration_ms":3}
{"request_id":"rcc-b62a92d0393dfc2de6494ea97746f7f2","method":"GET","path":"/api/v1/mutation-policy-types","status":200,"duration_ms":3}
{"request_id":"rcc-d1769cf7117e5074c3e97d7ecba7e9dc","method":"GET","path":"/api/v1/query-policies","status":200,"duration_ms":5}
{"request_id":"rcc-fa582eec44ef6f5f78f3ff3c40d13f21","method":"GET","path":"/api/v1/mutation-policies","status":200,"duration_ms":5}
{"request_id":"rcc-d48940fce9dfa0e158b880f572e99be3","method":"GET","path":"/api/v1/approval-notifications","status":200,"duration_ms":7}
{"request_id":"rcc-caf927d33f01dcadd344c170fdedb72b","method":"GET","path":"/api/v1/table-policies/:table_name","status":200,"duration_ms":7}
{"request_id":"rcc-f3af14a51595ff348ee6971879bd5b96","method":"GET","path":"/api/v1/auth/session","status":200,"duration_ms":2}
{"request_id":"rcc-fbfe9d7e02a56b891dc9c383d5baddde","method":"GET","path":"/api/v1/query-policy-types","status":200,"duration_ms":3}
{"request_id":"rcc-48d80007e5dec9e9ff8a1c82271e4865","method":"GET","path":"/api/v1/mutation-policy-types","status":200,"duration_ms":3}
{"request_id":"rcc-b3a18027b4bf80f2ff4f5ba808c64782","method":"GET","path":"/api/v1/query-policies","status":200,"duration_ms":4}
{"request_id":"rcc-dc6c4f06ebb43fa304cd61f61cd6099c","method":"GET","path":"/api/v1/mutation-policies","status":200,"duration_ms":3}
{"request_id":"rcc-11a47a1baf48b453d7f1c924b78ad062","method":"GET","path":"/api/v1/approval-notifications","status":200,"duration_ms":5}
{"request_id":"rcc-3767569af05d78e409da2a016e0c4c62","method":"GET","path":"/api/v1/database-tables","status":200,"duration_ms":9}
{"request_id":"rcc-f127f4bee4911408f3a51ef44ee780ae","method":"GET","path":"/api/v1/table-policies/:table_name","status":200,"duration_ms":8}
{"request_id":"rcc-b71c56de09590bfdf5c4248e89b673ba","method":"GET","path":"/api/v1/table-policies","status":200,"duration_ms":4}
{"request_id":"rcc-e4b4a63d84b9c70c64786a08bf94e1a2","method":"PUT","path":"/api/v1/table-policies/:table_name","status":200,"duration_ms":26}
{"request_id":"rcc-e0cdcd415efca71c2a36a7154d5ff13f","method":"PUT","path":"/api/v1/table-policies/:table_name","status":200,"duration_ms":6}
{"request_id":"rcc-14e9540ece444b7b54d6d740b10e8691","method":"GET","path":"/api/v1/table-policies","status":200,"duration_ms":2}
{"request_id":"rcc-6c870513c317707ab4553133724b0fad","method":"GET","path":"/api/v1/table-policies/:table_name","status":200,"duration_ms":3}
{"request_id":"rcc-5f41325e228a7adf127239aa0b794827","method":"GET","path":"/api/v1/database-tables","status":200,"duration_ms":6}
{"request_id":"rcc-f93a3954dd92717c758979fcae89afe4","method":"GET","path":"/api/v1/query-policy-types","status":200,"duration_ms":1}
{"request_id":"rcc-e78f45cf270a92cd00d5f1e4591ee43a","method":"GET","path":"/api/v1/query-policies","status":200,"duration_ms":3}
{"request_id":"rcc-7031c25a2211172761590a952e95a7b2","method":"GET","path":"/api/v1/mutation-policy-types","status":200,"duration_ms":3}
{"request_id":"rcc-45e45b849326adaa0c593f8ea12d3aa8","method":"GET","path":"/api/v1/approval-notifications","status":200,"duration_ms":4}
{"request_id":"rcc-25dd400f5313a76cc7d5930ce3d9eab7","method":"GET","path":"/api/v1/mutation-policies","status":200,"duration_ms":4}
{"request_id":"rcc-1b1b99773d2d19ef77428ebda0e1ad15","method":"GET","path":"/api/v1/auth/session","status":200,"duration_ms":2}
{"request_id":"rcc-35b88b22b5b4d8cbd8331eae03f1427f","method":"GET","path":"/api/v1/query-policy-types","status":200,"duration_ms":2}
{"request_id":"rcc-57d0343b79690746de3b7927b49ab333","method":"GET","path":"/api/v1/mutation-policy-types","status":200,"duration_ms":2}
{"request_id":"rcc-0d2f996abb3d124b5bb457a1289ae1bf","method":"GET","path":"/api/v1/mutation-policies","status":200,"duration_ms":3}
{"request_id":"rcc-9531c48082bf3b6d46ccae20c865eeef","method":"GET","path":"/api/v1/query-policies","status":200,"duration_ms":5}
{"request_id":"rcc-bbb5968032ce08759a506c64e7f6bd8d","method":"GET","path":"/api/v1/approval-notifications","status":200,"duration_ms":7}
{"request_id":"rcc-7ca1953c173636c78b8670fc2fa46ec4","method":"GET","path":"/api/v1/table-policies/:table_name","status":200,"duration_ms":7}
{"request_id":"rcc-35d40dc840c7cc710f143383afb4f816","method":"GET","path":"/api/v1/database-tables","status":200,"duration_ms":9}
{"request_id":"rcc-04dfad8210a67c1f7986fc3e40096d7d","method":"GET","path":"/api/v1/table-policies","status":200,"duration_ms":8}
{"request_id":"rcc-b533d11b47109f86476cb2f6a5dad9e7","method":"POST","path":"/api/v1/table-policies/:table_name/enable","status":200,"duration_ms":22}
{"request_id":"rcc-cbae8208d9f9248aa5f1cd88f50c1f1c","method":"POST","path":"/api/v1/table-policies/:table_name/enable","status":200,"duration_ms":5}
{"request_id":"rcc-98c0c35d518d79e085aeab708a55036c","method":"GET","path":"/api/v1/table-policies","status":200,"duration_ms":2}
{"request_id":"rcc-20382cb7a2d6e132007e9ac55e3bdfbb","method":"GET","path":"/api/v1/table-policies/:table_name","status":200,"duration_ms":3}
{"request_id":"rcc-b9f0c1303cb64709afbc49ede5630aff","method":"GET","path":"/api/v1/database-tables","status":200,"duration_ms":6}
{"request_id":"rcc-dc3f56f46d18a2868bb35b2038dcbadc","method":"GET","path":"/api/v1/auth/session","status":200,"duration_ms":1}
{"request_id":"rcc-9fd9bcfa3120ed1f3a590cb06b66aa90","method":"GET","path":"/api/v1/query-policy-types","status":200,"duration_ms":2}
{"request_id":"rcc-f99faff4a0f3c0ee0608bcf0c8aa371f","method":"GET","path":"/api/v1/mutation-policy-types","status":200,"duration_ms":2}
{"request_id":"rcc-af7a3e47754cbc5572f6f3e4e813b579","method":"GET","path":"/api/v1/mutation-policies","status":200,"duration_ms":3}
{"request_id":"rcc-7903e54a1a88f34bcc30ede4239f8b3a","method":"GET","path":"/api/v1/query-policies","status":200,"duration_ms":4}
{"request_id":"rcc-31b9396fb0095cbc1da1bc93181d6e9b","method":"GET","path":"/api/v1/approval-notifications","status":200,"duration_ms":9}
{"request_id":"rcc-be5783b7324c4cccccb5343161e07f65","method":"GET","path":"/api/v1/table-policies/:table_name","status":200,"duration_ms":8}
{"request_id":"rcc-2e3ab279415040e5ddc91610bd612842","method":"GET","path":"/api/v1/table-policies","status":200,"duration_ms":4}
{"request_id":"rcc-fbd1bfc6a6b04aa9cbb2e327f4e5a90e","method":"GET","path":"/api/v1/database-tables","status":200,"duration_ms":9}
{"request_id":"rcc-7a422fafb26bad2d34de6f124a0e117e","method":"POST","path":"/api/v1/table-policies/:table_name/disable","status":200,"duration_ms":10}
{"request_id":"rcc-118680da3f1ca8755ac296f4c0f05a08","method":"POST","path":"/api/v1/table-policies/:table_name/disable","status":200,"duration_ms":5}
{"request_id":"rcc-6bcadd5e535b07eca339a3c306ca12e2","method":"GET","path":"/api/v1/table-policies","status":200,"duration_ms":2}
{"request_id":"rcc-0ce2cbd6996518a80b04537f3d780bb5","method":"GET","path":"/api/v1/table-policies/:table_name","status":200,"duration_ms":3}
{"request_id":"rcc-4db14d27935851494d750e83d3ad5321","method":"GET","path":"/api/v1/database-tables","status":200,"duration_ms":6}
