{"request_id":"rcc-f70864da1b6c91089d878995da00f045","method":"GET","path":"/api/v1/query-policies","status":401,"duration_ms":0}
{"request_id":"rcc-d72f5eb7fd4d884388414efd5962cb96","method":"GET","path":"/api/v1/query-policies","status":401,"duration_ms":0}
{"request_id":"rcc-e12439d148ed55f5067a4a42c4de9b08","method":"GET","path":"/api/v1/query-policies","status":401,"duration_ms":0}
{"request_id":"rcc-2e12aebcbf4b2e69d6cb3c5e3843cb14","method":"GET","path":"/api/v1/auth/csrf","status":200,"duration_ms":8}
{"request_id":"rcc-9c5c61c672ebccb1ffa0942780bfdef4","method":"POST","path":"/api/v1/auth/register","status":201,"duration_ms":50}
{"request_id":"rcc-3b4faa1ce40b68eeea6c385b30b8ff8c","method":"GET","path":"/api/v1/auth/session","status":200,"duration_ms":1}
{"request_id":"rcc-6087e09d86d5e3418bdccdc676584d89","method":"GET","path":"/api/v1/account-roles","status":200,"duration_ms":2}
{"request_id":"rcc-53b8aa0698ec869376783b368fe8e99c","method":"GET","path":"/api/v1/query-policies","status":200,"duration_ms":1}
{"request_id":"rcc-a4e0ae315c026889b5def46d5d8f620f","method":"POST","path":"/api/v1/tables/:table_name/query","status":403,"duration_ms":1}
{"request_id":"rcc-7251222c88f6383bf63eac3b9f949d58","method":"GET","path":"/api/v1/auth/session","status":200,"duration_ms":1}
{"request_id":"rcc-1fe329d2db7d3ba7e163958c147acb77","method":"POST","path":"/api/v1/tables/:table_name/query","status":200,"duration_ms":31}
{"request_id":"rcc-57d7e86380b075fdc8722f3056bb0ff6","method":"GET","path":"/api/v1/auth/session","status":200,"duration_ms":0}
{"request_id":"rcc-9f21cd73a6fefcd2c1ee44c08d4229dc","method":"POST","path":"/api/v1/auth/logout","status":204,"duration_ms":4}
{"request_id":"rcc-e9b6244416c3078ff487da43cc7d57cb","method":"GET","path":"/api/v1/query-policies","status":401,"duration_ms":0}
{"request_id":"rcc-9c4124baa11e4159c505ea50ea2a08e1","method":"GET","path":"/api/v1/auth/csrf","status":200,"duration_ms":7}
{"request_id":"rcc-e9679058dd9117c96ad4d7a049514019","method":"POST","path":"/api/v1/auth/register","status":201,"duration_ms":51}
{"request_id":"rcc-f041c71a151c2d0b615cb3bbdb4c8a89","method":"GET","path":"/api/v1/auth/session","status":200,"duration_ms":1}
{"request_id":"rcc-7d632efddeb1edcaa35edb2716092aca","method":"GET","path":"/api/v1/account-roles","status":200,"duration_ms":1}
{"request_id":"rcc-77e341678e4a9338d0c22762a64a4303","method":"GET","path":"/api/v1/auth/session","status":200,"duration_ms":0}
{"request_id":"rcc-70ba4cf8105d01d1bd8854fd3533f2f3","method":"POST","path":"/api/v1/mutation-policies","status":201,"duration_ms":3}
{"request_id":"rcc-7b528ed1dbae12a0da5114f31bb95de2","method":"GET","path":"/api/v1/auth/session","status":200,"duration_ms":0}
{"request_id":"rcc-ad73a9742ac44c4c3cefd05520d62a24","method":"POST","path":"/api/v1/mutation-policies/:code/activate","status":200,"duration_ms":5}
{"request_id":"rcc-548c1524eed4e3a612eef3c8d00a566e","method":"GET","path":"/api/v1/auth/session","status":200,"duration_ms":1}
{"request_id":"rcc-b89db22c409bf955fb02b4679b566293","method":"POST","path":"/api/v1/table-policies","status":201,"duration_ms":14}
{"request_id":"rcc-81f3e5fe8c031bf5f5b3fcaa81e7fd88","method":"GET","path":"/api/v1/auth/session","status":200,"duration_ms":0}
{"request_id":"rcc-d74456cc6044dd76d864ddf684ceafb5","method":"POST","path":"/api/v1/table-policies/:table_name/enable","status":200,"duration_ms":12}
{"request_id":"rcc-0da7f14d77aae6fa6903e975e194858f","method":"GET","path":"/api/v1/auth/session","status":200,"duration_ms":0}
{"request_id":"rcc-6a9f0e60263a8cf198096a1c477234c4","method":"PUT","path":"/api/v1/table-policies/:table_name/release-templates/:release_type","status":200,"duration_ms":8}
{"request_id":"rcc-13822cbd861f371bfd16c84db25e4065","method":"GET","path":"/api/v1/auth/session","status":200,"duration_ms":2}
{"request_id":"rcc-41443b168228b316cd73de8fdea292a0","method":"GET","path":"/api/v1/approval-notifications","status":200,"duration_ms":9}
{"request_id":"rcc-2cd7ad48c176fca70f0dded44f245695","method":"GET","path":"/api/v1/mutation-policy-types","status":200,"duration_ms":11}
{"request_id":"rcc-aaf1163daca220e0c66337b77278f8ec","method":"GET","path":"/api/v1/query-policies","status":200,"duration_ms":12}
{"request_id":"rcc-b0ce04dafdd4e59d7e8091e6413b2a73","method":"GET","path":"/api/v1/mutation-policies","status":200,"duration_ms":13}
{"request_id":"rcc-5de031aa71f1b8377b4a052a7e3e5a9d","method":"GET","path":"/api/v1/query-policy-types","status":200,"duration_ms":14}
{"request_id":"rcc-54c941f77236a8cf840ab94c28382931","method":"GET","path":"/api/v1/table-policies/:table_name","status":200,"duration_ms":6}
{"request_id":"rcc-b8b6072851a73b8ca3155b4accd3a24a","method":"GET","path":"/api/v1/table-policies","status":200,"duration_ms":7}
{"request_id":"rcc-e77ca934210e3ec6f902460cafad235b","method":"GET","path":"/api/v1/database-tables","status":200,"duration_ms":28}
{"request_id":"rcc-6a822020d3a6b001399eb1ae068d9e9c","method":"POST","path":"/api/v1/auth/activity","status":200,"duration_ms":9}
{"request_id":"rcc-51a6c7f2a3f8bf3e2c7bfb65ee39f256","method":"GET","path":"/api/v1/table-policies/:table_name/concurrency-key-fields","status":200,"duration_ms":7}
{"request_id":"rcc-97b20946a958e442e875704a7de7ea9e","method":"PUT","path":"/api/v1/table-policies/:table_name","status":200,"duration_ms":32}
{"request_id":"rcc-712e5f7783ba6b2f57e8566eaf2d4250","method":"GET","path":"/api/v1/table-policies","status":200,"duration_ms":2}
{"request_id":"rcc-72a8d25d0547a93caca581edd118351a","method":"GET","path":"/api/v1/table-policies/:table_name","status":200,"duration_ms":4}
{"request_id":"rcc-0f69e3a5dbcf90ee5c21d136664ecce9","method":"GET","path":"/api/v1/database-tables","status":200,"duration_ms":7}
{"request_id":"rcc-4e932b7dc50e1fc0c5a8742e3ad88b97","method":"GET","path":"/api/v1/query-policy-types","status":200,"duration_ms":2}
{"request_id":"rcc-58f0a169a5604b3a8292a79d12632205","method":"GET","path":"/api/v1/mutation-policy-types","status":200,"duration_ms":4}
{"request_id":"rcc-581901608e48a48d6a907dac7c6b6b4e","method":"GET","path":"/api/v1/query-policies","status":200,"duration_ms":4}
{"request_id":"rcc-8acca09de70ac0ffa8e396884f42dc0c","method":"GET","path":"/api/v1/mutation-policies","status":200,"duration_ms":5}
{"request_id":"rcc-4898ea769eab248f1f5271c0702abf32","method":"GET","path":"/api/v1/approval-notifications","status":200,"duration_ms":7}
{"request_id":"rcc-e7003d44cf79d536ee647f1dfcedaa84","method":"GET","path":"/api/v1/query-policy-types","status":200,"duration_ms":2}
{"request_id":"rcc-e95abf82498adb879c2a8b9ea18331a4","method":"GET","path":"/api/v1/mutation-policy-types","status":200,"duration_ms":2}
{"request_id":"rcc-e9a30d43380a0d85852439010238f65d","method":"GET","path":"/api/v1/mutation-policies","status":200,"duration_ms":5}
{"request_id":"rcc-2ae3b816f8d01563d1a964f94b4b9293","method":"GET","path":"/api/v1/query-policies","status":200,"duration_ms":5}
{"request_id":"rcc-355306009a7503bd4df5e9ee3e02af93","method":"GET","path":"/api/v1/approval-notifications","status":200,"duration_ms":5}
{"request_id":"rcc-9e000f84e54399474720b55dd7494b21","method":"GET","path":"/api/v1/table-policies/:table_name","status":200,"duration_ms":6}
{"request_id":"rcc-e9e97e360f87445e68bf5eb34af13f1e","method":"GET","path":"/api/v1/database-tables","status":200,"duration_ms":10}
{"request_id":"rcc-570b467c6ee6081e5c8c2017466fdd77","method":"PUT","path":"/api/v1/table-policies/:table_name","status":200,"duration_ms":27}
{"request_id":"rcc-7df73207b0e57f32c0e5c55ed6b62f25","method":"GET","path":"/api/v1/table-policies","status":200,"duration_ms":2}
{"request_id":"rcc-faaeaf0571ed7cbc42867afc48f18aa2","method":"GET","path":"/api/v1/table-policies/:table_name","status":200,"duration_ms":3}
{"request_id":"rcc-7307982e3e8d91554afb311df5e05e15","method":"GET","path":"/api/v1/database-tables","status":200,"duration_ms":10}
{"request_id":"rcc-887ccb2448973b642c8c642298aa1411","method":"GET","path":"/api/v1/query-policy-types","status":200,"duration_ms":3}
{"request_id":"rcc-fcbcacfa8892cff50782bc292f84b7cb","method":"GET","path":"/api/v1/mutation-policy-types","status":200,"duration_ms":3}
{"request_id":"rcc-063dd2f28a0b3022ce4527f4c7703903","method":"GET","path":"/api/v1/query-policies","status":200,"duration_ms":6}
{"request_id":"rcc-f23ac4c8b05847de3b3e44c5792505db","method":"GET","path":"/api/v1/mutation-policies","status":200,"duration_ms":6}
{"request_id":"rcc-f1f049fee5bde01eb57bd6b50b06b30d","method":"GET","path":"/api/v1/approval-notifications","status":200,"duration_ms":7}
{"request_id":"rcc-f04fba0a0e9c4f97b62bcc81c722e628","method":"GET","path":"/api/v1/auth/csrf","status":200,"duration_ms":9}
{"request_id":"rcc-ffe8d793f2bb76c13411ffb9e261bf5f","method":"POST","path":"/api/v1/auth/register","status":201,"duration_ms":47}
{"request_id":"rcc-618f779728b97a994d197b13ecb8e10c","method":"GET","path":"/api/v1/auth/session","status":200,"duration_ms":1}
{"request_id":"rcc-6aad8fdf1a54834e8b5c17c1e6c54d17","method":"GET","path":"/api/v1/account-roles","status":200,"duration_ms":2}
{"request_id":"rcc-054fd8e9e3c2b4bbaa70ecb829efac0f","method":"GET","path":"/api/v1/auth/session","status":200,"duration_ms":1}
{"request_id":"rcc-b7c4ad5b2d9f1327d5b172f699eb798c","method":"PUT","path":"/api/v1/account-roles/:id","status":200,"duration_ms":14}
{"request_id":"rcc-87ab04bb4c8bee35a30c0bd34d16743f","method":"GET","path":"/api/v1/auth/session","status":200,"duration_ms":1}
{"request_id":"rcc-cfc3fd408517e80ee6bc1dc6e962a450","method":"GET","path":"/api/v1/approval-notifications","status":200,"duration_ms":4}
{"request_id":"rcc-730463cc790683f9a1c91981d7024771","method":"GET","path":"/api/v1/release-orders","status":200,"duration_ms":5}
{"request_id":"rcc-137f3d96f6d25ef0a442dd8aa4166eac","method":"POST","path":"/api/v1/auth/activity","status":200,"duration_ms":15}
{"request_id":"rcc-983c43ed3257e31f72baa91c90b32bf4","method":"POST","path":"/api/v1/release-orders","status":201,"duration_ms":18}
{"request_id":"rcc-da9a1c1a053319164e777fc68e57f12f","method":"GET","path":"/api/v1/approval-notifications","status":200,"duration_ms":2}
{"request_id":"rcc-6be16fdcfce42a9c21913b842427ba1c","method":"GET","path":"/api/v1/release-orders","status":200,"duration_ms":6}
{"request_id":"rcc-6211f9012e729f5e7d0dd43ee32ee09e","method":"GET","path":"/api/v1/approval-notifications","status":200,"duration_ms":2}
{"request_id":"rcc-2b9e47a256d0658f5d14869d962a3053","method":"GET","path":"/api/v1/release-orders/:id","status":200,"duration_ms":7}
{"request_id":"rcc-2eaffe2510811601c016e61f404b54f0","method":"GET","path":"/api/v1/release-orders/:id/details","status":200,"duration_ms":8}
{"request_id":"rcc-af4ab4fba6978af6bccba2b8ce7330e7","method":"GET","path":"/api/v1/release-orders/:id/people","status":200,"duration_ms":10}
{"request_id":"rcc-4e3edec4281fcdeacca15d2a59d5f90f","method":"GET","path":"/api/v1/auth/session","status":200,"duration_ms":1}
{"request_id":"rcc-8366f72150ecd8ed7e93e91781a9817e","method":"GET","path":"/api/v1/release-orders/:id","status":200,"duration_ms":6}
{"request_id":"rcc-271fc6bb1532b009b33bb01771bd7677","method":"GET","path":"/api/v1/auth/session","status":200,"duration_ms":1}
{"request_id":"rcc-dc0a91519627ceebd8b4067ab34a8fd1","method":"PUT","path":"/api/v1/release-orders/:id","status":200,"duration_ms":140}
{"request_id":"rcc-72c06c2c06f3483a9c7b1fb164484ad2","method":"GET","path":"/api/v1/auth/session","status":200,"duration_ms":1}
{"request_id":"rcc-e1722cfded2ca7bb221eeaeda28d4c77","method":"POST","path":"/api/v1/release-orders","status":201,"duration_ms":33}
{"request_id":"rcc-34faecca7906f6822ab0552a66edac86","method":"GET","path":"/api/v1/auth/session","status":200,"duration_ms":2}
{"request_id":"rcc-87b366ea6995fbbdda73b104bdb98941","method":"GET","path":"/api/v1/approval-notifications","status":200,"duration_ms":4}
{"request_id":"rcc-8541f3600b1efa2e3f4bfb732417b7c7","method":"GET","path":"/api/v1/release-orders/:id","status":200,"duration_ms":10}
{"request_id":"rcc-f1f4d4c031ed4fd2597cf16907d54e3a","method":"GET","path":"/api/v1/table-field-policies/:table_name","status":200,"duration_ms":6}
{"request_id":"rcc-2331624c55e3f1d48667c09860520db4","method":"GET","path":"/api/v1/release-orders/:id/details","status":200,"duration_ms":8}
{"request_id":"rcc-2a48b35fdbdc6af9448c316fbc2ef069","method":"GET","path":"/api/v1/release-orders/:id/people","status":200,"duration_ms":12}
{"request_id":"rcc-6ecb78ffb19b0bd98dd27db071fcdb9d","method":"GET","path":"/api/v1/release-orders/:id/details","status":200,"duration_ms":8}
{"request_id":"rcc-bc8cbccc7f27d7d24a4155f3e5a48319","method":"PUT","path":"/api/v1/release-orders/:id","status":409,"duration_ms":91}
{"request_id":"rcc-c44d648ec67fb5af0da3ceb1b401f969","method":"GET","path":"/api/v1/approval-notifications","status":200,"duration_ms":3}
{"request_id":"rcc-39f7fad7dde56ed31929b113044593e9","method":"GET","path":"/api/v1/release-orders/:id","status":200,"duration_ms":10}
{"request_id":"rcc-bdc94037f8c7fd75f9c05bedd53408ac","method":"GET","path":"/api/v1/release-orders/:id/people","status":200,"duration_ms":11}
{"request_id":"rcc-5e00f97e89bf01da119c3e6bc8ba590d","method":"GET","path":"/api/v1/release-orders/:id","status":200,"duration_ms":15}
{"request_id":"rcc-e073cb9acf404a8fc370cfb1e6105e19","method":"GET","path":"/api/v1/release-orders/:id/details","status":200,"duration_ms":6}
{"request_id":"rcc-a3dd67406401254e205fe5773d6928e1","method":"GET","path":"/api/v1/table-field-policies/:table_name","status":200,"duration_ms":6}
{"request_id":"rcc-2c7904fe11c551f638ea33029004b432","method":"PUT","path":"/api/v1/release-orders/:id","status":200,"duration_ms":183}
{"request_id":"rcc-eb4f0b32fedbab2b69af2f3ba46d2693","method":"GET","path":"/api/v1/approval-notifications","status":200,"duration_ms":3}
{"request_id":"rcc-38d9c7593033c1e42309e0d7950cce94","method":"GET","path":"/api/v1/release-orders/:id","status":200,"duration_ms":10}
{"request_id":"rcc-eaf81891f7568e084f5f0744c2eda7c1","method":"GET","path":"/api/v1/release-orders/:id/people","status":200,"duration_ms":12}
{"request_id":"rcc-4906dd60280b790c984cccbf114cee6b","method":"GET","path":"/api/v1/release-orders/:id/details","status":200,"duration_ms":7}
{"request_id":"rcc-b472c95631ecb81c8a72afd57c97b403","method":"GET","path":"/api/v1/auth/session","status":200,"duration_ms":1}
{"request_id":"rcc-e163412793828c56e0f42484d8903061","method":"GET","path":"/api/v1/release-orders/:id","status":200,"duration_ms":7}
{"request_id":"rcc-f39b14abf64b606ea9af9cbdc61ffb64","method":"GET","path":"/api/v1/auth/session","status":200,"duration_ms":1}
{"request_id":"rcc-6fbbed92b03a83f529a412522bfaea56","method":"GET","path":"/api/v1/release-orders/:id/details","status":200,"duration_ms":8}
{"request_id":"rcc-5d45a2bbb83416ff8a194d28a059d126","method":"GET","path":"/api/v1/auth/session","status":200,"duration_ms":1}
{"request_id":"rcc-58403267bdff5d50b1773ec663d601cf","method":"GET","path":"/api/v1/approval-notifications","status":200,"duration_ms":2}
{"request_id":"rcc-ea37e7fc5281c326936e824fc28bcace","method":"GET","path":"/api/v1/release-orders/:id","status":200,"duration_ms":9}
{"request_id":"rcc-03363140adf65736aac1f19e58a749e1","method":"GET","path":"/api/v1/table-field-policies/:table_name","status":200,"duration_ms":7}
{"request_id":"rcc-66d3671898daf350429b9d7c1a468276","method":"GET","path":"/api/v1/release-orders/:id/details","status":200,"duration_ms":7}
{"request_id":"rcc-3efd4a638138a95eb3a6d68297a0abb7","method":"GET","path":"/api/v1/release-orders/:id/people","status":200,"duration_ms":11}
{"request_id":"rcc-968b0b0cae59d946d57065f4412a9e96","method":"GET","path":"/api/v1/release-orders/:id/details","status":200,"duration_ms":7}
{"request_id":"rcc-e397488d9f3f83ba3b692703a7bfcad1","method":"GET","path":"/api/v1/release-orders/:id/details","status":200,"duration_ms":8}
{"request_id":"rcc-d5bdb66b3e60fac504c06138cce05039","method":"PUT","path":"/api/v1/release-orders/:id","status":200,"duration_ms":195}
{"request_id":"rcc-c3569b9921f2652c9295b4431b5a2004","method":"GET","path":"/api/v1/approval-notifications","status":200,"duration_ms":3}
{"request_id":"rcc-e60f6a784f7dc5f7005f454bce473258","method":"GET","path":"/api/v1/release-orders/:id","status":200,"duration_ms":21}
{"request_id":"rcc-29d9c9ef4e4ef353019a86deb0499a1f","method":"GET","path":"/api/v1/release-orders/:id/people","status":200,"duration_ms":22}
{"request_id":"rcc-7d5beb2bb302ec9234cbf55536475e4c","method":"GET","path":"/api/v1/release-orders/:id/details","status":200,"duration_ms":7}
{"request_id":"rcc-078e6ff0ff0fc2045571a10ebc1cccb9","method":"PUT","path":"/api/v1/release-orders/:id","status":409,"duration_ms":12}
{"request_id":"rcc-d208c0c4d446d079f26bfd63bce92a5d","method":"GET","path":"/api/v1/approval-notifications","status":200,"duration_ms":9}
{"request_id":"rcc-f0f48168ff0dca80916c4174f6583374","method":"GET","path":"/api/v1/release-orders/:id","status":200,"duration_ms":19}
{"request_id":"rcc-53611ca759e11589460528b7ab2a7016","method":"GET","path":"/api/v1/release-orders/:id/details","status":200,"duration_ms":5}
{"request_id":"rcc-015dc745bd045c3c1a4792501fa5460e","method":"GET","path":"/api/v1/release-orders/:id","status":200,"duration_ms":8}
{"request_id":"rcc-651081e5f4e1c7c423c66b838bf7babc","method":"GET","path":"/api/v1/release-orders/:id/details","status":200,"duration_ms":6}
{"request_id":"rcc-bd056a8ebf4891ef9302b368e6d71ebe","method":"GET","path":"/api/v1/table-field-policies/:table_name","status":200,"duration_ms":5}
{"request_id":"rcc-1ae660605aed9dd21d9b22f798b582fb","method":"PUT","path":"/api/v1/release-orders/:id","status":200,"duration_ms":187}
{"request_id":"rcc-d9a7720350a18de4e30ec20b60c6a9d4","method":"GET","path":"/api/v1/approval-notifications","status":200,"duration_ms":4}
{"request_id":"rcc-848f237514c8e8191dae47136296c5b2","method":"GET","path":"/api/v1/release-orders/:id","status":200,"duration_ms":12}
{"request_id":"rcc-4a36e1f411fca13460bd14b5f0b1dabe","method":"GET","path":"/api/v1/release-orders/:id/people","status":200,"duration_ms":12}
{"request_id":"rcc-39935c4e3a9450ca4e18376d23465982","method":"GET","path":"/api/v1/release-orders/:id/details","status":200,"duration_ms":5}
{"request_id":"rcc-68c854e27210a838dac040eb8fab3888","method":"GET","path":"/api/v1/auth/session","status":200,"duration_ms":1}
{"request_id":"rcc-811aa9e3e19731753320469fd63a1cd0","method":"GET","path":"/api/v1/release-orders/:id","status":200,"duration_ms":7}
{"request_id":"rcc-958923ebdee9288fbc88770e81feb294","method":"GET","path":"/api/v1/auth/session","status":200,"duration_ms":1}
{"request_id":"rcc-0e42872c7fefa9be7093987235cc2801","method":"GET","path":"/api/v1/release-orders/:id/details","status":200,"duration_ms":5}
{"request_id":"rcc-53c39dde9f4b8070cf6c02b0620040e7","method":"GET","path":"/api/v1/release-orders/:id/details","status":200,"duration_ms":8}
{"request_id":"rcc-229ef8e68d52f1703e15a44d7a286997","method":"PUT","path":"/api/v1/release-orders/:id","status":200,"duration_ms":167}
{"request_id":"rcc-b4034275c16cb1ddb836d8e1f7bd1dac","method":"GET","path":"/api/v1/approval-notifications","status":200,"duration_ms":2}
{"request_id":"rcc-c8973c58abf493774703d0041585c593","method":"GET","path":"/api/v1/release-orders/:id","status":200,"duration_ms":10}
{"request_id":"rcc-757e4b81171c07911b07f72dc4dcb576","method":"GET","path":"/api/v1/release-orders/:id/people","status":200,"duration_ms":11}
{"request_id":"rcc-43d28d1e3ade2bd167ab107d9d8a99ef","method":"GET","path":"/api/v1/auth/session","status":200,"duration_ms":4}
{"request_id":"rcc-1b61184ddb3bb8d04f88e8fc59a99687","method":"GET","path":"/api/v1/release-orders/:id/details","status":200,"duration_ms":6}
{"request_id":"rcc-bfe8f3bca2e08590cd1c1c81a266b609","method":"GET","path":"/api/v1/release-orders/:id","status":200,"duration_ms":7}
{"request_id":"rcc-039d2a582d25fc04b436e284e8ebb2d6","method":"GET","path":"/api/v1/auth/session","status":200,"duration_ms":1}
{"request_id":"rcc-5161e9847c8a05e3b1dd8f4ca1b0dcbb","method":"GET","path":"/api/v1/release-orders/:id/details","status":200,"duration_ms":6}
{"request_id":"rcc-42b6ae5b7f5fa18e49fa0789beef7ee5","method":"GET","path":"/api/v1/auth/session","status":200,"duration_ms":2}
{"request_id":"rcc-125aa938ba8977dc13bb16f592c24765","method":"GET","path":"/api/v1/mutation-policy-types","status":200,"duration_ms":2}
{"request_id":"rcc-93ddfffb183d0eda8906c517662c182f","method":"GET","path":"/api/v1/query-policy-types","status":200,"duration_ms":2}
{"request_id":"rcc-c48fb25d07e3b715d5dc34198d37c1cc","method":"GET","path":"/api/v1/query-policies","status":200,"duration_ms":3}
{"request_id":"rcc-fc4072deeab8c242161fe55eed841a17","method":"GET","path":"/api/v1/mutation-policies","status":200,"duration_ms":7}
{"request_id":"rcc-f3567340efa3f542d33f727327314b17","method":"GET","path":"/api/v1/approval-notifications","status":200,"duration_ms":9}
{"request_id":"rcc-3844e9eb6117415e1ff027b5e54b46b0","method":"GET","path":"/api/v1/database-tables","status":200,"duration_ms":11}
{"request_id":"rcc-e263f65eef36dbf3e17b8ca44e885d23","method":"GET","path":"/api/v1/table-policies","status":200,"duration_ms":3}
{"request_id":"rcc-2d12134b3fed8e6e72818aa6ae1058c4","method":"GET","path":"/api/v1/table-policies/:table_name","status":200,"duration_ms":5}
{"request_id":"rcc-07a99ac9bfba173b551c6b81878fc51a","method":"PUT","path":"/api/v1/table-policies/:table_name","status":409,"duration_ms":17}
{"request_id":"rcc-db9bf0e7c927476f2c6ff867b67c9711","method":"GET","path":"/api/v1/auth/session","status":200,"duration_ms":2}
{"request_id":"rcc-e171b4d84c59c2e6751f13ee44b0b000","method":"GET","path":"/api/v1/approval-notifications","status":200,"duration_ms":3}
{"request_id":"rcc-ca49d9df42a066cfa8e42853cb94af7c","method":"GET","path":"/api/v1/release-orders/:id","status":200,"duration_ms":11}
{"request_id":"rcc-47922d921d67778fede3111557268ac6","method":"GET","path":"/api/v1/table-field-policies/:table_name","status":200,"duration_ms":6}
{"request_id":"rcc-b64e2a1409e64bbb675b67c6856042f3","method":"GET","path":"/api/v1/release-orders/:id/details","status":200,"duration_ms":8}
{"request_id":"rcc-0e24d103b98335b8125e3aee6e781b8f","method":"GET","path":"/api/v1/release-orders/:id/people","status":200,"duration_ms":11}
{"request_id":"rcc-f2ce07e21229bfdedcc2335cc4853d6d","method":"GET","path":"/api/v1/release-orders/:id/details","status":200,"duration_ms":17}
{"request_id":"rcc-2d8e6d49ca7c376ca07685ab290cb970","method":"POST","path":"/api/v1/release-orders/:id/cancel","status":200,"duration_ms":82}
{"request_id":"rcc-7cc5a7b81b170b894f857bc2f504575f","method":"GET","path":"/api/v1/approval-notifications","status":200,"duration_ms":4}
{"request_id":"rcc-d10d77fcfa50455914682283637dcb3d","method":"GET","path":"/api/v1/release-orders/:id","status":200,"duration_ms":15}
{"request_id":"rcc-734930858c1014ef46ea59f7b2b292a1","method":"GET","path":"/api/v1/release-orders/:id/people","status":200,"duration_ms":16}
{"request_id":"rcc-83ad507365cc41afbf1c5a55be33e616","method":"GET","path":"/api/v1/release-orders/:id/details","status":200,"duration_ms":6}
{"request_id":"rcc-bf5a0664394724d2de525b23e59dfd24","method":"GET","path":"/api/v1/auth/session","status":200,"duration_ms":1}
{"request_id":"rcc-340b2679464325b69a107df27539a367","method":"GET","path":"/api/v1/release-orders/:id","status":200,"duration_ms":5}
{"request_id":"rcc-9bd7adfe69315234d1256f420544895c","method":"GET","path":"/api/v1/auth/session","status":200,"duration_ms":1}
{"request_id":"rcc-2e812100c5c91231a4f45022afef6c9c","method":"POST","path":"/api/v1/release-orders/:id/cancel","status":200,"duration_ms":19}
{"request_id":"rcc-04b368898611ee3bc7f88e59ae5b2bed","method":"GET","path":"/api/v1/auth/session","status":200,"duration_ms":1}
{"request_id":"rcc-005eed58ccd614c3a94aeae63bcdeffa","method":"GET","path":"/api/v1/table-policies/:table_name","status":200,"duration_ms":1}
{"request_id":"rcc-19773fdf2991ce0d8f9d6fd528b0861b","method":"GET","path":"/api/v1/auth/session","status":200,"duration_ms":1}
{"request_id":"rcc-2c4fdfaff69c96c729bcad4ed8bd44b8","method":"PUT","path":"/api/v1/table-policies/:table_name","status":200,"duration_ms":24}
{"request_id":"rcc-814793720b1f92f4ecda31f0b4cc6d4d","method":"GET","path":"/api/v1/auth/csrf","status":200,"duration_ms":7}
{"request_id":"rcc-acf34e7bab0be3e30cb301c137348591","method":"POST","path":"/api/v1/auth/register","status":201,"duration_ms":45}
{"request_id":"rcc-77241fe2e2b7a5a79131a0da1552115f","method":"GET","path":"/api/v1/auth/session","status":200,"duration_ms":1}
{"request_id":"rcc-d5cc9bee68eb6453eaa89fb0cefc111e","method":"GET","path":"/api/v1/account-roles","status":200,"duration_ms":2}
{"request_id":"rcc-b01252d1a53af621153fb6e47c33a0f0","method":"GET","path":"/api/v1/auth/session","status":200,"duration_ms":1}
{"request_id":"rcc-e684ce239b76028533964593781cc107","method":"POST","path":"/api/v1/mutation-policies","status":201,"duration_ms":4}
{"request_id":"rcc-e0083e093cb722ba18666a3f5638267f","method":"GET","path":"/api/v1/auth/session","status":200,"duration_ms":1}
{"request_id":"rcc-7594f9d761b69278629dac915664653a","method":"POST","path":"/api/v1/mutation-policies/:code/activate","status":200,"duration_ms":6}
{"request_id":"rcc-17db1925de31788723eb9d6c704ddf58","method":"GET","path":"/api/v1/auth/session","status":200,"duration_ms":1}
{"request_id":"rcc-04b6e0f194a4d329cc2a34b8063fef4b","method":"POST","path":"/api/v1/table-policies","status":201,"duration_ms":18}
{"request_id":"rcc-44f49f9f7c1ada64ba7a3c769e6859de","method":"GET","path":"/api/v1/auth/session","status":200,"duration_ms":1}
{"request_id":"rcc-768882be46bcdfbcdeccc1dfe22dc7e0","method":"POST","path":"/api/v1/table-policies/:table_name/enable","status":200,"duration_ms":16}
{"request_id":"rcc-3c5cd01099d9872a41c4cae1cf5f2590","method":"GET","path":"/api/v1/auth/session","status":200,"duration_ms":1}
{"request_id":"rcc-e8b8b0a1c1b68803d502a31ea912950c","method":"PUT","path":"/api/v1/table-policies/:table_name/release-templates/:release_type","status":200,"duration_ms":12}
{"request_id":"rcc-29634a43eea4075bc17adeedb9cffb7a","method":"GET","path":"/api/v1/auth/session","status":200,"duration_ms":1}
{"request_id":"rcc-9b5434b90b746749110468bac214e85b","method":"POST","path":"/api/v1/table-policies","status":201,"duration_ms":20}
{"request_id":"rcc-2c6139803fe5885b220813795b4a31f6","method":"GET","path":"/api/v1/auth/session","status":200,"duration_ms":1}
{"request_id":"rcc-6c44833b0b60a79acb34b77aad0a06ee","method":"POST","path":"/api/v1/table-policies/:table_name/enable","status":200,"duration_ms":19}
{"request_id":"rcc-6c4b40b686c59397132e3e00131ac503","method":"GET","path":"/api/v1/auth/session","status":200,"duration_ms":1}
{"request_id":"rcc-981055bcc3951b6d67d4a2af59a612c6","method":"PUT","path":"/api/v1/table-policies/:table_name/release-templates/:release_type","status":200,"duration_ms":11}
{"request_id":"rcc-7e77213f807489a19d1d2850eba1268f","method":"GET","path":"/api/v1/auth/session","status":200,"duration_ms":1}
{"request_id":"rcc-4f75c44cc3dd62ae5ea52c69847ff3ef","method":"POST","path":"/api/v1/table-policies","status":201,"duration_ms":19}
{"request_id":"rcc-e1670c794183b4d47bfa9fd47dba58cc","method":"GET","path":"/api/v1/auth/session","status":200,"duration_ms":1}
{"request_id":"rcc-5663ac368c2c556d917444bc1e2b5962","method":"POST","path":"/api/v1/table-policies/:table_name/enable","status":200,"duration_ms":20}
{"request_id":"rcc-f7ab83e6664ba847e453dcae23d4883c","method":"GET","path":"/api/v1/auth/session","status":200,"duration_ms":1}
{"request_id":"rcc-510ead6a1f73c9c2ce687f57d8659bc3","method":"PUT","path":"/api/v1/table-policies/:table_name/release-templates/:release_type","status":200,"duration_ms":16}
{"request_id":"rcc-af738b98230f379f687dd06106629b01","method":"GET","path":"/api/v1/auth/session","status":200,"duration_ms":2}
{"request_id":"rcc-64833f2a7f54adbde1e87d87f6ddfedc","method":"GET","path":"/api/v1/query-policy-types","status":200,"duration_ms":3}
{"request_id":"rcc-f77380e030704b3e43261c2b3f11a4a8","method":"GET","path":"/api/v1/mutation-policy-types","status":200,"duration_ms":3}
{"request_id":"rcc-826aaf5c7516829ef5db63cf2ba4ba97","method":"GET","path":"/api/v1/mutation-policies","status":200,"duration_ms":4}
{"request_id":"rcc-42be7e79cdfe0cad34f499f85a85ad82","method":"GET","path":"/api/v1/query-policies","status":200,"duration_ms":6}
{"request_id":"rcc-fd1b835bf03f281e051b5eb0792201a1","method":"GET","path":"/api/v1/table-policies","status":200,"duration_ms":6}
{"request_id":"rcc-cd4a56c322b8dc645d13ab222e64598d","method":"GET","path":"/api/v1/approval-notifications","status":200,"duration_ms":12}
{"request_id":"rcc-a35a5eff99f1a9301f333da9b4eabc71","method":"GET","path":"/api/v1/table-policies/:table_name","status":200,"duration_ms":7}
{"request_id":"rcc-58d391673fdc3650d843725e14947396","method":"GET","path":"/api/v1/database-tables","status":200,"duration_ms":15}
{"request_id":"rcc-82c32f18328354f62a1c8b870ae9c39f","method":"GET","path":"/api/v1/table-policies/:table_name/concurrency-key-fields","status":200,"duration_ms":6}
{"request_id":"rcc-85151079242fb6e3f1b056b18fa9f234","method":"POST","path":"/api/v1/auth/activity","status":200,"duration_ms":10}
{"request_id":"rcc-b8ae2702cd8d9bf2b0cfca0e6fc12723","method":"PUT","path":"/api/v1/table-policies/:table_name","status":200,"duration_ms":28}
{"request_id":"rcc-7701a2d149a61de5813fd6a5e256ea3c","method":"GET","path":"/api/v1/table-policies","status":200,"duration_ms":2}
{"request_id":"rcc-30bd168f39df795f4829d247f8276852","method":"GET","path":"/api/v1/table-policies/:table_name","status":200,"duration_ms":2}
{"request_id":"rcc-24886beb1b8443988e10c45151b4abd0","method":"GET","path":"/api/v1/database-tables","status":200,"duration_ms":5}
{"request_id":"rcc-9b49deb6d9c799fb90dbff17aa17a061","method":"GET","path":"/api/v1/mutation-policy-types","status":200,"duration_ms":1}
{"request_id":"rcc-61d2fb59db2383f9c4849ef2f6e295e4","method":"GET","path":"/api/v1/query-policy-types","status":200,"duration_ms":2}
{"request_id":"rcc-d961612f7b3d2b2f24c779f5d48a1e6f","method":"GET","path":"/api/v1/query-policies","status":200,"duration_ms":5}
{"request_id":"rcc-74532cf651cb9cc204c42cc1bac09a71","method":"GET","path":"/api/v1/mutation-policies","status":200,"duration_ms":5}
{"request_id":"rcc-cc88e954d96ac95c047bb84c30328470","method":"GET","path":"/api/v1/approval-notifications","status":200,"duration_ms":5}
{"request_id":"rcc-f417470fbbae8ad64393d1a841e50e38","method":"GET","path":"/api/v1/auth/session","status":200,"duration_ms":1}
{"request_id":"rcc-8aae9bffa1d0f3d98bf464f0251e9dd8","method":"GET","path":"/api/v1/table-policies/:table_name","status":200,"duration_ms":2}
{"request_id":"rcc-7c2f935cac071a0c986c3343b3c69a08","method":"GET","path":"/api/v1/auth/session","status":200,"duration_ms":2}
{"request_id":"rcc-be563ad044024cc180136461e634e7ce","method":"GET","path":"/api/v1/mutation-policy-types","status":200,"duration_ms":3}
{"request_id":"rcc-e7a37ea5b6dde54c0734b3b891e1877e","method":"GET","path":"/api/v1/query-policy-types","status":200,"duration_ms":3}
{"request_id":"rcc-88980890a29de9231e4f6460b03f5ef2","method":"GET","path":"/api/v1/mutation-policies","status":200,"duration_ms":3}
{"request_id":"rcc-0cbb5b330ceadd3fada0899986cc7554","method":"GET","path":"/api/v1/query-policies","status":200,"duration_ms":5}
{"request_id":"rcc-caa49acf39c39599c49f8821ca396762","method":"GET","path":"/api/v1/approval-notifications","status":200,"duration_ms":7}
{"request_id":"rcc-feb9f192391deedf0e110f6c4e2e86c0","method":"GET","path":"/api/v1/table-policies","status":200,"duration_ms":2}
{"request_id":"rcc-18f6bc2e03d0c2b28e4c1ea0e3536929","method":"GET","path":"/api/v1/table-policies/:table_name","status":200,"duration_ms":3}
{"request_id":"rcc-f995a10beae81913fce43a66dae3e4e3","method":"GET","path":"/api/v1/database-tables","status":200,"duration_ms":10}
{"request_id":"rcc-66e55477994fbf07ee08d1430b089ba4","method":"GET","path":"/api/v1/table-policies/:table_name/concurrency-key-fields","status":200,"duration_ms":9}
{"request_id":"rcc-57818722553278ed16f07fab71902215","method":"PUT","path":"/api/v1/table-policies/:table_name","status":200,"duration_ms":27}
{"request_id":"rcc-e5eef9355995d57adca075f73bc35fd8","method":"GET","path":"/api/v1/table-policies/:table_name","status":200,"duration_ms":3}
{"request_id":"rcc-76af4c92624be8434a4f2ef037a1114f","method":"GET","path":"/api/v1/table-policies","status":200,"duration_ms":3}
{"request_id":"rcc-5c78f83f9bd1eef6a767eb6ca37021eb","method":"GET","path":"/api/v1/database-tables","status":200,"duration_ms":8}
{"request_id":"rcc-3e3e921e12559a782d5ffb4363f93dee","method":"GET","path":"/api/v1/mutation-policy-types","status":200,"duration_ms":2}
{"request_id":"rcc-2e56f4676fc18e74156d0c009c73cf5c","method":"GET","path":"/api/v1/query-policy-types","status":200,"duration_ms":2}
{"request_id":"rcc-76af9c01444978881f91c61fcc46a706","method":"GET","path":"/api/v1/mutation-policies","status":200,"duration_ms":3}
{"request_id":"rcc-782442188f96ca2ee53f70a01f79531d","method":"GET","path":"/api/v1/query-policies","status":200,"duration_ms":4}
{"request_id":"rcc-39c0bbc1bda266b58a84e235e5c80741","method":"GET","path":"/api/v1/approval-notifications","status":200,"duration_ms":6}
{"request_id":"rcc-ccfb23daaa2cd3667711962f99eb277b","method":"GET","path":"/api/v1/auth/session","status":200,"duration_ms":1}
{"request_id":"rcc-12990f22d0d0f7c7f4fda273e243dfdd","method":"GET","path":"/api/v1/table-policies/:table_name","status":200,"duration_ms":4}
{"request_id":"rcc-9a2d3d2d586c67f35f0b1db234c8a148","method":"GET","path":"/api/v1/auth/csrf","status":200,"duration_ms":7}
{"request_id":"rcc-762aecf705d4f8228bd89d6e8e96d7a6","method":"POST","path":"/api/v1/auth/register","status":201,"duration_ms":49}
{"request_id":"rcc-207479a3795e2ec1757bd5e8e671975d","method":"GET","path":"/api/v1/auth/session","status":200,"duration_ms":1}
{"request_id":"rcc-61ff1d47d7c7131137bd66d6abb11042","method":"GET","path":"/api/v1/account-roles","status":200,"duration_ms":2}
{"request_id":"rcc-229ec1f2ba94f78f048a70987bfaefb9","method":"GET","path":"/api/v1/auth/session","status":200,"duration_ms":1}
{"request_id":"rcc-57356cb1284f9ff5a2f6776e7d8490ef","method":"PUT","path":"/api/v1/account-roles/:id","status":200,"duration_ms":12}
{"request_id":"rcc-d9288341d6960173cdf1f69819148aae","method":"GET","path":"/api/v1/auth/csrf","status":200,"duration_ms":7}
{"request_id":"rcc-81bba927c6f996a330a9bddbd8f06610","method":"POST","path":"/api/v1/auth/register","status":201,"duration_ms":47}
{"request_id":"rcc-4373df04671fd717a4b9f93a9e403e3c","method":"GET","path":"/api/v1/auth/session","status":200,"duration_ms":1}
{"request_id":"rcc-81655d4789b93086e65e3dc61e38be1f","method":"GET","path":"/api/v1/account-roles","status":200,"duration_ms":2}
{"request_id":"rcc-bd501b780caa9036f2fc78e8eebb7718","method":"GET","path":"/api/v1/auth/session","status":200,"duration_ms":1}
{"request_id":"rcc-f0aaf39d3b58703317038f8f3e81b47a","method":"PUT","path":"/api/v1/account-roles/:id","status":200,"duration_ms":16}
{"request_id":"rcc-fe2b8035dd56382a151c7b2f6bd59037","method":"GET","path":"/api/v1/auth/session","status":200,"duration_ms":1}
{"request_id":"rcc-d91ed0496dd5c0341a20ddb69dce3009","method":"POST","path":"/api/v1/approval-roles","status":201,"duration_ms":19}
{"request_id":"rcc-393188114d43b808f50676551c2bfd78","method":"GET","path":"/api/v1/auth/session","status":200,"duration_ms":1}
{"request_id":"rcc-6ddcca19b10fec2a2adcf657c9654284","method":"GET","path":"/api/v1/table-policies/:table_name/approval-roles","status":200,"duration_ms":4}
{"request_id":"rcc-0c1f0ea9b39d703e6dc3e13bea2756d3","method":"GET","path":"/api/v1/auth/session","status":200,"duration_ms":1}
{"request_id":"rcc-d113b553cd83f917bc93c40ff9e90bcb","method":"PUT","path":"/api/v1/table-policies/:table_name/approval-roles","status":200,"duration_ms":24}
{"request_id":"rcc-af8ed104eb7eabfec54db42b74b7962c","method":"GET","path":"/api/v1/auth/session","status":200,"duration_ms":1}
{"request_id":"rcc-aa9e1338bd6a28cb9c264e7d7923ec4b","method":"GET","path":"/api/v1/table-policies/:table_name/approval-roles","status":200,"duration_ms":5}
{"request_id":"rcc-b51c14d91be02677ad8deb9bf6131586","method":"GET","path":"/api/v1/auth/session","status":200,"duration_ms":1}
{"request_id":"rcc-f398d1420c5eda7dd4a9a0a2022ae199","method":"PUT","path":"/api/v1/table-policies/:table_name/approval-roles","status":200,"duration_ms":24}
{"request_id":"rcc-841701a819aa71fdcdec60d3ab766f9b","method":"GET","path":"/api/v1/auth/session","status":200,"duration_ms":1}
{"request_id":"rcc-277ea4767ee23500cb89ccea8ee3aa17","method":"GET","path":"/api/v1/table-policies/:table_name/approval-roles","status":200,"duration_ms":4}
{"request_id":"rcc-9bd299bdb78a39fe5dbdc0ae37887801","method":"GET","path":"/api/v1/auth/session","status":200,"duration_ms":0}
{"request_id":"rcc-71a6142e653dba2c6e7178055a3a913e","method":"PUT","path":"/api/v1/table-policies/:table_name/approval-roles","status":200,"duration_ms":21}
{"request_id":"rcc-2e3f27735fc11284c703a341536e9df4","method":"GET","path":"/api/v1/auth/session","status":200,"duration_ms":2}
{"request_id":"rcc-0127cb12f691389728284f8fb5491520","method":"GET","path":"/api/v1/approval-notifications","status":200,"duration_ms":3}
{"request_id":"rcc-9d4592a66fde796969698f9d86c6d384","method":"GET","path":"/api/v1/release-orders","status":200,"duration_ms":9}
{"request_id":"rcc-9b5019dda7c701c1f4179e16c851ef0d","method":"POST","path":"/api/v1/auth/activity","status":200,"duration_ms":11}
{"request_id":"rcc-3accda6373c453d3c9776e4c61a6209a","method":"POST","path":"/api/v1/release-orders","status":201,"duration_ms":22}
{"request_id":"rcc-35059eb1f918eb7cd6e7b5d6a1f5591b","method":"GET","path":"/api/v1/approval-notifications","status":200,"duration_ms":3}
{"request_id":"rcc-99187dd72705cbcbbd6a7f00f5a10652","method":"GET","path":"/api/v1/release-orders","status":200,"duration_ms":13}
{"request_id":"rcc-5863a15b927d7cd3a2f8849a50a441e5","method":"GET","path":"/api/v1/approval-notifications","status":200,"duration_ms":3}
{"request_id":"rcc-0aba17a077455719e812f1e8acd6d11b","method":"GET","path":"/api/v1/release-orders/:id","status":200,"duration_ms":9}
{"request_id":"rcc-237c389a2175b347a796f9452cc867f0","method":"GET","path":"/api/v1/release-orders/:id/details","status":200,"duration_ms":7}
{"request_id":"rcc-c27bbba7a98fc96827e4667153632796","method":"GET","path":"/api/v1/auth/session","status":200,"duration_ms":1}
{"request_id":"rcc-1d9f37ea7dd9f75c80542347979c2754","method":"GET","path":"/api/v1/release-orders/:id/people","status":200,"duration_ms":9}
{"request_id":"rcc-0397fb19d927d27a8e2888f0511766a3","method":"GET","path":"/api/v1/release-orders/:id","status":200,"duration_ms":6}
{"request_id":"rcc-14ab0b567b45c95252f190493b92470a","method":"GET","path":"/api/v1/table-policies","status":200,"duration_ms":2}
{"request_id":"rcc-1c9467fce846feb98ee66e91e3c993b5","method":"GET","path":"/api/v1/approval-notifications","status":200,"duration_ms":2}
{"request_id":"rcc-37df785484f9156173c66e91e447f6b3","method":"GET","path":"/api/v1/mutation-policy-types","status":200,"duration_ms":1}
{"request_id":"rcc-a95e5bb1e5ae388f747f9556aacbf972","method":"GET","path":"/api/v1/query-policy-types","status":200,"duration_ms":2}
{"request_id":"rcc-093bfc48a5992b9e86963ff1f8bb407b","method":"GET","path":"/api/v1/mutation-policies/:code","status":200,"duration_ms":3}
{"request_id":"rcc-f4aea62b2b65101d2a6c45fe1ebea303","method":"GET","path":"/api/v1/query-policies/:code","status":200,"duration_ms":3}
{"request_id":"rcc-f37bb8803a56581e12ffa86ae3aa1d25","method":"GET","path":"/api/v1/release-orders","status":200,"duration_ms":11}
{"request_id":"rcc-385ac5efa4b521fb4336804eaca9c0f6","method":"GET","path":"/api/v1/mutation-policies/:code","status":200,"duration_ms":4}
{"request_id":"rcc-e9030777beac4d2724debaf5fb1669bd","method":"GET","path":"/api/v1/release-orders","status":200,"duration_ms":8}
{"request_id":"rcc-4b3d2a73e8031c63a4eb7cf0298552c6","method":"POST","path":"/api/v1/tables/:table_name/query","status":200,"duration_ms":81}
{"request_id":"rcc-66de02a64555e3343e9e4f21d732ff8e","method":"GET","path":"/api/v1/table-field-policies/:table_name","status":200,"duration_ms":5}
{"request_id":"rcc-fc14b97af1265de06b4f2d5955acb353","method":"POST","path":"/api/v1/tables/:table_name/query","status":200,"duration_ms":125}
{"request_id":"rcc-1e7f9ab22369075d2951be37ba3b81b6","method":"GET","path":"/api/v1/table-field-policies/:table_name","status":200,"duration_ms":7}
{"request_id":"rcc-e537a955b6d080a4b89e4666a9dbf282","method":"GET","path":"/api/v1/release-orders/:id","status":200,"duration_ms":8}
{"request_id":"rcc-9b03d6e369ea13e4f277c7779af572a8","method":"PUT","path":"/api/v1/release-orders/:id","status":200,"duration_ms":48}
{"request_id":"rcc-ea1b0fe357270e05743884e384f228f6","method":"GET","path":"/api/v1/approval-notifications","status":200,"duration_ms":2}
{"request_id":"rcc-b7b39c30f9d5d843177a9ec3a5853c66","method":"GET","path":"/api/v1/approval-notifications","status":200,"duration_ms":3}
{"request_id":"rcc-8fb78db5d77c93b9c6f29ecb5a6b02b2","method":"GET","path":"/api/v1/release-orders","status":200,"duration_ms":20}
{"request_id":"rcc-a76961b40fd1a96bc55ee0a01afbecfe","method":"GET","path":"/api/v1/release-orders/:id/details","status":409,"duration_ms":8}
{"request_id":"rcc-22279080e970f82b956930c3459da5d3","method":"GET","path":"/api/v1/release-orders/:id","status":200,"duration_ms":18}
{"request_id":"rcc-4ba439f448ec3ec79d3ddaf3b49d0ff6","method":"GET","path":"/api/v1/release-orders/:id/people","status":200,"duration_ms":19}
{"request_id":"rcc-bfc7020521ae8811ef7c4f2c5e3238d6","method":"GET","path":"/api/v1/table-field-policies/:table_name","status":200,"duration_ms":6}
{"request_id":"rcc-21b0830cb97a81ad56fca9f5c46665e1","method":"GET","path":"/api/v1/release-orders/:id/details","status":200,"duration_ms":7}
{"request_id":"rcc-cf6f15439c2b1b1954f0ce361dce1f3d","method":"GET","path":"/api/v1/table-policies","status":200,"duration_ms":3}
{"request_id":"rcc-484b1aaf30a87eb518db7a326d07e325","method":"GET","path":"/api/v1/approval-notifications","status":200,"duration_ms":5}
{"request_id":"rcc-e86d61bd08d37ed5c12a3f824064770f","method":"GET","path":"/api/v1/query-policies/:code","status":200,"duration_ms":3}
{"request_id":"rcc-15898066e93aca3ac5fcd3675af5c336","method":"GET","path":"/api/v1/query-policy-types","status":200,"duration_ms":3}
{"request_id":"rcc-a179f5ce2f5c341fccecfaa7855d5745","method":"GET","path":"/api/v1/mutation-policy-types","status":200,"duration_ms":1}
{"request_id":"rcc-a1636042901479e78fcdf09ea569a66c","method":"GET","path":"/api/v1/table-field-policies/:table_name","status":200,"duration_ms":10}
{"request_id":"rcc-ea22d1e47dbd05a539546203fd599515","method":"GET","path":"/api/v1/mutation-policies/:code","status":200,"duration_ms":4}
{"request_id":"rcc-714280ef16e553cd33a98a18980a9d2a","method":"GET","path":"/api/v1/release-orders","status":200,"duration_ms":25}
{"request_id":"rcc-b478072f26c02226ab679d0772803f6f","method":"GET","path":"/api/v1/release-orders","status":200,"duration_ms":14}
{"request_id":"rcc-c3c8a1fd482dd8079efd168156119af9","method":"POST","path":"/api/v1/tables/:table_name/query","status":200,"duration_ms":89}
{"request_id":"rcc-542dda36e8804e414e3b4cf5dd91356c","method":"POST","path":"/api/v1/tables/:table_name/query","status":200,"duration_ms":81}
{"request_id":"rcc-06db38beee644a25a045cb16107cd083","method":"GET","path":"/api/v1/table-field-policies/:table_name","status":200,"duration_ms":6}
{"request_id":"rcc-f21a83307fa72ff0d324c02048eba41f","method":"GET","path":"/api/v1/table-field-policies/:table_name","status":200,"duration_ms":7}
{"request_id":"rcc-6d193d352ccda2689e465cd3d02cd88e","method":"GET","path":"/api/v1/release-orders/:id","status":200,"duration_ms":18}
{"request_id":"rcc-9f006fd9370a7c1fbadbf71141dd86ce","method":"PUT","path":"/api/v1/release-orders/:id","status":200,"duration_ms":62}
{"request_id":"rcc-7d902b5476b87286356b9c80d224883b","method":"GET","path":"/api/v1/approval-notifications","status":200,"duration_ms":2}
{"request_id":"rcc-1fd6f5f1e854ce61d83d276eb0b46853","method":"GET","path":"/api/v1/approval-notifications","status":200,"duration_ms":4}
{"request_id":"rcc-0e6f55d24de5afed3bf7bc4242d8a7ac","method":"GET","path":"/api/v1/release-orders/:id/details","status":409,"duration_ms":8}
{"request_id":"rcc-4195807e85d3c1e7c3ba34e65c11771f","method":"GET","path":"/api/v1/table-field-policies/:table_name","status":200,"duration_ms":8}
{"request_id":"rcc-f7cdb38f4fe4aaea1c2499932bf7c5b0","method":"GET","path":"/api/v1/release-orders","status":200,"duration_ms":26}
{"request_id":"rcc-7c4260df790837537a8af84d543c44d7","method":"GET","path":"/api/v1/release-orders/:id","status":200,"duration_ms":22}
{"request_id":"rcc-15dcc8096337f6456fe91165aba1620b","method":"GET","path":"/api/v1/release-orders/:id/people","status":200,"duration_ms":23}
{"request_id":"rcc-3d897add2bde580548e39b0cea999e64","method":"GET","path":"/api/v1/table-field-policies/:table_name","status":200,"duration_ms":5}
{"request_id":"rcc-92ff9e6fd6faa011b9b34d9b186fa62e","method":"GET","path":"/api/v1/release-orders/:id/details","status":200,"duration_ms":6}
{"request_id":"rcc-a0b2af1f3e49aa941bb73871a4183984","method":"GET","path":"/api/v1/auth/session","status":200,"duration_ms":1}
{"request_id":"rcc-cc9ef1c7b1d460bf6d3e38a6ac9f67ba","method":"GET","path":"/api/v1/release-orders/:id","status":200,"duration_ms":15}
{"request_id":"rcc-795617fdc9da00612d4e59fff7a6a121","method":"GET","path":"/api/v1/auth/session","status":200,"duration_ms":1}
{"request_id":"rcc-827bd9d381223d14fc79fcfc2fdb1f6c","method":"GET","path":"/api/v1/release-orders/:id/details","status":200,"duration_ms":5}
{"request_id":"rcc-0ac71877f27a512507f0eb01366dfa31","method":"GET","path":"/api/v1/auth/session","status":200,"duration_ms":0}
{"request_id":"rcc-cdbefb639e2b717cb96c3723d58fae06","method":"PUT","path":"/api/v1/release-orders/:id","status":200,"duration_ms":164}
{"request_id":"rcc-789f9ec94bdaf2d0fd9fe8939e5d50eb","method":"GET","path":"/api/v1/auth/session","status":200,"duration_ms":4}
{"request_id":"rcc-0d418d9df8a279e7d0c4035df34c2556","method":"GET","path":"/api/v1/approval-notifications","status":200,"duration_ms":4}
{"request_id":"rcc-79881f168c0c918f76e8337f7b8547b2","method":"GET","path":"/api/v1/release-orders/:id","status":200,"duration_ms":18}
{"request_id":"rcc-608c64b8f4a67b15ac29144b71c1ea63","method":"GET","path":"/api/v1/table-field-policies/:table_name","status":200,"duration_ms":10}
{"request_id":"rcc-b941dbc5e24768bcd61e430d4a8d4e45","method":"GET","path":"/api/v1/table-field-policies/:table_name","status":200,"duration_ms":11}
{"request_id":"rcc-944b7dc2dcc4220e9d64c1eb852a6233","method":"GET","path":"/api/v1/release-orders/:id/details","status":200,"duration_ms":13}
{"request_id":"rcc-276504c1c25cc89f0a9812825ab5473b","method":"GET","path":"/api/v1/release-orders/:id/people","status":200,"duration_ms":28}
{"request_id":"rcc-58e8004d112c55e1e90daeb20181fb89","method":"GET","path":"/api/v1/release-orders/:id/details","status":200,"duration_ms":9}
{"request_id":"rcc-6d48181a2fc79e82aeb3dc0e1a67d2b0","method":"PUT","path":"/api/v1/release-orders/:id","status":200,"duration_ms":206}
{"request_id":"rcc-1971f85729493a65e0bd4dd667e50db9","method":"GET","path":"/api/v1/approval-notifications","status":200,"duration_ms":5}
{"request_id":"rcc-a0ee14c03c12eb9070ee59afbf72e994","method":"GET","path":"/api/v1/release-orders/:id","status":200,"duration_ms":24}
{"request_id":"rcc-d475db6d7b89364228a33448556023f3","method":"GET","path":"/api/v1/release-orders/:id/people","status":200,"duration_ms":24}
{"request_id":"rcc-c36bec60e1fac34dac963764416fb02e","method":"GET","path":"/api/v1/release-orders/:id/details","status":200,"duration_ms":6}
{"request_id":"rcc-42a959ceac0cfe44b8084e05087df460","method":"GET","path":"/api/v1/auth/session","status":200,"duration_ms":1}
{"request_id":"rcc-6c65e8f7db6076da1203c1610d322962","method":"GET","path":"/api/v1/release-orders/:id","status":200,"duration_ms":19}
{"request_id":"rcc-2b998cd4ff43cee4a63b6478d58019ca","method":"GET","path":"/api/v1/auth/session","status":200,"duration_ms":1}
{"request_id":"rcc-2ea7339e8afa80f75c4178269cd5b5e7","method":"GET","path":"/api/v1/release-orders/:id/details","status":200,"duration_ms":7}
{"request_id":"rcc-57f356f8712a2fa84aba9f99ed77c6e1","method":"GET","path":"/api/v1/auth/session","status":200,"duration_ms":1}
{"request_id":"rcc-d7bd6f6b72fd6bd21625444d2f265d8e","method":"PUT","path":"/api/v1/table-field-policies/:table_name","status":200,"duration_ms":17}
{"request_id":"rcc-d00cc5c8c3b1ed049822d34043870eb3","method":"GET","path":"/api/v1/auth/session","status":200,"duration_ms":1}
{"request_id":"rcc-8a182e27a858cfb78dafe832c0f55804","method":"PUT","path":"/api/v1/table-field-policies/:table_name","status":200,"duration_ms":16}
{"request_id":"rcc-c7d052dab1f3423fc56954dd064a2307","method":"GET","path":"/api/v1/auth/session","status":200,"duration_ms":2}
{"request_id":"rcc-370f01be18292553858333609dc126eb","method":"GET","path":"/api/v1/approval-notifications","status":200,"duration_ms":4}
{"request_id":"rcc-e55b84d02875ade6aaee05f6333a2627","method":"GET","path":"/api/v1/release-orders/:id","status":200,"duration_ms":20}
{"request_id":"rcc-99b3fb2812b7cae39c9aacfbb5c38171","method":"GET","path":"/api/v1/table-field-policies/:table_name","status":200,"duration_ms":6}
{"request_id":"rcc-9bb2e37559721b6039e65b5556c9fa98","method":"GET","path":"/api/v1/table-field-policies/:table_name","status":200,"duration_ms":6}
{"request_id":"rcc-1f00e010bd4ec15063233934eede0594","method":"GET","path":"/api/v1/release-orders/:id/details","status":200,"duration_ms":8}
{"request_id":"rcc-bce855b3f9467b2fbd860ab3e856f0d5","method":"GET","path":"/api/v1/release-orders/:id/people","status":200,"duration_ms":23}
{"request_id":"rcc-f25e140cabff3246f1fcdeeb66bd0fca","method":"GET","path":"/api/v1/release-orders/:id/details","status":200,"duration_ms":12}
{"request_id":"rcc-ff5f90a824581a1b4051b4774dd5e113","method":"POST","path":"/api/v1/release-orders/:id/submit","status":200,"duration_ms":181}
{"request_id":"rcc-62391141f2204707ee5fc7418e761f3e","method":"GET","path":"/api/v1/approval-notifications","status":200,"duration_ms":3}
{"request_id":"rcc-d711de66df94d0ade02a84801045406b","method":"GET","path":"/api/v1/release-orders/:id","status":200,"duration_ms":12}
{"request_id":"rcc-67a6e904efe2ef5b57b87f36542443ef","method":"GET","path":"/api/v1/release-orders/:id/people","status":200,"duration_ms":13}
{"request_id":"rcc-a08f3bc59eaee29db130fbd29132168f","method":"GET","path":"/api/v1/release-orders/:id/details","status":200,"duration_ms":6}
{"request_id":"rcc-3d40b3187f836c23fd7abfb9cdb3ae41","method":"GET","path":"/api/v1/auth/session","status":200,"duration_ms":2}
{"request_id":"rcc-44cae0a024058fd39e19463b8af0c686","method":"GET","path":"/api/v1/approval-notifications","status":200,"duration_ms":3}
{"request_id":"rcc-a99dfd13c301c1ac22a7a03e4e7e605a","method":"GET","path":"/api/v1/release-orders/:id","status":200,"duration_ms":13}
{"request_id":"rcc-fe33b314fd890038c3463686423cc111","method":"GET","path":"/api/v1/release-orders/:id/details","status":200,"duration_ms":10}
{"request_id":"rcc-b690949d149314aa1ed4b3a241545831","method":"GET","path":"/api/v1/table-field-policies/:table_name","status":200,"duration_ms":10}
{"request_id":"rcc-03994bd5b287e65e7a37b561179afa4e","method":"GET","path":"/api/v1/table-field-policies/:table_name","status":200,"duration_ms":10}
{"request_id":"rcc-6ff0cf671cbf67a845724a6cb93d3e9f","method":"POST","path":"/api/v1/release-orders/:id/notification-read","status":200,"duration_ms":19}
{"request_id":"rcc-2bfc8b9d2efd69bf2700e2d5e96e916c","method":"GET","path":"/api/v1/release-orders/:id/people","status":200,"duration_ms":20}
{"request_id":"rcc-de75fd69a9f60f555aefebad6a326f16","method":"GET","path":"/api/v1/approval-notifications","status":200,"duration_ms":4}
{"request_id":"rcc-6234e6e879adfc0a4666a326a8855f55","method":"GET","path":"/api/v1/release-orders/:id/details","status":200,"duration_ms":6}
{"request_id":"rcc-4d3b702d3a831b7cafede3bfa442ad77","method":"POST","path":"/api/v1/auth/activity","status":200,"duration_ms":14}
{"request_id":"rcc-ea6bbb332688b09869ffb0daeb9c43fc","method":"GET","path":"/api/v1/release-orders/:id/details","status":200,"duration_ms":9}
{"request_id":"rcc-f30f919290e2b3de4acc92064b3fda6a","method":"POST","path":"/api/v1/release-orders/:id/approve","status":200,"duration_ms":49}
{"request_id":"rcc-989c5ed98372267030dcc8bb94f9956c","method":"GET","path":"/api/v1/approval-notifications","status":200,"duration_ms":3}
{"request_id":"rcc-904b76d884b22119344f276d3f4dee94","method":"GET","path":"/api/v1/release-orders/:id","status":200,"duration_ms":11}
{"request_id":"rcc-7cc5960644d248e602148ec6a83e61b2","method":"GET","path":"/api/v1/release-orders/:id/people","status":200,"duration_ms":12}
{"request_id":"rcc-eb3857be045e93e840a2d5c11867aeee","method":"GET","path":"/api/v1/release-orders/:id/details","status":200,"duration_ms":6}
{"request_id":"rcc-c01dc225eed1485ef8a6376261e347d5","method":"GET","path":"/api/v1/auth/session","status":200,"duration_ms":2}
{"request_id":"rcc-dc7588c2f0db9c76d23e0c74462f7a13","method":"GET","path":"/api/v1/approval-notifications","status":200,"duration_ms":3}
{"request_id":"rcc-29b80c862cdcff407c96627a60b9cc14","method":"GET","path":"/api/v1/release-orders/:id","status":200,"duration_ms":11}
{"request_id":"rcc-4633f1b577934b9e39b998758858574a","method":"GET","path":"/api/v1/table-field-policies/:table_name","status":200,"duration_ms":9}
{"request_id":"rcc-e5c47244600519de870de6d2d57970f1","method":"GET","path":"/api/v1/table-field-policies/:table_name","status":200,"duration_ms":12}
{"request_id":"rcc-9cd9926331f837f3c52ec8272733b9d0","method":"GET","path":"/api/v1/release-orders/:id/details","status":200,"duration_ms":15}
{"request_id":"rcc-5188e6a0e8ed9a4d85264136d6442bbb","method":"POST","path":"/api/v1/release-orders/:id/notification-read","status":200,"duration_ms":21}
{"request_id":"rcc-64b0e53e1ab5b88d06ec2814b7a52a4b","method":"GET","path":"/api/v1/release-orders/:id/people","status":200,"duration_ms":22}
{"request_id":"rcc-c20b2d4b294be4c3fae657d3be510caf","method":"GET","path":"/api/v1/approval-notifications","status":200,"duration_ms":3}
{"request_id":"rcc-6f82073f38a4617badfd1ef329dfa257","method":"GET","path":"/api/v1/release-orders/:id/details","status":200,"duration_ms":10}
{"request_id":"rcc-89ae83a3d562f4e9aa7a24a4eb9f813d","method":"POST","path":"/api/v1/release-orders/:id/execute","status":200,"duration_ms":200}
{"request_id":"rcc-020b9c1d9603976e3377f2f78f13b207","method":"GET","path":"/api/v1/approval-notifications","status":200,"duration_ms":4}
{"request_id":"rcc-d7f35c631ade443cc8ded3e9163fc00c","method":"GET","path":"/api/v1/release-orders/:id","status":200,"duration_ms":12}
{"request_id":"rcc-ab106be1e484d540de57eb2be42f5fc9","method":"GET","path":"/api/v1/release-orders/:id/people","status":200,"duration_ms":14}
{"request_id":"rcc-2f38a0ad5114413e70d37a5f039dcd57","method":"GET","path":"/api/v1/release-orders/:id/details","status":200,"duration_ms":7}
{"request_id":"rcc-c7ededc2b695e8801ce0f32b8b7c6467","method":"GET","path":"/api/v1/auth/session","status":200,"duration_ms":1}
{"request_id":"rcc-ba9045a02cbcec89e4c4d652c48eedd4","method":"GET","path":"/api/v1/release-orders/:id","status":200,"duration_ms":9}
{"request_id":"rcc-97194d1e451c71b0cf36384da66a05e2","method":"GET","path":"/api/v1/auth/session","status":200,"duration_ms":1}
{"request_id":"rcc-56c7905d831093dc7654483e1f2f3a6b","method":"GET","path":"/api/v1/release-orders/:id/details","status":200,"duration_ms":6}
{"request_id":"rcc-4cccacf22fe0a81aeda2b33b32b78ff8","method":"GET","path":"/api/v1/release-orders/:id/details","status":200,"duration_ms":8}
{"request_id":"rcc-5afb348085459530c69fa3ee723b2d84","method":"GET","path":"/api/v1/release-orders/:id","status":200,"duration_ms":11}
{"request_id":"rcc-03f4e688d05aa2462c616bcfa11a7631","method":"POST","path":"/api/v1/release-orders/:id/quick-rollback/preview","status":200,"duration_ms":252}
{"request_id":"rcc-b9eb239d34e2c70124237a34d19e29f3","method":"GET","path":"/api/v1/approval-notifications","status":200,"duration_ms":3}
{"request_id":"rcc-eee9153c413201b62b34fc1fc8dbf057","method":"GET","path":"/api/v1/release-orders/:id","status":200,"duration_ms":13}
{"request_id":"rcc-5311d59f5bbeac2b80bdf9751b7b23e5","method":"GET","path":"/api/v1/release-orders/:id/people","status":200,"duration_ms":13}
{"request_id":"rcc-562ff7a95518bf33d2206580424e51bd","method":"GET","path":"/api/v1/release-orders/:id/details","status":200,"duration_ms":9}
{"request_id":"rcc-75ecd62adf51bc7eb5286732862d05bc","method":"POST","path":"/api/v1/release-orders/:id/quick-rollback","status":200,"duration_ms":311}
{"request_id":"rcc-06e4fcabe630f9c255385bdd8852224b","method":"GET","path":"/api/v1/approval-notifications","status":200,"duration_ms":2}
{"request_id":"rcc-5f172ab7cbb2548952b1cb1dc843e599","method":"GET","path":"/api/v1/release-orders/:id","status":200,"duration_ms":13}
{"request_id":"rcc-1ac32ee3efb605bc80422b257e8587d3","method":"GET","path":"/api/v1/release-orders/:id/people","status":200,"duration_ms":16}
{"request_id":"rcc-d5b6f81602e2bb6a1253fa733328e9d3","method":"GET","path":"/api/v1/approval-notifications","status":200,"duration_ms":5}
{"request_id":"rcc-c1547b3bdb77e04e20a9bf67ebabac6b","method":"GET","path":"/api/v1/release-orders/:id/details","status":200,"duration_ms":15}
{"request_id":"rcc-156f1f341a2978b5bc132b8e4f2a6905","method":"GET","path":"/api/v1/auth/session","status":200,"duration_ms":1}
{"request_id":"rcc-b24f2a5b5343917ac51049c7e6579d6f","method":"GET","path":"/api/v1/release-orders/:id","status":200,"duration_ms":10}
{"request_id":"rcc-beb96382fb97754777cf9ea00262bd69","method":"GET","path":"/api/v1/auth/session","status":200,"duration_ms":1}
{"request_id":"rcc-8147d0ce4d24a9d3eaa807602175e813","method":"GET","path":"/api/v1/release-orders/:id/details","status":200,"duration_ms":7}
{"request_id":"rcc-ebef15fd7e96a932d1f0801b43231225","method":"GET","path":"/api/v1/release-orders/:id/details","status":200,"duration_ms":7}
{"request_id":"rcc-9c01e0e1c3d346f36d3c8df3b5f19fb7","method":"POST","path":"/api/v1/release-orders/:id/rollback-reason","status":200,"duration_ms":27}
{"request_id":"rcc-475c75c1d4e787a6bdce7c2d7429bff7","method":"GET","path":"/api/v1/approval-notifications","status":200,"duration_ms":2}
{"request_id":"rcc-eb6fe0b131b2ef99110501d93ec4f74a","method":"GET","path":"/api/v1/release-orders/:id","status":200,"duration_ms":11}
{"request_id":"rcc-8a5b9b880c6f16c7ab28d83985f908be","method":"GET","path":"/api/v1/release-orders/:id/people","status":200,"duration_ms":13}
{"request_id":"rcc-820bc09467092f308e06a459a2c7d196","method":"GET","path":"/api/v1/auth/session","status":200,"duration_ms":1}
{"request_id":"rcc-97aa06099656ac606a5f425857fe8845","method":"GET","path":"/api/v1/release-orders/:id","status":200,"duration_ms":8}
{"request_id":"rcc-f50145ed833923e7dc5190f71a7462c3","method":"GET","path":"/api/v1/auth/session","status":200,"duration_ms":0}
{"request_id":"rcc-e97385b07cd02efbc21667bbb8dcc9ea","method":"GET","path":"/api/v1/release-orders/:id/details","status":200,"duration_ms":8}
{"request_id":"rcc-7e2b66e2326e7b2b1f6120ceec233535","method":"GET","path":"/api/v1/auth/session","status":200,"duration_ms":1}
{"request_id":"rcc-0cf4511753c0a745ae7adbf8b9408e1b","method":"POST","path":"/api/v1/release-orders","status":201,"duration_ms":66}
{"request_id":"rcc-7ca56521f86d5402bd27301202b1e70d","method":"GET","path":"/api/v1/auth/session","status":200,"duration_ms":1}
{"request_id":"rcc-2f387dfa993b05e0c78eba06be73046b","method":"POST","path":"/api/v1/release-orders/:id/cancel","status":200,"duration_ms":23}
{"request_id":"rcc-4575cea0f9f3957534d2a0796f4e946a","method":"GET","path":"/api/v1/auth/session","status":200,"duration_ms":0}
{"request_id":"rcc-9fa0aaf1f7f448986144c0c8db5029a1","method":"POST","path":"/api/v1/release-orders","status":201,"duration_ms":65}
{"request_id":"rcc-85df82b0b4c1d75dc36ec1af5b988465","method":"GET","path":"/api/v1/auth/session","status":200,"duration_ms":1}
{"request_id":"rcc-a78d1b6949419510f7b6000ea490ae96","method":"POST","path":"/api/v1/release-orders/:id/submit","status":200,"duration_ms":108}
{"request_id":"rcc-731684ba9fc495b6cb295022bd6ec37c","method":"GET","path":"/api/v1/auth/session","status":200,"duration_ms":0}
{"request_id":"rcc-16511bf737881f099b0f622b28af2c3f","method":"GET","path":"/api/v1/release-orders/:id","status":200,"duration_ms":7}
{"request_id":"rcc-0fd9a4432c2c6870ef8566ed21405de4","method":"GET","path":"/api/v1/auth/session","status":200,"duration_ms":1}
{"request_id":"rcc-867378a5363a69b2b6fd954f4a78016d","method":"POST","path":"/api/v1/release-orders/:id/reject","status":200,"duration_ms":33}
{"request_id":"rcc-e8a07eb5057af946f173e689e95d87da","method":"GET","path":"/api/v1/auth/session","status":200,"duration_ms":0}
{"request_id":"rcc-b13a9fda856902cb74d1c87ade61b62a","method":"POST","path":"/api/v1/release-orders","status":201,"duration_ms":54}
{"request_id":"rcc-e1c17eded87e05993f595512df7cdb2a","method":"GET","path":"/api/v1/auth/session","status":200,"duration_ms":0}
{"request_id":"rcc-bc1478d828bcf512b859a6af3b3e1e8d","method":"POST","path":"/api/v1/release-orders/:id/submit","status":200,"duration_ms":114}
{"request_id":"rcc-e153a9409c4297d61c7dfac688830cd5","method":"GET","path":"/api/v1/auth/session","status":200,"duration_ms":1}
{"request_id":"rcc-075dba5782945dae168536f781750410","method":"GET","path":"/api/v1/release-orders/:id","status":200,"duration_ms":8}
{"request_id":"rcc-6853ba10207f9002ab9ee5495837aff0","method":"GET","path":"/api/v1/auth/session","status":200,"duration_ms":1}
{"request_id":"rcc-c7a0283037117085e6935df448ec87f7","method":"POST","path":"/api/v1/release-orders/:id/approve","status":200,"duration_ms":27}
{"request_id":"rcc-a696f2a3fd2db1892f4d8f259fec99b4","method":"GET","path":"/api/v1/auth/session","status":200,"duration_ms":1}
{"request_id":"rcc-9bd1b9184c91c32192ae49d263c5694f","method":"POST","path":"/api/v1/release-orders/:id/cancel","status":200,"duration_ms":33}
{"request_id":"rcc-efe4bbcfd93be657d7806f10a5ff26c5","method":"GET","path":"/api/v1/auth/session","status":200,"duration_ms":0}
{"request_id":"rcc-898f5b3e2f04dc63143b95a1f08ed676","method":"POST","path":"/api/v1/release-orders","status":201,"duration_ms":59}
{"request_id":"rcc-2ca64c6c3ac2782566aa0d9a5de14485","method":"GET","path":"/api/v1/auth/session","status":200,"duration_ms":1}
{"request_id":"rcc-840f4a7a63d0ef55138cf4a0cda6ca4d","method":"POST","path":"/api/v1/release-orders/:id/submit","status":200,"duration_ms":113}
{"request_id":"rcc-977a588738e1cfb4c113500bcf1b80bd","method":"GET","path":"/api/v1/auth/session","status":200,"duration_ms":0}
{"request_id":"rcc-dc3d31e543ac938ea621389859113aae","method":"GET","path":"/api/v1/release-orders/:id","status":200,"duration_ms":8}
{"request_id":"rcc-07f9c34f2baf7be8396a0481f21768b0","method":"GET","path":"/api/v1/auth/session","status":200,"duration_ms":1}
{"request_id":"rcc-dbb3f89b02b873e59ea5e06119872139","method":"POST","path":"/api/v1/release-orders/:id/approve","status":200,"duration_ms":28}
{"request_id":"rcc-f4e6d28dd6caddddc076a7c773688ad4","method":"GET","path":"/api/v1/auth/session","status":200,"duration_ms":0}
{"request_id":"rcc-84cdf0399f3cf07bad4cec9542e7a875","method":"POST","path":"/api/v1/release-orders/:id/execute","status":200,"duration_ms":135}
{"request_id":"rcc-5ab58ffffa6e8e434f71a93158c69872","method":"GET","path":"/api/v1/auth/session","status":200,"duration_ms":0}
{"request_id":"rcc-cd8b697455910edd6bade4f218183f94","method":"POST","path":"/api/v1/release-orders/:id/complete","status":200,"duration_ms":34}
{"request_id":"rcc-f10334d3dcaee83c4aebee0aa9a9e41d","method":"GET","path":"/api/v1/auth/session","status":200,"duration_ms":1}
{"request_id":"rcc-6815c1927b3d5ea75a0ef320732c0028","method":"POST","path":"/api/v1/release-orders","status":201,"duration_ms":57}
{"request_id":"rcc-929e5ff431d38f5bd094db1d07781610","method":"GET","path":"/api/v1/auth/session","status":200,"duration_ms":1}
{"request_id":"rcc-99de9cb24903a6eb50ec8e05487108bf","method":"POST","path":"/api/v1/release-orders/:id/submit","status":200,"duration_ms":113}
{"request_id":"rcc-eb34a02b628ba334c1edd9825f9cd190","method":"GET","path":"/api/v1/auth/session","status":200,"duration_ms":0}
{"request_id":"rcc-5f3c47f963b4329e451d943747eb4d5d","method":"GET","path":"/api/v1/release-orders/:id","status":200,"duration_ms":7}
{"request_id":"rcc-dd08fc2ca0bf88bf1fb0c5cffd87551a","method":"GET","path":"/api/v1/auth/session","status":200,"duration_ms":0}
{"request_id":"rcc-8e657aaf3b93ea4c24f1a5985db0458b","method":"POST","path":"/api/v1/release-orders/:id/reject","status":200,"duration_ms":34}
{"request_id":"rcc-489416149465612a67f553bfcbe8a429","method":"GET","path":"/api/v1/auth/session","status":200,"duration_ms":1}
{"request_id":"rcc-2d6df44a33b1eb510351ade3647dfdef","method":"POST","path":"/api/v1/release-orders","status":201,"duration_ms":59}
{"request_id":"rcc-5de4559e610405e60ac595a7095e8ce1","method":"GET","path":"/api/v1/auth/session","status":200,"duration_ms":0}
{"request_id":"rcc-d1eecc60237c5513ac2c9afc223abbcb","method":"POST","path":"/api/v1/release-orders/:id/submit","status":200,"duration_ms":114}
{"request_id":"rcc-c86daa20a4b487a7b4a7c13b4daaf63a","method":"GET","path":"/api/v1/auth/session","status":200,"duration_ms":0}
{"request_id":"rcc-d45128eeb76393c199fc8e6b1a7eef60","method":"GET","path":"/api/v1/release-orders/:id","status":200,"duration_ms":9}
{"request_id":"rcc-5717ce6d10ce45f7f4f4bef86cd0ce5c","method":"GET","path":"/api/v1/auth/session","status":200,"duration_ms":1}
{"request_id":"rcc-04d8d2d42204e4ae496bf0b7815bc986","method":"POST","path":"/api/v1/release-orders/:id/approve","status":200,"duration_ms":28}
{"request_id":"rcc-785546fcab62eb45d497c365d0d73421","method":"GET","path":"/api/v1/auth/session","status":200,"duration_ms":0}
{"request_id":"rcc-c4537bdbc4d6c86f43e20c566282b1a7","method":"POST","path":"/api/v1/release-orders/:id/execute","status":200,"duration_ms":166}
{"request_id":"rcc-4c6a8ff18a1e65d6e175a376c0974ccd","method":"GET","path":"/api/v1/auth/session","status":200,"duration_ms":1}
{"request_id":"rcc-57c4575faf5dc78f3c7939f09663ac4c","method":"POST","path":"/api/v1/release-orders/:id/complete","status":200,"duration_ms":45}
{"request_id":"rcc-64b3d8f8057cb843764834174b533f49","method":"GET","path":"/api/v1/auth/session","status":200,"duration_ms":1}
{"request_id":"rcc-f4effe5a65cc40ee78ede55b3c329255","method":"POST","path":"/api/v1/release-orders","status":201,"duration_ms":51}
{"request_id":"rcc-fc0720559b6840f063fce29ef3ddfd1e","method":"GET","path":"/api/v1/auth/session","status":200,"duration_ms":2}
{"request_id":"rcc-1ab96e8abf5a68a0d69700e5de478f8b","method":"GET","path":"/api/v1/approval-notifications","status":200,"duration_ms":7}
{"request_id":"rcc-accdca854b756ea9fb9adf1bf709ee62","method":"GET","path":"/api/v1/release-orders/:id","status":200,"duration_ms":15}
{"request_id":"rcc-2c01660cf02d038df4bc864aee264932","method":"GET","path":"/api/v1/release-orders/:id/details","status":200,"duration_ms":10}
{"request_id":"rcc-bc6eb133ac7983f796600ab12d5d65de","method":"GET","path":"/api/v1/table-field-policies/:table_name","status":200,"duration_ms":10}
{"request_id":"rcc-0a07130f05a4faea3a02ac805e186320","method":"GET","path":"/api/v1/table-field-policies/:table_name","status":200,"duration_ms":12}
{"request_id":"rcc-874e02282dd18c90bf191e6032a542c3","method":"GET","path":"/api/v1/release-orders/:id/people","status":200,"duration_ms":22}
{"request_id":"rcc-d50fa98e38f21fb53e38f29417ee4b6d","method":"POST","path":"/api/v1/release-orders/:id/notification-read","status":200,"duration_ms":31}
{"request_id":"rcc-a27d4f3ce6806cc3a712f057faf3bfd5","method":"GET","path":"/api/v1/approval-notifications","status":200,"duration_ms":11}
{"request_id":"rcc-207d16116cb337d843ffa8e1915b4942","method":"GET","path":"/api/v1/release-orders/:id/details","status":200,"duration_ms":7}
{"request_id":"rcc-6a703ee354c6d40b4f975d251ba9718f","method":"POST","path":"/api/v1/release-orders/preview","status":200,"duration_ms":34}
{"request_id":"rcc-c4b2d9f7fb26fd211e0a2a7f44467ed7","method":"POST","path":"/api/v1/release-orders/:id/copy","status":409,"duration_ms":60}
{"request_id":"rcc-c32d56e11ad2d83d31618fcc81be61c3","method":"GET","path":"/api/v1/approval-notifications","status":200,"duration_ms":3}
{"request_id":"rcc-4a09d96d20a5294529ab07e67dea6757","method":"GET","path":"/api/v1/release-orders/:id","status":200,"duration_ms":13}
{"request_id":"rcc-01e1b415b9dbd31a2d27f87b2e952132","method":"GET","path":"/api/v1/release-orders/:id/people","status":200,"duration_ms":18}
{"request_id":"rcc-23a2b99b1bac6939bf9b5398ce2f0549","method":"GET","path":"/api/v1/auth/session","status":200,"duration_ms":1}
{"request_id":"rcc-32a32fad06aa606700ca403b88500af4","method":"POST","path":"/api/v1/release-orders/:id/cancel","status":200,"duration_ms":23}
{"request_id":"rcc-3e8632bf9c21e6bf62ba0a03f31bbee1","method":"GET","path":"/api/v1/release-orders/:id/details","status":200,"duration_ms":8}
{"request_id":"rcc-5680aebe01a248b232ea3b445de4e6e7","method":"POST","path":"/api/v1/release-orders/preview","status":200,"duration_ms":34}
{"request_id":"rcc-942505a00b14b1c1ba082ef8ffcf18f9","method":"POST","path":"/api/v1/release-orders/:id/copy","status":201,"duration_ms":81}
{"request_id":"rcc-08d324669adee1abbb7cde6c17d07513","method":"GET","path":"/api/v1/approval-notifications","status":200,"duration_ms":3}
{"request_id":"rcc-f6ce41ee225e06ec08737e42207ae604","method":"GET","path":"/api/v1/auth/session","status":200,"duration_ms":2}
{"request_id":"rcc-21a53f49bc0528999f7d4126222d68e8","method":"GET","path":"/api/v1/approval-notifications","status":200,"duration_ms":2}
{"request_id":"rcc-cb601c722d727d50b1a0eb1c22dd4f93","method":"GET","path":"/api/v1/release-orders/:id","status":200,"duration_ms":13}
{"request_id":"rcc-8d68666f8b2b2d15a9a72e34acb646fe","method":"GET","path":"/api/v1/release-orders/:id/people","status":200,"duration_ms":15}
{"request_id":"rcc-0113914c76ab97d6f798dd0e08b46b83","method":"GET","path":"/api/v1/release-orders/:id","status":200,"duration_ms":16}
{"request_id":"rcc-e8f3c25b9fd920ce1e0105fd143a13f7","method":"GET","path":"/api/v1/release-orders/:id","status":200,"duration_ms":17}
{"request_id":"rcc-ac8a6dae87c54df3916a008306f51518","method":"GET","path":"/api/v1/auth/session","status":200,"duration_ms":1}
{"request_id":"rcc-600b59df75c5bce5b7c4a23bb7e9b17c","method":"GET","path":"/api/v1/table-field-policies/:table_name","status":200,"duration_ms":6}
{"request_id":"rcc-51b9fa05da51db713e2d0d4809669549","method":"GET","path":"/api/v1/release-orders/:id/details","status":200,"duration_ms":7}
{"request_id":"rcc-bf60b1a8bb62e3f3fcda4d3f735f235a","method":"GET","path":"/api/v1/table-field-policies/:table_name","status":200,"duration_ms":8}
{"request_id":"rcc-3680c6fb8965da0cf4195895475bc247","method":"GET","path":"/api/v1/release-orders/:id/details","status":200,"duration_ms":10}
{"request_id":"rcc-f32566e34587941696028f87ae8ee670","method":"GET","path":"/api/v1/release-orders/:id/people","status":503,"duration_ms":19}
{"request_id":"rcc-433e2e4cdfdab29b38cd1c5f50f81b28","method":"GET","path":"/api/v1/auth/session","status":200,"duration_ms":1}
{"request_id":"rcc-2b470b8d107d35a1b7ee94253f93ba9e","method":"GET","path":"/api/v1/approval-notifications","status":200,"duration_ms":4}
{"request_id":"rcc-fe3870e9593ade21b9de14064ef16830","method":"GET","path":"/api/v1/release-orders/:id","status":200,"duration_ms":12}
{"request_id":"rcc-67cb354fc3279894619c5f20f583c64b","method":"GET","path":"/api/v1/table-field-policies/:table_name","status":200,"duration_ms":6}
{"request_id":"rcc-22ce4c02f158ae922939606d18c31148","method":"GET","path":"/api/v1/table-field-policies/:table_name","status":200,"duration_ms":7}
{"request_id":"rcc-bc571f42272d9611e51ea92cf099268f","method":"GET","path":"/api/v1/release-orders/:id/details","status":200,"duration_ms":9}
{"request_id":"rcc-1c17935861ea19afac7d3086bb2c891c","method":"GET","path":"/api/v1/release-orders/:id/people","status":200,"duration_ms":13}
{"request_id":"rcc-e4d47504737c43d8bfdab483a5b3dd52","method":"GET","path":"/api/v1/approval-notifications","status":200,"duration_ms":2}
{"request_id":"rcc-ac1ae09bd19cc831d7169e8574364c73","method":"GET","path":"/api/v1/release-orders/:id","status":200,"duration_ms":21}
{"request_id":"rcc-31106fb61830229abed118abc0d89434","method":"GET","path":"/api/v1/table-field-policies/:table_name","status":200,"duration_ms":6}
{"request_id":"rcc-af64cc5ebf718f330cc6502b394471ea","method":"GET","path":"/api/v1/table-field-policies/:table_name","status":200,"duration_ms":6}
{"request_id":"rcc-d506fc970684aedb6f64a5d8992bc912","method":"GET","path":"/api/v1/release-orders/:id/details","status":200,"duration_ms":8}
{"request_id":"rcc-1176a02b213148c8287f873468682c10","method":"GET","path":"/api/v1/release-orders/:id/people","status":200,"duration_ms":22}
{"request_id":"rcc-2ddd3e39fd5f150a3d2361f0d42dfdb8","method":"GET","path":"/api/v1/auth/session","status":200,"duration_ms":1}
{"request_id":"rcc-2bed52dd365155aa1ebf218bdee82e54","method":"POST","path":"/api/v1/release-orders","status":201,"duration_ms":68}
{"request_id":"rcc-01f8480c6209e55fa18ad2c93f80231f","method":"GET","path":"/api/v1/auth/session","status":200,"duration_ms":0}
{"request_id":"rcc-1f81395f0aba7b2f3de8f1980e05213f","method":"POST","path":"/api/v1/release-orders/:id/submit","status":200,"duration_ms":118}
{"request_id":"rcc-48bd2cbc279c5a62df55818d95855eaa","method":"GET","path":"/api/v1/auth/session","status":200,"duration_ms":1}
{"request_id":"rcc-d60df1687341bf504c22587f76cc12c4","method":"GET","path":"/api/v1/release-orders/:id","status":200,"duration_ms":8}
{"request_id":"rcc-9dd060d2cd8a636d89de38507fe397ff","method":"GET","path":"/api/v1/auth/session","status":200,"duration_ms":0}
{"request_id":"rcc-0905c129a926dd1ace4df851f6907f2a","method":"POST","path":"/api/v1/release-orders/:id/approve","status":200,"duration_ms":28}
{"request_id":"rcc-f08c65a83e2a787e4932d831929eca96","method":"GET","path":"/api/v1/auth/session","status":200,"duration_ms":2}
{"request_id":"rcc-d973bb25a6e4b6b6805f0e6f6cd3631d","method":"GET","path":"/api/v1/approval-notifications","status":200,"duration_ms":3}
{"request_id":"rcc-c59560256fcc67362a252470da404c7f","method":"GET","path":"/api/v1/release-orders/:id","status":200,"duration_ms":11}
{"request_id":"rcc-0d4ec45f4811245d16c3119b46dc3440","method":"GET","path":"/api/v1/table-field-policies/:table_name","status":200,"duration_ms":11}
{"request_id":"rcc-e8a5691d77ef6d4d8144a24bbaea818e","method":"GET","path":"/api/v1/release-orders/:id/details","status":200,"duration_ms":13}
{"request_id":"rcc-5d4cad09e3e583688fda9c836c0468f0","method":"GET","path":"/api/v1/table-field-policies/:table_name","status":200,"duration_ms":13}
{"request_id":"rcc-b2fec17225b130262e581e309bd437a3","method":"GET","path":"/api/v1/release-orders/:id/people","status":200,"duration_ms":19}
{"request_id":"rcc-8743e9c37fc56b96a6cc4c312038ed7c","method":"POST","path":"/api/v1/release-orders/:id/notification-read","status":200,"duration_ms":20}
{"request_id":"rcc-2cc59be2eec2126ff860409a6881af04","method":"GET","path":"/api/v1/approval-notifications","status":200,"duration_ms":3}
{"request_id":"rcc-15d8b5e581d74f8645d1275c7fc4e63d","method":"GET","path":"/api/v1/release-orders/:id/details","status":200,"duration_ms":7}
{"request_id":"rcc-3e6a137bf383fed354930866f436e123","method":"POST","path":"/api/v1/release-orders/preview","status":200,"duration_ms":40}
{"request_id":"rcc-a9cc5199d0b4d8b77100179b1b71347c","method":"POST","path":"/api/v1/release-orders/:id/reprepare","status":201,"duration_ms":111}
{"request_id":"rcc-f5b164b594f3cf9592ccae68ab0c424c","method":"GET","path":"/api/v1/approval-notifications","status":200,"duration_ms":5}
{"request_id":"rcc-b6b94de8be5f7cad908c60cd2b68541d","method":"GET","path":"/api/v1/approval-notifications","status":200,"duration_ms":2}
{"request_id":"rcc-beb66873b555ac876b83c6df46efbbe5","method":"GET","path":"/api/v1/release-orders/:id","status":200,"duration_ms":20}
{"request_id":"rcc-64e0dc44d7eed345c89bd8e56083e9f1","method":"GET","path":"/api/v1/release-orders/:id/people","status":200,"duration_ms":20}
{"request_id":"rcc-1108bb1faca06e60ab31ea9cf256b32a","method":"GET","path":"/api/v1/release-orders/:id","status":200,"duration_ms":18}
{"request_id":"rcc-d6e7b2437030b98eadee41d9759055f4","method":"GET","path":"/api/v1/table-field-policies/:table_name","status":200,"duration_ms":8}
{"request_id":"rcc-4eba3e53719003ebd42b7bf53f0f973c","method":"GET","path":"/api/v1/table-field-policies/:table_name","status":200,"duration_ms":8}
{"request_id":"rcc-403945d350a49e9e112b0f7877a6d51f","method":"GET","path":"/api/v1/release-orders/:id/details","status":200,"duration_ms":10}
{"request_id":"rcc-cbb7922fed7fe8df86f1afbc1f8eed8c","method":"GET","path":"/api/v1/release-orders/:id/people","status":200,"duration_ms":24}
{"request_id":"rcc-eab36dafdf2be7c8a023dd4f649f6f10","method":"GET","path":"/api/v1/approval-notifications","status":200,"duration_ms":5}
{"request_id":"rcc-6ba73731516e7c8ab854d50923d155e7","method":"GET","path":"/api/v1/table-field-policies/:table_name","status":200,"duration_ms":10}
{"request_id":"rcc-4f8665d397071ba70b42c0d5da5451c3","method":"GET","path":"/api/v1/table-field-policies/:table_name","status":200,"duration_ms":10}
{"request_id":"rcc-4237339032c72f60c31f8ff4a3052fa7","method":"GET","path":"/api/v1/release-orders/:id/details","status":200,"duration_ms":15}
{"request_id":"rcc-19852119e3d83a3b35c957d7b25c3ff8","method":"GET","path":"/api/v1/release-orders/:id","status":200,"duration_ms":22}
{"request_id":"rcc-2e0c5ccf160b44ddff35d36c61f2a74a","method":"GET","path":"/api/v1/release-orders/:id/people","status":200,"duration_ms":26}
{"request_id":"rcc-b5e92331d1f87881897bec92af531b69","method":"GET","path":"/api/v1/approval-notifications","status":200,"duration_ms":5}
{"request_id":"rcc-98ead739811ba83fc8666e1fdd0f499d","method":"GET","path":"/api/v1/table-field-policies/:table_name","status":200,"duration_ms":13}
{"request_id":"rcc-04358c0164b42962d87547eaa6898470","method":"GET","path":"/api/v1/table-field-policies/:table_name","status":200,"duration_ms":14}
{"request_id":"rcc-400870dd69a964ebde8777a0a524fc3e","method":"GET","path":"/api/v1/release-orders/:id/details","status":200,"duration_ms":18}
{"request_id":"rcc-a96e2962793588565d4c51a6ecb1866c","method":"GET","path":"/api/v1/release-orders/:id","status":200,"duration_ms":34}
{"request_id":"rcc-df3d6308a588b15c34d422f47e70e0d4","method":"GET","path":"/api/v1/release-orders/:id/people","status":200,"duration_ms":38}
{"request_id":"rcc-e788056bc1afcb46cba7b8b7727762a5","method":"GET","path":"/api/v1/release-orders/:id/details","status":200,"duration_ms":11}
{"request_id":"rcc-9b4472ff506e9d83e5e02c419fa6122c","method":"POST","path":"/api/v1/release-orders/:id/submit","status":200,"duration_ms":132}
{"request_id":"rcc-9a22efaaa173b2816e41bb88bbaeffdd","method":"GET","path":"/api/v1/approval-notifications","status":200,"duration_ms":2}
{"request_id":"rcc-54ab6261b26ab201721d142684a85b99","method":"GET","path":"/api/v1/release-orders/:id","status":200,"duration_ms":11}
{"request_id":"rcc-935f3a15e510d2f3fc36b2ce0a15d76a","method":"GET","path":"/api/v1/release-orders/:id/people","status":200,"duration_ms":12}
{"request_id":"rcc-11ad03943a5e5bd87660016e44afd5c9","method":"GET","path":"/api/v1/release-orders/:id/details","status":200,"duration_ms":5}
{"request_id":"rcc-e879eb3f8fce01fa646efc8696eb042f","method":"GET","path":"/api/v1/auth/session","status":200,"duration_ms":2}
{"request_id":"rcc-f1aacf7c4eb38aca908eaae09f6a0442","method":"GET","path":"/api/v1/approval-notifications","status":200,"duration_ms":3}
{"request_id":"rcc-ec28a4d4b3b104888c4e45ac6f0df7e9","method":"GET","path":"/api/v1/release-orders/:id","status":200,"duration_ms":11}
{"request_id":"rcc-3f7d6354b831a681a973a44ca60a37b2","method":"GET","path":"/api/v1/table-field-policies/:table_name","status":200,"duration_ms":10}
{"request_id":"rcc-1abc88c77ef2d0f056adac887c674d66","method":"GET","path":"/api/v1/table-field-policies/:table_name","status":200,"duration_ms":11}
{"request_id":"rcc-db7a07538aefa98fa83642b71ae7587d","method":"GET","path":"/api/v1/release-orders/:id/details","status":200,"duration_ms":12}
{"request_id":"rcc-1bb0651e6456e25839696e1a255bd281","method":"POST","path":"/api/v1/release-orders/:id/notification-read","status":200,"duration_ms":17}
{"request_id":"rcc-e55109057429dc9fa47d1667e2bed0a5","method":"GET","path":"/api/v1/release-orders/:id/people","status":200,"duration_ms":18}
{"request_id":"rcc-ee1a72dfd6dcd49f6cb35854f3322af6","method":"GET","path":"/api/v1/approval-notifications","status":200,"duration_ms":2}
{"request_id":"rcc-54384b5e504a5a264e199f66262d14e8","method":"GET","path":"/api/v1/release-orders/:id/details","status":200,"duration_ms":14}
{"request_id":"rcc-14f9a121b5a2dbfcbcd7901ab25b741d","method":"POST","path":"/api/v1/release-orders/:id/approve","status":200,"duration_ms":42}
{"request_id":"rcc-58ae92e7c68d6a8c10bcefb8eeb2c8c0","method":"GET","path":"/api/v1/approval-notifications","status":200,"duration_ms":4}
{"request_id":"rcc-c764a434e9a6a66acb550b884fd787b6","method":"GET","path":"/api/v1/release-orders/:id","status":200,"duration_ms":13}
{"request_id":"rcc-d96ed4a56a3dbabbde28425563b59bf6","method":"GET","path":"/api/v1/release-orders/:id/people","status":200,"duration_ms":15}
{"request_id":"rcc-3fa7bee399dc9dd8356889ed8e993475","method":"GET","path":"/api/v1/auth/session","status":200,"duration_ms":1}
{"request_id":"rcc-65c2739de95a9aadb4cd94efb76cb4bb","method":"GET","path":"/api/v1/release-orders/:id/details","status":200,"duration_ms":8}
{"request_id":"rcc-8188d1a15e2a995294900a7f3cc1b4af","method":"GET","path":"/api/v1/release-orders/:id","status":200,"duration_ms":10}
{"request_id":"rcc-2d401bc6988761586e535b946421d309","method":"GET","path":"/api/v1/auth/session","status":200,"duration_ms":1}
{"request_id":"rcc-8b89333d7e2347bfcb37295afba9abe8","method":"GET","path":"/api/v1/release-orders/:id/details","status":200,"duration_ms":5}
{"request_id":"rcc-c1b50ac2d0957d104a7c0ecf80a54d0c","method":"GET","path":"/api/v1/auth/session","status":200,"duration_ms":1}
{"request_id":"rcc-85d1d7fa011961abf3c8982b358793f5","method":"GET","path":"/api/v1/table-policies","status":200,"duration_ms":2}
{"request_id":"rcc-9f23bc845d3bc2f3b6ba0dc36470e52a","method":"GET","path":"/api/v1/approval-notifications","status":200,"duration_ms":7}
{"request_id":"rcc-8dbd8040013fa640c523e005f8c2d4f2","method":"GET","path":"/api/v1/table-field-policies/:table_name","status":200,"duration_ms":17}
{"request_id":"rcc-7106b60f7962de50a1870c6c50ba1070","method":"GET","path":"/api/v1/database-tables","status":200,"duration_ms":17}
{"request_id":"rcc-d375fa85b879b2bbb16a563113215da1","method":"PUT","path":"/api/v1/table-field-policies/:table_name","status":200,"duration_ms":18}
{"request_id":"rcc-57c530e51bb31616001732e4997dba6c","method":"GET","path":"/api/v1/auth/session","status":200,"duration_ms":1}
{"request_id":"rcc-a8a3736b0e42b1bbd0e5be7bad42fdd0","method":"GET","path":"/api/v1/table-field-policies/:table_name","status":200,"duration_ms":6}
{"request_id":"rcc-ff83d11e265fad3794beb7c00ce96c97","method":"GET","path":"/api/v1/mutation-policy-types","status":200,"duration_ms":3}
{"request_id":"rcc-2fabb4dae5297f70d9a4ea3e648965b2","method":"GET","path":"/api/v1/query-policies","status":200,"duration_ms":3}
{"request_id":"rcc-36f60098367ce5041ad347f5b25152a5","method":"GET","path":"/api/v1/query-policy-types","status":200,"duration_ms":3}
{"request_id":"rcc-c67b77cbbc99586089b8940e59b9bcee","method":"GET","path":"/api/v1/mutation-policies","status":200,"duration_ms":5}
{"request_id":"rcc-5100d8768e26cc152cc5d959991521fa","method":"GET","path":"/api/v1/approval-notifications","status":200,"duration_ms":6}
{"request_id":"rcc-835c1dd69de67dedad89d5b2ecac5c02","method":"GET","path":"/api/v1/auth/session","status":200,"duration_ms":1}
{"request_id":"rcc-564837affce4f0088f9625141a868d16","method":"GET","path":"/api/v1/table-policies","status":200,"duration_ms":2}
{"request_id":"rcc-df1297aabf816715bd1b340539a60108","method":"GET","path":"/api/v1/approval-notifications","status":200,"duration_ms":2}
{"request_id":"rcc-6d31f2a999efceb4fb26180886121333","method":"GET","path":"/api/v1/mutation-policy-types","status":200,"duration_ms":1}
{"request_id":"rcc-6b23b4a31559da437bfce9ea220037da","method":"GET","path":"/api/v1/query-policy-types","status":200,"duration_ms":1}
{"request_id":"rcc-d211a42b625564cc97bfb948ae78e226","method":"GET","path":"/api/v1/query-policies/:code","status":200,"duration_ms":3}
{"request_id":"rcc-aa2f234fe299df1ecbaf36bbcd1e180d","method":"GET","path":"/api/v1/mutation-policies/:code","status":200,"duration_ms":4}
{"request_id":"rcc-2b6e7f206484a26f77bfe304bceaba5f","method":"POST","path":"/api/v1/tables/:table_name/query","status":200,"duration_ms":17}
{"request_id":"rcc-bad9242a5055cbd5c54c74a40f2654e5","method":"GET","path":"/api/v1/table-field-policies/:table_name","status":200,"duration_ms":7}
{"request_id":"rcc-3c61362d847891dc4d04c5ede5e463c0","method":"GET","path":"/api/v1/table-field-policies/:table_name","status":200,"duration_ms":6}
{"request_id":"rcc-d1b719b3729f5b19f377e081597e0669","method":"POST","path":"/api/v1/release-orders","status":201,"duration_ms":1286}
{"request_id":"rcc-c1383ebda36f378a44412369d6782287","method":"GET","path":"/api/v1/approval-notifications","status":200,"duration_ms":4}
{"request_id":"rcc-075abd1bb7949fd983c0440abe055f98","method":"GET","path":"/api/v1/auth/session","status":200,"duration_ms":4}
{"request_id":"rcc-b9eb3bbc03b1a95c867884b1ca1b0720","method":"GET","path":"/api/v1/release-orders/:id","status":200,"duration_ms":15}
{"request_id":"rcc-c573ad204f591e8724ddc2c808cc2876","method":"GET","path":"/api/v1/auth/session","status":200,"duration_ms":1}
{"request_id":"rcc-7fa8897e1780161606407f4cb079e256","method":"GET","path":"/api/v1/release-orders/:id/details","status":200,"duration_ms":185}
{"request_id":"rcc-a9314256b43ab9b46a1d02e12dd22746","method":"GET","path":"/api/v1/auth/session","status":200,"duration_ms":1}
{"request_id":"rcc-2557136423ee99f1999e14be4d75b2ba","method":"GET","path":"/api/v1/approval-notifications","status":200,"duration_ms":4}
{"request_id":"rcc-e03319cf76aaad99fcb06c9e749860d8","method":"GET","path":"/api/v1/table-policies","status":200,"duration_ms":4}
{"request_id":"rcc-5222e63323bb3f6b9ce72d68ff370652","method":"GET","path":"/api/v1/query-policy-types","status":200,"duration_ms":2}
{"request_id":"rcc-17f8bb0f83a086371b37cc1c381803d9","method":"GET","path":"/api/v1/mutation-policy-types","status":200,"duration_ms":3}
{"request_id":"rcc-6e767bc10917dc2ea71724ae2099b2cb","method":"GET","path":"/api/v1/query-policies/:code","status":200,"duration_ms":5}
{"request_id":"rcc-3ef74eb77920d6c59264f1e81160de1c","method":"GET","path":"/api/v1/mutation-policies/:code","status":200,"duration_ms":5}
{"request_id":"rcc-2a98e0add1b2ec7e997badaa8926cbd7","method":"POST","path":"/api/v1/tables/:table_name/query","status":200,"duration_ms":17}
{"request_id":"rcc-089af9098c19e12ce7d65e46a8055422","method":"GET","path":"/api/v1/table-field-policies/:table_name","status":200,"duration_ms":5}
{"request_id":"rcc-843f55b2c901bd49d6628ad68983da8b","method":"GET","path":"/api/v1/auth/session","status":200,"duration_ms":2}
{"request_id":"rcc-0b11849a3903c83bcc38d65311ce4be4","method":"GET","path":"/api/v1/approval-notifications","status":200,"duration_ms":3}
{"request_id":"rcc-cd0ec99071b8c456b01e3fb19440c969","method":"GET","path":"/api/v1/auth/session","status":200,"duration_ms":1}
{"request_id":"rcc-c0e9cbdd25b9157d8d8e8122e432edef","method":"GET","path":"/api/v1/account-roles","status":200,"duration_ms":6}
{"request_id":"rcc-454b7c5d9f2166cdcece7da5366831f1","method":"GET","path":"/api/v1/auth/session","status":200,"duration_ms":1}
{"request_id":"rcc-850bd4d04c1c71ad0af99e361d93d387","method":"PUT","path":"/api/v1/account-roles/:id","status":200,"duration_ms":15}
{"request_id":"rcc-2e0c70ad8c0168eb3fdbfce93e9c5993","method":"GET","path":"/api/v1/release-orders","status":503,"duration_ms":91}
{"request_id":"rcc-157977c9fe2cc0265673616e306b7693","method":"GET","path":"/api/v1/auth/session","status":200,"duration_ms":1}
{"request_id":"rcc-37c002f84f9265bca50c41bb5238b5d0","method":"GET","path":"/api/v1/approval-notifications","status":200,"duration_ms":3}
{"request_id":"rcc-627bc8bb89518107c70febd367515c45","method":"GET","path":"/api/v1/auth/session","status":200,"duration_ms":1}
{"request_id":"rcc-8dff3978963d8ddb4c4d06264ba1c1d0","method":"GET","path":"/api/v1/account-roles","status":200,"duration_ms":1}
{"request_id":"rcc-85d823dda33c43003fa30710e63090b7","method":"GET","path":"/api/v1/auth/session","status":200,"duration_ms":1}
{"request_id":"rcc-d222aec77c39623eb586debd70313fcd","method":"PUT","path":"/api/v1/account-roles/:id","status":200,"duration_ms":13}
{"request_id":"rcc-d56a4099bd202adefc474fa28602622b","method":"GET","path":"/api/v1/release-orders","status":200,"duration_ms":86}
{"request_id":"rcc-f19e7c1b6f21beb0330871a15e637791","method":"GET","path":"/api/v1/auth/csrf","status":200,"duration_ms":5}
{"request_id":"rcc-94cef2989d11260227cdb570d5d7abc4","method":"POST","path":"/api/v1/auth/register","status":201,"duration_ms":44}
{"request_id":"rcc-9dc2089479265b504247033ca6c6d9db","method":"GET","path":"/api/v1/auth/session","status":200,"duration_ms":1}
{"request_id":"rcc-3aed3dfac6e17d36222e34b8a03aeff4","method":"GET","path":"/api/v1/account-roles","status":200,"duration_ms":1}
{"request_id":"rcc-e7d9450ed8ed83380c43cdc10b967beb","method":"GET","path":"/api/v1/auth/session","status":200,"duration_ms":1}
{"request_id":"rcc-f2fae8906ac95c44e33254550aa6dd47","method":"PUT","path":"/api/v1/account-roles/:id","status":200,"duration_ms":14}
{"request_id":"rcc-770d861e8dbaa0528f58fcb6c935925c","method":"GET","path":"/api/v1/auth/session","status":200,"duration_ms":1}
{"request_id":"rcc-dd1d95028284616d95d6d0c88962dcb6","method":"GET","path":"/api/v1/approval-notifications","status":200,"duration_ms":4}
{"request_id":"rcc-4518f35a8f3cf53c4b8ee8aa4c093408","method":"GET","path":"/api/v1/auth/csrf","status":200,"duration_ms":7}
{"request_id":"rcc-7b48bfbb415e06e85df70f16f255df0c","method":"GET","path":"/api/v1/release-orders","status":200,"duration_ms":81}
{"request_id":"rcc-fbf8cc65cda0b4e2f1d8662a80c5b35b","method":"POST","path":"/api/v1/auth/login","status":200,"duration_ms":57}
{"request_id":"rcc-5d2ff80fa327a4a80388a86589021850","method":"GET","path":"/api/v1/auth/session","status":200,"duration_ms":1}
{"request_id":"rcc-253c732d33f85ee5625975035784b2bc","method":"GET","path":"/api/v1/approval-notifications","status":200,"duration_ms":3}
{"request_id":"rcc-2695147f5bdd0eafbaefdaf4c5121e3a","method":"GET","path":"/api/v1/release-orders","status":503,"duration_ms":50}
{"request_id":"rcc-6d975dca607441716895cbd0327e3e03","method":"GET","path":"/api/v1/auth/session","status":200,"duration_ms":2}
{"request_id":"rcc-08e4a42e0ba32015a201ac29ebb2b45e","method":"GET","path":"/api/v1/approval-notifications","status":200,"duration_ms":3}
{"request_id":"rcc-19592cb02bfcede0f10c206247420ea2","method":"GET","path":"/api/v1/release-orders","status":200,"duration_ms":82}
{"request_id":"rcc-9cf674599f72951a231e922225266528","method":"POST","path":"/api/v1/release-orders","status":201,"duration_ms":306}
{"request_id":"rcc-930ac947d5267727af59e61e7323d96c","method":"GET","path":"/api/v1/approval-notifications","status":200,"duration_ms":7}
{"request_id":"rcc-9ec64ef8ab5489d16062a538fbca0a99","method":"GET","path":"/api/v1/approval-notifications","status":200,"duration_ms":13}
{"request_id":"rcc-5e1dd1dca9699e1f95cc2aae16c75606","method":"GET","path":"/api/v1/release-orders/:id","status":200,"duration_ms":26}
{"request_id":"rcc-a057b6f62bd10a1fb60e5fea2f3835d6","method":"GET","path":"/api/v1/table-field-policies/:table_name","status":200,"duration_ms":14}
{"request_id":"rcc-065c1a8af342c842a68105cf072def12","method":"GET","path":"/api/v1/release-orders/:id/people","status":200,"duration_ms":31}
{"request_id":"rcc-0afcbf37433be3d5a85696ea10665397","method":"GET","path":"/api/v1/auth/session","status":200,"duration_ms":1}
{"request_id":"rcc-46df0f8ed739a2919ccd384eeee15d4b","method":"GET","path":"/api/v1/release-orders/:id","status":200,"duration_ms":13}
{"request_id":"rcc-3bae21e1d04ffa9342736f542761f977","method":"GET","path":"/api/v1/auth/session","status":200,"duration_ms":1}
{"request_id":"rcc-898af99a72a6abb0d23cf28b515d5e45","method":"GET","path":"/api/v1/release-orders","status":200,"duration_ms":190}
{"request_id":"rcc-76cdf7aeb61b0835f10c4aa6a55eb373","method":"GET","path":"/api/v1/release-orders/:id/details","status":200,"duration_ms":205}
{"request_id":"rcc-27694fb5a8a09f516daec28dd5972b12","method":"GET","path":"/api/v1/release-orders/:id/details","status":200,"duration_ms":202}
{"request_id":"rcc-8a140d1c997633a8d4c3550fba5926d3","method":"GET","path":"/api/v1/release-orders/:id/details","status":200,"duration_ms":192}
{"request_id":"rcc-8dfb845f7baa581cb4b208a3c4fbf676","method":"GET","path":"/api/v1/auth/session","status":200,"duration_ms":3}
{"request_id":"rcc-b438b0b75e5e62becad08f4de8792766","method":"GET","path":"/api/v1/query-policy-types","status":200,"duration_ms":5}
{"request_id":"rcc-f32b16d590c75d0a08a19521d36e25fa","method":"GET","path":"/api/v1/query-policies","status":200,"duration_ms":6}
{"request_id":"rcc-bc324f8fbd030394c793e0e5b81b0ada","method":"GET","path":"/api/v1/approval-notifications","status":200,"duration_ms":7}
{"request_id":"rcc-9235cda52a9f748096f09f3bfbd51731","method":"GET","path":"/api/v1/auth/session","status":200,"duration_ms":1}
{"request_id":"rcc-c938ed3f7609253651f83b4a25a709b5","method":"GET","path":"/api/v1/approval-notifications","status":200,"duration_ms":5}
{"request_id":"rcc-8567658d43a14e61ea66f3b661428697","method":"GET","path":"/api/v1/release-orders","status":503,"duration_ms":30}
{"request_id":"rcc-fa750075b8158b33a61904a09936b039","method":"GET","path":"/api/v1/auth/csrf","status":200,"duration_ms":9}
{"request_id":"rcc-cc3eeecd46ad3b4d148a64a2d4b77db1","method":"POST","path":"/api/v1/auth/register","status":201,"duration_ms":51}
{"request_id":"rcc-f5f156116bd8b5b9dcb6eee0344bd3e1","method":"GET","path":"/api/v1/auth/session","status":200,"duration_ms":2}
{"request_id":"rcc-1bca33eab779e1e1572c815ff3fad48e","method":"GET","path":"/api/v1/account-roles","status":200,"duration_ms":1}
{"request_id":"rcc-827076103059e663d5c8f76a66125689","method":"GET","path":"/api/v1/auth/session","status":200,"duration_ms":1}
{"request_id":"rcc-2ae68b717a3b113c521c2408d32915c6","method":"PUT","path":"/api/v1/account-roles/:id","status":200,"duration_ms":14}
{"request_id":"rcc-ba8ea6c1960093eb749ffd1be84099c6","method":"GET","path":"/api/v1/auth/csrf","status":200,"duration_ms":8}
{"request_id":"rcc-a53bfc369340c3c98dd53e11b7f27e6c","method":"POST","path":"/api/v1/auth/register","status":201,"duration_ms":48}
{"request_id":"rcc-4decc21d82ca9db2a59f858b2b8af3f8","method":"GET","path":"/api/v1/auth/session","status":200,"duration_ms":0}
{"request_id":"rcc-4914bd8e76422b38dc43c7e911980b52","method":"GET","path":"/api/v1/account-roles","status":200,"duration_ms":1}
{"request_id":"rcc-54bba2e909c69c18d2056e068b521d1e","method":"GET","path":"/api/v1/auth/session","status":200,"duration_ms":1}
{"request_id":"rcc-5d96781b949e44eee1700f89be102b22","method":"PUT","path":"/api/v1/account-roles/:id","status":200,"duration_ms":13}
{"request_id":"rcc-22f06b29dbf7e8e5f27bf2be4e388772","method":"GET","path":"/api/v1/auth/csrf","status":200,"duration_ms":5}
{"request_id":"rcc-09b5cdc630ce68deff329891d349933a","method":"POST","path":"/api/v1/auth/register","status":201,"duration_ms":43}
{"request_id":"rcc-7302f215b223b8d4b7dbd1e3c0f106d9","method":"GET","path":"/api/v1/auth/session","status":200,"duration_ms":1}
{"request_id":"rcc-1c240780ff83cefaf78f646b5f86de3e","method":"GET","path":"/api/v1/account-roles","status":200,"duration_ms":1}
{"request_id":"rcc-a73dbeb69fe698dafe94590deb7c6843","method":"GET","path":"/api/v1/auth/session","status":200,"duration_ms":3}
{"request_id":"rcc-147fcfea80edee6db3ef0806bc005dbb","method":"PUT","path":"/api/v1/account-roles/:id","status":200,"duration_ms":12}
{"request_id":"rcc-82cb9513b13b28726f132026e82470e9","method":"GET","path":"/api/v1/auth/csrf","status":200,"duration_ms":8}
{"request_id":"rcc-7ebce368fcec71f9422be3b9fbc7248f","method":"POST","path":"/api/v1/auth/register","status":201,"duration_ms":53}
{"request_id":"rcc-e4210fc1923b42e10fd8083900ca656b","method":"GET","path":"/api/v1/auth/session","status":200,"duration_ms":1}
{"request_id":"rcc-cba211ebe643af384baa11eb1421c879","method":"GET","path":"/api/v1/account-roles","status":200,"duration_ms":2}
{"request_id":"rcc-479d12f7d6fddc6e8e3d4f5bfd96f8d8","method":"GET","path":"/api/v1/auth/session","status":200,"duration_ms":0}
{"request_id":"rcc-953b6bc6088ef90faa76c1778bb3ec99","method":"PUT","path":"/api/v1/account-roles/:id","status":200,"duration_ms":11}
{"request_id":"rcc-f64dd2957ef29a281cf03c1b84bacdf8","method":"GET","path":"/api/v1/auth/csrf","status":200,"duration_ms":6}
{"request_id":"rcc-f5638c4b141f1ba7504ad43bc92e9309","method":"POST","path":"/api/v1/auth/register","status":201,"duration_ms":41}
{"request_id":"rcc-48aae25172dfe7152fb58f94b84a467f","method":"GET","path":"/api/v1/auth/session","status":200,"duration_ms":1}
{"request_id":"rcc-4b136f2ff067dc9a4003f1a189224d09","method":"GET","path":"/api/v1/account-roles","status":200,"duration_ms":2}
{"request_id":"rcc-2cf2fdd719efa8f75676d259391b2a8b","method":"GET","path":"/api/v1/auth/session","status":200,"duration_ms":2}
{"request_id":"rcc-8263a0da382a894265c77560c7a5177f","method":"PUT","path":"/api/v1/account-roles/:id","status":200,"duration_ms":12}
{"request_id":"rcc-4fa844596b784e7b66a6fd5ae195f3bf","method":"GET","path":"/api/v1/auth/csrf","status":200,"duration_ms":7}
{"request_id":"rcc-2d2fd65bd996a1019ed11253f3626967","method":"POST","path":"/api/v1/auth/register","status":201,"duration_ms":46}
{"request_id":"rcc-b0fc7110424634dc914cbbaf1a480a25","method":"GET","path":"/api/v1/auth/session","status":200,"duration_ms":1}
{"request_id":"rcc-4467f5d44e2e23d7338ea631d245e0d6","method":"GET","path":"/api/v1/account-roles","status":200,"duration_ms":1}
{"request_id":"rcc-e505a7ab0ca56533ec9c362acc971897","method":"GET","path":"/api/v1/auth/session","status":200,"duration_ms":0}
{"request_id":"rcc-9458b5a92b99bc40e59dbb3f53e50c47","method":"POST","path":"/api/v1/approval-roles","status":201,"duration_ms":15}
{"request_id":"rcc-b19a6aad4f13e7d1bfb5def48cfb2c7f","method":"GET","path":"/api/v1/auth/session","status":200,"duration_ms":0}
{"request_id":"rcc-95fdedf85ad16f47a30f1efe75ddb43f","method":"GET","path":"/api/v1/table-policies/:table_name/approval-roles","status":200,"duration_ms":3}
{"request_id":"rcc-8a92faee3d3d32e1f0906d7ed569aee1","method":"GET","path":"/api/v1/auth/session","status":200,"duration_ms":0}
{"request_id":"rcc-e4bf59d6eb4a08a1c7035fee72b0377f","method":"PUT","path":"/api/v1/table-policies/:table_name/approval-roles","status":200,"duration_ms":15}
{"request_id":"rcc-c733e667aa2a893f69a7e0a855f05db8","method":"GET","path":"/api/v1/auth/session","status":200,"duration_ms":0}
{"request_id":"rcc-a35a7ed8e9db180bafd9a5ff898b1758","method":"POST","path":"/api/v1/tables/:table_name/query","status":200,"duration_ms":11}
{"request_id":"rcc-a4c35414e409cdf70ff1d3ff9a9df081","method":"GET","path":"/api/v1/auth/session","status":200,"duration_ms":1}
{"request_id":"rcc-723e9c7bbc5fc1293061a503e05c1bd5","method":"POST","path":"/api/v1/release-orders","status":201,"duration_ms":40}
{"request_id":"rcc-683a5cb6ee10248702bb2d750a065429","method":"GET","path":"/api/v1/auth/session","status":200,"duration_ms":0}
{"request_id":"rcc-8f615201047297709f5053ec3efbaa65","method":"POST","path":"/api/v1/release-orders/:id/submit","status":200,"duration_ms":66}
{"request_id":"rcc-cd3fa5705bf71836d3692f16c5f529a3","method":"GET","path":"/api/v1/auth/session","status":200,"duration_ms":0}
{"request_id":"rcc-028b096277689a8fd997df17174b549f","method":"GET","path":"/api/v1/release-orders/:id","status":200,"duration_ms":6}
{"request_id":"rcc-a20f904717f0f86d0b73903f6f177d00","method":"GET","path":"/api/v1/auth/session","status":200,"duration_ms":1}
{"request_id":"rcc-40deb02cdfab0a67f67ff3eb3122f89e","method":"POST","path":"/api/v1/release-orders/:id/approve","status":200,"duration_ms":28}
{"request_id":"rcc-bebd89e766194c11b926fff3fe149430","method":"GET","path":"/api/v1/auth/session","status":200,"duration_ms":0}
{"request_id":"rcc-9385d7ef4bffbcc54f96745108ed3d7e","method":"POST","path":"/api/v1/release-orders/:id/execute","status":200,"duration_ms":89}
{"request_id":"rcc-212e29630b0d36a9d298be089487a6d9","method":"GET","path":"/api/v1/auth/session","status":200,"duration_ms":0}
{"request_id":"rcc-db50e9418eb6bfd24aa4b5898fef95bb","method":"POST","path":"/api/v1/release-orders/:id/quick-rollback/preview","status":200,"duration_ms":105}
{"request_id":"rcc-516e8980060d57f509d56d0dd62c4954","method":"GET","path":"/api/v1/auth/session","status":200,"duration_ms":1}
{"request_id":"rcc-09183a2e9e60ed736251c091bd54b15f","method":"POST","path":"/api/v1/release-orders/:id/quick-rollback","status":200,"duration_ms":95}
{"request_id":"rcc-fdf6317b004dd33faf77adf95c484584","method":"GET","path":"/api/v1/auth/session","status":200,"duration_ms":0}
{"request_id":"rcc-81da9da89fdcfcfd6dcb966882f59867","method":"GET","path":"/api/v1/account-roles","status":200,"duration_ms":1}
{"request_id":"rcc-d2118f2018b906e7a51917296c124609","method":"GET","path":"/api/v1/auth/session","status":200,"duration_ms":0}
{"request_id":"rcc-f62fabf276703e64d387d26f09104c6e","method":"PUT","path":"/api/v1/account-roles/:id","status":200,"duration_ms":16}
{"request_id":"rcc-b8427224e4f8f42f970e5140edba847d","method":"GET","path":"/api/v1/auth/session","status":200,"duration_ms":1}
{"request_id":"rcc-07e2fd568701ee6e438c48082e69f9fe","method":"GET","path":"/api/v1/approval-notifications","status":200,"duration_ms":3}
{"request_id":"rcc-253e9ab4c670598b48a564809bbc54fd","method":"GET","path":"/api/v1/release-orders/:id","status":200,"duration_ms":10}
{"request_id":"rcc-d5cf9c841bc8a59a49df2397e285d118","method":"GET","path":"/api/v1/table-field-policies/:table_name","status":200,"duration_ms":6}
{"request_id":"rcc-2daf7645065b4cc73924a6c61b3e8ebc","method":"GET","path":"/api/v1/release-orders/:id/details","status":200,"duration_ms":8}
{"request_id":"rcc-a61985122b391c508bfe8611eb3e233b","method":"POST","path":"/api/v1/release-orders/:id/notification-read","status":200,"duration_ms":16}
{"request_id":"rcc-3518891ce0f1096e32064df917e92886","method":"GET","path":"/api/v1/release-orders/:id/people","status":200,"duration_ms":19}
{"request_id":"rcc-c853e65cf5c2dfc5a8787ac907c3da9a","method":"GET","path":"/api/v1/auth/session","status":200,"duration_ms":3}
{"request_id":"rcc-1810fce250b9571ddacf18d7e45d2204","method":"GET","path":"/api/v1/approval-notifications","status":200,"duration_ms":2}
{"request_id":"rcc-c5e570fe7899500287769f11d20752d1","method":"GET","path":"/api/v1/release-orders/:id","status":200,"duration_ms":11}
{"request_id":"rcc-90d32898137c9c9631240b091816b3ad","method":"GET","path":"/api/v1/release-orders/:id/details","status":200,"duration_ms":7}
{"request_id":"rcc-d7a050329b907bc46e6200b75c42a753","method":"GET","path":"/api/v1/table-field-policies/:table_name","status":200,"duration_ms":9}
{"request_id":"rcc-7727a7860effa41190247716d24e493e","method":"GET","path":"/api/v1/release-orders/:id/people","status":200,"duration_ms":13}
{"request_id":"rcc-a47143c2b289110345651bd03ae0204c","method":"GET","path":"/api/v1/auth/session","status":200,"duration_ms":2}
{"request_id":"rcc-57521cedd147eff21540c0e360eeda9c","method":"GET","path":"/api/v1/approval-notifications","status":200,"duration_ms":2}
{"request_id":"rcc-f29106e5a1b94abfa6168472fd647456","method":"GET","path":"/api/v1/release-orders/:id","status":200,"duration_ms":10}
{"request_id":"rcc-6bf8ba606785dae4e4577846522bd2b5","method":"GET","path":"/api/v1/table-field-policies/:table_name","status":200,"duration_ms":9}
{"request_id":"rcc-0a7ca575d3c974c126ca804445b2f02d","method":"GET","path":"/api/v1/release-orders/:id/details","status":200,"duration_ms":11}
{"request_id":"rcc-d8cc6ebaace6f3b23da2a072ebf37eb4","method":"GET","path":"/api/v1/release-orders/:id/people","status":200,"duration_ms":17}
{"request_id":"rcc-33a3edfa5fe7281cba6281a0fce2dc62","method":"GET","path":"/api/v1/auth/session","status":200,"duration_ms":2}
{"request_id":"rcc-d321e264fbf9674e42887a8024ea714d","method":"GET","path":"/api/v1/approval-notifications","status":200,"duration_ms":3}
{"request_id":"rcc-3c43f18483b0d9355100e689379b04d3","method":"GET","path":"/api/v1/release-orders/:id","status":200,"duration_ms":12}
{"request_id":"rcc-b46494a9f3bd32536a0aedb7c8bca9b0","method":"GET","path":"/api/v1/table-field-policies/:table_name","status":200,"duration_ms":7}
{"request_id":"rcc-9b932ade0593034705e40f3a46251521","method":"GET","path":"/api/v1/release-orders/:id/details","status":200,"duration_ms":7}
{"request_id":"rcc-01f6cf9fdd14f291d46132a7cbc6f522","method":"GET","path":"/api/v1/release-orders/:id/people","status":200,"duration_ms":15}
{"request_id":"rcc-3589697e20a4d4be96781e6ff4505893","method":"POST","path":"/api/v1/auth/activity","status":200,"duration_ms":10}
{"request_id":"rcc-ab3db2ae7b5694e24b133bde777aa4c0","method":"POST","path":"/api/v1/release-orders/:id/rollback-reason","status":200,"duration_ms":22}
{"request_id":"rcc-d3358fd89679310595d699a1165c3024","method":"GET","path":"/api/v1/approval-notifications","status":200,"duration_ms":2}
{"request_id":"rcc-3b5064c05590acfc6696089ad0c8a357","method":"GET","path":"/api/v1/release-orders/:id","status":200,"duration_ms":11}
{"request_id":"rcc-77a7c5b89f65d6215563e8a7526c4f92","method":"GET","path":"/api/v1/release-orders/:id/people","status":200,"duration_ms":13}
{"request_id":"rcc-56ed91aaa17244bc9a2ba6e08e53ae3f","method":"GET","path":"/api/v1/auth/session","status":200,"duration_ms":2}
{"request_id":"rcc-8adbf82f3b158aad5b20adf1c86db477","method":"GET","path":"/api/v1/approval-notifications","status":200,"duration_ms":3}
{"request_id":"rcc-0da20c6386d0e7a2ade003de4e969a56","method":"GET","path":"/api/v1/release-orders/:id","status":200,"duration_ms":13}
{"request_id":"rcc-4c2e5d463b4da75ed654e1317c3b2eba","method":"GET","path":"/api/v1/table-field-policies/:table_name","status":200,"duration_ms":7}
{"request_id":"rcc-286d3ced584b615d3b147b4b88932d2d","method":"GET","path":"/api/v1/release-orders/:id/details","status":200,"duration_ms":8}
{"request_id":"rcc-ff02af693e94881770d79ce46bfe63ab","method":"GET","path":"/api/v1/release-orders/:id/people","status":200,"duration_ms":16}
{"request_id":"rcc-60bfcf19932669e0bd4a941c8b082cb1","method":"POST","path":"/api/v1/auth/activity","status":200,"duration_ms":11}
{"request_id":"rcc-8f9ff67dde06859815d9c724a4b8626a","method":"POST","path":"/api/v1/release-orders/:id/rollback-reason","status":200,"duration_ms":26}
{"request_id":"rcc-317b2dd6db0d14aae5ffd067fd903c33","method":"GET","path":"/api/v1/approval-notifications","status":200,"duration_ms":3}
{"request_id":"rcc-18f0a14e7f294aef6e10103feca01d8e","method":"GET","path":"/api/v1/release-orders/:id","status":200,"duration_ms":10}
{"request_id":"rcc-62d130a05c5ff91ef136351074952260","method":"POST","path":"/api/v1/release-orders/:id/rollback-reason","status":200,"duration_ms":20}
{"request_id":"rcc-fe05ed574e490b586a29cad2dde135aa","method":"GET","path":"/api/v1/approval-notifications","status":200,"duration_ms":3}
{"request_id":"rcc-dcd9a3d74e458868d2488ea3aa89588f","method":"GET","path":"/api/v1/auth/session","status":200,"duration_ms":1}
{"request_id":"rcc-2453c0aa0afbe653fefb60d3df22eef3","method":"GET","path":"/api/v1/release-orders/:id","status":200,"duration_ms":17}
{"request_id":"rcc-6b71e45dd3703e9e3b048513019845f7","method":"GET","path":"/api/v1/release-orders/:id/people","status":200,"duration_ms":19}
{"request_id":"rcc-a5c085fb2ab761acc50491bbac6c401e","method":"GET","path":"/api/v1/release-orders/:id","status":200,"duration_ms":20}
{"request_id":"rcc-0bb8c0a5ccae402b3b674a07e95417df","method":"GET","path":"/api/v1/auth/csrf","status":200,"duration_ms":8}
{"request_id":"rcc-353bc00d0c21b14837eb3e1555560615","method":"POST","path":"/api/v1/auth/register","status":201,"duration_ms":61}
{"request_id":"rcc-69266dabc73ae397456c9b503dd2d4f0","method":"GET","path":"/api/v1/auth/session","status":200,"duration_ms":1}
{"request_id":"rcc-f84e9475108c93f01bc6cf42e8b057af","method":"GET","path":"/api/v1/account-roles","status":200,"duration_ms":1}
{"request_id":"rcc-c41fd9a14dcbad7b95c37d01ae1e60dc","method":"GET","path":"/api/v1/auth/session","status":200,"duration_ms":1}
{"request_id":"rcc-e932b0eaff91a5ebc178a19f5c212a81","method":"POST","path":"/api/v1/mutation-policies","status":201,"duration_ms":3}
{"request_id":"rcc-8d70f6d41dd06f7983710f049fad7b5d","method":"GET","path":"/api/v1/auth/session","status":200,"duration_ms":1}
{"request_id":"rcc-bb7445beda092092dc3a896a6c272c54","method":"POST","path":"/api/v1/mutation-policies/:code/activate","status":200,"duration_ms":6}
{"request_id":"rcc-aa7b24625e0ef1deb47112d1f9622019","method":"GET","path":"/api/v1/auth/session","status":200,"duration_ms":0}
{"request_id":"rcc-425f14075d4b4c611e4fe6223b45472c","method":"POST","path":"/api/v1/table-policies","status":201,"duration_ms":13}
{"request_id":"rcc-7133b783ff5f4c296fa2f1a3ed7271c5","method":"GET","path":"/api/v1/auth/session","status":200,"duration_ms":0}
{"request_id":"rcc-1b0f440890c2f5e0152c36527dc31f0f","method":"POST","path":"/api/v1/table-policies/:table_name/enable","status":200,"duration_ms":12}
{"request_id":"rcc-c45e8a9d3d89bec44ffc6a3c41ca1f3f","method":"GET","path":"/api/v1/auth/session","status":200,"duration_ms":0}
{"request_id":"rcc-38bb48b9fe14b410f52844ab649271e2","method":"PUT","path":"/api/v1/table-policies/:table_name/release-templates/:release_type","status":200,"duration_ms":9}
{"request_id":"rcc-817928593ff88725f1ef1250790f5c2d","method":"GET","path":"/api/v1/auth/session","status":200,"duration_ms":2}
{"request_id":"rcc-7c8ef4ca828fc96d1da51af92eb52e6a","method":"GET","path":"/api/v1/query-policy-types","status":200,"duration_ms":2}
{"request_id":"rcc-0a2b7bd80b2c469daa271abbce6511b9","method":"GET","path":"/api/v1/query-policies","status":200,"duration_ms":4}
{"request_id":"rcc-f74859ed7435dc4563d433b2105db9e1","method":"GET","path":"/api/v1/approval-notifications","status":200,"duration_ms":8}
{"request_id":"rcc-46100712fc3f080f432f1f7ac50b4bb7","method":"GET","path":"/api/v1/database-tables","status":200,"duration_ms":11}
{"request_id":"rcc-84739309b5d069d210eff4edf7762a2b","method":"GET","path":"/api/v1/table-policies","status":200,"duration_ms":6}
{"request_id":"rcc-3fa614bd493e54e7cb2fd1214adba127","method":"GET","path":"/api/v1/table-policies/:table_name","status":200,"duration_ms":10}
{"request_id":"rcc-1c34458b525b3270e10991afd467c01e","method":"GET","path":"/api/v1/mutation-policy-types","status":200,"duration_ms":14}
{"request_id":"rcc-be8794f95e44a74996609728c8ce48d5","method":"GET","path":"/api/v1/mutation-policies","status":200,"duration_ms":23}
{"request_id":"rcc-70cad8dcb537e30e1e0b2a156d1d9475","method":"POST","path":"/api/v1/auth/activity","status":200,"duration_ms":12}
{"request_id":"rcc-7f7c0ab7a6a0f9416fb62009ca128e0f","method":"GET","path":"/api/v1/table-policies/:table_name/concurrency-key-fields","status":200,"duration_ms":6}
{"request_id":"rcc-6c39340b293d615f06358d75e9969f4d","method":"PUT","path":"/api/v1/table-policies/:table_name","status":200,"duration_ms":26}
{"request_id":"rcc-4bee6d963c4a8a8952249a53e212e1e1","method":"GET","path":"/api/v1/table-policies/:table_name","status":200,"duration_ms":3}
{"request_id":"rcc-2f58a2245b2d5e78d56da11f24136eb1","method":"GET","path":"/api/v1/table-policies","status":200,"duration_ms":3}
{"request_id":"rcc-76bbf417be59d6b85218f8ec30aa4281","method":"GET","path":"/api/v1/database-tables","status":200,"duration_ms":6}
{"request_id":"rcc-884365b00aab5a6c843cf456c8f04ba2","method":"GET","path":"/api/v1/query-policy-types","status":200,"duration_ms":1}
{"request_id":"rcc-3f23d086bf2b42ed842f5ae0b33f84ff","method":"GET","path":"/api/v1/mutation-policy-types","status":200,"duration_ms":1}
{"request_id":"rcc-a6f031de1891e2867073c6b8991316ce","method":"GET","path":"/api/v1/approval-notifications","status":200,"duration_ms":4}
{"request_id":"rcc-22fa487b86012428e135388efc41a6ac","method":"GET","path":"/api/v1/query-policies","status":200,"duration_ms":3}
{"request_id":"rcc-ec1b33e15e831ac95b49177487551e42","method":"GET","path":"/api/v1/mutation-policies","status":200,"duration_ms":3}
{"request_id":"rcc-c87ea5fdbbdc2f8224a6613088ca80d7","method":"GET","path":"/api/v1/query-policy-types","status":200,"duration_ms":1}
{"request_id":"rcc-8f49f003a30911d65096b03b5b800784","method":"GET","path":"/api/v1/mutation-policy-types","status":200,"duration_ms":2}
{"request_id":"rcc-1dbf792c1f096861e603320c277f4534","method":"GET","path":"/api/v1/query-policies","status":200,"duration_ms":2}
{"request_id":"rcc-fa59a1682ccac0396aa1fcbbb2ed50b9","method":"GET","path":"/api/v1/mutation-policies","status":200,"duration_ms":2}
{"request_id":"rcc-4ab01922b3a525ac76b4528794c5a09e","method":"GET","path":"/api/v1/approval-notifications","status":200,"duration_ms":4}
{"request_id":"rcc-1ec31f690e794fb9a821ed5bae54fd1d","method":"GET","path":"/api/v1/table-policies/:table_name","status":200,"duration_ms":3}
{"request_id":"rcc-40e0e47461fc50627f3c0133ddb41ca9","method":"GET","path":"/api/v1/database-tables","status":200,"duration_ms":7}
{"request_id":"rcc-cf3b842386ca060ed1326893ec97e34f","method":"PUT","path":"/api/v1/table-policies/:table_name","status":200,"duration_ms":28}
{"request_id":"rcc-bba6191521ffb10919d7fd5a54557867","method":"GET","path":"/api/v1/table-policies","status":200,"duration_ms":2}
{"request_id":"rcc-3c5117e61191c44edb977b505fbf8094","method":"GET","path":"/api/v1/table-policies/:table_name","status":200,"duration_ms":3}
{"request_id":"rcc-401843e5708946326eb7aec9ac973857","method":"GET","path":"/api/v1/database-tables","status":200,"duration_ms":5}
{"request_id":"rcc-43f22c3490ca0fa8f20947edac85347f","method":"GET","path":"/api/v1/query-policy-types","status":200,"duration_ms":2}
{"request_id":"rcc-9629624b011754f723dfc91e08ddfeb4","method":"GET","path":"/api/v1/query-policies","status":200,"duration_ms":2}
{"request_id":"rcc-5b6e9b9693a0fb9e9cd160d441eadb0f","method":"GET","path":"/api/v1/mutation-policy-types","status":200,"duration_ms":1}
{"request_id":"rcc-ab999a5dcf9effb65b161053b74fd158","method":"GET","path":"/api/v1/approval-notifications","status":200,"duration_ms":4}
{"request_id":"rcc-9a916547cd3ab939b8ee4cacf2b1fe7f","method":"GET","path":"/api/v1/mutation-policies","status":200,"duration_ms":2}
{"request_id":"rcc-1a311c1a26fa9111b5c80c36e1b89e75","method":"GET","path":"/api/v1/auth/csrf","status":200,"duration_ms":8}
{"request_id":"rcc-f6039189d317b443e358ca6aac6f7341","method":"POST","path":"/api/v1/auth/register","status":201,"duration_ms":46}
{"request_id":"rcc-85cebe0321b585ffe475e09639a5d59f","method":"GET","path":"/api/v1/auth/session","status":200,"duration_ms":1}
{"request_id":"rcc-090c41177171c4b022fe16b7c746a3bd","method":"GET","path":"/api/v1/account-roles","status":200,"duration_ms":2}
{"request_id":"rcc-e5225ad98640aeebb60f856e2a448f06","method":"GET","path":"/api/v1/auth/session","status":200,"duration_ms":1}
{"request_id":"rcc-82f9d15c101fdaa8bc6ffc735704228d","method":"PUT","path":"/api/v1/account-roles/:id","status":200,"duration_ms":15}
{"request_id":"rcc-86ffa96c4d22edb4475386984a255401","method":"GET","path":"/api/v1/auth/session","status":200,"duration_ms":3}
{"request_id":"rcc-c01978b9ee88b566d5d073d49cb4d23a","method":"GET","path":"/api/v1/approval-notifications","status":200,"duration_ms":5}
{"request_id":"rcc-331ed9ae2194b4e2a0361da5c1add68d","method":"POST","path":"/api/v1/auth/activity","status":200,"duration_ms":9}
{"request_id":"rcc-4b637d880532c76f750318939cbd34e9","method":"GET","path":"/api/v1/release-orders","status":200,"duration_ms":117}
{"request_id":"rcc-620900654086b9d8fcf696913df6956f","method":"POST","path":"/api/v1/release-orders","status":201,"duration_ms":16}
{"request_id":"rcc-117896f2be0936df8166025e6c7e2d6d","method":"GET","path":"/api/v1/approval-notifications","status":200,"duration_ms":2}
{"request_id":"rcc-9ab7515c3820eabc90922eb318a530ef","method":"GET","path":"/api/v1/approval-notifications","status":200,"duration_ms":2}
{"request_id":"rcc-bf6f3dfa1bc78fda9e19369299a53fb7","method":"GET","path":"/api/v1/release-orders/:id","status":200,"duration_ms":7}
{"request_id":"rcc-3d5200f3e823998101865cde0529b2ea","method":"GET","path":"/api/v1/release-orders/:id/details","status":200,"duration_ms":8}
{"request_id":"rcc-c7263aee0a9e2806626f84517a7b1d1d","method":"GET","path":"/api/v1/release-orders/:id/people","status":200,"duration_ms":12}
{"request_id":"rcc-467ab79d52126085c50b254f65638a82","method":"GET","path":"/api/v1/auth/session","status":200,"duration_ms":1}
{"request_id":"rcc-a7e8199e788d2fd26ea4635a5b6c1a36","method":"GET","path":"/api/v1/release-orders/:id","status":200,"duration_ms":5}
{"request_id":"rcc-8cdec76552d32d08622329ef1cd5d742","method":"GET","path":"/api/v1/auth/session","status":200,"duration_ms":1}
{"request_id":"rcc-cf4b44bb6f94162ac145c9d25196b0a4","method":"GET","path":"/api/v1/release-orders","status":200,"duration_ms":86}
{"request_id":"rcc-6266793ac2e267f8990bee466546a3e5","method":"PUT","path":"/api/v1/release-orders/:id","status":200,"duration_ms":184}
{"request_id":"rcc-b9bf232d5a297138f8c66d4a76613127","method":"GET","path":"/api/v1/auth/session","status":200,"duration_ms":1}
{"request_id":"rcc-f9f8d98de8ef6f913093f5486d32c6eb","method":"POST","path":"/api/v1/release-orders","status":201,"duration_ms":38}
{"request_id":"rcc-ff3dc648ec9033b11081ecf2d61cf4fa","method":"GET","path":"/api/v1/auth/session","status":200,"duration_ms":1}
{"request_id":"rcc-9461d1b115e863d7f165a55bb4d69809","method":"GET","path":"/api/v1/approval-notifications","status":200,"duration_ms":5}
{"request_id":"rcc-af7c5630e1985925c8ffeb18511b0822","method":"GET","path":"/api/v1/release-orders/:id","status":200,"duration_ms":14}
{"request_id":"rcc-12c9a689053877024e45142b5b8b68ca","method":"GET","path":"/api/v1/table-field-policies/:table_name","status":200,"duration_ms":8}
{"request_id":"rcc-156b8a26923ad6106cbeccb0fcb6e44b","method":"GET","path":"/api/v1/release-orders/:id/details","status":200,"duration_ms":10}
{"request_id":"rcc-60f4251a44a23a143ac276b580218aa7","method":"GET","path":"/api/v1/release-orders/:id/people","status":200,"duration_ms":14}
{"request_id":"rcc-6fc56bd721624fa3072bb564102ddae9","method":"GET","path":"/api/v1/release-orders/:id/details","status":200,"duration_ms":11}
{"request_id":"rcc-cc5ec07e86b2ece565c5e709dfc7dc5f","method":"PUT","path":"/api/v1/release-orders/:id","status":409,"duration_ms":100}
{"request_id":"rcc-01cd0bd9c0dc95f97f28267fc9dd0ba1","method":"GET","path":"/api/v1/approval-notifications","status":200,"duration_ms":2}
{"request_id":"rcc-fb595d22f7f79b37be76a2879480b8f3","method":"GET","path":"/api/v1/release-orders/:id","status":200,"duration_ms":6}
{"request_id":"rcc-4eda54d1de37411d0878453b1bbfafc0","method":"GET","path":"/api/v1/release-orders/:id/people","status":200,"duration_ms":8}
{"request_id":"rcc-f0a60e0e59782539c03e4adcd3ce2d0b","method":"GET","path":"/api/v1/release-orders/:id","status":200,"duration_ms":9}
{"request_id":"rcc-e1ea16d5c6f80fb643c80d4e87a63821","method":"GET","path":"/api/v1/release-orders/:id/details","status":200,"duration_ms":6}
{"request_id":"rcc-a4856ac392df8f80b10db64e479d7ac2","method":"GET","path":"/api/v1/table-field-policies/:table_name","status":200,"duration_ms":5}
{"request_id":"rcc-c4763280909b8789a5bb418e7a975e1a","method":"PUT","path":"/api/v1/release-orders/:id","status":200,"duration_ms":193}
{"request_id":"rcc-8e9f58a18190b60ebc4f3ea1ca6d50e1","method":"GET","path":"/api/v1/approval-notifications","status":200,"duration_ms":3}
{"request_id":"rcc-4cbbe6c03ac31d913c771031fac62f9f","method":"GET","path":"/api/v1/release-orders/:id","status":200,"duration_ms":10}
{"request_id":"rcc-a10379053bacbfa0f4159d7a4add7986","method":"GET","path":"/api/v1/release-orders/:id/people","status":200,"duration_ms":14}
{"request_id":"rcc-7832347736c15163326ef3747a75cc25","method":"GET","path":"/api/v1/auth/session","status":200,"duration_ms":1}
{"request_id":"rcc-4d963c771e035804be12e0c83f1e4d6c","method":"GET","path":"/api/v1/release-orders/:id/details","status":200,"duration_ms":6}
{"request_id":"rcc-5ea164c02b33b21f2352960c76e8437b","method":"GET","path":"/api/v1/release-orders/:id","status":200,"duration_ms":10}
{"request_id":"rcc-27a268f93c875caf908e681aca5838ac","method":"GET","path":"/api/v1/auth/session","status":200,"duration_ms":8}
{"request_id":"rcc-7b00f60304e4fcb2a41b7159ff78b064","method":"GET","path":"/api/v1/release-orders/:id/details","status":200,"duration_ms":7}
{"request_id":"rcc-df6f6f21f737751ae95de7bf8929d90e","method":"GET","path":"/api/v1/auth/session","status":200,"duration_ms":3}
{"request_id":"rcc-5ec83ab528aebb23c03779189123b2a8","method":"GET","path":"/api/v1/approval-notifications","status":200,"duration_ms":4}
{"request_id":"rcc-ce299c566826f86560708378e6b302a5","method":"GET","path":"/api/v1/release-orders/:id","status":200,"duration_ms":14}
{"request_id":"rcc-afe7fefca03d70903a08df94f0c25fa3","method":"GET","path":"/api/v1/table-field-policies/:table_name","status":200,"duration_ms":9}
{"request_id":"rcc-182fc13fd30c317f4cdf91871e8caa14","method":"GET","path":"/api/v1/release-orders/:id/details","status":200,"duration_ms":11}
{"request_id":"rcc-898af90f0c44d19fd3a65b1d99051060","method":"GET","path":"/api/v1/release-orders/:id/people","status":200,"duration_ms":13}
{"request_id":"rcc-2b9eed73a1d06439576c8535451ffd3a","method":"GET","path":"/api/v1/release-orders/:id/details","status":200,"duration_ms":8}
{"request_id":"rcc-c604f0b332ff499bfa617cb25ce2af3e","method":"GET","path":"/api/v1/release-orders/:id/details","status":200,"duration_ms":9}
{"request_id":"rcc-835bd4627134c03cbc6360033c8bee52","method":"PUT","path":"/api/v1/release-orders/:id","status":200,"duration_ms":205}
{"request_id":"rcc-1765784a80caa08536442521ea6d4ced","method":"GET","path":"/api/v1/approval-notifications","status":200,"duration_ms":2}
{"request_id":"rcc-04babe2ff26674a4d4071efb4095d49e","method":"GET","path":"/api/v1/release-orders/:id","status":200,"duration_ms":9}
{"request_id":"rcc-342caebe691de53357431f88c645002d","method":"GET","path":"/api/v1/release-orders/:id/people","status":200,"duration_ms":9}
{"request_id":"rcc-61f227baa3db8174cdb02402b93b9aae","method":"GET","path":"/api/v1/release-orders/:id/details","status":200,"duration_ms":7}
{"request_id":"rcc-251653d4af4af3be3466cbfe489ac119","method":"PUT","path":"/api/v1/release-orders/:id","status":409,"duration_ms":12}
{"request_id":"rcc-d7559475f01dc6f9b6fc7f316f5c435d","method":"GET","path":"/api/v1/approval-notifications","status":200,"duration_ms":3}
{"request_id":"rcc-67ccb71930bcbe055f33241d27d513c8","method":"GET","path":"/api/v1/release-orders/:id","status":200,"duration_ms":10}
{"request_id":"rcc-f13cb30b89f8b863775e1332d447d466","method":"GET","path":"/api/v1/release-orders/:id/details","status":200,"duration_ms":7}
{"request_id":"rcc-05c7dc621ae20750a8e8a5a0faae4426","method":"GET","path":"/api/v1/release-orders/:id","status":200,"duration_ms":9}
{"request_id":"rcc-3d8530e9e71ea9d4c0b62637413d0b2e","method":"GET","path":"/api/v1/release-orders/:id/details","status":200,"duration_ms":6}
{"request_id":"rcc-f259ff521dca1ff64f55a9d142c63918","method":"GET","path":"/api/v1/table-field-policies/:table_name","status":200,"duration_ms":6}
{"request_id":"rcc-3177c65c358bdc1407f91b12b9c65ba3","method":"PUT","path":"/api/v1/release-orders/:id","status":200,"duration_ms":177}
{"request_id":"rcc-82029824eb0b8310a49cb8d98ee52988","method":"GET","path":"/api/v1/approval-notifications","status":200,"duration_ms":3}
{"request_id":"rcc-367638f4b2fa01116a66116e7ab9af87","method":"GET","path":"/api/v1/release-orders/:id","status":200,"duration_ms":13}
{"request_id":"rcc-e7913606fa8d68abf71ec71ddef16e36","method":"GET","path":"/api/v1/release-orders/:id/people","status":200,"duration_ms":13}
{"request_id":"rcc-4a1fec61fcf67f43d0bad3cafd19bee7","method":"GET","path":"/api/v1/auth/session","status":200,"duration_ms":1}
{"request_id":"rcc-f772d1ee3e6d158044b6206f3225a028","method":"GET","path":"/api/v1/release-orders/:id/details","status":200,"duration_ms":6}
{"request_id":"rcc-90a15c8fb5fcc4c39ec954b820993259","method":"GET","path":"/api/v1/release-orders/:id","status":200,"duration_ms":9}
{"request_id":"rcc-92f899bd1383a7fff4fea9fd0fb893d4","method":"GET","path":"/api/v1/auth/session","status":200,"duration_ms":1}
{"request_id":"rcc-cd2be8ad6f83c6fddd90efcb52cd3176","method":"GET","path":"/api/v1/release-orders/:id/details","status":200,"duration_ms":9}
{"request_id":"rcc-2cc533c3f79d496ae7a5836c1da93bfc","method":"GET","path":"/api/v1/release-orders/:id/details","status":200,"duration_ms":7}
{"request_id":"rcc-68d54e9b47734b0659f4a3b008a393cd","method":"PUT","path":"/api/v1/release-orders/:id","status":200,"duration_ms":169}
{"request_id":"rcc-1822e5980f474c6da8bd95be1577ba6e","method":"GET","path":"/api/v1/approval-notifications","status":200,"duration_ms":2}
{"request_id":"rcc-2b2ce04d1998ec213488c7a17d3c15bc","method":"GET","path":"/api/v1/release-orders/:id","status":200,"duration_ms":10}
{"request_id":"rcc-59f4bdf579912831dae42de0f95e2bdf","method":"GET","path":"/api/v1/release-orders/:id/people","status":200,"duration_ms":12}
{"request_id":"rcc-951b5f8df1afe8ed7dd5617f2ad8e4fa","method":"GET","path":"/api/v1/auth/session","status":200,"duration_ms":1}
{"request_id":"rcc-7579e924ceb0cdf30df91bb6ded28de0","method":"GET","path":"/api/v1/release-orders/:id","status":200,"duration_ms":8}
{"request_id":"rcc-55a32417a47b753b1cd84716e3fd0f8d","method":"GET","path":"/api/v1/release-orders/:id/details","status":200,"duration_ms":7}
{"request_id":"rcc-49fb9cdc0afff0478dadb985ebcf69fa","method":"GET","path":"/api/v1/auth/session","status":200,"duration_ms":1}
{"request_id":"rcc-2ff1fc95fff3c97a1d38b21a784b75a0","method":"GET","path":"/api/v1/release-orders/:id/details","status":200,"duration_ms":7}
{"request_id":"rcc-eef890b86e89a255907752463ff97c93","method":"GET","path":"/api/v1/auth/session","status":200,"duration_ms":1}
{"request_id":"rcc-a6f9b7be613e62ae60108e7c9a653752","method":"GET","path":"/api/v1/mutation-policy-types","status":200,"duration_ms":1}
{"request_id":"rcc-e79cc91bc5d1060cb2b6b6f87c6d9fa5","method":"GET","path":"/api/v1/query-policy-types","status":200,"duration_ms":3}
{"request_id":"rcc-67f390cbc9629e9e388b041daee3c0af","method":"GET","path":"/api/v1/mutation-policies","status":200,"duration_ms":3}
{"request_id":"rcc-b85a00ff19206bcb5c48c876c2eb98c4","method":"GET","path":"/api/v1/approval-notifications","status":200,"duration_ms":6}
{"request_id":"rcc-7f656a8c83033db0707ac6c2a2f1fa7e","method":"GET","path":"/api/v1/query-policies","status":200,"duration_ms":5}
{"request_id":"rcc-8f424307457c119d05f49747e98b870c","method":"GET","path":"/api/v1/table-policies","status":200,"duration_ms":3}
{"request_id":"rcc-7ea4ff3a1a1ece7c38559506c3912df5","method":"GET","path":"/api/v1/database-tables","status":200,"duration_ms":8}
{"request_id":"rcc-9462483c122c48340de639ab48e89239","method":"GET","path":"/api/v1/table-policies/:table_name","status":200,"duration_ms":4}
{"request_id":"rcc-57f1ca532418f879d54a5173c5e4b66f","method":"PUT","path":"/api/v1/table-policies/:table_name","status":409,"duration_ms":18}
{"request_id":"rcc-0351ebb262195bce3ca51e5f607ec846","method":"GET","path":"/api/v1/auth/session","status":200,"duration_ms":1}
{"request_id":"rcc-268e90f94b127df92ed9e18a9de97136","method":"GET","path":"/api/v1/approval-notifications","status":200,"duration_ms":3}
{"request_id":"rcc-0e0392ead7546f10eb3d860cf4e09270","method":"GET","path":"/api/v1/release-orders/:id","status":200,"duration_ms":9}
{"request_id":"rcc-f9e8f2389497c64cbee5bf92aefcb2ee","method":"GET","path":"/api/v1/table-field-policies/:table_name","status":200,"duration_ms":6}
{"request_id":"rcc-9c829fe297ddf41fdc2ea74dccb0fd44","method":"GET","path":"/api/v1/release-orders/:id/details","status":200,"duration_ms":8}
{"request_id":"rcc-52d483bfc5ac0c511281074edd11a31b","method":"GET","path":"/api/v1/release-orders/:id/people","status":200,"duration_ms":10}
{"request_id":"rcc-77c4ed8302597739931b139f17c7a2d0","method":"GET","path":"/api/v1/release-orders/:id/details","status":200,"duration_ms":10}
{"request_id":"rcc-cb0a8b6613fb0120fbe62273ab80d043","method":"POST","path":"/api/v1/release-orders/:id/cancel","status":200,"duration_ms":89}
{"request_id":"rcc-77296aea4d7f6ebf9ad17f86c9a0bff9","method":"GET","path":"/api/v1/approval-notifications","status":200,"duration_ms":2}
{"request_id":"rcc-bd42d171e12b6b1efcab61c8e702a53f","method":"GET","path":"/api/v1/release-orders/:id","status":200,"duration_ms":8}
{"request_id":"rcc-af16559176bb6546acc7555b7af599fc","method":"GET","path":"/api/v1/release-orders/:id/people","status":200,"duration_ms":9}
{"request_id":"rcc-7d9533d352213d32e80e239713e506f9","method":"GET","path":"/api/v1/release-orders/:id/details","status":200,"duration_ms":12}
{"request_id":"rcc-640f48d52884882489f1c3b508f22707","method":"GET","path":"/api/v1/auth/session","status":200,"duration_ms":1}
{"request_id":"rcc-a83629d467a4cb9cfd3807c0396af19d","method":"GET","path":"/api/v1/release-orders/:id","status":200,"duration_ms":9}
{"request_id":"rcc-f0e54be17bdfff41b863d3accc6ee7b1","method":"GET","path":"/api/v1/auth/session","status":200,"duration_ms":1}
{"request_id":"rcc-fd88a6657fbdd3009829ee4d4b1c442e","method":"POST","path":"/api/v1/release-orders/:id/cancel","status":200,"duration_ms":25}
{"request_id":"rcc-049b9a3c46fe5848690d8c0eb26e4b39","method":"GET","path":"/api/v1/auth/session","status":200,"duration_ms":1}
{"request_id":"rcc-6444b44761e591adcbf3107be7c400a6","method":"GET","path":"/api/v1/table-policies/:table_name","status":200,"duration_ms":2}
{"request_id":"rcc-1e3f6503c92d3a7ba431df5f1f110298","method":"GET","path":"/api/v1/auth/session","status":200,"duration_ms":1}
{"request_id":"rcc-16096841eda4a0a6d9abe5f3c8201089","method":"PUT","path":"/api/v1/table-policies/:table_name","status":200,"duration_ms":26}
{"request_id":"rcc-ef153288b074c51df188c8872c845d7c","method":"GET","path":"/api/v1/auth/csrf","status":200,"duration_ms":8}
{"request_id":"rcc-a097638a91857f11353189d0f781c49b","method":"POST","path":"/api/v1/auth/register","status":201,"duration_ms":51}
{"request_id":"rcc-b180795ee815d1a6b6cb51fe85c63125","method":"GET","path":"/api/v1/auth/session","status":200,"duration_ms":1}
{"request_id":"rcc-90c74a9f6c6d723819b0a513e63d8a7d","method":"GET","path":"/api/v1/account-roles","status":200,"duration_ms":1}
{"request_id":"rcc-278f1aadfcf7156fba7d15223ce20bce","method":"GET","path":"/api/v1/auth/session","status":200,"duration_ms":0}
{"request_id":"rcc-ae5a21eb81fb1abadbb4b2c0ff0e7a88","method":"POST","path":"/api/v1/mutation-policies","status":201,"duration_ms":3}
{"request_id":"rcc-779d3f89cf64b3456e4bc3e2fdb2a9bb","method":"GET","path":"/api/v1/auth/session","status":200,"duration_ms":0}
{"request_id":"rcc-b977b194af434b3bdf0d3d87be369b3f","method":"POST","path":"/api/v1/mutation-policies/:code/activate","status":200,"duration_ms":4}
{"request_id":"rcc-efdb61433e240905953ae9e4e46d8795","method":"GET","path":"/api/v1/auth/session","status":200,"duration_ms":0}
{"request_id":"rcc-4622053e75b0fbabc6beabeb5556d0e5","method":"POST","path":"/api/v1/table-policies","status":201,"duration_ms":15}
{"request_id":"rcc-3579f96d0fbc498a612e91eea73fa7df","method":"GET","path":"/api/v1/auth/session","status":200,"duration_ms":0}
{"request_id":"rcc-dce1974295eafd4d444450dce58ac45a","method":"POST","path":"/api/v1/table-policies/:table_name/enable","status":200,"duration_ms":12}
{"request_id":"rcc-79e91a8565c3335797a832bc36fb809e","method":"GET","path":"/api/v1/auth/session","status":200,"duration_ms":0}
{"request_id":"rcc-fcc37efbc4b79b358c11d8abd5986347","method":"PUT","path":"/api/v1/table-policies/:table_name/release-templates/:release_type","status":200,"duration_ms":8}
{"request_id":"rcc-dd047d3e83300f5466444850d24db24c","method":"GET","path":"/api/v1/auth/session","status":200,"duration_ms":1}
{"request_id":"rcc-6349b1c887fda0d204816443b0be0d07","method":"POST","path":"/api/v1/table-policies","status":201,"duration_ms":14}
{"request_id":"rcc-1f45ef3d0496ddc70b26f05aa00c59d9","method":"GET","path":"/api/v1/auth/session","status":200,"duration_ms":0}
{"request_id":"rcc-e37004fb2228af90fea9745f468373a8","method":"POST","path":"/api/v1/table-policies/:table_name/enable","status":200,"duration_ms":13}
{"request_id":"rcc-6db1fb63bd9910a01c751539b57a2050","method":"GET","path":"/api/v1/auth/session","status":200,"duration_ms":0}
{"request_id":"rcc-406793f12a05271d4496f336c6274c63","method":"PUT","path":"/api/v1/table-policies/:table_name/release-templates/:release_type","status":200,"duration_ms":8}
{"request_id":"rcc-5520e5ca46a0464a5fe99cbf1bc7ebee","method":"GET","path":"/api/v1/auth/session","status":200,"duration_ms":0}
{"request_id":"rcc-7c9da795806370160fcbc813350281a4","method":"POST","path":"/api/v1/table-policies","status":201,"duration_ms":13}
{"request_id":"rcc-fd0d2c9faf6a7b19247962e624a2eb92","method":"GET","path":"/api/v1/auth/session","status":200,"duration_ms":1}
{"request_id":"rcc-a221f56728db5562051dcf5217333902","method":"POST","path":"/api/v1/table-policies/:table_name/enable","status":200,"duration_ms":14}
{"request_id":"rcc-730f48356a72ec0844d032cbb27b1d24","method":"GET","path":"/api/v1/auth/session","status":200,"duration_ms":1}
{"request_id":"rcc-fa4e062a3f1cd2ae5a50a196a2a8b427","method":"PUT","path":"/api/v1/table-policies/:table_name/release-templates/:release_type","status":200,"duration_ms":19}
{"request_id":"rcc-15eb06a92163aae9a5e957fd6c15ee4b","method":"GET","path":"/api/v1/auth/session","status":200,"duration_ms":1}
{"request_id":"rcc-97199f812b47a1230f3210c46f686349","method":"GET","path":"/api/v1/query-policy-types","status":200,"duration_ms":2}
{"request_id":"rcc-f312a893c57e4e8d5b631cd4701806a8","method":"GET","path":"/api/v1/mutation-policy-types","status":200,"duration_ms":2}
{"request_id":"rcc-6a23399746a9f449142121d531f11fc4","method":"GET","path":"/api/v1/query-policies","status":200,"duration_ms":7}
{"request_id":"rcc-6a31832cceda2999d41ea4cb088351cd","method":"GET","path":"/api/v1/approval-notifications","status":200,"duration_ms":7}
{"request_id":"rcc-c81c2be68ff49ec259b1cf7075c27381","method":"GET","path":"/api/v1/database-tables","status":200,"duration_ms":9}
{"request_id":"rcc-0c2ae2595ba3b36d22bda7ee97070408","method":"GET","path":"/api/v1/mutation-policies","status":200,"duration_ms":9}
{"request_id":"rcc-3e6d84ff8d0b6c39c11f941ff8d63d1a","method":"GET","path":"/api/v1/table-policies","status":200,"duration_ms":7}
{"request_id":"rcc-dffd27d4c0ac3678fe88cd446262cf79","method":"GET","path":"/api/v1/table-policies/:table_name","status":200,"duration_ms":9}
{"request_id":"rcc-2e252b3d204e3d1732f86b1012def3cc","method":"GET","path":"/api/v1/table-policies/:table_name/concurrency-key-fields","status":200,"duration_ms":5}
{"request_id":"rcc-272036a0c19a15db194f94b240c2f940","method":"POST","path":"/api/v1/auth/activity","status":200,"duration_ms":12}
{"request_id":"rcc-a5a849a849b30abb1de3d77398c24498","method":"PUT","path":"/api/v1/table-policies/:table_name","status":200,"duration_ms":29}
{"request_id":"rcc-2a8e2e8333c900632a4c62dfd698f598","method":"GET","path":"/api/v1/table-policies/:table_name","status":200,"duration_ms":3}
{"request_id":"rcc-2e27f18ae43f18730e478bb4ee83c389","method":"GET","path":"/api/v1/table-policies","status":200,"duration_ms":4}
{"request_id":"rcc-650c90f08f233a8027cc7a059579875d","method":"GET","path":"/api/v1/database-tables","status":200,"duration_ms":10}
{"request_id":"rcc-c5d705af597bacc71bf961f5baebd137","method":"GET","path":"/api/v1/query-policy-types","status":200,"duration_ms":2}
{"request_id":"rcc-eaa0f2ac54051f2b0cc876eacf722c25","method":"GET","path":"/api/v1/query-policies","status":200,"duration_ms":3}
{"request_id":"rcc-f3de4f37ea44911175c05740b37707bf","method":"GET","path":"/api/v1/mutation-policy-types","status":200,"duration_ms":2}
{"request_id":"rcc-c4f04c9b06a427803da40f2cb87ad7f4","method":"GET","path":"/api/v1/approval-notifications","status":200,"duration_ms":4}
{"request_id":"rcc-f237d7dae159f667ea5db49b0131c946","method":"GET","path":"/api/v1/mutation-policies","status":200,"duration_ms":4}
{"request_id":"rcc-d913176124609bafe0abd5fdd8bc559a","method":"GET","path":"/api/v1/auth/session","status":200,"duration_ms":1}
{"request_id":"rcc-c18a39d66044491ca47b1f10b6ae95f2","method":"GET","path":"/api/v1/table-policies/:table_name","status":200,"duration_ms":3}
{"request_id":"rcc-f51b3a96e9e167a1178bbe5774926590","method":"GET","path":"/api/v1/auth/session","status":200,"duration_ms":1}
{"request_id":"rcc-0bfd1246ac70a235c6a07c7b38cca72d","method":"GET","path":"/api/v1/query-policy-types","status":200,"duration_ms":1}
{"request_id":"rcc-3f4ffc50695f6249d85ecda251c13b88","method":"GET","path":"/api/v1/mutation-policy-types","status":200,"duration_ms":1}
{"request_id":"rcc-fd61c383c7fd1ac0331927fd7f3ffce5","method":"GET","path":"/api/v1/approval-notifications","status":200,"duration_ms":4}
{"request_id":"rcc-3753598c492e0d9b63aeef64878d1669","method":"GET","path":"/api/v1/query-policies","status":200,"duration_ms":3}
{"request_id":"rcc-c6d4b4c3b9ccd78eb9bac9ab3bd3a3af","method":"GET","path":"/api/v1/mutation-policies","status":200,"duration_ms":3}
{"request_id":"rcc-499698cd55ce15f13e024582b94786a8","method":"GET","path":"/api/v1/table-policies","status":200,"duration_ms":2}
{"request_id":"rcc-a1efb104b5b6c176be95e56907decd38","method":"GET","path":"/api/v1/database-tables","status":200,"duration_ms":7}
{"request_id":"rcc-559929e07580294b4e599eb1cabf5a6d","method":"GET","path":"/api/v1/table-policies/:table_name","status":200,"duration_ms":4}
{"request_id":"rcc-b92dd11ec435f9612ebf06a76407bfdb","method":"GET","path":"/api/v1/table-policies/:table_name/concurrency-key-fields","status":200,"duration_ms":7}
{"request_id":"rcc-80bff4de30a9812a4d8bb8bde72b2503","method":"PUT","path":"/api/v1/table-policies/:table_name","status":200,"duration_ms":27}
{"request_id":"rcc-bb1ed262eb55034347a071a88f15813b","method":"GET","path":"/api/v1/table-policies","status":200,"duration_ms":2}
{"request_id":"rcc-030157ba3a381021c8a852fd698d5b72","method":"GET","path":"/api/v1/table-policies/:table_name","status":200,"duration_ms":3}
{"request_id":"rcc-216f1653a5e8010231754f7210c7eb08","method":"GET","path":"/api/v1/database-tables","status":200,"duration_ms":6}
{"request_id":"rcc-98fc82ee82c86f372afeccdb0fb1a76d","method":"GET","path":"/api/v1/query-policy-types","status":200,"duration_ms":1}
{"request_id":"rcc-04039b757ff1de30164f7d27f7d5b73f","method":"GET","path":"/api/v1/mutation-policy-types","status":200,"duration_ms":1}
{"request_id":"rcc-80fff85d0653fabcfef459dc3ba2efaf","method":"GET","path":"/api/v1/query-policies","status":200,"duration_ms":3}
{"request_id":"rcc-120a930b15f51f97857f8db86047356a","method":"GET","path":"/api/v1/mutation-policies","status":200,"duration_ms":2}
{"request_id":"rcc-382502fc7e592acbd96b2bb36aa3fcec","method":"GET","path":"/api/v1/approval-notifications","status":200,"duration_ms":3}
{"request_id":"rcc-b3ca6b6b8c1c74ba9106f7e249c66e99","method":"GET","path":"/api/v1/auth/session","status":200,"duration_ms":1}
{"request_id":"rcc-5bd4ea3c83f8577c45cd23d1945daed3","method":"GET","path":"/api/v1/table-policies/:table_name","status":200,"duration_ms":2}
{"request_id":"rcc-cacdc5394cb779820ca37dca8741f4ea","method":"GET","path":"/api/v1/auth/csrf","status":200,"duration_ms":8}
{"request_id":"rcc-4cd5f0a95c5f29b006c8e7bac6733cac","method":"POST","path":"/api/v1/auth/register","status":201,"duration_ms":53}
{"request_id":"rcc-1604566b4b1cdc14aa6db16acc6604f0","method":"GET","path":"/api/v1/auth/session","status":200,"duration_ms":1}
{"request_id":"rcc-bac1eb96c72c052bb7a998faf664c40f","method":"GET","path":"/api/v1/account-roles","status":200,"duration_ms":2}
{"request_id":"rcc-335a427fb4ed34f3f95f7c2c89ea3267","method":"GET","path":"/api/v1/auth/session","status":200,"duration_ms":1}
{"request_id":"rcc-0592c462bbcb18b3d8993058362953c4","method":"PUT","path":"/api/v1/account-roles/:id","status":200,"duration_ms":16}
{"request_id":"rcc-5ae8ceffbb3d4cae1cc15236a859430c","method":"GET","path":"/api/v1/auth/csrf","status":200,"duration_ms":6}
{"request_id":"rcc-5cb395e5d860c176fc85c90099589c8f","method":"POST","path":"/api/v1/auth/register","status":201,"duration_ms":45}
{"request_id":"rcc-14b10f5c619c6c21cfe002121a5870e0","method":"GET","path":"/api/v1/auth/session","status":200,"duration_ms":1}
{"request_id":"rcc-468723f0dfc7ddd522d206ed0a85f9f9","method":"GET","path":"/api/v1/account-roles","status":200,"duration_ms":1}
{"request_id":"rcc-0149d407ef3ca63a0e5f92c269c875c6","method":"GET","path":"/api/v1/auth/session","status":200,"duration_ms":1}
{"request_id":"rcc-b5910c4c12c948b8d377497994048804","method":"PUT","path":"/api/v1/account-roles/:id","status":200,"duration_ms":16}
{"request_id":"rcc-10bda8413b3a4f2e632e883ebd5e2204","method":"GET","path":"/api/v1/auth/session","status":200,"duration_ms":1}
{"request_id":"rcc-474719ce4b89c27cd77003b59c28e96e","method":"POST","path":"/api/v1/approval-roles","status":201,"duration_ms":16}
{"request_id":"rcc-d65cbd6412a266a4aadfd1d0314783fc","method":"GET","path":"/api/v1/auth/session","status":200,"duration_ms":1}
{"request_id":"rcc-3c18186780e98861defb5a200411159d","method":"GET","path":"/api/v1/table-policies/:table_name/approval-roles","status":200,"duration_ms":4}
{"request_id":"rcc-accbec5e2246860dd51c2d57defc60fd","method":"GET","path":"/api/v1/auth/session","status":200,"duration_ms":1}
{"request_id":"rcc-eb76355fdba7c9b6840035034a210bcb","method":"PUT","path":"/api/v1/table-policies/:table_name/approval-roles","status":200,"duration_ms":23}
{"request_id":"rcc-80fa5839990560e1141ea9c17e7e9bf8","method":"GET","path":"/api/v1/auth/session","status":200,"duration_ms":1}
{"request_id":"rcc-20e8bc5efa9736495602592ec98db5f7","method":"GET","path":"/api/v1/table-policies/:table_name/approval-roles","status":200,"duration_ms":4}
{"request_id":"rcc-e058f31105e64036d34406bc725bc78c","method":"GET","path":"/api/v1/auth/session","status":200,"duration_ms":1}
{"request_id":"rcc-893873008b802148323ac1c94bc853a4","method":"PUT","path":"/api/v1/table-policies/:table_name/approval-roles","status":200,"duration_ms":19}
{"request_id":"rcc-4e630bbb192b3ad64b6fc78a1626b702","method":"GET","path":"/api/v1/auth/session","status":200,"duration_ms":0}
{"request_id":"rcc-a07cf2c2c2d01f7762ae3c73179b2f59","method":"GET","path":"/api/v1/table-policies/:table_name/approval-roles","status":200,"duration_ms":3}
{"request_id":"rcc-3a52e5c3c791cbefd0d3adc62ac50b67","method":"GET","path":"/api/v1/auth/session","status":200,"duration_ms":0}
{"request_id":"rcc-fe782c38f4c68dfb6068c05687387351","method":"PUT","path":"/api/v1/table-policies/:table_name/approval-roles","status":200,"duration_ms":19}
{"request_id":"rcc-b2c2e6592f6f4d8928883054764dc8e2","method":"GET","path":"/api/v1/auth/session","status":200,"duration_ms":3}
{"request_id":"rcc-5de151c766b5eeb396fa6d8779504905","method":"GET","path":"/api/v1/approval-notifications","status":200,"duration_ms":3}
{"request_id":"rcc-df1527598f92666d683f7090216f1601","method":"POST","path":"/api/v1/auth/activity","status":200,"duration_ms":10}
{"request_id":"rcc-34ea17ab5907bf76f48cf47d44fec95c","method":"GET","path":"/api/v1/release-orders","status":200,"duration_ms":125}
{"request_id":"rcc-78356ea898aef251ea2fe25a6aed5dca","method":"POST","path":"/api/v1/release-orders","status":201,"duration_ms":17}
{"request_id":"rcc-e99dd6b7b71f98aa6a15e5ff1ed0358d","method":"GET","path":"/api/v1/approval-notifications","status":200,"duration_ms":2}
{"request_id":"rcc-062749d015a87e4b5b5e5484ca0fadba","method":"GET","path":"/api/v1/approval-notifications","status":200,"duration_ms":3}
{"request_id":"rcc-ff988bf36dac4652aa9e551afc638c8b","method":"GET","path":"/api/v1/release-orders/:id","status":200,"duration_ms":8}
{"request_id":"rcc-016289f8facc87f3e5671871908c8906","method":"GET","path":"/api/v1/release-orders/:id/details","status":200,"duration_ms":8}
{"request_id":"rcc-b25cf99962d83289270e665dadbab619","method":"GET","path":"/api/v1/release-orders/:id/people","status":200,"duration_ms":12}
{"request_id":"rcc-d53ef0a9c6af2d9f8ff5fa6bbdf40cc5","method":"GET","path":"/api/v1/auth/session","status":200,"duration_ms":1}
{"request_id":"rcc-f446f14e5fab8391a08680d30dc5fe45","method":"GET","path":"/api/v1/release-orders/:id","status":200,"duration_ms":7}
{"request_id":"rcc-6457619b236c2229ac9e58a01361e8dc","method":"GET","path":"/api/v1/release-orders","status":200,"duration_ms":106}
{"request_id":"rcc-46b29135d1e195c7e4f779995f8de348","method":"GET","path":"/api/v1/table-policies","status":200,"duration_ms":2}
{"request_id":"rcc-ba8e2fec50d8744f2746b374999af517","method":"GET","path":"/api/v1/approval-notifications","status":200,"duration_ms":2}
{"request_id":"rcc-1c5272c5bf10726328747591ea3db82e","method":"GET","path":"/api/v1/mutation-policy-types","status":200,"duration_ms":1}
{"request_id":"rcc-91e6bf31b83907f0d0eb3e29bf8a297e","method":"GET","path":"/api/v1/query-policy-types","status":200,"duration_ms":1}
{"request_id":"rcc-9f25e8e1114638bb893e7748c51cbc5f","method":"GET","path":"/api/v1/query-policies/:code","status":200,"duration_ms":3}
{"request_id":"rcc-083b0d71749124892aa22e2bc2c1673c","method":"GET","path":"/api/v1/mutation-policies/:code","status":200,"duration_ms":4}
{"request_id":"rcc-3e7a587f41a51c9500541a45f8c4604a","method":"GET","path":"/api/v1/release-orders","status":200,"duration_ms":9}
{"request_id":"rcc-d8808735c0b2d8fe4b77aa8770d8da01","method":"GET","path":"/api/v1/mutation-policies/:code","status":200,"duration_ms":3}
{"request_id":"rcc-73b7f36ba4bf0da084a3efe458960860","method":"GET","path":"/api/v1/release-orders","status":200,"duration_ms":8}
{"request_id":"rcc-03556fdec5b00cace292b41a71f02b84","method":"POST","path":"/api/v1/tables/:table_name/query","status":200,"duration_ms":77}
{"request_id":"rcc-ad6ada8cde8f2b0ed8d10556bc782684","method":"GET","path":"/api/v1/table-field-policies/:table_name","status":200,"duration_ms":6}
{"request_id":"rcc-1cf9ce5fdf99a69abebae9463ae8425f","method":"POST","path":"/api/v1/tables/:table_name/query","status":200,"duration_ms":127}
{"request_id":"rcc-e18f4510a25712ce42b57445cf791de2","method":"GET","path":"/api/v1/table-field-policies/:table_name","status":200,"duration_ms":6}
{"request_id":"rcc-8b39eedc544f9a7d4be01719ae04506e","method":"GET","path":"/api/v1/release-orders/:id","status":200,"duration_ms":7}
{"request_id":"rcc-72006afa5f526fc41ac5e65e3da7936f","method":"PUT","path":"/api/v1/release-orders/:id","status":200,"duration_ms":49}
{"request_id":"rcc-bdbc0c991435e6b687923dd53cc9b970","method":"GET","path":"/api/v1/approval-notifications","status":200,"duration_ms":2}
{"request_id":"rcc-3f1fbbc956bd73ee24300e7214d5cf7c","method":"GET","path":"/api/v1/release-orders","status":200,"duration_ms":15}
{"request_id":"rcc-e81cb952f80071b23253f95178428d72","method":"GET","path":"/api/v1/approval-notifications","status":200,"duration_ms":3}
{"request_id":"rcc-ef69cfdbef1534497a4d9a83bb1a3618","method":"GET","path":"/api/v1/release-orders/:id/details","status":409,"duration_ms":8}
{"request_id":"rcc-a26e89ecb8db1088b27253d05f792209","method":"GET","path":"/api/v1/release-orders/:id","status":200,"duration_ms":18}
{"request_id":"rcc-d974de27aefb778d98229d65163ce43f","method":"GET","path":"/api/v1/release-orders/:id/people","status":200,"duration_ms":18}
{"request_id":"rcc-791c9e4d0897185a32d61b0a9a0bad70","method":"GET","path":"/api/v1/table-field-policies/:table_name","status":200,"duration_ms":6}
{"request_id":"rcc-525de6f4afb077622208e5aa656e280e","method":"GET","path":"/api/v1/release-orders/:id/details","status":200,"duration_ms":7}
{"request_id":"rcc-09d3716ad047743929a6aa19fc454858","method":"GET","path":"/api/v1/table-policies","status":200,"duration_ms":4}
{"request_id":"rcc-f8b70b87894d6fc7b36fc18de37544b8","method":"GET","path":"/api/v1/approval-notifications","status":200,"duration_ms":5}
{"request_id":"rcc-d1342ad2dcf5e5412c30dba822139c9f","method":"GET","path":"/api/v1/query-policy-types","status":200,"duration_ms":2}
{"request_id":"rcc-9968a733470b9569973e0a4cc71cafa6","method":"GET","path":"/api/v1/query-policies/:code","status":200,"duration_ms":5}
{"request_id":"rcc-8c3c4178d72dcf1d6af4749975f8a5b2","method":"GET","path":"/api/v1/mutation-policy-types","status":200,"duration_ms":1}
{"request_id":"rcc-1bc69e915aa099be0aa2abacf11adde5","method":"GET","path":"/api/v1/table-field-policies/:table_name","status":200,"duration_ms":10}
{"request_id":"rcc-4819ec671687d2ff9e76d2c7fdd534e0","method":"GET","path":"/api/v1/mutation-policies/:code","status":200,"duration_ms":4}
{"request_id":"rcc-684000823679ad52c725773a2d4cc81a","method":"GET","path":"/api/v1/release-orders","status":200,"duration_ms":21}
{"request_id":"rcc-14b3bdf6c52708f9a73a0fba01c04c07","method":"GET","path":"/api/v1/release-orders","status":200,"duration_ms":18}
{"request_id":"rcc-318430326b4b66116f1a97219574e18a","method":"POST","path":"/api/v1/tables/:table_name/query","status":200,"duration_ms":92}
{"request_id":"rcc-83d37c8f20b88eaebb8cbb5845d6f7d3","method":"POST","path":"/api/v1/tables/:table_name/query","status":200,"duration_ms":81}
{"request_id":"rcc-72735d1987ab66a2aa1447a9351e861d","method":"GET","path":"/api/v1/table-field-policies/:table_name","status":200,"duration_ms":6}
{"request_id":"rcc-e61305d0473f420079f14a2361e29079","method":"GET","path":"/api/v1/table-field-policies/:table_name","status":200,"duration_ms":6}
{"request_id":"rcc-4bd4b92ea011835291e22bbd71e0882e","method":"GET","path":"/api/v1/release-orders/:id","status":200,"duration_ms":16}
{"request_id":"rcc-f8326212a8ac2fc46e069fb2e7e75097","method":"PUT","path":"/api/v1/release-orders/:id","status":200,"duration_ms":63}
{"request_id":"rcc-de15ad41e3cb76ca0c731eef1b141c9f","method":"GET","path":"/api/v1/approval-notifications","status":200,"duration_ms":3}
{"request_id":"rcc-c32d1fbb9f1238182e837e4647cab6ce","method":"GET","path":"/api/v1/release-orders","status":200,"duration_ms":20}
{"request_id":"rcc-df1cbe6b5b5232ef2a688c401c5a56b1","method":"GET","path":"/api/v1/approval-notifications","status":200,"duration_ms":3}
{"request_id":"rcc-e0916656a2ce25579bf997b8a885161f","method":"GET","path":"/api/v1/table-field-policies/:table_name","status":200,"duration_ms":6}
{"request_id":"rcc-c624045fb38d537fd254169fa73b83aa","method":"GET","path":"/api/v1/release-orders/:id/details","status":409,"duration_ms":8}
{"request_id":"rcc-e823666e73b3f1f60c3814e80f26da3a","method":"GET","path":"/api/v1/release-orders/:id/people","status":200,"duration_ms":21}
{"request_id":"rcc-67852d4d98f783883ca21a00f55ad596","method":"GET","path":"/api/v1/release-orders/:id","status":200,"duration_ms":23}
{"request_id":"rcc-4679cade73990534b4ba3b31b8c8857a","method":"GET","path":"/api/v1/table-field-policies/:table_name","status":200,"duration_ms":8}
{"request_id":"rcc-b18b568952e6f1fc68ee92388fb73466","method":"GET","path":"/api/v1/release-orders/:id/details","status":200,"duration_ms":9}
{"request_id":"rcc-238cfea0a885b8d3af5c07843a82f594","method":"GET","path":"/api/v1/auth/session","status":200,"duration_ms":3}
{"request_id":"rcc-f6a55e3b368f504819c0d0e744e5fb35","method":"GET","path":"/api/v1/release-orders/:id","status":200,"duration_ms":17}
{"request_id":"rcc-1b17a885d0276baf280b6e2179136af2","method":"GET","path":"/api/v1/auth/session","status":200,"duration_ms":1}
{"request_id":"rcc-a143089f4e3de67f7a615312ecd1924e","method":"GET","path":"/api/v1/release-orders/:id/details","status":200,"duration_ms":7}
{"request_id":"rcc-c9c66fa4867e18de26ba62637fa0e003","method":"GET","path":"/api/v1/auth/session","status":200,"duration_ms":2}
{"request_id":"rcc-e8ae8b770225260c7f2d4338da91fbe5","method":"PUT","path":"/api/v1/release-orders/:id","status":200,"duration_ms":189}
{"request_id":"rcc-6b39814d13338b083db3cd2245562f8f","method":"GET","path":"/api/v1/auth/session","status":200,"duration_ms":1}
{"request_id":"rcc-64fb98c72a0016be912474501e50f61d","method":"GET","path":"/api/v1/approval-notifications","status":200,"duration_ms":3}
{"request_id":"rcc-05a2b75b607a4494b1f903c1035d9ed8","method":"GET","path":"/api/v1/release-orders/:id","status":200,"duration_ms":20}
{"request_id":"rcc-e6964cdd305291302b1dc2a9c56796cf","method":"GET","path":"/api/v1/table-field-policies/:table_name","status":200,"duration_ms":8}
{"request_id":"rcc-d2a0e0a22c50421fe29d6d2351d58383","method":"GET","path":"/api/v1/table-field-policies/:table_name","status":200,"duration_ms":8}
{"request_id":"rcc-47fd2519437d5411dced790b6d1d2dfd","method":"GET","path":"/api/v1/release-orders/:id/details","status":200,"duration_ms":10}
{"request_id":"rcc-6710045dbaf67e347ebf69bfb206bb37","method":"GET","path":"/api/v1/release-orders/:id/people","status":200,"duration_ms":29}
{"request_id":"rcc-78fa96a1e1e6e77d6f729e488ac1cf74","method":"GET","path":"/api/v1/release-orders/:id/details","status":200,"duration_ms":9}
{"request_id":"rcc-818d7a269424a5bb7ea593a4e8decaa6","method":"PUT","path":"/api/v1/release-orders/:id","status":200,"duration_ms":179}
{"request_id":"rcc-dd6b3aa2ca2cc86a351db6cba06d802a","method":"GET","path":"/api/v1/approval-notifications","status":200,"duration_ms":4}
{"request_id":"rcc-cc3760c1cbbd351866fc8308bb517795","method":"GET","path":"/api/v1/release-orders/:id","status":200,"duration_ms":19}
{"request_id":"rcc-ffc7d809f933954ef59e6731fe039a3e","method":"GET","path":"/api/v1/release-orders/:id/people","status":200,"duration_ms":19}
{"request_id":"rcc-6b2bac137ed0debce7b05d2b31e359ba","method":"GET","path":"/api/v1/release-orders/:id/details","status":200,"duration_ms":6}
{"request_id":"rcc-ca849455583b4619468a73b24f31a919","method":"GET","path":"/api/v1/auth/session","status":200,"duration_ms":1}
{"request_id":"rcc-7fd55ee85cbe3cd66ed1ad548ac70317","method":"GET","path":"/api/v1/release-orders/:id","status":200,"duration_ms":17}
{"request_id":"rcc-a944cfc4da1cc9725319b51a11cf0984","method":"GET","path":"/api/v1/auth/session","status":200,"duration_ms":1}
{"request_id":"rcc-74fce8cb2b1802f3107b14b5e8ff18da","method":"GET","path":"/api/v1/release-orders/:id/details","status":200,"duration_ms":6}
{"request_id":"rcc-bab6f97bbe3ce74295d615704114e46d","method":"GET","path":"/api/v1/auth/session","status":200,"duration_ms":1}
{"request_id":"rcc-227970518ceec645e643f5ead1076794","method":"PUT","path":"/api/v1/table-field-policies/:table_name","status":200,"duration_ms":15}
{"request_id":"rcc-5a8e6482c0b40304f9c0cb9e5d3b8fd2","method":"GET","path":"/api/v1/auth/session","status":200,"duration_ms":1}
{"request_id":"rcc-50f91603e35d9b789a718335b68ff0de","method":"PUT","path":"/api/v1/table-field-policies/:table_name","status":200,"duration_ms":11}
{"request_id":"rcc-8b38a07f2ab47cd7c764131127aa459f","method":"GET","path":"/api/v1/auth/session","status":200,"duration_ms":1}
{"request_id":"rcc-f2122eb5f141061f1383f224aeefe363","method":"GET","path":"/api/v1/approval-notifications","status":200,"duration_ms":3}
{"request_id":"rcc-bbfc5a4f8d43440f80f5881efca802ce","method":"GET","path":"/api/v1/release-orders/:id","status":200,"duration_ms":19}
{"request_id":"rcc-1a74de4713e7211fa8fb8914ebaa1003","method":"GET","path":"/api/v1/table-field-policies/:table_name","status":200,"duration_ms":7}
{"request_id":"rcc-69f10bb85657fd1ed2fac67e448a301d","method":"GET","path":"/api/v1/table-field-policies/:table_name","status":200,"duration_ms":7}
{"request_id":"rcc-1c2b46db750308e3f69f678ef5915b56","method":"GET","path":"/api/v1/release-orders/:id/details","status":200,"duration_ms":10}
{"request_id":"rcc-c2189ae47167d84d1e8de1dd2680b00d","method":"GET","path":"/api/v1/release-orders/:id/people","status":200,"duration_ms":30}
{"request_id":"rcc-3cbb00220b2cf80d4fd08aaa7b3ff711","method":"GET","path":"/api/v1/release-orders/:id/details","status":200,"duration_ms":8}
{"request_id":"rcc-6518dc1185ba1a0b167d784ad30f42e1","method":"POST","path":"/api/v1/release-orders/:id/submit","status":200,"duration_ms":192}
{"request_id":"rcc-d33e4b2ffa90d09e30e91571c4a71290","method":"GET","path":"/api/v1/approval-notifications","status":200,"duration_ms":2}
{"request_id":"rcc-7918ba832b87177b2584017251db87ac","method":"GET","path":"/api/v1/release-orders/:id","status":200,"duration_ms":14}
{"request_id":"rcc-26de5395441b5436ad646383cac0092f","method":"GET","path":"/api/v1/release-orders/:id/people","status":200,"duration_ms":13}
{"request_id":"rcc-046b513830594c7fa9e3766b317bad7c","method":"GET","path":"/api/v1/release-orders/:id/details","status":200,"duration_ms":7}
{"request_id":"rcc-00d8232e0e19f36eb283421a2762ed34","method":"GET","path":"/api/v1/auth/session","status":200,"duration_ms":1}
{"request_id":"rcc-a2f99f1b598ebb89d2f75c76a78f5273","method":"GET","path":"/api/v1/approval-notifications","status":200,"duration_ms":5}
{"request_id":"rcc-03acf8dae87576944ff24c687b3cf1ec","method":"GET","path":"/api/v1/release-orders/:id","status":200,"duration_ms":17}
{"request_id":"rcc-6fd6d6051281362c5c550d991d28ee23","method":"GET","path":"/api/v1/table-field-policies/:table_name","status":200,"duration_ms":10}
{"request_id":"rcc-edcef5a1571baa4f6fc44b312e72ce16","method":"GET","path":"/api/v1/release-orders/:id/details","status":200,"duration_ms":12}
{"request_id":"rcc-b47d3cdb715e6a1f8b59bf2f602cba5d","method":"GET","path":"/api/v1/table-field-policies/:table_name","status":200,"duration_ms":11}
{"request_id":"rcc-c7370b30a03ce5f0532645b9a801b390","method":"POST","path":"/api/v1/release-orders/:id/notification-read","status":200,"duration_ms":21}
{"request_id":"rcc-4c83e1299a3f06ac8210537babe340a8","method":"GET","path":"/api/v1/release-orders/:id/people","status":200,"duration_ms":20}
{"request_id":"rcc-5686ed5fb241334f9768f37f96cee14e","method":"GET","path":"/api/v1/approval-notifications","status":200,"duration_ms":2}
{"request_id":"rcc-8daf66451f31a954ec928343036350f4","method":"POST","path":"/api/v1/auth/activity","status":200,"duration_ms":9}
{"request_id":"rcc-fb521f1dd5517fec28eaf90f9bf7ea3c","method":"GET","path":"/api/v1/release-orders/:id/details","status":200,"duration_ms":8}
{"request_id":"rcc-9e089c76993c1fd57de6ed0fde2a9d17","method":"GET","path":"/api/v1/release-orders/:id/details","status":200,"duration_ms":7}
{"request_id":"rcc-d568948729cf4b307553c6b013e1ca96","method":"POST","path":"/api/v1/release-orders/:id/approve","status":200,"duration_ms":46}
{"request_id":"rcc-6d431e181d92010fce3c19dcaea5ca0c","method":"GET","path":"/api/v1/approval-notifications","status":200,"duration_ms":3}
{"request_id":"rcc-39800ed47216ed9334bdaecd4b5bdd79","method":"GET","path":"/api/v1/release-orders/:id","status":200,"duration_ms":11}
{"request_id":"rcc-05f501b301a786a470eb77f6a7f0983a","method":"GET","path":"/api/v1/release-orders/:id/people","status":200,"duration_ms":12}
{"request_id":"rcc-276506769492227a1d5905df738af14b","method":"GET","path":"/api/v1/release-orders/:id/details","status":200,"duration_ms":7}
{"request_id":"rcc-64d2dc38f001b668ff1d8249276b452a","method":"GET","path":"/api/v1/auth/session","status":200,"duration_ms":2}
{"request_id":"rcc-ba50b361fcc6a3a40b5e9c083551a7f4","method":"GET","path":"/api/v1/approval-notifications","status":200,"duration_ms":3}
{"request_id":"rcc-aa3471e61d264eb2c62cb85b9b3fd09d","method":"GET","path":"/api/v1/release-orders/:id","status":200,"duration_ms":15}
{"request_id":"rcc-a238582b78f37ff33018a03fa357e4c3","method":"GET","path":"/api/v1/table-field-policies/:table_name","status":200,"duration_ms":7}
{"request_id":"rcc-ade872247a4dd1b8c6f937dbcc06e896","method":"GET","path":"/api/v1/table-field-policies/:table_name","status":200,"duration_ms":7}
{"request_id":"rcc-71275cd3518edb69a1fca9bd23fd9143","method":"GET","path":"/api/v1/release-orders/:id/details","status":200,"duration_ms":9}
{"request_id":"rcc-7186b26dcca8ffff9919609b65c4dc6a","method":"POST","path":"/api/v1/release-orders/:id/notification-read","status":200,"duration_ms":20}
{"request_id":"rcc-8a1f8a14c63698d601007add8236e77b","method":"GET","path":"/api/v1/release-orders/:id/people","status":200,"duration_ms":22}
{"request_id":"rcc-8c0906452a3979a060b8ee720f09463e","method":"GET","path":"/api/v1/approval-notifications","status":200,"duration_ms":2}
{"request_id":"rcc-6532d724550ee95b6398cff22a03306c","method":"GET","path":"/api/v1/release-orders/:id/details","status":200,"duration_ms":8}
{"request_id":"rcc-c48f87dc10148b288c55e816b7f11361","method":"POST","path":"/api/v1/release-orders/:id/execute","status":200,"duration_ms":188}
{"request_id":"rcc-6b28fd978e9f44c2ed97c99c5f654d8e","method":"GET","path":"/api/v1/approval-notifications","status":200,"duration_ms":3}
{"request_id":"rcc-e97a4cbdee303c252b7b81db50b125ff","method":"GET","path":"/api/v1/release-orders/:id","status":200,"duration_ms":13}
{"request_id":"rcc-131af764b4030728c3221b2c37cf2f2d","method":"GET","path":"/api/v1/release-orders/:id/people","status":200,"duration_ms":14}
{"request_id":"rcc-09dcf6d446c9c548c93d40e474b89ff8","method":"GET","path":"/api/v1/release-orders/:id/details","status":200,"duration_ms":8}
{"request_id":"rcc-bf510eebfeb654f49d2d4b4911549e70","method":"GET","path":"/api/v1/auth/session","status":200,"duration_ms":1}
{"request_id":"rcc-1f93985853273fbca6f644789ca125fd","method":"GET","path":"/api/v1/release-orders/:id","status":200,"duration_ms":9}
{"request_id":"rcc-de8b71365df348363ff908154d218477","method":"GET","path":"/api/v1/auth/session","status":200,"duration_ms":1}
{"request_id":"rcc-c076d4e96a06955ded59eaa50dfbf99c","method":"GET","path":"/api/v1/release-orders/:id/details","status":200,"duration_ms":7}
{"request_id":"rcc-0a2bde99661c9c0310bd198be95b31f7","method":"GET","path":"/api/v1/release-orders/:id/details","status":200,"duration_ms":8}
{"request_id":"rcc-c1f2c12ec26b6cab3f02dbf13fb160da","method":"GET","path":"/api/v1/release-orders/:id","status":200,"duration_ms":13}
{"request_id":"rcc-90f50a958f089a858516655723460c65","method":"POST","path":"/api/v1/release-orders/:id/quick-rollback/preview","status":200,"duration_ms":242}
{"request_id":"rcc-c9c80fa270051e669bf508d8fb573092","method":"GET","path":"/api/v1/approval-notifications","status":200,"duration_ms":3}
{"request_id":"rcc-ce53b5feaaf267bf5aca3a77cea22ed8","method":"GET","path":"/api/v1/release-orders/:id","status":200,"duration_ms":12}
{"request_id":"rcc-89cae50a64ea031259d1d91c2ab0e507","method":"GET","path":"/api/v1/release-orders/:id/people","status":200,"duration_ms":13}
{"request_id":"rcc-2f7515000e5905038b61684c1575a8d8","method":"GET","path":"/api/v1/release-orders/:id/details","status":200,"duration_ms":6}
{"request_id":"rcc-0e26470ef6173f0b67df506017a27ca0","method":"POST","path":"/api/v1/release-orders/:id/quick-rollback","status":200,"duration_ms":272}
{"request_id":"rcc-687e3cce908e24e65e9a0dd7c5ae95a0","method":"GET","path":"/api/v1/approval-notifications","status":200,"duration_ms":3}
{"request_id":"rcc-973d88351ec36ab61ae2bedd35f1beeb","method":"GET","path":"/api/v1/release-orders/:id","status":200,"duration_ms":12}
{"request_id":"rcc-4dc9fa1e5f28006b7a28baa290c32990","method":"GET","path":"/api/v1/release-orders/:id/people","status":200,"duration_ms":13}
{"request_id":"rcc-61ca8ccbcbab2979a22a550391f0df20","method":"GET","path":"/api/v1/approval-notifications","status":200,"duration_ms":2}
{"request_id":"rcc-b50cf104df83dcd4266641d24dad460d","method":"GET","path":"/api/v1/release-orders/:id/details","status":200,"duration_ms":6}
{"request_id":"rcc-2705700e08d76df827dbdfbb2c163387","method":"GET","path":"/api/v1/auth/session","status":200,"duration_ms":1}
{"request_id":"rcc-f6ac072e65b20cd09312cd475bb9f982","method":"GET","path":"/api/v1/release-orders/:id","status":200,"duration_ms":8}
{"request_id":"rcc-4f0019726d38b745f7deea940ae13c86","method":"GET","path":"/api/v1/auth/session","status":200,"duration_ms":0}
{"request_id":"rcc-1646ac5cfa4752d647f408611a66f764","method":"GET","path":"/api/v1/release-orders/:id/details","status":200,"duration_ms":6}
{"request_id":"rcc-7153daf34c0f580e186744fa1df68632","method":"GET","path":"/api/v1/release-orders/:id/details","status":200,"duration_ms":8}
{"request_id":"rcc-cbd07d5beb7f7ee2dfa9f83905a81d8c","method":"POST","path":"/api/v1/release-orders/:id/rollback-reason","status":200,"duration_ms":28}
{"request_id":"rcc-44808000e5c81b8aa17840acf4f49970","method":"GET","path":"/api/v1/approval-notifications","status":200,"duration_ms":2}
{"request_id":"rcc-45f46f9f7e25040b7ccf733e69f0b62c","method":"GET","path":"/api/v1/release-orders/:id","status":200,"duration_ms":15}
{"request_id":"rcc-fa941c046725a49dd2e94d26a6aefba3","method":"GET","path":"/api/v1/release-orders/:id/people","status":200,"duration_ms":16}
{"request_id":"rcc-d69e8f9bff9b9655ce97cd66f76a6874","method":"GET","path":"/api/v1/auth/session","status":200,"duration_ms":1}
{"request_id":"rcc-0fb26156f2901f3ae28f5f6b7ba5c07b","method":"GET","path":"/api/v1/release-orders/:id","status":200,"duration_ms":9}
{"request_id":"rcc-9c504b9d5ef196fc24d0ef00de2a8d6d","method":"GET","path":"/api/v1/auth/session","status":200,"duration_ms":1}
{"request_id":"rcc-9a8f28323d7d313469cc176167fc59a7","method":"GET","path":"/api/v1/release-orders/:id/details","status":200,"duration_ms":8}
{"request_id":"rcc-8c541775705f79880037dbb1a51c3000","method":"GET","path":"/api/v1/auth/session","status":200,"duration_ms":1}
{"request_id":"rcc-f4722a3bc2571e5fef4ef54c2d832c0e","method":"POST","path":"/api/v1/release-orders","status":201,"duration_ms":70}
{"request_id":"rcc-a669e7d684d764c5c8ba796b52c9283a","method":"GET","path":"/api/v1/auth/session","status":200,"duration_ms":1}
{"request_id":"rcc-5eae2434899c8793a293f45f4643954c","method":"POST","path":"/api/v1/release-orders/:id/cancel","status":200,"duration_ms":23}
{"request_id":"rcc-bb1b4f98883ea58583f2faf3186b47e7","method":"GET","path":"/api/v1/auth/session","status":200,"duration_ms":1}
{"request_id":"rcc-debfb06cbaa66e9f94cc70e990ede1f9","method":"POST","path":"/api/v1/release-orders","status":201,"duration_ms":58}
{"request_id":"rcc-c9eedb02a49e74460c31e3c17bd54d4d","method":"GET","path":"/api/v1/auth/session","status":200,"duration_ms":1}
{"request_id":"rcc-f54003387862a7d40550bad67aad347b","method":"POST","path":"/api/v1/release-orders/:id/submit","status":200,"duration_ms":126}
{"request_id":"rcc-19a1b05bec8458defb2f493a36669e71","method":"GET","path":"/api/v1/auth/session","status":200,"duration_ms":1}
{"request_id":"rcc-0aa617a62bffe1b6d42646cce5a8b529","method":"GET","path":"/api/v1/release-orders/:id","status":200,"duration_ms":8}
{"request_id":"rcc-78cbb070bc17d6474a40d4abe3979e99","method":"GET","path":"/api/v1/auth/session","status":200,"duration_ms":1}
{"request_id":"rcc-054be95bab1519b8bb19800d73c2025d","method":"POST","path":"/api/v1/release-orders/:id/reject","status":200,"duration_ms":41}
{"request_id":"rcc-ff2e33f2340c3698cffe9695c12bdb24","method":"GET","path":"/api/v1/auth/session","status":200,"duration_ms":0}
{"request_id":"rcc-0d1a009890330f2885db4dc4f53ddac6","method":"POST","path":"/api/v1/release-orders","status":201,"duration_ms":72}
{"request_id":"rcc-41dae283d9abcafc17b313b9ed687247","method":"GET","path":"/api/v1/auth/session","status":200,"duration_ms":1}
{"request_id":"rcc-bf3573556dbfa53a3592942d05a892c6","method":"POST","path":"/api/v1/release-orders/:id/submit","status":200,"duration_ms":119}
{"request_id":"rcc-cba93fa5a0850d30ad619fa806e06dfc","method":"GET","path":"/api/v1/auth/session","status":200,"duration_ms":0}
{"request_id":"rcc-986cbb0d671f9c14061641b2ad0ddf17","method":"GET","path":"/api/v1/release-orders/:id","status":200,"duration_ms":11}
{"request_id":"rcc-bab797de3c5e704191224321cf34ab21","method":"GET","path":"/api/v1/auth/session","status":200,"duration_ms":1}
{"request_id":"rcc-47ad00a75f1bc758d3f1a7fe1a667d7f","method":"POST","path":"/api/v1/release-orders/:id/approve","status":200,"duration_ms":38}
{"request_id":"rcc-93c026760ce30e41040b69f31df38649","method":"GET","path":"/api/v1/auth/session","status":200,"duration_ms":1}
{"request_id":"rcc-8eb7c56c87681c26a192c6fb09d7d8b0","method":"POST","path":"/api/v1/release-orders/:id/cancel","status":200,"duration_ms":28}
{"request_id":"rcc-ffffbf1d41d173c6a9612718cc5be63b","method":"GET","path":"/api/v1/auth/session","status":200,"duration_ms":0}
{"request_id":"rcc-373df1f78c9b7efdcff366bb4e712677","method":"POST","path":"/api/v1/release-orders","status":201,"duration_ms":53}
{"request_id":"rcc-1db2a80b3df784ea0fc78219cd79f6da","method":"GET","path":"/api/v1/auth/session","status":200,"duration_ms":0}
{"request_id":"rcc-c250844eb9e5e5a75cfd3bb6c1a4e317","method":"POST","path":"/api/v1/release-orders/:id/submit","status":200,"duration_ms":111}
{"request_id":"rcc-89c15b48274ff8b4a9f04822dd5707d4","method":"GET","path":"/api/v1/auth/session","status":200,"duration_ms":0}
{"request_id":"rcc-02ca9db0addbfdb8811f393d4ac4fe32","method":"GET","path":"/api/v1/release-orders/:id","status":200,"duration_ms":9}
{"request_id":"rcc-174b8755cd1368bf37ae51a9d2c16db6","method":"GET","path":"/api/v1/auth/session","status":200,"duration_ms":0}
{"request_id":"rcc-615f0eed06b1bb66ecd15bc07fdef546","method":"POST","path":"/api/v1/release-orders/:id/approve","status":200,"duration_ms":25}
{"request_id":"rcc-52397c9eea425239af6559f10d69b566","method":"GET","path":"/api/v1/auth/session","status":200,"duration_ms":0}
{"request_id":"rcc-f82aef10a86a6490debbc1f917956420","method":"POST","path":"/api/v1/release-orders/:id/execute","status":200,"duration_ms":131}
{"request_id":"rcc-ec23c3f9946cc039d0d5df631e14a9c2","method":"GET","path":"/api/v1/auth/session","status":200,"duration_ms":1}
{"request_id":"rcc-3b5cc1a015b544631b8d78835250e1fb","method":"POST","path":"/api/v1/release-orders/:id/complete","status":200,"duration_ms":28}
{"request_id":"rcc-265b2acc29259938c8044302af5760de","method":"GET","path":"/api/v1/auth/session","status":200,"duration_ms":1}
{"request_id":"rcc-bae67259b98943087f7d28157b1b6c9a","method":"POST","path":"/api/v1/release-orders","status":201,"duration_ms":64}
{"request_id":"rcc-d1ae3af629c4465c8755c20b6d29b0cd","method":"GET","path":"/api/v1/auth/session","status":200,"duration_ms":0}
{"request_id":"rcc-f9a216eb1eb7cdca7d5bb79c56f8db8f","method":"POST","path":"/api/v1/release-orders/:id/submit","status":200,"duration_ms":114}
{"request_id":"rcc-c692f3f7331c548e2d1f5140f985e23a","method":"GET","path":"/api/v1/auth/session","status":200,"duration_ms":0}
{"request_id":"rcc-0b2412668e6fa2a02352024861f601da","method":"GET","path":"/api/v1/release-orders/:id","status":200,"duration_ms":7}
{"request_id":"rcc-f4f3ea11e6f64f264873650dbb9650f3","method":"GET","path":"/api/v1/auth/session","status":200,"duration_ms":0}
{"request_id":"rcc-e2febef2dc4c4848668ac1ab88acf391","method":"POST","path":"/api/v1/release-orders/:id/reject","status":200,"duration_ms":34}
{"request_id":"rcc-6219cdb205b45d69a3f7e0095e690359","method":"GET","path":"/api/v1/auth/session","status":200,"duration_ms":0}
{"request_id":"rcc-bca6a928d474a81d1fb0c535c2858603","method":"POST","path":"/api/v1/release-orders","status":201,"duration_ms":55}
{"request_id":"rcc-fb6710416e63101551d0a539bd65f62c","method":"GET","path":"/api/v1/auth/session","status":200,"duration_ms":1}
{"request_id":"rcc-34265431ffe0f5416eb39a0dc6ac23ae","method":"POST","path":"/api/v1/release-orders/:id/submit","status":200,"duration_ms":111}
{"request_id":"rcc-a584bae29e49007285e4b9a652c498a5","method":"GET","path":"/api/v1/auth/session","status":200,"duration_ms":0}
{"request_id":"rcc-2dc4b047159fd90826a3addf9f94ce2e","method":"GET","path":"/api/v1/release-orders/:id","status":200,"duration_ms":7}
{"request_id":"rcc-4248055ff1dcfe63ad067e93a3bc4278","method":"GET","path":"/api/v1/auth/session","status":200,"duration_ms":1}
{"request_id":"rcc-b11ac4b56a3ad838678d4e7b9fdb8f50","method":"POST","path":"/api/v1/release-orders/:id/approve","status":200,"duration_ms":26}
{"request_id":"rcc-b07ff31d10fa5843c99e2cdd9a86fced","method":"GET","path":"/api/v1/auth/session","status":200,"duration_ms":0}
{"request_id":"rcc-9c53f2661df353ca4ac369e1596a4a98","method":"POST","path":"/api/v1/release-orders/:id/execute","status":200,"duration_ms":172}
{"request_id":"rcc-87bc88800f96d7f174ec8fef37258ddf","method":"GET","path":"/api/v1/auth/session","status":200,"duration_ms":1}
{"request_id":"rcc-12592fa23ab177916b57c9a891348901","method":"POST","path":"/api/v1/release-orders/:id/complete","status":200,"duration_ms":53}
{"request_id":"rcc-ca2ed075b05f3ba6a13714e7c0e2e9a6","method":"GET","path":"/api/v1/auth/session","status":200,"duration_ms":1}
{"request_id":"rcc-b5b4b36635e7a426981fccfdd8a709c0","method":"POST","path":"/api/v1/release-orders","status":201,"duration_ms":54}
{"request_id":"rcc-5b403ab3580539496dac3d25afd4f229","method":"GET","path":"/api/v1/auth/session","status":200,"duration_ms":2}
{"request_id":"rcc-7a81b11a36e1ba693ba93a6fd2784795","method":"GET","path":"/api/v1/approval-notifications","status":200,"duration_ms":5}
{"request_id":"rcc-1c6100a01294dd7523dee32a44dc8d71","method":"GET","path":"/api/v1/release-orders/:id","status":200,"duration_ms":18}
{"request_id":"rcc-c65669c65abff18abb0b0a41f9762142","method":"GET","path":"/api/v1/table-field-policies/:table_name","status":200,"duration_ms":10}
{"request_id":"rcc-ef2d3bb70a3b657667e67b638592ccfb","method":"GET","path":"/api/v1/release-orders/:id/details","status":200,"duration_ms":14}
{"request_id":"rcc-8c34f1a75f40e43c0d54b1af670a609f","method":"GET","path":"/api/v1/table-field-policies/:table_name","status":200,"duration_ms":14}
{"request_id":"rcc-8c74563969cf58986e83d58619b69272","method":"GET","path":"/api/v1/release-orders/:id/people","status":200,"duration_ms":20}
{"request_id":"rcc-14dd7ef04264a68ce4c7e1696df13fdb","method":"POST","path":"/api/v1/release-orders/:id/notification-read","status":200,"duration_ms":28}
{"request_id":"rcc-62cc286f4931946e64fcc444b60123a6","method":"GET","path":"/api/v1/approval-notifications","status":200,"duration_ms":2}
{"request_id":"rcc-877778967579989ec17ed94f813a7287","method":"GET","path":"/api/v1/release-orders/:id/details","status":200,"duration_ms":9}
{"request_id":"rcc-7f279b375731ea91e6fb2e102221a8e7","method":"POST","path":"/api/v1/release-orders/preview","status":200,"duration_ms":40}
{"request_id":"rcc-c5e6386d90db25cc0452a0c6b0b75686","method":"POST","path":"/api/v1/release-orders/:id/copy","status":409,"duration_ms":64}
{"request_id":"rcc-9f40e1a936246204c9a6c58413831a5e","method":"GET","path":"/api/v1/approval-notifications","status":200,"duration_ms":3}
{"request_id":"rcc-7ad8d2785a567568ac5909d58137b048","method":"GET","path":"/api/v1/release-orders/:id","status":200,"duration_ms":15}
{"request_id":"rcc-303e2049a779d8d38dfeed8fb04929bb","method":"GET","path":"/api/v1/release-orders/:id/people","status":200,"duration_ms":20}
{"request_id":"rcc-2516d51de0acb043071927597ea2ef96","method":"GET","path":"/api/v1/auth/session","status":200,"duration_ms":1}
{"request_id":"rcc-c52aaa0ef5c4384491dad72f4e4f2b6f","method":"POST","path":"/api/v1/release-orders/:id/cancel","status":200,"duration_ms":26}
{"request_id":"rcc-c83c5ace82c84d39ff485b1a336bc259","method":"GET","path":"/api/v1/release-orders/:id/details","status":200,"duration_ms":6}
{"request_id":"rcc-eabf032b786d58a30a83f3ae7e3e109a","method":"POST","path":"/api/v1/release-orders/preview","status":200,"duration_ms":32}
{"request_id":"rcc-1538a36a5e3ad49a6f0a503beeab39ce","method":"POST","path":"/api/v1/release-orders/:id/copy","status":201,"duration_ms":69}
{"request_id":"rcc-64de5e481a2d3d4ec9a54bb2e59e8c67","method":"GET","path":"/api/v1/approval-notifications","status":200,"duration_ms":3}
{"request_id":"rcc-a5fbd3b820b126fb8f72b92f0665991d","method":"GET","path":"/api/v1/auth/session","status":200,"duration_ms":1}
{"request_id":"rcc-771a024ecbbd736db790d998669fe403","method":"GET","path":"/api/v1/release-orders/:id","status":200,"duration_ms":16}
{"request_id":"rcc-f2b453334372534c304847a48ce051f6","method":"GET","path":"/api/v1/release-orders/:id/people","status":200,"duration_ms":17}
{"request_id":"rcc-48067c27d13458fa38001de3a624c2e1","method":"GET","path":"/api/v1/approval-notifications","status":200,"duration_ms":2}
{"request_id":"rcc-08b32c5c0ab6fd4f2acd7d1cc4acac6b","method":"GET","path":"/api/v1/release-orders/:id","status":200,"duration_ms":24}
{"request_id":"rcc-8554719bcd7e970868f4fb6a36226110","method":"GET","path":"/api/v1/auth/session","status":200,"duration_ms":1}
{"request_id":"rcc-e210eb9c6eaeb360967143b29405f44d","method":"GET","path":"/api/v1/release-orders/:id","status":200,"duration_ms":18}
{"request_id":"rcc-afb9017cfdfdbcc79feaa1755abd9932","method":"GET","path":"/api/v1/release-orders/:id/details","status":200,"duration_ms":7}
{"request_id":"rcc-8d06535a09d5c853554de93611c705b3","method":"GET","path":"/api/v1/release-orders/:id/people","status":503,"duration_ms":3}
{"request_id":"rcc-8891fb9303c7166e084a635d1a696838","method":"GET","path":"/api/v1/table-field-policies/:table_name","status":503,"duration_ms":3}
{"request_id":"rcc-5337e3a504d7cea19379b8d9f3555195","method":"GET","path":"/api/v1/release-orders/:id/details","status":503,"duration_ms":4}
{"request_id":"rcc-5f428c8884887ff5e4cdb146a1d14df9","method":"GET","path":"/api/v1/table-field-policies/:table_name","status":503,"duration_ms":4}
{"request_id":"rcc-852f22866459756d0b28176e6237b0c5","method":"GET","path":"/api/v1/auth/session","status":200,"duration_ms":2}
{"request_id":"rcc-a917c39fe12e9726b85e5775a2be4c85","method":"GET","path":"/api/v1/approval-notifications","status":200,"duration_ms":2}
{"request_id":"rcc-5cfdafa3af9f34d14f5406fb1733d33c","method":"GET","path":"/api/v1/release-orders/:id","status":200,"duration_ms":12}
{"request_id":"rcc-0334bbef03f9cbde03615c3a0b8d88e7","method":"GET","path":"/api/v1/table-field-policies/:table_name","status":200,"duration_ms":7}
{"request_id":"rcc-9f2b3c8c6f0c1baa218c49267da11c14","method":"GET","path":"/api/v1/release-orders/:id/details","status":200,"duration_ms":9}
{"request_id":"rcc-b5fa38852e1907b092d8deb353a2ce9f","method":"GET","path":"/api/v1/table-field-policies/:table_name","status":200,"duration_ms":14}
{"request_id":"rcc-2951d5b314e704a004f79efe89b4dd50","method":"GET","path":"/api/v1/release-orders/:id/people","status":200,"duration_ms":17}
{"request_id":"rcc-417de20141bc4a90626ed746dcc9ccc3","method":"GET","path":"/api/v1/approval-notifications","status":200,"duration_ms":3}
{"request_id":"rcc-77f90f75ce68b4b05574ec2dac6db28c","method":"GET","path":"/api/v1/release-orders/:id","status":200,"duration_ms":15}
{"request_id":"rcc-a63c1d1729bda0a11d51db55354ceb3a","method":"GET","path":"/api/v1/table-field-policies/:table_name","status":200,"duration_ms":7}
{"request_id":"rcc-1ed12bba8567e3a9094d2b5f4f6ee2b2","method":"GET","path":"/api/v1/table-field-policies/:table_name","status":200,"duration_ms":8}
{"request_id":"rcc-dd7b3620ea6d6c086863261a688ebf99","method":"GET","path":"/api/v1/release-orders/:id/details","status":200,"duration_ms":9}
{"request_id":"rcc-739bc25072edb9d23c73701d7db1d423","method":"GET","path":"/api/v1/release-orders/:id/people","status":200,"duration_ms":28}
{"request_id":"rcc-7a68bd9612ec807ab90db257972a5564","method":"GET","path":"/api/v1/auth/session","status":200,"duration_ms":1}
{"request_id":"rcc-923885e2d353860e5289e8b07dd5ce7e","method":"POST","path":"/api/v1/release-orders","status":201,"duration_ms":78}
{"request_id":"rcc-193b7a4c73c68fee609074643d07aa0d","method":"GET","path":"/api/v1/auth/session","status":200,"duration_ms":1}
{"request_id":"rcc-30840f6b9a6c20107711239bda97ccd3","method":"POST","path":"/api/v1/release-orders/:id/submit","status":200,"duration_ms":117}
{"request_id":"rcc-377a0bc55ec063694d430c0211624330","method":"GET","path":"/api/v1/auth/session","status":200,"duration_ms":1}
{"request_id":"rcc-3bdcec6fad24f96ba4d8f7ff4cc6f92c","method":"GET","path":"/api/v1/release-orders/:id","status":200,"duration_ms":8}
{"request_id":"rcc-881e9a0e08735de0f58a4dcde6577737","method":"GET","path":"/api/v1/auth/session","status":200,"duration_ms":1}
{"request_id":"rcc-9e01dcaae64ef721dc95398ea7be109d","method":"POST","path":"/api/v1/release-orders/:id/approve","status":200,"duration_ms":27}
{"request_id":"rcc-2c4e837505333dddf4d8eeb13e9739cf","method":"GET","path":"/api/v1/auth/session","status":200,"duration_ms":1}
{"request_id":"rcc-e9342fea0135edd3c45c78266ababf1d","method":"GET","path":"/api/v1/approval-notifications","status":200,"duration_ms":3}
{"request_id":"rcc-b379844a6840b6c3b3d8be9432f343d9","method":"GET","path":"/api/v1/release-orders/:id","status":200,"duration_ms":10}
{"request_id":"rcc-469853220ed4c404c0b3141f0d9f4154","method":"GET","path":"/api/v1/table-field-policies/:table_name","status":200,"duration_ms":8}
{"request_id":"rcc-94a5547e809e869a4d0935818773370d","method":"GET","path":"/api/v1/table-field-policies/:table_name","status":200,"duration_ms":8}
{"request_id":"rcc-79bdcf28291745f2b77e209a32aadcff","method":"GET","path":"/api/v1/release-orders/:id/details","status":200,"duration_ms":10}
{"request_id":"rcc-bae394d1fe97c1d5853d73c9dccf6385","method":"POST","path":"/api/v1/release-orders/:id/notification-read","status":200,"duration_ms":18}
{"request_id":"rcc-f543734d7f5aa0c81a3cb90a017c2487","method":"GET","path":"/api/v1/release-orders/:id/people","status":200,"duration_ms":21}
{"request_id":"rcc-5067597b6b3c239740a6f2a0d00a9f0a","method":"GET","path":"/api/v1/approval-notifications","status":200,"duration_ms":3}
{"request_id":"rcc-e1b63989c68e2b9c7b769272db0fc283","method":"GET","path":"/api/v1/release-orders/:id/details","status":200,"duration_ms":13}
{"request_id":"rcc-ae3e645b0db82c934e6d367d457e36b0","method":"POST","path":"/api/v1/release-orders/preview","status":200,"duration_ms":34}
{"request_id":"rcc-5e635b37e3d3d72ec4db180ef4a26afd","method":"POST","path":"/api/v1/release-orders/:id/reprepare","status":201,"duration_ms":86}
{"request_id":"rcc-8e0624faf0253d6fe2fe739c54e3ad87","method":"GET","path":"/api/v1/approval-notifications","status":200,"duration_ms":2}
{"request_id":"rcc-821f447e5dd92ac2fab0b4d2481d9c8b","method":"GET","path":"/api/v1/release-orders/:id","status":200,"duration_ms":13}
{"request_id":"rcc-f246cdfbb80448b7e8db60bf31585949","method":"GET","path":"/api/v1/release-orders/:id/people","status":200,"duration_ms":14}
{"request_id":"rcc-40f344872b9cc9ff0baeda6a9157b92d","method":"GET","path":"/api/v1/approval-notifications","status":200,"duration_ms":2}
{"request_id":"rcc-52a77fd4f9e9f00c6dc6f86555c2030d","method":"GET","path":"/api/v1/release-orders/:id","status":200,"duration_ms":17}
{"request_id":"rcc-1e654cd143705b53539b7a4cb918bd9b","method":"GET","path":"/api/v1/table-field-policies/:table_name","status":200,"duration_ms":6}
{"request_id":"rcc-4e430eeaa430175c4bf5afad2c3fb3ba","method":"GET","path":"/api/v1/table-field-policies/:table_name","status":200,"duration_ms":6}
{"request_id":"rcc-eceda7db93d14c80e1b6052b462d4e7d","method":"GET","path":"/api/v1/release-orders/:id/details","status":200,"duration_ms":7}
{"request_id":"rcc-b3b16c80d0a11f7385cbe4054956aaa2","method":"GET","path":"/api/v1/release-orders/:id/people","status":200,"duration_ms":20}
{"request_id":"rcc-78c6a1d8d80e1be587027bde210f27df","method":"GET","path":"/api/v1/approval-notifications","status":200,"duration_ms":3}
{"request_id":"rcc-ac3096719d5803d896a52c933a5ce175","method":"GET","path":"/api/v1/release-orders/:id/details","status":200,"duration_ms":8}
{"request_id":"rcc-5e9d21fa227e928d63504129824a2a6c","method":"GET","path":"/api/v1/table-field-policies/:table_name","status":200,"duration_ms":8}
{"request_id":"rcc-2f2aaa7bf3360acc59382af225e1084c","method":"GET","path":"/api/v1/table-field-policies/:table_name","status":200,"duration_ms":8}
{"request_id":"rcc-2cd6397ae3ce75799ba230bf3237b4e6","method":"GET","path":"/api/v1/release-orders/:id","status":200,"duration_ms":14}
{"request_id":"rcc-582dcd5c2a70db16e7875f93b704d61d","method":"GET","path":"/api/v1/release-orders/:id/people","status":200,"duration_ms":19}
{"request_id":"rcc-ffb8010a06f357d8bc00b6cb535d7b40","method":"GET","path":"/api/v1/approval-notifications","status":200,"duration_ms":4}
{"request_id":"rcc-d0bda3d65e55d6d8b887935e8c02b07a","method":"GET","path":"/api/v1/table-field-policies/:table_name","status":200,"duration_ms":7}
{"request_id":"rcc-55bd29ef0be2ac3f2f101cb15c8d1a59","method":"GET","path":"/api/v1/table-field-policies/:table_name","status":200,"duration_ms":7}
{"request_id":"rcc-cd3f376b36322ec3c78bfff16432e845","method":"GET","path":"/api/v1/release-orders/:id/details","status":200,"duration_ms":9}
{"request_id":"rcc-8706257c5c0fe508527c8d21c3b0d3fd","method":"GET","path":"/api/v1/release-orders/:id","status":200,"duration_ms":23}
{"request_id":"rcc-c32b38744a1a7ca3dd4062b6a7360530","method":"GET","path":"/api/v1/release-orders/:id/people","status":200,"duration_ms":25}
{"request_id":"rcc-df5fb7ff54d112aed73a01bfd609da3b","method":"GET","path":"/api/v1/release-orders/:id/details","status":200,"duration_ms":8}
{"request_id":"rcc-e51fa7fbe65b640d8c03ed6980732cea","method":"POST","path":"/api/v1/release-orders/:id/submit","status":200,"duration_ms":120}
{"request_id":"rcc-c255780af3a447e331025f081435350f","method":"GET","path":"/api/v1/approval-notifications","status":200,"duration_ms":3}
{"request_id":"rcc-3ecb99ad6ca21dba40788a60970f3c5c","method":"GET","path":"/api/v1/release-orders/:id/people","status":200,"duration_ms":11}
{"request_id":"rcc-c0a0e194cf831b31e76df4591108703d","method":"GET","path":"/api/v1/release-orders/:id","status":200,"duration_ms":13}
{"request_id":"rcc-4796f0822aa2726cf19cf3fdb9e03bbf","method":"GET","path":"/api/v1/release-orders/:id/details","status":200,"duration_ms":7}
{"request_id":"rcc-707c765ddd887c108b7bcbbdd36da45e","method":"GET","path":"/api/v1/auth/session","status":200,"duration_ms":1}
{"request_id":"rcc-7dc478683a76785ba48b89a99c2102a1","method":"GET","path":"/api/v1/approval-notifications","status":200,"duration_ms":3}
{"request_id":"rcc-3222e96a45240dd2087704756be68f60","method":"GET","path":"/api/v1/release-orders/:id","status":200,"duration_ms":11}
{"request_id":"rcc-18228fe445d3b034df0a4810e47fa877","method":"GET","path":"/api/v1/table-field-policies/:table_name","status":200,"duration_ms":10}
{"request_id":"rcc-ae6e5e43e6341fea8b7984b4942e8926","method":"GET","path":"/api/v1/release-orders/:id/details","status":200,"duration_ms":14}
{"request_id":"rcc-968fc926b12da8cc1c1c47d156160c1c","method":"GET","path":"/api/v1/table-field-policies/:table_name","status":200,"duration_ms":15}
{"request_id":"rcc-0091274bffd9fc4fc41ab47fb91ab3f8","method":"POST","path":"/api/v1/release-orders/:id/notification-read","status":200,"duration_ms":22}
{"request_id":"rcc-1b84d72cf61ab02c29034b7f3adf8a7a","method":"GET","path":"/api/v1/release-orders/:id/people","status":200,"duration_ms":21}
{"request_id":"rcc-f33dcb5378f8d8198db8bd79f447e9f4","method":"GET","path":"/api/v1/approval-notifications","status":200,"duration_ms":2}
{"request_id":"rcc-beedcc2a18075a7ca2b6e380534a4597","method":"GET","path":"/api/v1/release-orders/:id/details","status":200,"duration_ms":8}
{"request_id":"rcc-26185ec21d916258b61d6818653ddc9c","method":"POST","path":"/api/v1/release-orders/:id/approve","status":200,"duration_ms":38}
{"request_id":"rcc-200096dfa9542d148d5df9aca19e3c68","method":"GET","path":"/api/v1/approval-notifications","status":200,"duration_ms":2}
{"request_id":"rcc-732810c566314d0f6d739ab35257b91e","method":"GET","path":"/api/v1/release-orders/:id","status":200,"duration_ms":11}
{"request_id":"rcc-4e9487e5bbfaa02dbb3dc761e2403375","method":"GET","path":"/api/v1/release-orders/:id/people","status":200,"duration_ms":12}
{"request_id":"rcc-dae74063ceb16b31f04cfc9a731190f8","method":"GET","path":"/api/v1/release-orders/:id/details","status":200,"duration_ms":7}
{"request_id":"rcc-d2d62f860f05a9bcf698f33fd94cf7a4","method":"GET","path":"/api/v1/auth/session","status":200,"duration_ms":1}
{"request_id":"rcc-91d2480c47547d7e1def63c92d628601","method":"GET","path":"/api/v1/release-orders/:id","status":200,"duration_ms":9}
{"request_id":"rcc-183ca7000ceba990db682568a3c1fd98","method":"GET","path":"/api/v1/auth/session","status":200,"duration_ms":1}
{"request_id":"rcc-00efe238c8c397c7622d70ae08775c36","method":"GET","path":"/api/v1/release-orders/:id/details","status":200,"duration_ms":5}
{"request_id":"rcc-e4fdd3d54c5a1e3b997eaa90a0539fbd","method":"GET","path":"/api/v1/auth/session","status":200,"duration_ms":1}
{"request_id":"rcc-bbbc29678cd813f71bfb9f293276be35","method":"GET","path":"/api/v1/table-policies","status":200,"duration_ms":3}
{"request_id":"rcc-ead880ca8c9ed6f654a50ac91cb30a5b","method":"GET","path":"/api/v1/approval-notifications","status":200,"duration_ms":6}
{"request_id":"rcc-a5be1c942e35f3f5dbb60e7ad3a2183b","method":"GET","path":"/api/v1/database-tables","status":200,"duration_ms":8}
{"request_id":"rcc-7dc975b4b1678ec6536ecb48f97826cb","method":"GET","path":"/api/v1/table-field-policies/:table_name","status":200,"duration_ms":11}
{"request_id":"rcc-404fae76ca813bc893e055954fdc6ce5","method":"PUT","path":"/api/v1/table-field-policies/:table_name","status":200,"duration_ms":18}
{"request_id":"rcc-cd3efd3a374e24b00bf35bc73d46724c","method":"GET","path":"/api/v1/query-policy-types","status":200,"duration_ms":1}
{"request_id":"rcc-f14602a50ff223f7eeda74d715319d66","method":"GET","path":"/api/v1/mutation-policy-types","status":200,"duration_ms":2}
{"request_id":"rcc-b98fef6a1e402cec722a0ef343aaa61e","method":"GET","path":"/api/v1/query-policies","status":200,"duration_ms":2}
{"request_id":"rcc-5930948a3d0754bce565932da0c2ab2f","method":"GET","path":"/api/v1/mutation-policies","status":200,"duration_ms":3}
{"request_id":"rcc-d9edf1096248ff10d08cc67cfa5e1f79","method":"GET","path":"/api/v1/approval-notifications","status":200,"duration_ms":4}
{"request_id":"rcc-bdb61764d869851cfd883345daf5b8a6","method":"GET","path":"/api/v1/auth/session","status":200,"duration_ms":1}
{"request_id":"rcc-14f47ebe245aed08c71faa28e92228a9","method":"GET","path":"/api/v1/table-field-policies/:table_name","status":200,"duration_ms":6}
{"request_id":"rcc-55206ef701a35a6cfdc6161fda833b44","method":"GET","path":"/api/v1/auth/session","status":200,"duration_ms":1}
{"request_id":"rcc-8f2dc7a69c359a7c080e06c795729c0c","method":"GET","path":"/api/v1/table-policies","status":200,"duration_ms":2}
{"request_id":"rcc-a4bd64c91b57cd178477d36d15f65c39","method":"GET","path":"/api/v1/approval-notifications","status":200,"duration_ms":4}
{"request_id":"rcc-857a04bd83bece8bfcfd926614d4b8cd","method":"GET","path":"/api/v1/query-policy-types","status":200,"duration_ms":3}
{"request_id":"rcc-ad38021c42c3ac66c31e5a0034f37e35","method":"GET","path":"/api/v1/mutation-policy-types","status":200,"duration_ms":2}
{"request_id":"rcc-d3fdfbf9c826db002971794ee4f47291","method":"GET","path":"/api/v1/mutation-policies/:code","status":200,"duration_ms":5}
{"request_id":"rcc-34fdfab36e05d1f3cb0c1e684196c34d","method":"GET","path":"/api/v1/query-policies/:code","status":200,"duration_ms":5}
{"request_id":"rcc-33ad247b0fc4e11aed280419e1087237","method":"POST","path":"/api/v1/tables/:table_name/query","status":200,"duration_ms":17}
{"request_id":"rcc-abd8bb4556fef117a6cdb7825d64b80d","method":"GET","path":"/api/v1/table-field-policies/:table_name","status":200,"duration_ms":7}
{"request_id":"rcc-9c8455780d92367759169e32efe4b126","method":"GET","path":"/api/v1/table-field-policies/:table_name","status":200,"duration_ms":6}
{"request_id":"rcc-c878aa7b271dca8218cb2fa34dbc866c","method":"POST","path":"/api/v1/release-orders","status":201,"duration_ms":923}
{"request_id":"rcc-b6403c0bad23892d72f33824511e7919","method":"GET","path":"/api/v1/approval-notifications","status":200,"duration_ms":8}
{"request_id":"rcc-afdff794cf4ed8158e9b6ae82ea541f2","method":"GET","path":"/api/v1/auth/session","status":200,"duration_ms":1}
{"request_id":"rcc-d22a31b4d3ad6e23586f8795f0f36ad7","method":"GET","path":"/api/v1/release-orders/:id","status":200,"duration_ms":13}
{"request_id":"rcc-60a0a27c0e2f14563798f4cc59f6454d","method":"GET","path":"/api/v1/auth/session","status":200,"duration_ms":1}
{"request_id":"rcc-cb57b67ddd621d2d77e8b6d9e9f759b4","method":"GET","path":"/api/v1/release-orders/:id/details","status":200,"duration_ms":250}
{"request_id":"rcc-e33be4e295afdbea682733caaa559236","method":"GET","path":"/api/v1/auth/session","status":200,"duration_ms":1}
{"request_id":"rcc-92be5b9b4e98995b5316047f5e4cd7d7","method":"GET","path":"/api/v1/approval-notifications","status":200,"duration_ms":3}
{"request_id":"rcc-03b446816a6b7e2f69b27ba533704f2a","method":"GET","path":"/api/v1/table-policies","status":200,"duration_ms":2}
{"request_id":"rcc-85f365fd05e5051aa31a48076a069181","method":"GET","path":"/api/v1/query-policy-types","status":200,"duration_ms":3}
{"request_id":"rcc-a19f6f8ad69f5df43217e09ba09ba6d6","method":"GET","path":"/api/v1/mutation-policy-types","status":200,"duration_ms":2}
{"request_id":"rcc-6a0b4e4d9d9d20d425058b9e2a19cc28","method":"GET","path":"/api/v1/mutation-policies/:code","status":200,"duration_ms":4}
{"request_id":"rcc-b28706a4a33d9fed7e644fd8ec5ffdbe","method":"GET","path":"/api/v1/query-policies/:code","status":200,"duration_ms":5}
{"request_id":"rcc-1cd384cfb469800806c1de520ca11388","method":"POST","path":"/api/v1/tables/:table_name/query","status":200,"duration_ms":16}
{"request_id":"rcc-822cf0b692ad4fb59ac469490a28e5b3","method":"GET","path":"/api/v1/table-field-policies/:table_name","status":200,"duration_ms":6}
{"request_id":"rcc-4898e2fd7b8b3abde4aec37b99ac3091","method":"GET","path":"/api/v1/auth/session","status":200,"duration_ms":1}
{"request_id":"rcc-d6d8ac610b2b57ad36c8e0b6e9ae1e7e","method":"GET","path":"/api/v1/approval-notifications","status":200,"duration_ms":3}
{"request_id":"rcc-fc05369e92fcaf5d185f9870008a8300","method":"GET","path":"/api/v1/auth/session","status":200,"duration_ms":1}
{"request_id":"rcc-323cf2269f1a23f79a6209f864d96925","method":"GET","path":"/api/v1/account-roles","status":200,"duration_ms":2}
{"request_id":"rcc-064cce59495300a6e7b31878eace313f","method":"GET","path":"/api/v1/auth/session","status":200,"duration_ms":1}
{"request_id":"rcc-f705bbb3420e64284cf040fec47ca4e5","method":"PUT","path":"/api/v1/account-roles/:id","status":200,"duration_ms":17}
{"request_id":"rcc-0a01a36a04a62cdf31bc73c6a559cea0","method":"GET","path":"/api/v1/release-orders","status":200,"duration_ms":123}
{"request_id":"rcc-c253e8386fea303c121c60cc1fe5deda","method":"GET","path":"/api/v1/auth/session","status":200,"duration_ms":1}
{"request_id":"rcc-35abe87ef8a37729c47d9fd0c35d429d","method":"GET","path":"/api/v1/approval-notifications","status":200,"duration_ms":3}
{"request_id":"rcc-5eb4cae81493f76f394b85d913b3ac9e","method":"GET","path":"/api/v1/auth/session","status":200,"duration_ms":1}
{"request_id":"rcc-fccee7a2200af8e6031d35e7f987750d","method":"GET","path":"/api/v1/account-roles","status":200,"duration_ms":2}
{"request_id":"rcc-a11a4084ceec43b8ca680db9c247f11e","method":"GET","path":"/api/v1/auth/session","status":200,"duration_ms":1}
{"request_id":"rcc-8eefa48c066b0e0b399a69552cc2a341","method":"PUT","path":"/api/v1/account-roles/:id","status":200,"duration_ms":13}
{"request_id":"rcc-439666c9f668e0ccb2ebf306eef60359","method":"GET","path":"/api/v1/auth/csrf","status":200,"duration_ms":7}
{"request_id":"rcc-3d6233fe3df7d776517a8312b96d4128","method":"GET","path":"/api/v1/release-orders","status":200,"duration_ms":118}
{"request_id":"rcc-09d9e02056917f124336a7328830a083","method":"POST","path":"/api/v1/auth/register","status":201,"duration_ms":44}
{"request_id":"rcc-35deefb7b4956c7f8be58a165544c649","method":"GET","path":"/api/v1/auth/session","status":200,"duration_ms":1}
{"request_id":"rcc-def8ca31a484ee69f0ff0333e0605ca3","method":"GET","path":"/api/v1/account-roles","status":200,"duration_ms":1}
{"request_id":"rcc-ced214b71c01dee277ba6372858a07be","method":"GET","path":"/api/v1/auth/session","status":200,"duration_ms":0}
{"request_id":"rcc-45ff9de0b5ac98b6b57877199cdd0c3b","method":"PUT","path":"/api/v1/account-roles/:id","status":200,"duration_ms":14}
{"request_id":"rcc-1078eb0b5e7a50387f66f73024284153","method":"GET","path":"/api/v1/auth/session","status":200,"duration_ms":1}
{"request_id":"rcc-efe859adff97ef23b7ad5aaf710ce858","method":"GET","path":"/api/v1/approval-notifications","status":200,"duration_ms":3}
{"request_id":"rcc-91abc2a9e1866a6054de688c6ebc48a2","method":"GET","path":"/api/v1/auth/csrf","status":200,"duration_ms":8}
{"request_id":"rcc-bfd9d4a85f0062538b92d7a4fefce9d6","method":"GET","path":"/api/v1/release-orders","status":200,"duration_ms":112}
{"request_id":"rcc-4ae1f2fa96b1533379e1ea793f249888","method":"POST","path":"/api/v1/auth/login","status":200,"duration_ms":56}
{"request_id":"rcc-1681d88337fa1b165327ec3e2209f375","method":"GET","path":"/api/v1/auth/session","status":200,"duration_ms":1}
{"request_id":"rcc-7c2f4df65f38288be1f186b79302dc66","method":"GET","path":"/api/v1/approval-notifications","status":200,"duration_ms":3}
{"request_id":"rcc-cbd106c13385fb5960e14f76512c3525","method":"GET","path":"/api/v1/release-orders","status":503,"duration_ms":91}
{"request_id":"rcc-507d2094f3eabd6d45001d7f24f0a943","method":"GET","path":"/api/v1/auth/session","status":200,"duration_ms":1}
{"request_id":"rcc-295459726b7281616006e0bd5d7948ce","method":"GET","path":"/api/v1/approval-notifications","status":200,"duration_ms":3}
{"request_id":"rcc-90b8bd5d161acafaa38a22500c91e6f5","method":"GET","path":"/api/v1/release-orders","status":200,"duration_ms":128}
{"request_id":"rcc-36fc8018c753679d237a62199f309796","method":"POST","path":"/api/v1/release-orders","status":201,"duration_ms":325}
{"request_id":"rcc-4634075b9d3125ce8a4734d041972ef8","method":"GET","path":"/api/v1/approval-notifications","status":200,"duration_ms":2}
{"request_id":"rcc-c5bc3d99effcb5bc4eeedd36f75643f4","method":"GET","path":"/api/v1/approval-notifications","status":200,"duration_ms":2}
{"request_id":"rcc-b61a598d0374f8e679517e27a9b3b334","method":"GET","path":"/api/v1/release-orders/:id","status":200,"duration_ms":18}
{"request_id":"rcc-8abd98e024a01fb84c4c5cd2d3d0a98d","method":"GET","path":"/api/v1/table-field-policies/:table_name","status":200,"duration_ms":10}
{"request_id":"rcc-09ecef5b14b5853c2fe7b6461be7e1c6","method":"GET","path":"/api/v1/release-orders/:id/people","status":200,"duration_ms":23}
{"request_id":"rcc-467976bda2881218e7f656dff2a44f38","method":"GET","path":"/api/v1/release-orders","status":200,"duration_ms":123}
{"request_id":"rcc-b438abaf07e04e8734735d755ab9e054","method":"GET","path":"/api/v1/release-orders/:id/details","status":200,"duration_ms":285}
{"request_id":"rcc-8cc998f83ec57ef32f0b4050868cbda7","method":"GET","path":"/api/v1/auth/session","status":200,"duration_ms":6}
{"request_id":"rcc-a771617e43948da837f46a66616e6441","method":"GET","path":"/api/v1/release-orders/:id","status":200,"duration_ms":22}
{"request_id":"rcc-268ab38245faf21da61e9c5615eef5ed","method":"GET","path":"/api/v1/auth/session","status":200,"duration_ms":1}
{"request_id":"rcc-b1d1ea0bbcc670830f9177a86da78167","method":"GET","path":"/api/v1/release-orders/:id/details","status":200,"duration_ms":204}
{"request_id":"rcc-4481d3bd2e866ee9f47d02835bb60520","method":"GET","path":"/api/v1/release-orders/:id/details","status":200,"duration_ms":196}
{"request_id":"rcc-653278fcba522a88db7cc2da0874f260","method":"GET","path":"/api/v1/auth/session","status":200,"duration_ms":3}
{"request_id":"rcc-014107803f81f2c26beeeb12f126f87d","method":"GET","path":"/api/v1/query-policy-types","status":200,"duration_ms":2}
{"request_id":"rcc-108b64f945deb96ba681a22f6e8208f2","method":"GET","path":"/api/v1/approval-notifications","status":200,"duration_ms":3}
{"request_id":"rcc-4bbcd175fedcc4de6cf865cb6bbd8e0f","method":"GET","path":"/api/v1/query-policies","status":200,"duration_ms":3}
{"request_id":"rcc-447be7ce82fd8684d25655d581bfb293","method":"GET","path":"/api/v1/auth/session","status":200,"duration_ms":1}
{"request_id":"rcc-4d095489a88feeb76d4488b4bf5254f3","method":"GET","path":"/api/v1/approval-notifications","status":200,"duration_ms":3}
{"request_id":"rcc-bd56961ddfff3760e847b73dadac9dd1","method":"GET","path":"/api/v1/release-orders","status":503,"duration_ms":97}
{"request_id":"rcc-689db9c0156c6cd47e629429613ca0f6","method":"GET","path":"/api/v1/auth/csrf","status":200,"duration_ms":7}
{"request_id":"rcc-5e5f811fe8610cd9e98d5d10fa4abe24","method":"POST","path":"/api/v1/auth/register","status":201,"duration_ms":60}
{"request_id":"rcc-c08123994e69c6890de58a091330f6a5","method":"GET","path":"/api/v1/auth/session","status":200,"duration_ms":1}
{"request_id":"rcc-48abe180da8dd4990a92fe9d6a0ccafd","method":"GET","path":"/api/v1/account-roles","status":200,"duration_ms":2}
{"request_id":"rcc-bfcf4bd73c10a4a58860bb8fdb7abff6","method":"GET","path":"/api/v1/auth/session","status":200,"duration_ms":1}
{"request_id":"rcc-db130cb1a280fb4f93c3ced71357eb6a","method":"PUT","path":"/api/v1/account-roles/:id","status":200,"duration_ms":14}
{"request_id":"rcc-e8aa51e0e4c393eb389091567158a364","method":"GET","path":"/api/v1/auth/csrf","status":200,"duration_ms":7}
{"request_id":"rcc-773ada43169a244100cd4ef107d8da8b","method":"POST","path":"/api/v1/auth/register","status":201,"duration_ms":47}
{"request_id":"rcc-13a8c4609c44c27d12c284e46bdddf2c","method":"GET","path":"/api/v1/auth/session","status":200,"duration_ms":1}
{"request_id":"rcc-4818b189d9c92708ea90b0e1e80494ae","method":"GET","path":"/api/v1/account-roles","status":200,"duration_ms":1}
{"request_id":"rcc-6faf2b2cfc309fcd9f53f28d91b697be","method":"GET","path":"/api/v1/auth/session","status":200,"duration_ms":0}
{"request_id":"rcc-a0f710ae7ea75fc9f1a6f17395d86ce2","method":"PUT","path":"/api/v1/account-roles/:id","status":200,"duration_ms":13}
{"request_id":"rcc-460ba05306fb5eb4ce8fb65e5b5cbf1d","method":"GET","path":"/api/v1/auth/csrf","status":200,"duration_ms":6}
{"request_id":"rcc-4bc476ba3a9b06cc40a4b270fe91a96c","method":"POST","path":"/api/v1/auth/register","status":201,"duration_ms":43}
{"request_id":"rcc-bb61011e1b15d4b7b77aa17dc1905ccc","method":"GET","path":"/api/v1/auth/session","status":200,"duration_ms":1}
{"request_id":"rcc-6cddfbf82e4ceb1841024695c6f1e2f1","method":"GET","path":"/api/v1/account-roles","status":200,"duration_ms":2}
{"request_id":"rcc-359498a77dad4ee6339d3ad9550b8168","method":"GET","path":"/api/v1/auth/session","status":200,"duration_ms":1}
{"request_id":"rcc-28fa9655b71df7c66604d5dff0b9199e","method":"PUT","path":"/api/v1/account-roles/:id","status":200,"duration_ms":12}
{"request_id":"rcc-1ac4c2cbeb5d9d84e7aea31b104b155c","method":"GET","path":"/api/v1/auth/csrf","status":200,"duration_ms":9}
{"request_id":"rcc-289d2af060ec2ffb396a6279d3c73f12","method":"POST","path":"/api/v1/auth/register","status":201,"duration_ms":40}
{"request_id":"rcc-c77422d5c26f1558a4194d9d1c2db9df","method":"GET","path":"/api/v1/auth/session","status":200,"duration_ms":1}
{"request_id":"rcc-ca47066e1cec9e9dc6bc4abd179046e0","method":"GET","path":"/api/v1/account-roles","status":200,"duration_ms":1}
{"request_id":"rcc-9a5a534e0c3be60536ffdff000af5cae","method":"GET","path":"/api/v1/auth/session","status":200,"duration_ms":1}
{"request_id":"rcc-951b1025d10fe5250016eaafc97739da","method":"PUT","path":"/api/v1/account-roles/:id","status":200,"duration_ms":14}
{"request_id":"rcc-e3604b6c371190cfbcf6d4b140aaaab8","method":"GET","path":"/api/v1/auth/csrf","status":200,"duration_ms":5}
{"request_id":"rcc-68827d145bd31895161df806c698db7c","method":"POST","path":"/api/v1/auth/register","status":201,"duration_ms":40}
{"request_id":"rcc-32630f685dfe885962364ce5d9ff7ccb","method":"GET","path":"/api/v1/auth/session","status":200,"duration_ms":1}
{"request_id":"rcc-bd5a6550a89bfd1a612cca5ee9508159","method":"GET","path":"/api/v1/account-roles","status":200,"duration_ms":1}
{"request_id":"rcc-fcb0c4a7e41813742f9507ba3ec640f3","method":"GET","path":"/api/v1/auth/session","status":200,"duration_ms":0}
{"request_id":"rcc-e258b051fee0c25f0cd08403fe2bb2d5","method":"PUT","path":"/api/v1/account-roles/:id","status":200,"duration_ms":12}
{"request_id":"rcc-6e270e275c0c034cd8536703e0351c0b","method":"GET","path":"/api/v1/auth/csrf","status":200,"duration_ms":5}
{"request_id":"rcc-b9887b1ae2c4573fa5ea54586712b83a","method":"POST","path":"/api/v1/auth/register","status":201,"duration_ms":41}
{"request_id":"rcc-b703bc2f9932e7082c2a092ea3a83275","method":"GET","path":"/api/v1/auth/session","status":200,"duration_ms":1}
{"request_id":"rcc-d2e490a0b92db5514e7b1efa9ab403cf","method":"GET","path":"/api/v1/account-roles","status":200,"duration_ms":2}
{"request_id":"rcc-b30e3cf05e15054da85283032d62652e","method":"GET","path":"/api/v1/auth/session","status":200,"duration_ms":1}
{"request_id":"rcc-05317b92014210f5cc4c10ca52bfd734","method":"POST","path":"/api/v1/approval-roles","status":201,"duration_ms":17}
{"request_id":"rcc-81638cdce996cce5b2f6d31ea87c8359","method":"GET","path":"/api/v1/auth/session","status":200,"duration_ms":1}
{"request_id":"rcc-64033e5d9f8c9eb4de66f0abc64e4698","method":"GET","path":"/api/v1/table-policies/:table_name/approval-roles","status":200,"duration_ms":3}
{"request_id":"rcc-18e0c87aacddbb3021e8e9f5487eafb3","method":"GET","path":"/api/v1/auth/session","status":200,"duration_ms":0}
{"request_id":"rcc-152e56512d08c56af2b1df742e1dd417","method":"PUT","path":"/api/v1/table-policies/:table_name/approval-roles","status":200,"duration_ms":18}
{"request_id":"rcc-0498dfffdd31b35d57689c134ec66409","method":"GET","path":"/api/v1/auth/session","status":200,"duration_ms":0}
{"request_id":"rcc-5c8aa7efa67be361ecb8573cd4fac59d","method":"POST","path":"/api/v1/tables/:table_name/query","status":200,"duration_ms":11}
{"request_id":"rcc-24f39c3a53b19d59c045de5b8f1ab182","method":"GET","path":"/api/v1/auth/session","status":200,"duration_ms":1}
{"request_id":"rcc-e344a812f8d11e962f9833ef14593925","method":"POST","path":"/api/v1/release-orders","status":201,"duration_ms":38}
{"request_id":"rcc-2d5bd4521483851e144e5f323d5314b2","method":"GET","path":"/api/v1/auth/session","status":200,"duration_ms":0}
{"request_id":"rcc-ba15187b84ebbb3ddbbe8492dc78e8cd","method":"POST","path":"/api/v1/release-orders/:id/submit","status":200,"duration_ms":87}
{"request_id":"rcc-29ef27bde5a17d15b92ea7a8b7a064e4","method":"GET","path":"/api/v1/auth/session","status":200,"duration_ms":0}
{"request_id":"rcc-19fc497d1bf41ec5275358b2f8bdf60e","method":"GET","path":"/api/v1/release-orders/:id","status":200,"duration_ms":8}
{"request_id":"rcc-2b8eec3fd90b2967c5fc7dc0a9917028","method":"GET","path":"/api/v1/auth/session","status":200,"duration_ms":1}
{"request_id":"rcc-55165b1930799c44e1fd4d994d58433e","method":"POST","path":"/api/v1/release-orders/:id/approve","status":200,"duration_ms":30}
{"request_id":"rcc-ae2e8a11b8fe719fe2e3d039fdd99f77","method":"GET","path":"/api/v1/auth/session","status":200,"duration_ms":0}
{"request_id":"rcc-d449a9b0e1e72ba8a8218f4120e05c38","method":"POST","path":"/api/v1/release-orders/:id/execute","status":200,"duration_ms":69}
{"request_id":"rcc-90504ef62d1837ccd567761e033410b0","method":"GET","path":"/api/v1/auth/session","status":200,"duration_ms":1}
{"request_id":"rcc-795b8e9ac9d216e6033eba4af21faf2a","method":"POST","path":"/api/v1/release-orders/:id/quick-rollback/preview","status":200,"duration_ms":122}
{"request_id":"rcc-63f3ccf6f3566817734e300261908779","method":"GET","path":"/api/v1/auth/session","status":200,"duration_ms":1}
{"request_id":"rcc-680e6b97339809454f90b99ea4e49412","method":"POST","path":"/api/v1/release-orders/:id/quick-rollback","status":200,"duration_ms":93}
{"request_id":"rcc-93dbada8c0c0c29021cecc28937b2654","method":"GET","path":"/api/v1/auth/session","status":200,"duration_ms":1}
{"request_id":"rcc-6f206f8e850e378149a7193b32a769e4","method":"GET","path":"/api/v1/account-roles","status":200,"duration_ms":1}
{"request_id":"rcc-7ecb82df7d3daf0d5d03804a6a9dcc09","method":"GET","path":"/api/v1/auth/session","status":200,"duration_ms":1}
{"request_id":"rcc-002e458fe0205a45e8828605c6f7171b","method":"PUT","path":"/api/v1/account-roles/:id","status":200,"duration_ms":12}
{"request_id":"rcc-b4209baf2d5acddb49f459770293cc1f","method":"GET","path":"/api/v1/auth/session","status":200,"duration_ms":1}
{"request_id":"rcc-a975870340ab9d1e0948277fe6d3ccf5","method":"GET","path":"/api/v1/approval-notifications","status":200,"duration_ms":4}
{"request_id":"rcc-2674fa3779e25f13155407f391d56a61","method":"GET","path":"/api/v1/release-orders/:id","status":200,"duration_ms":17}
{"request_id":"rcc-216e39ded69c01c6e3061bf6dabacd28","method":"GET","path":"/api/v1/table-field-policies/:table_name","status":200,"duration_ms":10}
{"request_id":"rcc-3df4f3a28bc724839245b38e9acc6f3e","method":"GET","path":"/api/v1/release-orders/:id/details","status":200,"duration_ms":12}
{"request_id":"rcc-1c98039668c02c26e8734ece05a209e6","method":"POST","path":"/api/v1/release-orders/:id/notification-read","status":200,"duration_ms":25}
{"request_id":"rcc-acedf921c0b451bfcb5a03b5b47c5fdb","method":"GET","path":"/api/v1/release-orders/:id/people","status":200,"duration_ms":30}
{"request_id":"rcc-dd041e8eb01d9017c3370823c7f26497","method":"GET","path":"/api/v1/auth/session","status":200,"duration_ms":1}
{"request_id":"rcc-8e161ada2ff1bbe37f0ecf9fbc456891","method":"GET","path":"/api/v1/approval-notifications","status":200,"duration_ms":2}
{"request_id":"rcc-bc9fb99fb3a8831df16c743ef7e91fee","method":"GET","path":"/api/v1/release-orders/:id","status":200,"duration_ms":14}
{"request_id":"rcc-aaebd725af07e1d45cc2e99c30fd5015","method":"GET","path":"/api/v1/table-field-policies/:table_name","status":200,"duration_ms":9}
{"request_id":"rcc-3818d47cf5b6ecf295f00cb1c0d87eba","method":"GET","path":"/api/v1/release-orders/:id/details","status":200,"duration_ms":11}
{"request_id":"rcc-81608ea6937535b49d1fb03838b8de37","method":"GET","path":"/api/v1/release-orders/:id/people","status":200,"duration_ms":23}
{"request_id":"rcc-35701b35319a3aee61303438a2e5a726","method":"GET","path":"/api/v1/auth/session","status":200,"duration_ms":1}
{"request_id":"rcc-05a8dfdf85932be1e3bc95844e63ef0e","method":"GET","path":"/api/v1/approval-notifications","status":200,"duration_ms":3}
{"request_id":"rcc-f3e93671fc041c28e99ed27221003c7e","method":"GET","path":"/api/v1/release-orders/:id","status":200,"duration_ms":13}
{"request_id":"rcc-fb5e08de0596f946b1151a63925069b4","method":"GET","path":"/api/v1/table-field-policies/:table_name","status":200,"duration_ms":6}
{"request_id":"rcc-056967de159ea93ba490b96419885949","method":"GET","path":"/api/v1/release-orders/:id/details","status":200,"duration_ms":8}
{"request_id":"rcc-737468a7c39165df89e840da98f3201a","method":"GET","path":"/api/v1/release-orders/:id/people","status":200,"duration_ms":13}
{"request_id":"rcc-0cbcf01aa67fe737b743626f4e87d794","method":"GET","path":"/api/v1/auth/session","status":200,"duration_ms":1}
{"request_id":"rcc-10a793c9beecc87caba28aab208e3de7","method":"GET","path":"/api/v1/approval-notifications","status":200,"duration_ms":3}
{"request_id":"rcc-9db1fa3c945796b9283cfaa3ea53bd36","method":"GET","path":"/api/v1/release-orders/:id","status":200,"duration_ms":19}
{"request_id":"rcc-58b3fdd9af461ad284d15df0ccc845fb","method":"GET","path":"/api/v1/table-field-policies/:table_name","status":200,"duration_ms":7}
{"request_id":"rcc-019662442900e5bca94622681473c67b","method":"GET","path":"/api/v1/release-orders/:id/details","status":200,"duration_ms":9}
{"request_id":"rcc-426bd48dd4910ce5cf88c8adda7cee02","method":"GET","path":"/api/v1/release-orders/:id/people","status":200,"duration_ms":19}
{"request_id":"rcc-9d6555e5f2bdf2ef932b7d00d61509a8","method":"POST","path":"/api/v1/auth/activity","status":200,"duration_ms":8}
{"request_id":"rcc-7bba4fa5708783eeaea3c8981f9ff08e","method":"POST","path":"/api/v1/release-orders/:id/rollback-reason","status":200,"duration_ms":22}
{"request_id":"rcc-c1541c67cf0a41e6d13e501ac419fdd9","method":"GET","path":"/api/v1/approval-notifications","status":200,"duration_ms":3}
{"request_id":"rcc-d13a964b0273c2ddf55afeaf17d067ea","method":"GET","path":"/api/v1/release-orders/:id","status":200,"duration_ms":14}
{"request_id":"rcc-04faea5a7b1d6d92ae628a03a2eb28b5","method":"GET","path":"/api/v1/release-orders/:id/people","status":200,"duration_ms":15}
{"request_id":"rcc-5c372f34af89dd7b4bf921c2743c664f","method":"GET","path":"/api/v1/auth/session","status":200,"duration_ms":3}
{"request_id":"rcc-ee67f54dc3cd1b24fa545584d4469624","method":"GET","path":"/api/v1/approval-notifications","status":200,"duration_ms":3}
{"request_id":"rcc-2e19e86bd7e35a864987d7ab8b4c7aa2","method":"GET","path":"/api/v1/release-orders/:id","status":200,"duration_ms":11}
{"request_id":"rcc-066c23550533cafecf9ec142e8204e09","method":"GET","path":"/api/v1/table-field-policies/:table_name","status":200,"duration_ms":7}
{"request_id":"rcc-3078dd82398f5d96a6bcecd432fd4d55","method":"GET","path":"/api/v1/release-orders/:id/details","status":200,"duration_ms":8}
{"request_id":"rcc-5dc8deb84d7a1fcd3297742364c05810","method":"GET","path":"/api/v1/release-orders/:id/people","status":200,"duration_ms":15}
{"request_id":"rcc-0d7eca994e0f887e43e15d20e20802d0","method":"POST","path":"/api/v1/auth/activity","status":200,"duration_ms":8}
{"request_id":"rcc-f3152334d881b80c6045ead56baf13a7","method":"POST","path":"/api/v1/release-orders/:id/rollback-reason","status":200,"duration_ms":23}
{"request_id":"rcc-1706c712715a0b3901ceb8525fa1774d","method":"GET","path":"/api/v1/approval-notifications","status":200,"duration_ms":2}
{"request_id":"rcc-93d2394c2f3cfb8e905e69e71465684d","method":"GET","path":"/api/v1/release-orders/:id","status":200,"duration_ms":12}
{"request_id":"rcc-8863a7c6f2bce3e874138d8fa9cd42e4","method":"POST","path":"/api/v1/release-orders/:id/rollback-reason","status":200,"duration_ms":20}
{"request_id":"rcc-dd27dd8d38e81b48fbb04650e5d1f86e","method":"GET","path":"/api/v1/approval-notifications","status":200,"duration_ms":3}
{"request_id":"rcc-f9766c346ad1d875d0d8c7e0f27f89a6","method":"GET","path":"/api/v1/auth/session","status":200,"duration_ms":1}
{"request_id":"rcc-f7b986fcff5eb0327a98384c369d1b88","method":"GET","path":"/api/v1/release-orders/:id","status":200,"duration_ms":12}
{"request_id":"rcc-c35d49f2b0e50772fe976d096092bbdb","method":"GET","path":"/api/v1/release-orders/:id/people","status":200,"duration_ms":13}
{"request_id":"rcc-5966d3c8839ffb1a041d46f83b0205c9","method":"GET","path":"/api/v1/release-orders/:id","status":200,"duration_ms":10}
{"request_id":"rcc-ca98efb4283c0eda8ebfff77e0f8c9c2","method":"GET","path":"/api/v1/auth/csrf","status":200,"duration_ms":6}
{"request_id":"rcc-654852519e616af1fdf456cde0da50ca","method":"POST","path":"/api/v1/auth/register","status":201,"duration_ms":44}
{"request_id":"rcc-69c92ca8b9735500a104d16d6ebfaaba","method":"GET","path":"/api/v1/auth/session","status":200,"duration_ms":1}
{"request_id":"rcc-372c09a17f00b1010171ce88ce390761","method":"GET","path":"/api/v1/account-roles","status":200,"duration_ms":2}
{"request_id":"rcc-fcf53620d9a4d09335755a47d747a5bc","method":"GET","path":"/api/v1/auth/session","status":200,"duration_ms":0}
{"request_id":"rcc-3b7f999a3212dc6128550d2bb4da6587","method":"POST","path":"/api/v1/mutation-policies","status":201,"duration_ms":4}
{"request_id":"rcc-29ac25e65af7f2997ca5a8e404c31daf","method":"GET","path":"/api/v1/auth/session","status":200,"duration_ms":1}
{"request_id":"rcc-418f7cf970fc7ffded29f3d60a047653","method":"POST","path":"/api/v1/mutation-policies/:code/activate","status":200,"duration_ms":6}
{"request_id":"rcc-a7b14ebef247e02cf424ba5e87512b46","method":"GET","path":"/api/v1/auth/session","status":200,"duration_ms":1}
{"request_id":"rcc-365ecb84b0999a4e57787aa621c8ea1e","method":"POST","path":"/api/v1/table-policies","status":201,"duration_ms":18}
{"request_id":"rcc-12d3584d1bd1da299215d582aba40bc1","method":"GET","path":"/api/v1/auth/session","status":200,"duration_ms":1}
{"request_id":"rcc-b94bdb2e680e0838fdf07d147ab4824d","method":"POST","path":"/api/v1/table-policies/:table_name/enable","status":200,"duration_ms":16}
{"request_id":"rcc-6705a5e724e4b09e857fd137d92445c5","method":"GET","path":"/api/v1/auth/session","status":200,"duration_ms":0}
{"request_id":"rcc-17642a0de16360f1242fdb921eb75b3d","method":"PUT","path":"/api/v1/table-policies/:table_name/release-templates/:release_type","status":200,"duration_ms":11}
{"request_id":"rcc-e0dd4cfd32652840e4adcc07f078de26","method":"GET","path":"/api/v1/auth/session","status":200,"duration_ms":1}
{"request_id":"rcc-4b07db2ebb4002f7341a54cf3bdbc931","method":"GET","path":"/api/v1/query-policies","status":200,"duration_ms":4}
{"request_id":"rcc-c6d332ffbf980375e99b114d0f0f4584","method":"GET","path":"/api/v1/approval-notifications","status":200,"duration_ms":4}
{"request_id":"rcc-6190a8d6c670b3c37da6d3dff47678e0","method":"GET","path":"/api/v1/database-tables","status":200,"duration_ms":7}
{"request_id":"rcc-61156770b4035d909f8ed84488da82b1","method":"GET","path":"/api/v1/query-policy-types","status":200,"duration_ms":1}
{"request_id":"rcc-10ff6218122e8fe91ae62eb26c3b858c","method":"GET","path":"/api/v1/mutation-policy-types","status":200,"duration_ms":2}
{"request_id":"rcc-3433f74f15da46150a2145091d5462b6","method":"GET","path":"/api/v1/mutation-policies","status":200,"duration_ms":4}
{"request_id":"rcc-4ae4c16cd9abe23ce37b896c70d1d3e0","method":"GET","path":"/api/v1/table-policies/:table_name","status":200,"duration_ms":5}
{"request_id":"rcc-deb9302d5f951904047ac5a0a59a22f2","method":"GET","path":"/api/v1/table-policies","status":200,"duration_ms":8}
{"request_id":"rcc-7b331b21cee83b211ef589287dffe55a","method":"POST","path":"/api/v1/auth/activity","status":200,"duration_ms":9}
{"request_id":"rcc-4efc0859350afdc2197f0ad30ba30644","method":"GET","path":"/api/v1/table-policies/:table_name/concurrency-key-fields","status":200,"duration_ms":5}
{"request_id":"rcc-0d75a1c9bb1d72fd3b1ed99f1785ac77","method":"PUT","path":"/api/v1/table-policies/:table_name","status":200,"duration_ms":24}
{"request_id":"rcc-7309a93f3ccbe94deb1c2402dab34f97","method":"GET","path":"/api/v1/table-policies","status":200,"duration_ms":2}
{"request_id":"rcc-d6ed285392d09765150baecc2eb464a7","method":"GET","path":"/api/v1/table-policies/:table_name","status":200,"duration_ms":3}
{"request_id":"rcc-c981a65ca67eae0c122aa4d79c1f6970","method":"GET","path":"/api/v1/database-tables","status":200,"duration_ms":5}
{"request_id":"rcc-7aee02dfa456e90d83c383c9fd766fcb","method":"GET","path":"/api/v1/mutation-policy-types","status":200,"duration_ms":1}
{"request_id":"rcc-2753f635083b75857405e59092f52f88","method":"GET","path":"/api/v1/query-policy-types","status":200,"duration_ms":1}
{"request_id":"rcc-3a4df3b27de5da3a514484b274b25e82","method":"GET","path":"/api/v1/query-policies","status":200,"duration_ms":2}
{"request_id":"rcc-f0c90bd6737685743f05dd3ae8688f59","method":"GET","path":"/api/v1/approval-notifications","status":200,"duration_ms":3}
{"request_id":"rcc-01f58ebd54866ac6c69020d1ae9ce7aa","method":"GET","path":"/api/v1/mutation-policies","status":200,"duration_ms":2}
{"request_id":"rcc-89d2eba63fba376cc627ebe0ec92fa76","method":"GET","path":"/api/v1/approval-notifications","status":200,"duration_ms":4}
{"request_id":"rcc-29fcee9fec5ca63b25fa42fc9b34f15a","method":"GET","path":"/api/v1/query-policies","status":200,"duration_ms":3}
{"request_id":"rcc-74f96acc9326716119ba4ae0d7ce1451","method":"GET","path":"/api/v1/mutation-policy-types","status":200,"duration_ms":6}
{"request_id":"rcc-0fe4f1f263dffeaa929ec8a7e79c22c2","method":"GET","path":"/api/v1/mutation-policies","status":200,"duration_ms":7}
{"request_id":"rcc-6c97daef22818cade11941e66711d318","method":"GET","path":"/api/v1/query-policy-types","status":200,"duration_ms":9}
{"request_id":"rcc-7ed2ffd129ed188e246d2eb6000e65e8","method":"GET","path":"/api/v1/table-policies/:table_name","status":200,"duration_ms":4}
{"request_id":"rcc-326a33eacbbf8527e7e91b03fb00ba45","method":"GET","path":"/api/v1/database-tables","status":200,"duration_ms":14}
{"request_id":"rcc-431c8ff7a95bde0a370c781a9d2cffc2","method":"PUT","path":"/api/v1/table-policies/:table_name","status":200,"duration_ms":26}
{"request_id":"rcc-6a5e981c74f2f7912de2f19018aa311c","method":"GET","path":"/api/v1/table-policies","status":200,"duration_ms":3}
{"request_id":"rcc-44533cf4a6f11815478e54c56b81ffa4","method":"GET","path":"/api/v1/table-policies/:table_name","status":200,"duration_ms":5}
{"request_id":"rcc-f8cd31f6f1e43efed60f5ea89286bc33","method":"GET","path":"/api/v1/database-tables","status":200,"duration_ms":5}
{"request_id":"rcc-a759a580c7f19d062809e72c0c5f152b","method":"GET","path":"/api/v1/mutation-policy-types","status":200,"duration_ms":1}
{"request_id":"rcc-8c8ab993023f6a0aaf65d06d77dab376","method":"GET","path":"/api/v1/query-policy-types","status":200,"duration_ms":1}
{"request_id":"rcc-b909c75184388a406bc132607b85bde4","method":"GET","path":"/api/v1/approval-notifications","status":200,"duration_ms":3}
{"request_id":"rcc-3be8fb5e2716ab1043872fce7d12d0f0","method":"GET","path":"/api/v1/mutation-policies","status":200,"duration_ms":2}
{"request_id":"rcc-6e33b4dd7f08847b7a74e02b1fa6bc8c","method":"GET","path":"/api/v1/query-policies","status":200,"duration_ms":2}
{"request_id":"rcc-806efae6576c4be8e3882a1feecae6cf","method":"GET","path":"/api/v1/auth/csrf","status":200,"duration_ms":11}
{"request_id":"rcc-cc7d2dceec897c017697d44169602680","method":"POST","path":"/api/v1/auth/register","status":201,"duration_ms":51}
{"request_id":"rcc-dab91da297b2cb75d9576c519790f2c3","method":"GET","path":"/api/v1/auth/session","status":200,"duration_ms":1}
{"request_id":"rcc-b7358a60123f279cfeea2fdf2b675ba8","method":"GET","path":"/api/v1/account-roles","status":200,"duration_ms":1}
{"request_id":"rcc-9e6c242d24d583db6f4a538e9f6c1f6b","method":"GET","path":"/api/v1/auth/session","status":200,"duration_ms":1}
{"request_id":"rcc-741ca72c798c3d4c4146c7e05c33393b","method":"PUT","path":"/api/v1/account-roles/:id","status":200,"duration_ms":11}
{"request_id":"rcc-5f3c6c093afd9f1730a4045568e2b989","method":"GET","path":"/api/v1/auth/session","status":200,"duration_ms":1}
{"request_id":"rcc-30729615a64410b608059112e3eed9ca","method":"GET","path":"/api/v1/approval-notifications","status":200,"duration_ms":3}
{"request_id":"rcc-7e6a3c7ac81f73620816b91e3431f165","method":"POST","path":"/api/v1/auth/activity","status":200,"duration_ms":10}
{"request_id":"rcc-16701fcf65194ea45e22d9764cf759e9","method":"GET","path":"/api/v1/release-orders","status":200,"duration_ms":125}
{"request_id":"rcc-34fc9e7e9d00994d7356542686557d6d","method":"POST","path":"/api/v1/release-orders","status":201,"duration_ms":24}
{"request_id":"rcc-34935ad3efd9b0844f2cde9bca382eeb","method":"GET","path":"/api/v1/approval-notifications","status":200,"duration_ms":3}
{"request_id":"rcc-3c8aa57666c8ab17105bcbe874c04567","method":"GET","path":"/api/v1/approval-notifications","status":200,"duration_ms":3}
{"request_id":"rcc-72f5976bba6573d33cf6e232c361875b","method":"GET","path":"/api/v1/release-orders/:id","status":200,"duration_ms":9}
{"request_id":"rcc-59f1d0047816bd8e9e9499160106ce18","method":"GET","path":"/api/v1/release-orders/:id/details","status":200,"duration_ms":7}
{"request_id":"rcc-1e580fc3e2f11dfb13c613f62df05f9e","method":"GET","path":"/api/v1/release-orders/:id/people","status":200,"duration_ms":10}
{"request_id":"rcc-fa74e7c46858c0ad3dda14d926246bfe","method":"GET","path":"/api/v1/auth/session","status":200,"duration_ms":1}
{"request_id":"rcc-bb5fa171c7d638a2a5b13d4ae6f66afb","method":"GET","path":"/api/v1/release-orders/:id","status":200,"duration_ms":8}
{"request_id":"rcc-a60c2dfe2a69ccaf3d2983a65675ed56","method":"GET","path":"/api/v1/auth/session","status":200,"duration_ms":1}
{"request_id":"rcc-aa099368414e6b28f6d8f4b407fa2263","method":"GET","path":"/api/v1/release-orders","status":200,"duration_ms":135}
{"request_id":"rcc-1eba02a0696b2ebbfde56f1a58a811d9","method":"PUT","path":"/api/v1/release-orders/:id","status":200,"duration_ms":180}
{"request_id":"rcc-88b080d9b0e36efee6fccbb582ae99a9","method":"GET","path":"/api/v1/auth/session","status":200,"duration_ms":1}
{"request_id":"rcc-0569b60f8a0a2233763509802dc8d986","method":"POST","path":"/api/v1/release-orders","status":201,"duration_ms":36}
{"request_id":"rcc-a66637485bbb360e63e51d8810cc9e7e","method":"GET","path":"/api/v1/auth/session","status":200,"duration_ms":2}
{"request_id":"rcc-be81ed20f4b6cfa486b79c6fade11dbc","method":"GET","path":"/api/v1/approval-notifications","status":200,"duration_ms":2}
{"request_id":"rcc-7399115172d157f18cc250e4f9a2861f","method":"GET","path":"/api/v1/release-orders/:id","status":200,"duration_ms":12}
{"request_id":"rcc-0583b0f3a71d76f23b797dab93c8957f","method":"GET","path":"/api/v1/release-orders/:id/details","status":200,"duration_ms":9}
{"request_id":"rcc-9522453a6b1affa67da4e069133ff644","method":"GET","path":"/api/v1/table-field-policies/:table_name","status":200,"duration_ms":10}
{"request_id":"rcc-460182ce13b335e0dfe91a8a4355ab76","method":"GET","path":"/api/v1/release-orders/:id/people","status":200,"duration_ms":12}
{"request_id":"rcc-b6fe9fd97b0890e455c5a24b7b441f7a","method":"GET","path":"/api/v1/release-orders/:id/details","status":200,"duration_ms":9}
{"request_id":"rcc-9b6bb9ced0bab8ee8ba26e75c8031fa7","method":"PUT","path":"/api/v1/release-orders/:id","status":409,"duration_ms":126}
{"request_id":"rcc-8030abca1f29b7c4fb658d41b8293eda","method":"GET","path":"/api/v1/approval-notifications","status":200,"duration_ms":3}
{"request_id":"rcc-87b126aa25252cc6e69d7a3c36efcf45","method":"GET","path":"/api/v1/release-orders/:id","status":200,"duration_ms":10}
{"request_id":"rcc-b0d7b35c43f42284bb407ac69afc3335","method":"GET","path":"/api/v1/release-orders/:id/people","status":200,"duration_ms":10}
{"request_id":"rcc-d4fec3ba1595a7750d97c053ac9767a3","method":"GET","path":"/api/v1/release-orders/:id","status":200,"duration_ms":8}
{"request_id":"rcc-96b3e5e32272bc91432af8da9a1456e2","method":"GET","path":"/api/v1/release-orders/:id/details","status":200,"duration_ms":7}
{"request_id":"rcc-0cf273ce4caea97944f3bbecf3ed3e87","method":"GET","path":"/api/v1/table-field-policies/:table_name","status":200,"duration_ms":8}
{"request_id":"rcc-e0c488b030d729e7563221de74acc83c","method":"PUT","path":"/api/v1/release-orders/:id","status":200,"duration_ms":202}
{"request_id":"rcc-2c361d41a66400202f34266df031ba6c","method":"GET","path":"/api/v1/approval-notifications","status":200,"duration_ms":3}
{"request_id":"rcc-de204e42e526be320de87478dd4c089b","method":"GET","path":"/api/v1/release-orders/:id","status":200,"duration_ms":9}
{"request_id":"rcc-2bfc431436210c067886bf0ed0927db9","method":"GET","path":"/api/v1/release-orders/:id/people","status":200,"duration_ms":10}
{"request_id":"rcc-0370adcd3904bf1b20f566eee5de7f09","method":"GET","path":"/api/v1/release-orders/:id/details","status":200,"duration_ms":7}
{"request_id":"rcc-e113f6bcb8863c769e7a5bbce14c3c86","method":"GET","path":"/api/v1/auth/session","status":200,"duration_ms":1}
{"request_id":"rcc-f2d5b7b76005633b570a570467b8e275","method":"GET","path":"/api/v1/release-orders/:id","status":200,"duration_ms":6}
{"request_id":"rcc-99d5a9270d6b8e5580e00c50d7fe74ce","method":"GET","path":"/api/v1/auth/session","status":200,"duration_ms":1}
{"request_id":"rcc-a63f657592c86ab0127fadcf5e64c000","method":"GET","path":"/api/v1/release-orders/:id/details","status":200,"duration_ms":6}
{"request_id":"rcc-99bf863f1863cb71fcd05b5ed1cab162","method":"GET","path":"/api/v1/auth/session","status":200,"duration_ms":1}
{"request_id":"rcc-676b41bc5a3799422120435f481de9a0","method":"GET","path":"/api/v1/approval-notifications","status":200,"duration_ms":4}
{"request_id":"rcc-dab24041807292d908020eebbee4665c","method":"GET","path":"/api/v1/release-orders/:id","status":200,"duration_ms":9}
{"request_id":"rcc-2755ce9bda22a3bbaaee95708d0c1ff8","method":"GET","path":"/api/v1/table-field-policies/:table_name","status":200,"duration_ms":5}
{"request_id":"rcc-4dd2b4bce2ada0e7da5e3a167e194af7","method":"GET","path":"/api/v1/release-orders/:id/details","status":200,"duration_ms":7}
{"request_id":"rcc-0fef2f3957b9a1980fd2f8daaf6de8f0","method":"GET","path":"/api/v1/release-orders/:id/people","status":200,"duration_ms":10}
{"request_id":"rcc-4ac21b862b9763e8ca5253cdc58cc245","method":"GET","path":"/api/v1/release-orders/:id/details","status":200,"duration_ms":8}
{"request_id":"rcc-d284abf4c27f2e84340b6cbb1ad6f02f","method":"GET","path":"/api/v1/release-orders/:id/details","status":200,"duration_ms":7}
{"request_id":"rcc-f6342ffc2a6d725713b270e004cff9b4","method":"PUT","path":"/api/v1/release-orders/:id","status":200,"duration_ms":228}
{"request_id":"rcc-af52b5750c58b2f4c7a0e41ee8f24a4e","method":"GET","path":"/api/v1/approval-notifications","status":200,"duration_ms":3}
{"request_id":"rcc-341cb43af5f786c6435f259ba2da88b2","method":"GET","path":"/api/v1/release-orders/:id","status":200,"duration_ms":17}
{"request_id":"rcc-5267dab930a7c9571ec55c6e693d8640","method":"GET","path":"/api/v1/release-orders/:id/people","status":200,"duration_ms":19}
{"request_id":"rcc-ffc4b12307af7bbb76996edd5c7d0f83","method":"GET","path":"/api/v1/release-orders/:id/details","status":200,"duration_ms":7}
{"request_id":"rcc-bd124d366d6f6bd1fb6cc0b310821ca1","method":"PUT","path":"/api/v1/release-orders/:id","status":409,"duration_ms":22}
{"request_id":"rcc-fdab3876e5bb252f253b70746c9cdb3e","method":"GET","path":"/api/v1/approval-notifications","status":200,"duration_ms":4}
{"request_id":"rcc-a604e6e7795d76f3745e376e1a5c9fbc","method":"GET","path":"/api/v1/release-orders/:id","status":200,"duration_ms":15}
{"request_id":"rcc-600b50ba12950bb69f80d092754953b7","method":"GET","path":"/api/v1/release-orders/:id/details","status":200,"duration_ms":9}
{"request_id":"rcc-421c0ceb1e9c29542247c4f61f0e62de","method":"GET","path":"/api/v1/release-orders/:id","status":200,"duration_ms":9}
{"request_id":"rcc-1292c2bc5b19fca71be1365c1e6f3efe","method":"GET","path":"/api/v1/release-orders/:id/details","status":200,"duration_ms":7}
{"request_id":"rcc-74d88e43d79d71b497b2cff1a38f9726","method":"GET","path":"/api/v1/table-field-policies/:table_name","status":200,"duration_ms":7}
{"request_id":"rcc-ff2fcb5b28f62c0513d0d11d5a069fac","method":"PUT","path":"/api/v1/release-orders/:id","status":200,"duration_ms":195}
{"request_id":"rcc-2636a351b3d99526d97e97645400ae80","method":"GET","path":"/api/v1/approval-notifications","status":200,"duration_ms":6}
{"request_id":"rcc-0b7e050ca207562f5554bdac55f71007","method":"GET","path":"/api/v1/release-orders/:id","status":200,"duration_ms":24}
{"request_id":"rcc-1fcce7ff6b8812329f4f05586359e36f","method":"GET","path":"/api/v1/release-orders/:id/people","status":200,"duration_ms":39}
{"request_id":"rcc-8b07efccd18557aa40863108bc564e4f","method":"GET","path":"/api/v1/release-orders/:id/details","status":200,"duration_ms":7}
{"request_id":"rcc-b0b89f2058bf1be04924bc7871a8ce26","method":"GET","path":"/api/v1/auth/session","status":200,"duration_ms":1}
{"request_id":"rcc-7c667990c8b486046ee5b5ae6630631a","method":"GET","path":"/api/v1/release-orders/:id","status":200,"duration_ms":8}
{"request_id":"rcc-aee3d2ec1b5da9a98158c0b7e9ababd6","method":"GET","path":"/api/v1/auth/session","status":200,"duration_ms":1}
{"request_id":"rcc-eed1fb1dbaa272c95f89d02ed5919349","method":"GET","path":"/api/v1/release-orders/:id/details","status":200,"duration_ms":6}
{"request_id":"rcc-9a7cbe517255811d2050d2c8a7a8ee74","method":"GET","path":"/api/v1/release-orders/:id/details","status":200,"duration_ms":9}
{"request_id":"rcc-32434fb7b06b5d257205c52bc2e82529","method":"PUT","path":"/api/v1/release-orders/:id","status":200,"duration_ms":181}
{"request_id":"rcc-c2f6dbb7f50098e1b61d8fb3247eb6b6","method":"GET","path":"/api/v1/approval-notifications","status":200,"duration_ms":4}
{"request_id":"rcc-d12f31db5cfcfb0a14b7d1215cb46a3d","method":"GET","path":"/api/v1/release-orders/:id","status":200,"duration_ms":10}
{"request_id":"rcc-4b99c1a287be7a3be085d68e5d1641db","method":"GET","path":"/api/v1/release-orders/:id/people","status":200,"duration_ms":11}
{"request_id":"rcc-4c0d9f35b1a433eca5d9b31d4fe208cd","method":"GET","path":"/api/v1/release-orders/:id/details","status":200,"duration_ms":6}
{"request_id":"rcc-f50491525b9446df24599595a4f0390c","method":"GET","path":"/api/v1/auth/session","status":200,"duration_ms":1}
{"request_id":"rcc-04c1017fd1481bf1b0ba90aace7a42cc","method":"GET","path":"/api/v1/release-orders/:id","status":200,"duration_ms":7}
{"request_id":"rcc-bfbb53ed9a5c19f1ab572a9cdd614078","method":"GET","path":"/api/v1/auth/session","status":200,"duration_ms":1}
{"request_id":"rcc-c751ea004186d941711c288eaedc5a3e","method":"GET","path":"/api/v1/release-orders/:id/details","status":200,"duration_ms":4}
{"request_id":"rcc-372045a6e64539c41fa130e7e6955363","method":"GET","path":"/api/v1/auth/session","status":200,"duration_ms":1}
{"request_id":"rcc-da4a8a8fa366edb5821ba585c10bad84","method":"GET","path":"/api/v1/approval-notifications","status":200,"duration_ms":7}
{"request_id":"rcc-ffb647b09c22cf975cb1139066b0a584","method":"GET","path":"/api/v1/query-policy-types","status":200,"duration_ms":2}
{"request_id":"rcc-e316f420aaf697aa13d3567fb57d27a7","method":"GET","path":"/api/v1/mutation-policy-types","status":200,"duration_ms":2}
{"request_id":"rcc-5aeb30658a73266659159863b8e53105","method":"GET","path":"/api/v1/query-policies","status":200,"duration_ms":4}
{"request_id":"rcc-a7d54702e129906880713fd2d4901d52","method":"GET","path":"/api/v1/mutation-policies","status":200,"duration_ms":5}
{"request_id":"rcc-e24b8409d2701fc24a14ae19b2deb001","method":"GET","path":"/api/v1/database-tables","status":200,"duration_ms":10}
{"request_id":"rcc-f5552bce56cd00430690d1412660728a","method":"GET","path":"/api/v1/table-policies","status":200,"duration_ms":3}
{"request_id":"rcc-03c1b7b78bd8078240f4eda1e0b2455c","method":"GET","path":"/api/v1/table-policies/:table_name","status":200,"duration_ms":4}
{"request_id":"rcc-e54bd4109f91a25d8cddf785eca1e1fe","method":"PUT","path":"/api/v1/table-policies/:table_name","status":409,"duration_ms":17}
{"request_id":"rcc-7c806e4b446c197b723fe29ed5e5d4d4","method":"GET","path":"/api/v1/auth/session","status":200,"duration_ms":1}
{"request_id":"rcc-ed557aa779d720ed88c164131bb576bf","method":"GET","path":"/api/v1/approval-notifications","status":200,"duration_ms":3}
{"request_id":"rcc-4e9f437ff5ea883e62fed7d0f7ed4250","method":"GET","path":"/api/v1/release-orders/:id","status":200,"duration_ms":9}
{"request_id":"rcc-b4cfd0ca3375c58c13552e7def262ebb","method":"GET","path":"/api/v1/table-field-policies/:table_name","status":200,"duration_ms":6}
{"request_id":"rcc-5ce6e04c13e0061257aa444af717b056","method":"GET","path":"/api/v1/release-orders/:id/details","status":200,"duration_ms":8}
{"request_id":"rcc-e79975b931a1d53b34faafa2516025c0","method":"GET","path":"/api/v1/release-orders/:id/people","status":200,"duration_ms":12}
{"request_id":"rcc-683b7ad5b9388c4fe64cca85b9d3ec5a","method":"GET","path":"/api/v1/release-orders/:id/details","status":200,"duration_ms":9}
{"request_id":"rcc-3ec476a7e3c572b9073d425bc4f05eec","method":"POST","path":"/api/v1/release-orders/:id/cancel","status":200,"duration_ms":102}
{"request_id":"rcc-9ea72753110cb45a3b7640e164cc124e","method":"GET","path":"/api/v1/approval-notifications","status":200,"duration_ms":7}
{"request_id":"rcc-5bf3b455a46fb73b10a045417cefe779","method":"GET","path":"/api/v1/release-orders/:id","status":200,"duration_ms":14}
{"request_id":"rcc-d9e29f55ea8ffbef06ed186d58a1b399","method":"GET","path":"/api/v1/release-orders/:id/people","status":200,"duration_ms":19}
{"request_id":"rcc-cd9441b129fe79639427e7e64ecd08f4","method":"GET","path":"/api/v1/release-orders/:id/details","status":200,"duration_ms":10}
{"request_id":"rcc-2a6f37dd2556f91c63510bd10ca16f32","method":"GET","path":"/api/v1/auth/session","status":200,"duration_ms":2}
{"request_id":"rcc-c5cb1dadc4bbedf3b0238f69b482da17","method":"GET","path":"/api/v1/release-orders/:id","status":200,"duration_ms":5}
{"request_id":"rcc-05944c695fecdaa67a6628b0a60222ac","method":"GET","path":"/api/v1/auth/session","status":200,"duration_ms":2}
{"request_id":"rcc-e4fbf5b7c351fa95f1d1610da36cf3d5","method":"POST","path":"/api/v1/release-orders/:id/cancel","status":200,"duration_ms":25}
{"request_id":"rcc-5d2c5fb0613e3effadb6ef663ebeaf72","method":"GET","path":"/api/v1/auth/session","status":200,"duration_ms":1}
{"request_id":"rcc-38f700fbd0b162963630a5ea22f71943","method":"GET","path":"/api/v1/table-policies/:table_name","status":200,"duration_ms":2}
{"request_id":"rcc-9f8085e3b79e5038ee6f58e0fc9f8040","method":"GET","path":"/api/v1/auth/session","status":200,"duration_ms":1}
{"request_id":"rcc-c694d59d4c8d8e00dc8d3aa0f65d8199","method":"PUT","path":"/api/v1/table-policies/:table_name","status":200,"duration_ms":24}
{"request_id":"rcc-bc5169fcfc7847b563daa4945196061b","method":"GET","path":"/api/v1/auth/csrf","status":200,"duration_ms":11}
{"request_id":"rcc-a7aead4ce139175502312f5d014f59e5","method":"POST","path":"/api/v1/auth/register","status":201,"duration_ms":43}
{"request_id":"rcc-0f01645f597e008cfbd5444ba00e617e","method":"GET","path":"/api/v1/auth/session","status":200,"duration_ms":2}
{"request_id":"rcc-39ce470fa6136bb7b29b529e9614cfe5","method":"GET","path":"/api/v1/account-roles","status":200,"duration_ms":1}
{"request_id":"rcc-1306f8cad407b4d34abca4e018ccb6dc","method":"GET","path":"/api/v1/auth/session","status":200,"duration_ms":0}
{"request_id":"rcc-de19b9160b9c98451d9168b5962cbf7b","method":"POST","path":"/api/v1/mutation-policies","status":201,"duration_ms":3}
{"request_id":"rcc-0ec77a413f74b8ed56d6456be3c45b7a","method":"GET","path":"/api/v1/auth/session","status":200,"duration_ms":0}
{"request_id":"rcc-95f1a07f7f907b765cd0aa6e9c92c4b2","method":"POST","path":"/api/v1/mutation-policies/:code/activate","status":200,"duration_ms":7}
{"request_id":"rcc-be9fbb26af59feb5fda5787427ec4203","method":"GET","path":"/api/v1/auth/session","status":200,"duration_ms":1}
{"request_id":"rcc-78ee886e58ffab4d357281ffc721db81","method":"POST","path":"/api/v1/table-policies","status":201,"duration_ms":23}
{"request_id":"rcc-1fc4afddc7c759bd7f96d6fc58f9e53b","method":"GET","path":"/api/v1/auth/session","status":200,"duration_ms":1}
{"request_id":"rcc-832b20dfeadd6c4f0c4ddfc256a8f52f","method":"POST","path":"/api/v1/table-policies/:table_name/enable","status":200,"duration_ms":22}
{"request_id":"rcc-1372f8288656afb64042130f7a8fd36b","method":"GET","path":"/api/v1/auth/session","status":200,"duration_ms":1}
{"request_id":"rcc-1a7307cb5241266ca477fca456acaaa6","method":"PUT","path":"/api/v1/table-policies/:table_name/release-templates/:release_type","status":200,"duration_ms":9}
{"request_id":"rcc-6c24274d3019c375560915320b4e0180","method":"GET","path":"/api/v1/auth/session","status":200,"duration_ms":0}
{"request_id":"rcc-67fa8de2f3da9d8deaae0a91be50f231","method":"POST","path":"/api/v1/table-policies","status":201,"duration_ms":18}
{"request_id":"rcc-a74f92d9d87622c21c89c1740fd1e0d3","method":"GET","path":"/api/v1/auth/session","status":200,"duration_ms":1}
{"request_id":"rcc-33ebfdf886b52d82af895f94145f19f2","method":"POST","path":"/api/v1/table-policies/:table_name/enable","status":200,"duration_ms":15}
{"request_id":"rcc-7711ed32905bd46e6f504019209c98ed","method":"GET","path":"/api/v1/auth/session","status":200,"duration_ms":0}
{"request_id":"rcc-54bdbc148231a4b9483976b832243e82","method":"PUT","path":"/api/v1/table-policies/:table_name/release-templates/:release_type","status":200,"duration_ms":9}
{"request_id":"rcc-55404b156156b33f8b20267aaa1def8e","method":"GET","path":"/api/v1/auth/session","status":200,"duration_ms":1}
{"request_id":"rcc-b30f31c2a966cc5030ceae0c338716bc","method":"POST","path":"/api/v1/table-policies","status":201,"duration_ms":19}
{"request_id":"rcc-7573c2a144ad44afc07a186dfb3bce0f","method":"GET","path":"/api/v1/auth/session","status":200,"duration_ms":1}
{"request_id":"rcc-87282a451df9c07975ced304e9ebde67","method":"POST","path":"/api/v1/table-policies/:table_name/enable","status":200,"duration_ms":20}
{"request_id":"rcc-2b73483a464bb5ad73c92203b1531066","method":"GET","path":"/api/v1/auth/session","status":200,"duration_ms":1}
{"request_id":"rcc-8a0d71b0e76752f830ab876005d0380c","method":"PUT","path":"/api/v1/table-policies/:table_name/release-templates/:release_type","status":200,"duration_ms":11}
{"request_id":"rcc-daf8bbb06fabd744b39290d745b1d1ca","method":"GET","path":"/api/v1/auth/session","status":200,"duration_ms":1}
{"request_id":"rcc-17e9a58709564d946b499b89a44d59cb","method":"GET","path":"/api/v1/query-policy-types","status":200,"duration_ms":1}
{"request_id":"rcc-b18fd3affb1c49d21ede541c7dbc897c","method":"GET","path":"/api/v1/mutation-policy-types","status":200,"duration_ms":1}
{"request_id":"rcc-630ffc1ff13b8a96ee8676bdcd1536b9","method":"GET","path":"/api/v1/query-policies","status":200,"duration_ms":3}
{"request_id":"rcc-ac30ee81f3b683f6b1142de7216508bb","method":"GET","path":"/api/v1/mutation-policies","status":200,"duration_ms":2}
{"request_id":"rcc-c7cb42fa279d0c00874e9afe9bbafde0","method":"GET","path":"/api/v1/approval-notifications","status":200,"duration_ms":3}
{"request_id":"rcc-0cfdfa049caa8e35abbf99aae31b7c47","method":"GET","path":"/api/v1/database-tables","status":200,"duration_ms":7}
{"request_id":"rcc-b04e0f55c971e22dcab0c024e7456a06","method":"GET","path":"/api/v1/table-policies","status":200,"duration_ms":3}
{"request_id":"rcc-644ab1c63fe408c2a2763f8334432ac9","method":"GET","path":"/api/v1/table-policies/:table_name","status":200,"duration_ms":4}
{"request_id":"rcc-d1e947a3c05034bfc1aa44e5f92c9e9c","method":"GET","path":"/api/v1/table-policies/:table_name/concurrency-key-fields","status":200,"duration_ms":6}
{"request_id":"rcc-6d078d76ea23b49b6ca1a95b2467f04b","method":"POST","path":"/api/v1/auth/activity","status":200,"duration_ms":24}
{"request_id":"rcc-c44bd63c27b97f00d7969281dfc7c5cf","method":"PUT","path":"/api/v1/table-policies/:table_name","status":200,"duration_ms":31}
{"request_id":"rcc-48b0065ddeeb11039a21f2ef47d640bd","method":"GET","path":"/api/v1/table-policies","status":200,"duration_ms":2}
{"request_id":"rcc-660932d331447294faaaeaf9cdca2c30","method":"GET","path":"/api/v1/table-policies/:table_name","status":200,"duration_ms":3}
{"request_id":"rcc-de5a6c98f3d6ffe18c765fdf00652d98","method":"GET","path":"/api/v1/database-tables","status":200,"duration_ms":5}
{"request_id":"rcc-a8459e7a0185505d9e7342eff198425a","method":"GET","path":"/api/v1/query-policy-types","status":200,"duration_ms":1}
{"request_id":"rcc-0b69ad884460d5c41d6d1e9f8cf84f6a","method":"GET","path":"/api/v1/mutation-policy-types","status":200,"duration_ms":1}
{"request_id":"rcc-3922cb463ce4105cd514206a5ff7fc35","method":"GET","path":"/api/v1/query-policies","status":200,"duration_ms":2}
{"request_id":"rcc-56c6e1a0051adab5b5a51db072ca7694","method":"GET","path":"/api/v1/mutation-policies","status":200,"duration_ms":3}
{"request_id":"rcc-7628a1216141e94495e167d82a9900f6","method":"GET","path":"/api/v1/approval-notifications","status":200,"duration_ms":3}
{"request_id":"rcc-105c7ca5398489e66423695372ae783f","method":"GET","path":"/api/v1/auth/session","status":200,"duration_ms":1}
{"request_id":"rcc-3824de330316981d4c8aa45bb0b95870","method":"GET","path":"/api/v1/table-policies/:table_name","status":200,"duration_ms":2}
{"request_id":"rcc-d19419fca4feea8fb2694d7a50916d6d","method":"GET","path":"/api/v1/auth/session","status":200,"duration_ms":1}
{"request_id":"rcc-60b586962382746cd119fd9692ba6131","method":"GET","path":"/api/v1/approval-notifications","status":200,"duration_ms":2}
{"request_id":"rcc-e18621888e7fd9f7139c0e12fdb907c4","method":"GET","path":"/api/v1/mutation-policy-types","status":200,"duration_ms":1}
{"request_id":"rcc-b091d44ac3b8e9a2aa2794a25caff7ef","method":"GET","path":"/api/v1/query-policy-types","status":200,"duration_ms":1}
{"request_id":"rcc-20c04700d5391fde6c4b6cd3615ff419","method":"GET","path":"/api/v1/query-policies","status":200,"duration_ms":3}
{"request_id":"rcc-7125772a4332a011d4b0509825d83af2","method":"GET","path":"/api/v1/mutation-policies","status":200,"duration_ms":2}
{"request_id":"rcc-1a3c65a4030d61de50d93b1567481153","method":"GET","path":"/api/v1/table-policies","status":200,"duration_ms":3}
{"request_id":"rcc-346e4d886222feaf0fc3be911d97820d","method":"GET","path":"/api/v1/table-policies/:table_name","status":200,"duration_ms":4}
{"request_id":"rcc-6306629daa62ebf5309df0e13fd84da5","method":"GET","path":"/api/v1/database-tables","status":200,"duration_ms":10}
{"request_id":"rcc-5bee48eff78645adc161fff707f2936d","method":"GET","path":"/api/v1/table-policies/:table_name/concurrency-key-fields","status":200,"duration_ms":6}
{"request_id":"rcc-986b553759262b1cc42e2d597123d54b","method":"PUT","path":"/api/v1/table-policies/:table_name","status":200,"duration_ms":30}
{"request_id":"rcc-22632fa6762949b8013a15d1190f13f3","method":"GET","path":"/api/v1/table-policies/:table_name","status":200,"duration_ms":2}
{"request_id":"rcc-d3db93d0c9ecebd49dee946569569635","method":"GET","path":"/api/v1/table-policies","status":200,"duration_ms":2}
{"request_id":"rcc-69341954b9c6762f02cee3fcd059abf4","method":"GET","path":"/api/v1/database-tables","status":200,"duration_ms":5}
{"request_id":"rcc-ca7e1b50a81bc0f56495a8558b2f8f30","method":"GET","path":"/api/v1/query-policy-types","status":200,"duration_ms":1}
{"request_id":"rcc-f5c798e75136a5695fb4ea2a662c7071","method":"GET","path":"/api/v1/mutation-policy-types","status":200,"duration_ms":1}
{"request_id":"rcc-134f7759ad11dcffeae0a3aca3ebd0a9","method":"GET","path":"/api/v1/mutation-policies","status":200,"duration_ms":2}
{"request_id":"rcc-57ff560794ce2e3a26f06ed5e9cf52c1","method":"GET","path":"/api/v1/approval-notifications","status":200,"duration_ms":3}
{"request_id":"rcc-e7f69e4601ae98d6dadf36cfb240afe8","method":"GET","path":"/api/v1/query-policies","status":200,"duration_ms":3}
{"request_id":"rcc-39fbad68511ac6296d87d59639f12473","method":"GET","path":"/api/v1/auth/session","status":200,"duration_ms":1}
{"request_id":"rcc-6b99ce8b016f34cd96f5bbca1d3a5701","method":"GET","path":"/api/v1/table-policies/:table_name","status":200,"duration_ms":2}
{"request_id":"rcc-d7fc64db32e71db16881a85bd895b232","method":"GET","path":"/api/v1/auth/csrf","status":200,"duration_ms":6}
{"request_id":"rcc-de78af0216677bf1d0c9a0c27376a778","method":"POST","path":"/api/v1/auth/register","status":201,"duration_ms":44}
{"request_id":"rcc-140cf40d6068f7746caa5aeee8eb15f4","method":"GET","path":"/api/v1/auth/session","status":200,"duration_ms":1}
{"request_id":"rcc-8bde48ede62518a951272b7b1f83e8bf","method":"GET","path":"/api/v1/account-roles","status":200,"duration_ms":1}
{"request_id":"rcc-bd6d5d811cea079ba48b09b7eebc94df","method":"GET","path":"/api/v1/auth/session","status":200,"duration_ms":1}
{"request_id":"rcc-033eeaad78dda226b93fa9298d87eee5","method":"PUT","path":"/api/v1/account-roles/:id","status":200,"duration_ms":13}
{"request_id":"rcc-3b35ead788c3a6e2fe01e335715ebe97","method":"GET","path":"/api/v1/auth/csrf","status":200,"duration_ms":5}
{"request_id":"rcc-6eefe2639a2a8967c163410a36d38809","method":"POST","path":"/api/v1/auth/register","status":201,"duration_ms":41}
{"request_id":"rcc-227493cb7b6d3d6e0d39486440f1035a","method":"GET","path":"/api/v1/auth/session","status":200,"duration_ms":1}
{"request_id":"rcc-efb0be43b90e29848ced0ef1fbcd9db2","method":"GET","path":"/api/v1/account-roles","status":200,"duration_ms":1}
{"request_id":"rcc-9a39349e56fb88c1d224a6ece56a3f2e","method":"GET","path":"/api/v1/auth/session","status":200,"duration_ms":1}
{"request_id":"rcc-4420d8fee245411e2b51cfa8f7cebc4c","method":"PUT","path":"/api/v1/account-roles/:id","status":200,"duration_ms":13}
{"request_id":"rcc-11845e141733f6e753c211b241064cf0","method":"GET","path":"/api/v1/auth/session","status":200,"duration_ms":1}
{"request_id":"rcc-7bf14c0b506f2444f88d31d69f7add1b","method":"POST","path":"/api/v1/approval-roles","status":201,"duration_ms":18}
{"request_id":"rcc-7c001ce4569c23bef04594c5368c1e8c","method":"GET","path":"/api/v1/auth/session","status":200,"duration_ms":1}
{"request_id":"rcc-eea5af6afc19984838582364ecb970b4","method":"GET","path":"/api/v1/table-policies/:table_name/approval-roles","status":200,"duration_ms":3}
{"request_id":"rcc-4d4e10562b0d38bf73af9554fe3383a0","method":"GET","path":"/api/v1/auth/session","status":200,"duration_ms":1}
{"request_id":"rcc-8b24f88a7f7ef89390bc83faacdb74c8","method":"PUT","path":"/api/v1/table-policies/:table_name/approval-roles","status":200,"duration_ms":15}
{"request_id":"rcc-8c2447c2307c13661d57c89ca20e4f3b","method":"GET","path":"/api/v1/auth/session","status":200,"duration_ms":0}
{"request_id":"rcc-f0ea7673e2ca67c8ade28d706787b8c8","method":"GET","path":"/api/v1/table-policies/:table_name/approval-roles","status":200,"duration_ms":3}
{"request_id":"rcc-8991cfd26caa5b128472fddf752aa2eb","method":"GET","path":"/api/v1/auth/session","status":200,"duration_ms":0}
{"request_id":"rcc-8d4ee6edcc8b994ed4360a565d40c196","method":"PUT","path":"/api/v1/table-policies/:table_name/approval-roles","status":200,"duration_ms":18}
{"request_id":"rcc-5c6d44428f1f99b0ec5b11be138368b2","method":"GET","path":"/api/v1/auth/session","status":200,"duration_ms":0}
{"request_id":"rcc-d65949c1d058dce28a535fd5f4f3abc5","method":"GET","path":"/api/v1/table-policies/:table_name/approval-roles","status":200,"duration_ms":3}
{"request_id":"rcc-09de06b4563ab0ff4322ba68fc24bf85","method":"GET","path":"/api/v1/auth/session","status":200,"duration_ms":1}
{"request_id":"rcc-dbf135e4cdbc24194181ed1403816a05","method":"PUT","path":"/api/v1/table-policies/:table_name/approval-roles","status":200,"duration_ms":21}
{"request_id":"rcc-4c504ccff55f02dccf1d8f0ec52dee65","method":"GET","path":"/api/v1/auth/session","status":200,"duration_ms":3}
{"request_id":"rcc-b153f547aa01ce015231b1b3e6b0480c","method":"GET","path":"/api/v1/approval-notifications","status":200,"duration_ms":3}
{"request_id":"rcc-75ef0c2dcbfb73d6d78c049cd8e73f2d","method":"POST","path":"/api/v1/auth/activity","status":200,"duration_ms":12}
{"request_id":"rcc-a0319c1885eaf65d3e04790167f82da3","method":"GET","path":"/api/v1/release-orders","status":200,"duration_ms":128}
{"request_id":"rcc-8b0be107838c3baacc875c7b076742e4","method":"POST","path":"/api/v1/release-orders","status":201,"duration_ms":19}
{"request_id":"rcc-47878836080048ee423842a63c3d079d","method":"GET","path":"/api/v1/approval-notifications","status":200,"duration_ms":4}
{"request_id":"rcc-eea992f6fe7ec88331fedf0d9803e3bc","method":"GET","path":"/api/v1/approval-notifications","status":200,"duration_ms":2}
{"request_id":"rcc-bf45aade61f0498a503bda5bf7e0c5ec","method":"GET","path":"/api/v1/release-orders/:id","status":200,"duration_ms":7}
{"request_id":"rcc-ccca4ae17d528b9bc72766c096ff3878","method":"GET","path":"/api/v1/release-orders/:id/details","status":200,"duration_ms":6}
{"request_id":"rcc-e472633c920d6b65871839e226c300db","method":"GET","path":"/api/v1/release-orders/:id/people","status":200,"duration_ms":8}
{"request_id":"rcc-65243ae92f9c23892edc94f0121cad27","method":"GET","path":"/api/v1/auth/session","status":200,"duration_ms":0}
{"request_id":"rcc-9399373a2daafb3aef2a70ad41f25aec","method":"GET","path":"/api/v1/release-orders/:id","status":200,"duration_ms":8}
{"request_id":"rcc-b35faca35e14172364c8b56ae0b260fc","method":"GET","path":"/api/v1/table-policies","status":200,"duration_ms":2}
{"request_id":"rcc-97d6a64fdb0e3a43990231dabb616134","method":"GET","path":"/api/v1/approval-notifications","status":200,"duration_ms":3}
{"request_id":"rcc-37a1a6a1b3dc04308bb89171524fbfbe","method":"GET","path":"/api/v1/query-policy-types","status":200,"duration_ms":3}
{"request_id":"rcc-3efbee63a99dfd6a1e84f2e901b61214","method":"GET","path":"/api/v1/mutation-policies/:code","status":200,"duration_ms":3}
{"request_id":"rcc-5ac6ea4a1186114f953df6b49a449feb","method":"GET","path":"/api/v1/query-policies/:code","status":200,"duration_ms":3}
{"request_id":"rcc-c837a3e8f6c7ffe94cf86ec2e928b0b0","method":"GET","path":"/api/v1/mutation-policy-types","status":200,"duration_ms":1}
{"request_id":"rcc-bb94775fc7eaa5c937be42e9015460ea","method":"GET","path":"/api/v1/release-orders","status":200,"duration_ms":10}
{"request_id":"rcc-01c33ce5f5d8e51e4841cf11c4da20a5","method":"GET","path":"/api/v1/release-orders","status":200,"duration_ms":131}
{"request_id":"rcc-99149bd14d3ce9ced5a990ed8967a707","method":"GET","path":"/api/v1/mutation-policies/:code","status":200,"duration_ms":4}
{"request_id":"rcc-ed3e198f280ea5a2523ab712a3ef5bb9","method":"GET","path":"/api/v1/release-orders","status":200,"duration_ms":8}
{"request_id":"rcc-dc4778acd94045aae48a13d4c09364de","method":"POST","path":"/api/v1/tables/:table_name/query","status":200,"duration_ms":73}
{"request_id":"rcc-4433f75e1f981d17cc45c8bf9b5e882d","method":"GET","path":"/api/v1/table-field-policies/:table_name","status":200,"duration_ms":14}
{"request_id":"rcc-23ba9bf2373ffc54dab2a0287b617de3","method":"POST","path":"/api/v1/tables/:table_name/query","status":200,"duration_ms":130}
{"request_id":"rcc-22b8d5c97117e9f48a672f1bb54d782f","method":"GET","path":"/api/v1/table-field-policies/:table_name","status":200,"duration_ms":6}
{"request_id":"rcc-8c39804e97bc3dbd871ec500471ffca5","method":"GET","path":"/api/v1/release-orders/:id","status":200,"duration_ms":7}
{"request_id":"rcc-8e957f9451ff0ba77fb7175e9ccb0d6f","method":"PUT","path":"/api/v1/release-orders/:id","status":200,"duration_ms":49}
{"request_id":"rcc-c9369699ed3c8887aeeba5919d9ea630","method":"GET","path":"/api/v1/approval-notifications","status":200,"duration_ms":3}
{"request_id":"rcc-a2ca8bae4dce5d55b3272af3c7f60057","method":"GET","path":"/api/v1/release-orders","status":200,"duration_ms":22}
{"request_id":"rcc-06b0963306b2d62b3c293096a10ff8ac","method":"GET","path":"/api/v1/approval-notifications","status":200,"duration_ms":4}
{"request_id":"rcc-f140db9f36458eb03f7e2cf281ab15f1","method":"GET","path":"/api/v1/release-orders/:id/details","status":409,"duration_ms":8}
{"request_id":"rcc-09f50794f63076a67a3cb18b48f9b857","method":"GET","path":"/api/v1/release-orders/:id","status":200,"duration_ms":20}
{"request_id":"rcc-e2f5ee0a04e0a8fca2891958d25f944b","method":"GET","path":"/api/v1/release-orders/:id/people","status":200,"duration_ms":22}
{"request_id":"rcc-604a5a6b8331a70620806326ac10527b","method":"GET","path":"/api/v1/table-field-policies/:table_name","status":200,"duration_ms":6}
{"request_id":"rcc-a42124dc26429bd162953a46c827bf98","method":"GET","path":"/api/v1/release-orders/:id/details","status":200,"duration_ms":7}
{"request_id":"rcc-b60e27cd6f8fcf59d759a32c8f941521","method":"GET","path":"/api/v1/table-policies","status":200,"duration_ms":3}
{"request_id":"rcc-8972b041265f57ff13b429e6964c801e","method":"GET","path":"/api/v1/query-policies/:code","status":200,"duration_ms":3}
{"request_id":"rcc-471926e91d385dd1de12af04908dadd9","method":"GET","path":"/api/v1/approval-notifications","status":200,"duration_ms":4}
{"request_id":"rcc-e22550ecfcbb6023247b794f11dc9025","method":"GET","path":"/api/v1/table-field-policies/:table_name","status":200,"duration_ms":16}
{"request_id":"rcc-353478bd80cde3caa0f42fd2e0434846","method":"GET","path":"/api/v1/query-policy-types","status":200,"duration_ms":7}
{"request_id":"rcc-f80f83314639d05f0695e97d3cdb1a1a","method":"GET","path":"/api/v1/mutation-policy-types","status":200,"duration_ms":9}
{"request_id":"rcc-46b4cf55271b7a3a3da959716a1ede8d","method":"GET","path":"/api/v1/mutation-policies/:code","status":200,"duration_ms":11}
{"request_id":"rcc-3a81e83a4b19d4dddc4b9f6c7213887a","method":"GET","path":"/api/v1/release-orders","status":200,"duration_ms":30}
{"request_id":"rcc-100ef108e08977180999ff29fb100204","method":"GET","path":"/api/v1/release-orders","status":200,"duration_ms":21}
{"request_id":"rcc-d8e55df2246661babb6e24e8213fb571","method":"POST","path":"/api/v1/tables/:table_name/query","status":200,"duration_ms":110}
{"request_id":"rcc-ff3f905fb4b28ad04641213724e6953a","method":"POST","path":"/api/v1/tables/:table_name/query","status":200,"duration_ms":91}
{"request_id":"rcc-e78ec68a7e3481adf6296eeb253e7c59","method":"GET","path":"/api/v1/table-field-policies/:table_name","status":200,"duration_ms":5}
{"request_id":"rcc-a0ce44eede099a51b4798ead0c64d9ab","method":"GET","path":"/api/v1/table-field-policies/:table_name","status":200,"duration_ms":6}
{"request_id":"rcc-62c16868bb41a3d520e6d5ee0e3c7ba8","method":"GET","path":"/api/v1/release-orders/:id","status":200,"duration_ms":15}
{"request_id":"rcc-eff4e55650fbca8cad39bfa3d28897f6","method":"PUT","path":"/api/v1/release-orders/:id","status":200,"duration_ms":60}
{"request_id":"rcc-f400f717b30ca99df0088ed97d868793","method":"GET","path":"/api/v1/approval-notifications","status":200,"duration_ms":2}
{"request_id":"rcc-a18d1af9adfbffa929c224374eb87d51","method":"GET","path":"/api/v1/release-orders","status":200,"duration_ms":17}
{"request_id":"rcc-e804ffdaefd9512f7b77742c6ec8683f","method":"GET","path":"/api/v1/approval-notifications","status":200,"duration_ms":3}
{"request_id":"rcc-a62439dfa8de67b6a89e7d8b5ee827b0","method":"GET","path":"/api/v1/release-orders/:id/details","status":409,"duration_ms":8}
{"request_id":"rcc-c68ae13e2a0a857bbb1b0068889ce6f7","method":"GET","path":"/api/v1/table-field-policies/:table_name","status":200,"duration_ms":8}
{"request_id":"rcc-9bc03acbbaf5d1f4488d6824bdebf7f9","method":"GET","path":"/api/v1/release-orders/:id","status":200,"duration_ms":22}
{"request_id":"rcc-3ab3cd9cf9bffd4e5c754327c293783b","method":"GET","path":"/api/v1/release-orders/:id/people","status":200,"duration_ms":23}
{"request_id":"rcc-0758765f84e6f29f0213dc4f54d741e6","method":"GET","path":"/api/v1/table-field-policies/:table_name","status":200,"duration_ms":5}
{"request_id":"rcc-d9ca2b0cfd9644de84682c51a0e19fd4","method":"GET","path":"/api/v1/release-orders/:id/details","status":200,"duration_ms":7}
{"request_id":"rcc-bc793510fe651cee9365d584f8495003","method":"GET","path":"/api/v1/auth/session","status":200,"duration_ms":1}
{"request_id":"rcc-9cd7acd439063a5f885a5c76e3d3c825","method":"GET","path":"/api/v1/release-orders/:id","status":200,"duration_ms":16}
{"request_id":"rcc-2cf3ba22ca99ce22ced144366948777c","method":"GET","path":"/api/v1/auth/session","status":200,"duration_ms":1}
{"request_id":"rcc-5be15e568a5efac2e7c7f1cbf66bd511","method":"GET","path":"/api/v1/release-orders/:id/details","status":200,"duration_ms":5}
{"request_id":"rcc-aa1d7801e62951ed37c28ae5564d88c8","method":"GET","path":"/api/v1/auth/session","status":200,"duration_ms":1}
{"request_id":"rcc-0eb50d6340d731d97e08b700984aebee","method":"PUT","path":"/api/v1/release-orders/:id","status":200,"duration_ms":179}
{"request_id":"rcc-2563773b5fba1de4e44257df9a4ba1b6","method":"GET","path":"/api/v1/auth/session","status":200,"duration_ms":2}
{"request_id":"rcc-07786d55c87886256c0f5932501b1e5a","method":"GET","path":"/api/v1/approval-notifications","status":200,"duration_ms":6}
{"request_id":"rcc-ef0cc34d29b48cc091ffaf72dd5f64ed","method":"GET","path":"/api/v1/release-orders/:id","status":200,"duration_ms":30}
{"request_id":"rcc-335a8dd5ddab11ef5d24004f45716fe3","method":"GET","path":"/api/v1/table-field-policies/:table_name","status":200,"duration_ms":9}
{"request_id":"rcc-ba0c8f93f3a76c5bc7a832e101a93ced","method":"GET","path":"/api/v1/table-field-policies/:table_name","status":200,"duration_ms":10}
{"request_id":"rcc-7dfbc75f9ed9313ed219ba10587bbc28","method":"GET","path":"/api/v1/release-orders/:id/details","status":200,"duration_ms":12}
{"request_id":"rcc-86ce52329fd81cfef8a8074ce142a60e","method":"GET","path":"/api/v1/release-orders/:id/people","status":200,"duration_ms":35}
{"request_id":"rcc-6e3dbf91a810082adc250429451ec27f","method":"GET","path":"/api/v1/release-orders/:id/details","status":200,"duration_ms":13}
{"request_id":"rcc-de6820956131b52ec30b923530c4a033","method":"PUT","path":"/api/v1/release-orders/:id","status":200,"duration_ms":216}
{"request_id":"rcc-4688abaf24cee060e945a83d518683a1","method":"GET","path":"/api/v1/approval-notifications","status":200,"duration_ms":2}
{"request_id":"rcc-48fd1eeb61a6c8c47e7b86490b43679b","method":"GET","path":"/api/v1/release-orders/:id","status":200,"duration_ms":20}
{"request_id":"rcc-175e148c07795bfd5c2d2fc8e954faad","method":"GET","path":"/api/v1/release-orders/:id/people","status":200,"duration_ms":20}
{"request_id":"rcc-6c10a06cce9237d7499bb8a0f1109782","method":"GET","path":"/api/v1/release-orders/:id/details","status":200,"duration_ms":4}
{"request_id":"rcc-b4bf744ffad707d9e0d83bbe99b3e3ab","method":"GET","path":"/api/v1/auth/session","status":200,"duration_ms":1}
{"request_id":"rcc-22caa813a4892ab6b4ec018e8b852830","method":"GET","path":"/api/v1/release-orders/:id","status":200,"duration_ms":18}
{"request_id":"rcc-540b1874f9a92725ed5b7762e3fae876","method":"GET","path":"/api/v1/auth/session","status":200,"duration_ms":0}
{"request_id":"rcc-9a8a1ca44129ae5e25b86e3e1c7da380","method":"GET","path":"/api/v1/release-orders/:id/details","status":200,"duration_ms":3}
{"request_id":"rcc-c30ccdbdf1129c56c53e93a2b29a842e","method":"GET","path":"/api/v1/auth/session","status":200,"duration_ms":1}
{"request_id":"rcc-ef289328ccdc3130f714b84f6d783eb9","method":"PUT","path":"/api/v1/table-field-policies/:table_name","status":200,"duration_ms":13}
{"request_id":"rcc-7e3704900fe2f7ce3c03fcd5242595e3","method":"GET","path":"/api/v1/auth/session","status":200,"duration_ms":1}
{"request_id":"rcc-eb5b5602d7c1d1b6432f4d2c4e9b1d86","method":"PUT","path":"/api/v1/table-field-policies/:table_name","status":200,"duration_ms":14}
{"request_id":"rcc-79876b182c91e20af6295348ddd1fafb","method":"GET","path":"/api/v1/auth/session","status":200,"duration_ms":1}
{"request_id":"rcc-94dfa81c961790b6f29918aac8236118","method":"GET","path":"/api/v1/approval-notifications","status":200,"duration_ms":3}
{"request_id":"rcc-5c6e6a411c767374a397e468afd718e8","method":"GET","path":"/api/v1/release-orders/:id","status":200,"duration_ms":19}
{"request_id":"rcc-a71598b6bf348bb26ec1629dd93e6028","method":"GET","path":"/api/v1/table-field-policies/:table_name","status":200,"duration_ms":7}
{"request_id":"rcc-f1c4a289fa0ee9d6eeb1bfec6609b1d6","method":"GET","path":"/api/v1/table-field-policies/:table_name","status":200,"duration_ms":8}
{"request_id":"rcc-8e8c19f62bd71cb5959ed120dc30c215","method":"GET","path":"/api/v1/release-orders/:id/details","status":200,"duration_ms":9}
{"request_id":"rcc-71930fd536424769f8897731938008e7","method":"GET","path":"/api/v1/release-orders/:id/people","status":200,"duration_ms":22}
{"request_id":"rcc-77c376b1c0f6a37472fc2f2eebd68b15","method":"GET","path":"/api/v1/release-orders/:id/details","status":200,"duration_ms":6}
{"request_id":"rcc-290b5017b12e8b327e376ed71b23a3b3","method":"POST","path":"/api/v1/release-orders/:id/submit","status":200,"duration_ms":176}
{"request_id":"rcc-ba7cb76b726936f6ea64b8cccc7bcf5f","method":"GET","path":"/api/v1/approval-notifications","status":200,"duration_ms":3}
{"request_id":"rcc-b67826dbbd80898c618c0f5b8045e789","method":"GET","path":"/api/v1/release-orders/:id","status":200,"duration_ms":11}
{"request_id":"rcc-23dd7ccc0726aebff25c3100e35048c7","method":"GET","path":"/api/v1/release-orders/:id/people","status":200,"duration_ms":12}
{"request_id":"rcc-c155140e29874428541bad348651706d","method":"GET","path":"/api/v1/release-orders/:id/details","status":200,"duration_ms":7}
{"request_id":"rcc-0f1d192031dcb0d10091547b0d4ec095","method":"GET","path":"/api/v1/auth/session","status":200,"duration_ms":2}
{"request_id":"rcc-e807451c5a5a0fcf948f1e66679f5654","method":"GET","path":"/api/v1/approval-notifications","status":200,"duration_ms":3}
{"request_id":"rcc-cc6448957465fe9b55591702ed9d56ec","method":"GET","path":"/api/v1/release-orders/:id","status":200,"duration_ms":17}
{"request_id":"rcc-fa84412bdedd65befd2521e64c732538","method":"GET","path":"/api/v1/release-orders/:id/details","status":200,"duration_ms":16}
{"request_id":"rcc-30eb3c1d2c2f3f69c38ba3dc35920569","method":"GET","path":"/api/v1/table-field-policies/:table_name","status":200,"duration_ms":17}
{"request_id":"rcc-56f620c636f8949a7944d8fb7517c091","method":"GET","path":"/api/v1/table-field-policies/:table_name","status":200,"duration_ms":19}
{"request_id":"rcc-40db847a996a9c905aac77f57272a63f","method":"POST","path":"/api/v1/release-orders/:id/notification-read","status":200,"duration_ms":24}
{"request_id":"rcc-38ab129e5d57956421950267ee2b842c","method":"GET","path":"/api/v1/release-orders/:id/people","status":200,"duration_ms":29}
{"request_id":"rcc-d4f2cfbde48bd8749a88faf4f2a612d8","method":"GET","path":"/api/v1/approval-notifications","status":200,"duration_ms":3}
{"request_id":"rcc-361361a09828ec8acc194ffacbd8d390","method":"GET","path":"/api/v1/release-orders/:id/details","status":200,"duration_ms":5}
{"request_id":"rcc-98927b33cd6984142adb6b61d7a4ec63","method":"POST","path":"/api/v1/auth/activity","status":200,"duration_ms":18}
{"request_id":"rcc-e5a6eed152fd9cbc0facb78132b0b87a","method":"GET","path":"/api/v1/release-orders/:id/details","status":200,"duration_ms":9}
{"request_id":"rcc-7850505c17fff42449c66ee7206396ca","method":"POST","path":"/api/v1/release-orders/:id/approve","status":200,"duration_ms":48}
{"request_id":"rcc-f7942c015a2527887751716d34398941","method":"GET","path":"/api/v1/approval-notifications","status":200,"duration_ms":3}
{"request_id":"rcc-2cbaac345cff8d7ecb688a65de5db621","method":"GET","path":"/api/v1/release-orders/:id","status":200,"duration_ms":13}
{"request_id":"rcc-32a1f3fa1c0f3bc46bcb23a4c646eda5","method":"GET","path":"/api/v1/release-orders/:id/people","status":200,"duration_ms":14}
{"request_id":"rcc-dc5e6ff16f1844ace773fa3e9443c6c8","method":"GET","path":"/api/v1/release-orders/:id/details","status":200,"duration_ms":9}
{"request_id":"rcc-8bae111113d300a2d107dc68300bf48b","method":"GET","path":"/api/v1/auth/session","status":200,"duration_ms":1}
{"request_id":"rcc-fe9b13ae5832449ec7686ac3b0e5bebb","method":"GET","path":"/api/v1/approval-notifications","status":200,"duration_ms":4}
{"request_id":"rcc-6314dc785e07f6d5424906aa81b4a6cc","method":"GET","path":"/api/v1/release-orders/:id","status":200,"duration_ms":14}
{"request_id":"rcc-917858f62f0f00c93ad73465ca395498","method":"GET","path":"/api/v1/table-field-policies/:table_name","status":200,"duration_ms":9}
{"request_id":"rcc-dd7ce2276adeed2bee5a3f7473a6bcfe","method":"GET","path":"/api/v1/release-orders/:id/details","status":200,"duration_ms":9}
{"request_id":"rcc-9fbe75b0517c7a035e227ac506400e1d","method":"GET","path":"/api/v1/table-field-policies/:table_name","status":200,"duration_ms":9}
{"request_id":"rcc-cac861d47f1bd836e33d4d548cb1fc6e","method":"GET","path":"/api/v1/release-orders/:id/people","status":200,"duration_ms":21}
{"request_id":"rcc-b670fbf60bcacea864d411a212337f6b","method":"POST","path":"/api/v1/release-orders/:id/notification-read","status":200,"duration_ms":21}
{"request_id":"rcc-e27099bef409cb556c02ac5241da2b36","method":"GET","path":"/api/v1/approval-notifications","status":200,"duration_ms":6}
{"request_id":"rcc-e1d15cfe9b56301034c26e54ceee372f","method":"GET","path":"/api/v1/release-orders/:id/details","status":200,"duration_ms":5}
{"request_id":"rcc-2ae50cdb6fdfb79044148b1bcdedab7d","method":"POST","path":"/api/v1/release-orders/:id/execute","status":200,"duration_ms":176}
{"request_id":"rcc-a6ebe91e74dc7c60c7ad75719aa5ee6d","method":"GET","path":"/api/v1/approval-notifications","status":200,"duration_ms":3}
{"request_id":"rcc-797e4d6e4e63f46686c526a81354d31c","method":"GET","path":"/api/v1/release-orders/:id","status":200,"duration_ms":16}
{"request_id":"rcc-bd8b5c9c8b69de8ebf80f8e05bf3ad63","method":"GET","path":"/api/v1/release-orders/:id/people","status":200,"duration_ms":17}
{"request_id":"rcc-bd20609d158784d78b0b062d4226b1a1","method":"GET","path":"/api/v1/release-orders/:id/details","status":200,"duration_ms":8}
{"request_id":"rcc-4aa713f506c42efcd3d59870ed282b7a","method":"GET","path":"/api/v1/auth/session","status":200,"duration_ms":1}
{"request_id":"rcc-4e9a819063ebe8d81b5e924e1970c9a4","method":"GET","path":"/api/v1/release-orders/:id","status":200,"duration_ms":10}
{"request_id":"rcc-b386fb0a32f99193f934ce03779c9b48","method":"GET","path":"/api/v1/auth/session","status":200,"duration_ms":1}
{"request_id":"rcc-b6ac730029b15b8f8e5cb9f36a399827","method":"GET","path":"/api/v1/release-orders/:id/details","status":200,"duration_ms":6}
{"request_id":"rcc-effdd35277df91d81dabf152d467c897","method":"GET","path":"/api/v1/release-orders/:id/details","status":200,"duration_ms":8}
{"request_id":"rcc-b311aa0938485fe2dd51849e3c9d6808","method":"GET","path":"/api/v1/release-orders/:id","status":200,"duration_ms":13}
{"request_id":"rcc-ff8166aef07e99d98fcc3d653d2069d6","method":"POST","path":"/api/v1/release-orders/:id/quick-rollback/preview","status":200,"duration_ms":248}
{"request_id":"rcc-341e2ee349b95ce87605fbd9f6bd9dd5","method":"GET","path":"/api/v1/approval-notifications","status":200,"duration_ms":4}
{"request_id":"rcc-f2aaa2ad93820bd76e182da2380da493","method":"GET","path":"/api/v1/release-orders/:id","status":200,"duration_ms":13}
{"request_id":"rcc-9a64a606600299f7ac28236f3614c06a","method":"GET","path":"/api/v1/release-orders/:id/people","status":200,"duration_ms":15}
{"request_id":"rcc-0bdbaa096863fe6fcfd467ce3365317f","method":"GET","path":"/api/v1/release-orders/:id/details","status":200,"duration_ms":9}
{"request_id":"rcc-cedff49a7b17690454f14e8f93600328","method":"POST","path":"/api/v1/release-orders/:id/quick-rollback","status":200,"duration_ms":263}
{"request_id":"rcc-eeb7645d84589ae7b82f57899267b16b","method":"GET","path":"/api/v1/approval-notifications","status":200,"duration_ms":3}
{"request_id":"rcc-2c7cf6fe4de3a363336dacf885f019b2","method":"GET","path":"/api/v1/release-orders/:id","status":200,"duration_ms":11}
{"request_id":"rcc-56c9d99ca79c749f710b11647fe42d68","method":"GET","path":"/api/v1/release-orders/:id/people","status":200,"duration_ms":12}
{"request_id":"rcc-2a937769fc35642e37a95bc2c1be5393","method":"GET","path":"/api/v1/approval-notifications","status":200,"duration_ms":3}
{"request_id":"rcc-e43aa2df511142b43f50e12990ee97a8","method":"GET","path":"/api/v1/release-orders/:id/details","status":200,"duration_ms":5}
{"request_id":"rcc-75bcd2e79ee32a0c55fc06dfcec5eee2","method":"GET","path":"/api/v1/auth/session","status":200,"duration_ms":1}
{"request_id":"rcc-f8abf0919d21e6f2a4016384be1fc2bd","method":"GET","path":"/api/v1/release-orders/:id","status":200,"duration_ms":8}
{"request_id":"rcc-2232aacd2b545cdab016da3197b79c4a","method":"GET","path":"/api/v1/auth/session","status":200,"duration_ms":1}
{"request_id":"rcc-a27be25b04587517e4714df8191331a7","method":"GET","path":"/api/v1/release-orders/:id/details","status":200,"duration_ms":8}
{"request_id":"rcc-d2255ba5c9c4623f8d06cffacd3a8a9c","method":"GET","path":"/api/v1/release-orders/:id/details","status":200,"duration_ms":7}
{"request_id":"rcc-6c1c4e4db5436f2a675cc190580c4fca","method":"POST","path":"/api/v1/release-orders/:id/rollback-reason","status":200,"duration_ms":32}
{"request_id":"rcc-f3ed8d66c194ae12d2948572644e88b4","method":"GET","path":"/api/v1/approval-notifications","status":200,"duration_ms":3}
{"request_id":"rcc-699f2efffb4356796e3b263d8507f298","method":"GET","path":"/api/v1/release-orders/:id","status":200,"duration_ms":12}
{"request_id":"rcc-2c961690510e7ceea7c620eae1c138ff","method":"GET","path":"/api/v1/release-orders/:id/people","status":200,"duration_ms":14}
{"request_id":"rcc-168ea82db2dc8c920257f7787964b462","method":"GET","path":"/api/v1/auth/session","status":200,"duration_ms":2}
{"request_id":"rcc-24802106db25cb302929dbfaf621600f","method":"GET","path":"/api/v1/release-orders/:id","status":200,"duration_ms":10}
{"request_id":"rcc-b2b846f6064665189e1dd671ddcde007","method":"GET","path":"/api/v1/auth/session","status":200,"duration_ms":1}
{"request_id":"rcc-a9f5214ad6756143f7fb234165b68a98","method":"GET","path":"/api/v1/release-orders/:id/details","status":200,"duration_ms":7}
{"request_id":"rcc-224e730e8b945d03c374a96e655b047c","method":"GET","path":"/api/v1/auth/session","status":200,"duration_ms":1}
{"request_id":"rcc-1be86deb3a171e7506db19b74377b859","method":"POST","path":"/api/v1/release-orders","status":201,"duration_ms":66}
{"request_id":"rcc-1afa90008ecbf057d55fca16bc965d74","method":"GET","path":"/api/v1/auth/session","status":200,"duration_ms":1}
{"request_id":"rcc-86950424df0a7c221e290d371416813d","method":"POST","path":"/api/v1/release-orders/:id/cancel","status":200,"duration_ms":27}
{"request_id":"rcc-dc6affb35bf95251e2cef456fb812f71","method":"GET","path":"/api/v1/auth/session","status":200,"duration_ms":1}
{"request_id":"rcc-7f7e51a76d2ee67885ef3a1626ff2e08","method":"POST","path":"/api/v1/release-orders","status":201,"duration_ms":69}
{"request_id":"rcc-53aafb6b69b28ae226ce95b51c3982ff","method":"GET","path":"/api/v1/auth/session","status":200,"duration_ms":1}
{"request_id":"rcc-3a1442788b4fc9e35f5d6157b27b1091","method":"POST","path":"/api/v1/release-orders/:id/submit","status":200,"duration_ms":128}
{"request_id":"rcc-d27aaa63829dddd9af51b946ab605bd2","method":"GET","path":"/api/v1/auth/session","status":200,"duration_ms":0}
{"request_id":"rcc-bdbd4c1cef66804f4b51aae52ab37edc","method":"GET","path":"/api/v1/release-orders/:id","status":200,"duration_ms":9}
{"request_id":"rcc-8e9a004d6b27434a47b9b5d6f0777279","method":"GET","path":"/api/v1/auth/session","status":200,"duration_ms":1}
{"request_id":"rcc-0b34d6b12865972a24067f44818695a0","method":"POST","path":"/api/v1/release-orders/:id/reject","status":200,"duration_ms":40}
{"request_id":"rcc-4942bd7694456d723ceaf0450e313c37","method":"GET","path":"/api/v1/auth/session","status":200,"duration_ms":1}
{"request_id":"rcc-536f7f578dce10330d133de1b200a275","method":"POST","path":"/api/v1/release-orders","status":201,"duration_ms":64}
{"request_id":"rcc-bc3d36269146c889cd4c5f79a42a0d76","method":"GET","path":"/api/v1/auth/session","status":200,"duration_ms":1}
{"request_id":"rcc-b0172448f7473eebc0c7309c4a128333","method":"POST","path":"/api/v1/release-orders/:id/submit","status":200,"duration_ms":126}
{"request_id":"rcc-f9d84d6c8187a4fb62fe103608401b6d","method":"GET","path":"/api/v1/auth/session","status":200,"duration_ms":1}
{"request_id":"rcc-577a2e3ad94c6c85ba02456eef5014f7","method":"GET","path":"/api/v1/release-orders/:id","status":200,"duration_ms":10}
{"request_id":"rcc-c54d08ee5aed92bad21f2ec289ae3df2","method":"GET","path":"/api/v1/auth/session","status":200,"duration_ms":1}
{"request_id":"rcc-cc29d8c3ceddccd0ef6a680b1e4374b6","method":"POST","path":"/api/v1/release-orders/:id/approve","status":200,"duration_ms":32}
{"request_id":"rcc-5b5bd6bbeb380fdb8250be05bf487792","method":"GET","path":"/api/v1/auth/session","status":200,"duration_ms":1}
{"request_id":"rcc-d5443cb3e072a2cccf26bd6515f8f048","method":"POST","path":"/api/v1/release-orders/:id/cancel","status":200,"duration_ms":32}
{"request_id":"rcc-76f7491aaf75b78492d97c268177385b","method":"GET","path":"/api/v1/auth/session","status":200,"duration_ms":0}
{"request_id":"rcc-838e4b91f07d66ac580f91bb2824fa9d","method":"POST","path":"/api/v1/release-orders","status":201,"duration_ms":67}
{"request_id":"rcc-7d6972d14cce37c7274730fdbd490b92","method":"GET","path":"/api/v1/auth/session","status":200,"duration_ms":1}
{"request_id":"rcc-2be0204d262f3449a6d147292e4c56d3","method":"POST","path":"/api/v1/release-orders/:id/submit","status":200,"duration_ms":110}
{"request_id":"rcc-01743f69f2be524d5855bc9dcef488cb","method":"GET","path":"/api/v1/auth/session","status":200,"duration_ms":0}
{"request_id":"rcc-38fc8bba4328f51624d97d18cf680211","method":"GET","path":"/api/v1/release-orders/:id","status":200,"duration_ms":8}
{"request_id":"rcc-a56f0c23bf7d0a665b792a1294e7399e","method":"GET","path":"/api/v1/auth/session","status":200,"duration_ms":1}
{"request_id":"rcc-4181770b879d302f26658d705dcc20f2","method":"POST","path":"/api/v1/release-orders/:id/approve","status":200,"duration_ms":27}
{"request_id":"rcc-e9eac91758c7b4947b47702cce7def40","method":"GET","path":"/api/v1/auth/session","status":200,"duration_ms":0}
{"request_id":"rcc-b81352562524d6c399c60855df970fae","method":"POST","path":"/api/v1/release-orders/:id/execute","status":200,"duration_ms":135}
{"request_id":"rcc-eaba593c536ca665f96f50ea7323db52","method":"GET","path":"/api/v1/auth/session","status":200,"duration_ms":1}
{"request_id":"rcc-8604610784e89ac9338e0fa7acd4d897","method":"POST","path":"/api/v1/release-orders/:id/complete","status":200,"duration_ms":30}
{"request_id":"rcc-878f070c06d6b372793af19e4f3e5f54","method":"GET","path":"/api/v1/auth/session","status":200,"duration_ms":2}
{"request_id":"rcc-b977e840c71fab5a2c4e08ecdbb18761","method":"POST","path":"/api/v1/release-orders","status":201,"duration_ms":61}
{"request_id":"rcc-8199daedb397ee80c887e3e650ea6964","method":"GET","path":"/api/v1/auth/session","status":200,"duration_ms":0}
{"request_id":"rcc-cdfeaaa803fe26c6c8be54a4d1148206","method":"POST","path":"/api/v1/release-orders/:id/submit","status":200,"duration_ms":118}
{"request_id":"rcc-ce3c46c333ccd998020891a897f66ed7","method":"GET","path":"/api/v1/auth/session","status":200,"duration_ms":0}
{"request_id":"rcc-44ac0448a13ad79bc545cdbf32b6d34d","method":"GET","path":"/api/v1/release-orders/:id","status":200,"duration_ms":15}
{"request_id":"rcc-629ed6d1d67eb39510acbd099a29e29b","method":"GET","path":"/api/v1/auth/session","status":200,"duration_ms":1}
{"request_id":"rcc-474deec4cdf5df842144acd18dd1510d","method":"POST","path":"/api/v1/release-orders/:id/reject","status":200,"duration_ms":51}
{"request_id":"rcc-dcc6c8d4b89d89552e94fd9529b75705","method":"GET","path":"/api/v1/auth/session","status":200,"duration_ms":3}
{"request_id":"rcc-bba585cffa0a47b337c6a5213a21bf49","method":"POST","path":"/api/v1/release-orders","status":201,"duration_ms":116}
{"request_id":"rcc-fd5dba9c46083a4854c38c46da627fb5","method":"GET","path":"/api/v1/auth/session","status":200,"duration_ms":1}
{"request_id":"rcc-6440e2476f1bee1f4188b6b4c8955060","method":"POST","path":"/api/v1/release-orders/:id/submit","status":200,"duration_ms":176}
{"request_id":"rcc-4bc733a392e023db8c7d207580302c24","method":"GET","path":"/api/v1/auth/session","status":200,"duration_ms":0}
{"request_id":"rcc-07aa15942598047384a5514332794ad1","method":"GET","path":"/api/v1/release-orders/:id","status":200,"duration_ms":9}
{"request_id":"rcc-5b9e08e3c34c520fc0025c34536c73a1","method":"GET","path":"/api/v1/auth/session","status":200,"duration_ms":1}
{"request_id":"rcc-636285395c31b364732433358601df9f","method":"POST","path":"/api/v1/release-orders/:id/approve","status":200,"duration_ms":31}
{"request_id":"rcc-0b401db19276f0732dc7215d447bd094","method":"GET","path":"/api/v1/auth/session","status":200,"duration_ms":1}
{"request_id":"rcc-0d0a4b550ae1bc4f3e47d4c1050288e3","method":"POST","path":"/api/v1/release-orders/:id/execute","status":200,"duration_ms":163}
{"request_id":"rcc-ea2950e57a179852ff5e1eed350b77a3","method":"GET","path":"/api/v1/auth/session","status":200,"duration_ms":1}
{"request_id":"rcc-32e3ff6ce347a1d07a0273d61b7ae041","method":"POST","path":"/api/v1/release-orders/:id/complete","status":200,"duration_ms":32}
{"request_id":"rcc-8242096aa64bf16d87fa8d2aca5d4d1c","method":"GET","path":"/api/v1/auth/session","status":200,"duration_ms":0}
{"request_id":"rcc-a0760934df294e9c7dd5f3bee32e4c20","method":"POST","path":"/api/v1/release-orders","status":201,"duration_ms":48}
{"request_id":"rcc-cb9633b5ccea8d0c78ba129a1017f257","method":"GET","path":"/api/v1/auth/session","status":200,"duration_ms":2}
{"request_id":"rcc-37934426e67fb7bbaf497380642f35d8","method":"GET","path":"/api/v1/approval-notifications","status":200,"duration_ms":3}
{"request_id":"rcc-2c470ebc7c888acb08750aff9cebd40a","method":"GET","path":"/api/v1/release-orders/:id","status":200,"duration_ms":13}
{"request_id":"rcc-6db1ebae6e9dca84689be3f5c018b25a","method":"GET","path":"/api/v1/table-field-policies/:table_name","status":200,"duration_ms":7}
{"request_id":"rcc-f2d3bcafab0ae050f66fe5999ed5ed1a","method":"GET","path":"/api/v1/table-field-policies/:table_name","status":200,"duration_ms":9}
{"request_id":"rcc-c0f25e596c6320d0e6673ef999522bed","method":"GET","path":"/api/v1/release-orders/:id/details","status":200,"duration_ms":9}
{"request_id":"rcc-58f55491b912d419b14703554d8b16e0","method":"POST","path":"/api/v1/release-orders/:id/notification-read","status":200,"duration_ms":18}
{"request_id":"rcc-bb51dbf04113f1e5f3740c87e0b0d491","method":"GET","path":"/api/v1/release-orders/:id/people","status":200,"duration_ms":20}
{"request_id":"rcc-ca31a45b9f283e05586243c956e14e08","method":"GET","path":"/api/v1/approval-notifications","status":200,"duration_ms":7}
{"request_id":"rcc-1ad3d6254192d2add5f3616af69a1bfa","method":"GET","path":"/api/v1/release-orders/:id/details","status":200,"duration_ms":6}
{"request_id":"rcc-a2b9568d0d86aa95a8edf7ce9eac1ffb","method":"POST","path":"/api/v1/release-orders/preview","status":200,"duration_ms":34}
{"request_id":"rcc-b162eb678d653f1a8f71ed138570d24c","method":"POST","path":"/api/v1/release-orders/:id/copy","status":409,"duration_ms":63}
{"request_id":"rcc-7b266ddebdef0f568e6c9a139d5ce3ac","method":"GET","path":"/api/v1/approval-notifications","status":200,"duration_ms":2}
{"request_id":"rcc-df4ff12bdea2831c904cd246bba62163","method":"GET","path":"/api/v1/release-orders/:id","status":200,"duration_ms":14}
{"request_id":"rcc-6afb662aae32977ccf8e3338e50d5072","method":"GET","path":"/api/v1/release-orders/:id/people","status":200,"duration_ms":20}
{"request_id":"rcc-ca1ff2ab6892a11dcb282881dd458066","method":"GET","path":"/api/v1/auth/session","status":200,"duration_ms":1}
{"request_id":"rcc-5d5fb800fde041f457fffb8332bb0de3","method":"POST","path":"/api/v1/release-orders/:id/cancel","status":200,"duration_ms":23}
{"request_id":"rcc-dffff45a543776b4624a7030043991ee","method":"GET","path":"/api/v1/release-orders/:id/details","status":200,"duration_ms":5}
{"request_id":"rcc-5366da2799bca3ef23515c14fb553cc7","method":"POST","path":"/api/v1/release-orders/preview","status":200,"duration_ms":36}
{"request_id":"rcc-c463c5a3f5e63c90e3588be7dfdab164","method":"POST","path":"/api/v1/release-orders/:id/copy","status":201,"duration_ms":81}
{"request_id":"rcc-d0a5986947323d175d4e47564924ebee","method":"GET","path":"/api/v1/approval-notifications","status":200,"duration_ms":4}
{"request_id":"rcc-b1d06fa1ee53f867f19c4edaf1ade245","method":"GET","path":"/api/v1/auth/session","status":200,"duration_ms":2}
{"request_id":"rcc-85c04c9b5077a0b569ada8feef01c5b2","method":"GET","path":"/api/v1/release-orders/:id","status":200,"duration_ms":14}
{"request_id":"rcc-3d2f21cb50d3a03e06595e704dbeb3a1","method":"GET","path":"/api/v1/release-orders/:id/people","status":200,"duration_ms":17}
{"request_id":"rcc-5ef25970274e28d66af40bf5e1410aa7","method":"GET","path":"/api/v1/approval-notifications","status":200,"duration_ms":3}
{"request_id":"rcc-d85fa03e83652ec4e814b0e29ddc2ab8","method":"GET","path":"/api/v1/release-orders/:id","status":200,"duration_ms":24}
{"request_id":"rcc-feb6be574b3e56414c6d1f021ec7c504","method":"GET","path":"/api/v1/auth/session","status":200,"duration_ms":1}
{"request_id":"rcc-2a32cb605c9cc022219fcb6f89ae6dfc","method":"GET","path":"/api/v1/release-orders/:id","status":200,"duration_ms":21}
{"request_id":"rcc-1792ed7debe0d61abf7ada81118013c8","method":"GET","path":"/api/v1/release-orders/:id/details","status":200,"duration_ms":9}
{"request_id":"rcc-43c19a99262c0530eecdea4e65045363","method":"GET","path":"/api/v1/release-orders/:id/details","status":200,"duration_ms":9}
{"request_id":"rcc-8209eb99dbfe4d5be6135f9456eda834","method":"GET","path":"/api/v1/table-field-policies/:table_name","status":200,"duration_ms":9}
{"request_id":"rcc-7079813cdaa77d63aaba8a7020177777","method":"GET","path":"/api/v1/table-field-policies/:table_name","status":200,"duration_ms":10}
{"request_id":"rcc-dde03835ea60f48263068cf1e22536da","method":"GET","path":"/api/v1/release-orders/:id/people","status":503,"duration_ms":15}
{"request_id":"rcc-e1b8bf92d212a7b31d8489687d93be59","method":"GET","path":"/api/v1/auth/session","status":200,"duration_ms":1}
{"request_id":"rcc-dbf6311efc28242b993aaf21a5ed1d69","method":"GET","path":"/api/v1/approval-notifications","status":200,"duration_ms":5}
{"request_id":"rcc-a0ef98d90a05c9bcac0a4be5b4eed6ee","method":"GET","path":"/api/v1/release-orders/:id","status":200,"duration_ms":15}
{"request_id":"rcc-7e65a1563022ce0f7580fdfdfcdc1e2f","method":"GET","path":"/api/v1/table-field-policies/:table_name","status":200,"duration_ms":6}
{"request_id":"rcc-a27db34d9cda505cf6fbcb398bfece1b","method":"GET","path":"/api/v1/release-orders/:id/details","status":200,"duration_ms":9}
{"request_id":"rcc-906420df40df406e9fb72298a33400d7","method":"GET","path":"/api/v1/table-field-policies/:table_name","status":200,"duration_ms":8}
{"request_id":"rcc-65d756a0e06a62405bfae37a0f8cdf96","method":"GET","path":"/api/v1/release-orders/:id/people","status":200,"duration_ms":17}
{"request_id":"rcc-a46f7467596d7959502661f84382bb5f","method":"GET","path":"/api/v1/approval-notifications","status":200,"duration_ms":2}
{"request_id":"rcc-6d2df9576185cae47df7f837a961c176","method":"GET","path":"/api/v1/release-orders/:id","status":200,"duration_ms":18}
{"request_id":"rcc-e1c6c1753819152ec1cbae800f09e980","method":"GET","path":"/api/v1/table-field-policies/:table_name","status":200,"duration_ms":8}
{"request_id":"rcc-154830c68e7047427a4c8e2ca7fcdd72","method":"GET","path":"/api/v1/table-field-policies/:table_name","status":200,"duration_ms":9}
{"request_id":"rcc-0a74f4771c930736e5f9524692768cf0","method":"GET","path":"/api/v1/release-orders/:id/details","status":200,"duration_ms":10}
{"request_id":"rcc-a8901c6de3cb60235e2d603775b0a1dd","method":"GET","path":"/api/v1/release-orders/:id/people","status":200,"duration_ms":23}
{"request_id":"rcc-360a2e5ec82e60649e740f74414c8590","method":"GET","path":"/api/v1/auth/session","status":200,"duration_ms":1}
{"request_id":"rcc-715345c660b0773ebe6949acfcbea9f8","method":"POST","path":"/api/v1/release-orders","status":201,"duration_ms":76}
{"request_id":"rcc-abc6b34fec7200a47a05cf0c916c32f2","method":"GET","path":"/api/v1/auth/session","status":200,"duration_ms":1}
{"request_id":"rcc-48b35b863706473c7df988a8536c2e68","method":"POST","path":"/api/v1/release-orders/:id/submit","status":200,"duration_ms":123}
{"request_id":"rcc-6a8b21fe27c05306ef0c195ad0ea6af8","method":"GET","path":"/api/v1/auth/session","status":200,"duration_ms":1}
{"request_id":"rcc-2a94141f1c131293a4db2e7f840bf82e","method":"GET","path":"/api/v1/release-orders/:id","status":200,"duration_ms":9}
{"request_id":"rcc-3f10d8ff112f571461fb33806f01af02","method":"GET","path":"/api/v1/auth/session","status":200,"duration_ms":1}
{"request_id":"rcc-165a22812b5fc1e03c400e51f868ffbb","method":"POST","path":"/api/v1/release-orders/:id/approve","status":200,"duration_ms":34}
{"request_id":"rcc-1402b9deced7f5084404a1d9e3900fab","method":"GET","path":"/api/v1/auth/session","status":200,"duration_ms":1}
{"request_id":"rcc-fa367c0669b679bd42073a74b5dddc3a","method":"GET","path":"/api/v1/approval-notifications","status":200,"duration_ms":3}
{"request_id":"rcc-941974b418558435f5dca04b3bcff2ad","method":"GET","path":"/api/v1/release-orders/:id","status":200,"duration_ms":17}
{"request_id":"rcc-584b470dce6f7b953953930fd36d181e","method":"GET","path":"/api/v1/release-orders/:id/details","status":200,"duration_ms":10}
{"request_id":"rcc-fa6e2a35e330df45d28b7298f791f1a2","method":"GET","path":"/api/v1/table-field-policies/:table_name","status":200,"duration_ms":11}
{"request_id":"rcc-c746adfb3f96cef4c292172ca43391d7","method":"GET","path":"/api/v1/table-field-policies/:table_name","status":200,"duration_ms":13}
{"request_id":"rcc-32532a4e445f40569856b0e7db66fb9e","method":"POST","path":"/api/v1/release-orders/:id/notification-read","status":200,"duration_ms":23}
{"request_id":"rcc-1328dea94ad7a8c25a352a665c5af106","method":"GET","path":"/api/v1/release-orders/:id/people","status":200,"duration_ms":24}
{"request_id":"rcc-9c61db8ab2cad4e104a04d2a6c50b22a","method":"GET","path":"/api/v1/approval-notifications","status":200,"duration_ms":3}
{"request_id":"rcc-9d1eedb798b441f435c3bf3163bc8d34","method":"GET","path":"/api/v1/release-orders/:id/details","status":200,"duration_ms":8}
{"request_id":"rcc-f42fbbf4ea3603b37766cc1a1b7ff790","method":"POST","path":"/api/v1/release-orders/preview","status":200,"duration_ms":36}
{"request_id":"rcc-9493cd5020c279c687e4ad3e6054cfc8","method":"POST","path":"/api/v1/release-orders/:id/reprepare","status":201,"duration_ms":86}
{"request_id":"rcc-9e92cf8ebf7184553ddc9b1de4de7ece","method":"GET","path":"/api/v1/approval-notifications","status":200,"duration_ms":3}
{"request_id":"rcc-ce69669502d506638fcc8b9ce03692e7","method":"GET","path":"/api/v1/release-orders/:id","status":200,"duration_ms":15}
{"request_id":"rcc-0e1288ff9b1e1e783d657d78e4f02bf8","method":"GET","path":"/api/v1/release-orders/:id/people","status":200,"duration_ms":17}
{"request_id":"rcc-3333fdaff99b12b2b63c0b3d140b7fe9","method":"GET","path":"/api/v1/approval-notifications","status":200,"duration_ms":4}
{"request_id":"rcc-d4da3396929fb2ed0a48b857693c1331","method":"GET","path":"/api/v1/release-orders/:id","status":200,"duration_ms":21}
{"request_id":"rcc-0b48ed40e5c9c13032615e22de00594a","method":"GET","path":"/api/v1/table-field-policies/:table_name","status":200,"duration_ms":7}
{"request_id":"rcc-87cf815a960ecc906100b8826144b7e4","method":"GET","path":"/api/v1/table-field-policies/:table_name","status":200,"duration_ms":7}
{"request_id":"rcc-c5e8cdecc3d48076389158525a5b082d","method":"GET","path":"/api/v1/release-orders/:id/details","status":200,"duration_ms":8}
{"request_id":"rcc-25b050e28da177b55f7d7ebedfc4ec19","method":"GET","path":"/api/v1/release-orders/:id/people","status":200,"duration_ms":23}
{"request_id":"rcc-f94c854d3189aadaf9ccf50273d875c1","method":"GET","path":"/api/v1/approval-notifications","status":200,"duration_ms":5}
{"request_id":"rcc-0da13feb58683b97da41e5536d1831a5","method":"GET","path":"/api/v1/table-field-policies/:table_name","status":200,"duration_ms":10}
{"request_id":"rcc-f86b255d0c0d7494923df56a3e93d635","method":"GET","path":"/api/v1/table-field-policies/:table_name","status":200,"duration_ms":11}
{"request_id":"rcc-6b15b498c0955d01c4a38b41a0aa4c99","method":"GET","path":"/api/v1/release-orders/:id/details","status":200,"duration_ms":12}
{"request_id":"rcc-ab4e5b90740264d6258f8ae56d2ec76e","method":"GET","path":"/api/v1/release-orders/:id","status":200,"duration_ms":16}
{"request_id":"rcc-afc6184e917505b491aa228697ec5dc0","method":"GET","path":"/api/v1/release-orders/:id/people","status":200,"duration_ms":22}
{"request_id":"rcc-fbf995aff903b807af387c2a69d64d49","method":"GET","path":"/api/v1/approval-notifications","status":200,"duration_ms":3}
{"request_id":"rcc-e6cff68ae99bd7309844ecb7f26cee87","method":"GET","path":"/api/v1/table-field-policies/:table_name","status":200,"duration_ms":7}
{"request_id":"rcc-633fc4cf0151d2144f265b5fefcb2154","method":"GET","path":"/api/v1/table-field-policies/:table_name","status":200,"duration_ms":7}
{"request_id":"rcc-aeaac935ba80bfecf4ddafa20368a1b0","method":"GET","path":"/api/v1/release-orders/:id/details","status":200,"duration_ms":9}
{"request_id":"rcc-3d13719682077661d2a536d89ede910e","method":"GET","path":"/api/v1/release-orders/:id","status":200,"duration_ms":23}
{"request_id":"rcc-7a6ad1c45ebc4976cbb00c047a64ac66","method":"GET","path":"/api/v1/release-orders/:id/people","status":200,"duration_ms":24}
{"request_id":"rcc-9e6475a65ccba958f462390ee0ded488","method":"GET","path":"/api/v1/release-orders/:id/details","status":200,"duration_ms":8}
{"request_id":"rcc-6fb9490f51fded1006438934a59028b7","method":"POST","path":"/api/v1/release-orders/:id/submit","status":200,"duration_ms":121}
{"request_id":"rcc-a7828189042b4e25839a9f9a87f8088e","method":"GET","path":"/api/v1/approval-notifications","status":200,"duration_ms":3}
{"request_id":"rcc-9560835650a854b7e093879853389ec2","method":"GET","path":"/api/v1/release-orders/:id","status":200,"duration_ms":12}
{"request_id":"rcc-716dc801896fca04dc527ca40060540c","method":"GET","path":"/api/v1/release-orders/:id/people","status":200,"duration_ms":16}
{"request_id":"rcc-4e0ad0cec982898b15e9e3b8a8189e8c","method":"GET","path":"/api/v1/release-orders/:id/details","status":200,"duration_ms":5}
{"request_id":"rcc-4a5cf5249fd7fa67afb27eb6ebc96538","method":"GET","path":"/api/v1/auth/session","status":200,"duration_ms":2}
{"request_id":"rcc-62ce778ae4893cbb28c1c0461e6c75da","method":"GET","path":"/api/v1/approval-notifications","status":200,"duration_ms":3}
{"request_id":"rcc-8e7d1df267bf1a06c5332517d182ce4e","method":"GET","path":"/api/v1/release-orders/:id","status":200,"duration_ms":12}
{"request_id":"rcc-8da97ad7ce6ceddf4b55b0e032e2aafd","method":"GET","path":"/api/v1/table-field-policies/:table_name","status":200,"duration_ms":7}
{"request_id":"rcc-ebd697c04d02c536fa827871fb31643f","method":"GET","path":"/api/v1/table-field-policies/:table_name","status":200,"duration_ms":10}
{"request_id":"rcc-12cd31557c1dfa66028e7ebf4a4b9cb8","method":"GET","path":"/api/v1/release-orders/:id/details","status":200,"duration_ms":10}
{"request_id":"rcc-4adfc2a02b13a4c13df44ee3b273c3aa","method":"POST","path":"/api/v1/release-orders/:id/notification-read","status":200,"duration_ms":17}
{"request_id":"rcc-190b2871c6d4fc03f93f7ce9aef7288c","method":"GET","path":"/api/v1/release-orders/:id/people","status":200,"duration_ms":18}
{"request_id":"rcc-b2bdce7618033356d5cbca751bbf02e2","method":"GET","path":"/api/v1/approval-notifications","status":200,"duration_ms":2}
{"request_id":"rcc-2773f52e476674230c9496523e6a7c93","method":"GET","path":"/api/v1/release-orders/:id/details","status":200,"duration_ms":8}
{"request_id":"rcc-b25f11adc65d9240e05a883ae09033e3","method":"POST","path":"/api/v1/release-orders/:id/approve","status":200,"duration_ms":42}
{"request_id":"rcc-8b4c9eabe8145b86552112890e65cc49","method":"GET","path":"/api/v1/approval-notifications","status":200,"duration_ms":3}
{"request_id":"rcc-03d9418787a49accf1a48e4e1deac74b","method":"GET","path":"/api/v1/release-orders/:id","status":200,"duration_ms":12}
{"request_id":"rcc-28bfd8f67085463a0d5c15b1efdbb1c5","method":"GET","path":"/api/v1/release-orders/:id/people","status":200,"duration_ms":13}
{"request_id":"rcc-bddbdc28d568b2f1cd9cf399ae82360d","method":"GET","path":"/api/v1/auth/session","status":200,"duration_ms":1}
{"request_id":"rcc-058043600c4d8f3c062752acfb6aa5d3","method":"GET","path":"/api/v1/release-orders/:id/details","status":200,"duration_ms":17}
{"request_id":"rcc-d1665c23a7813677889316ef29d64d6e","method":"GET","path":"/api/v1/release-orders/:id","status":200,"duration_ms":17}
{"request_id":"rcc-ce86696fc8f791b1d8f428890f6b261f","method":"GET","path":"/api/v1/auth/session","status":200,"duration_ms":1}
{"request_id":"rcc-c716fe738c6ae9bbe9935ae70f6a7115","method":"GET","path":"/api/v1/release-orders/:id/details","status":200,"duration_ms":8}
{"request_id":"rcc-c7e30413fffbef0ecbe30630cbd3669e","method":"GET","path":"/api/v1/auth/session","status":200,"duration_ms":2}
{"request_id":"rcc-1856e83a9225d18256cca2bf70c00e0c","method":"GET","path":"/api/v1/approval-notifications","status":200,"duration_ms":3}
{"request_id":"rcc-0755b606a37a8432c9c32d41a43477d4","method":"GET","path":"/api/v1/table-policies","status":200,"duration_ms":2}
{"request_id":"rcc-22c6b1b5ddbcaff0580ee841ae534ed7","method":"GET","path":"/api/v1/table-field-policies/:table_name","status":200,"duration_ms":9}
{"request_id":"rcc-2fcd6921d04b876062bade81dc9f6f4e","method":"GET","path":"/api/v1/database-tables","status":200,"duration_ms":9}
{"request_id":"rcc-3581b7a20538d57ffa075523edeea476","method":"PUT","path":"/api/v1/table-field-policies/:table_name","status":200,"duration_ms":21}
{"request_id":"rcc-fd0c7a5e7089e1eee2ac29ea74bf2d83","method":"GET","path":"/api/v1/auth/session","status":200,"duration_ms":2}
{"request_id":"rcc-00fe5cfd025a2c19c869e4ed5b3c134e","method":"GET","path":"/api/v1/query-policy-types","status":200,"duration_ms":2}
{"request_id":"rcc-8ad2c5a64a66f219961a75b32ab6ddd8","method":"GET","path":"/api/v1/mutation-policy-types","status":200,"duration_ms":2}
{"request_id":"rcc-9dfa36483622922678a56ad5106f2677","method":"GET","path":"/api/v1/query-policies","status":200,"duration_ms":3}
{"request_id":"rcc-9428e20ca3ae155ea36c2498da1e4324","method":"GET","path":"/api/v1/mutation-policies","status":200,"duration_ms":3}
{"request_id":"rcc-b524c925fe200878752da638e407adbd","method":"GET","path":"/api/v1/approval-notifications","status":200,"duration_ms":4}
{"request_id":"rcc-8f5abc8e4a05f45123efed907b4c8cbe","method":"GET","path":"/api/v1/table-field-policies/:table_name","status":200,"duration_ms":6}
{"request_id":"rcc-0fd4abeb6f4a3708cf1700fa7019ea3d","method":"GET","path":"/api/v1/auth/session","status":200,"duration_ms":3}
{"request_id":"rcc-c2163575049d54738ea5369fb3090f10","method":"GET","path":"/api/v1/table-policies","status":200,"duration_ms":3}
{"request_id":"rcc-da872bb0cb1363acb522b8ac3a2d1432","method":"GET","path":"/api/v1/approval-notifications","status":200,"duration_ms":3}
{"request_id":"rcc-14b53bae9f7683e6ad4bc38426c369de","method":"GET","path":"/api/v1/mutation-policy-types","status":200,"duration_ms":1}
{"request_id":"rcc-25cb94b5e813a16f7af53ef2c2e03cdd","method":"GET","path":"/api/v1/query-policy-types","status":200,"duration_ms":2}
{"request_id":"rcc-4933173ce06849677c1cdf71a0ff6ad2","method":"GET","path":"/api/v1/query-policies/:code","status":200,"duration_ms":4}
{"request_id":"rcc-4666b92e4c0e118d53056db9acb778f0","method":"GET","path":"/api/v1/mutation-policies/:code","status":200,"duration_ms":3}
{"request_id":"rcc-61f34d421373769fce7594d66b2ed6f0","method":"POST","path":"/api/v1/tables/:table_name/query","status":200,"duration_ms":18}
{"request_id":"rcc-ede00563da755e77572f4a64da6c4564","method":"GET","path":"/api/v1/table-field-policies/:table_name","status":200,"duration_ms":8}
{"request_id":"rcc-c3ce45bb5a1ae158a39147cafb6ed81c","method":"GET","path":"/api/v1/table-field-policies/:table_name","status":200,"duration_ms":7}
{"request_id":"rcc-98ce69ed1579ec03f145dad13e2b1fb1","method":"POST","path":"/api/v1/release-orders","status":201,"duration_ms":1062}
{"request_id":"rcc-d12a4ef7b5bc4deb0a3b3c61b5f0ed10","method":"GET","path":"/api/v1/approval-notifications","status":200,"duration_ms":2}
{"request_id":"rcc-c0e63a7f086036448e035a85c167ffd1","method":"GET","path":"/api/v1/auth/session","status":200,"duration_ms":1}
{"request_id":"rcc-e50bd46190c629f6e4fda96d83fe4219","method":"GET","path":"/api/v1/release-orders/:id","status":200,"duration_ms":13}
{"request_id":"rcc-886afeea1fb6ce8d7c2345f6c917ed8f","method":"GET","path":"/api/v1/auth/session","status":200,"duration_ms":1}
{"request_id":"rcc-42accb30cb87790600098c4baa75fe0e","method":"GET","path":"/api/v1/release-orders/:id/details","status":200,"duration_ms":189}
{"request_id":"rcc-d3a7922a7c37fa24492a89d5428457a7","method":"GET","path":"/api/v1/auth/session","status":200,"duration_ms":2}
{"request_id":"rcc-00227a6a4d9f33c3f802850c827a8c05","method":"GET","path":"/api/v1/approval-notifications","status":200,"duration_ms":7}
{"request_id":"rcc-6e6c0f70682df2e601a57b85f9c32176","method":"GET","path":"/api/v1/table-policies","status":200,"duration_ms":6}
{"request_id":"rcc-ae6505696224864e2ceaa13e541ddb4f","method":"GET","path":"/api/v1/query-policy-types","status":200,"duration_ms":6}
{"request_id":"rcc-88cd9cce91041a62ca9d6fefa158fa5c","method":"GET","path":"/api/v1/query-policies/:code","status":200,"duration_ms":8}
{"request_id":"rcc-40f66aab7bf1565f565766366adedeac","method":"GET","path":"/api/v1/mutation-policies/:code","status":200,"duration_ms":11}
{"request_id":"rcc-e4b206915b98e21d982452957e017cc7","method":"GET","path":"/api/v1/mutation-policy-types","status":200,"duration_ms":16}
{"request_id":"rcc-1e10d62f87c1781b735ea4a157ae33ac","method":"POST","path":"/api/v1/tables/:table_name/query","status":200,"duration_ms":24}
{"request_id":"rcc-b0461aedb584dabc60a63abf9fd3bd78","method":"GET","path":"/api/v1/table-field-policies/:table_name","status":200,"duration_ms":6}
{"request_id":"rcc-55de91c24d7f29d908545a79d39bceef","method":"GET","path":"/api/v1/auth/session","status":200,"duration_ms":2}
{"request_id":"rcc-0fb97a6b5d34543ded468644f1085dfc","method":"GET","path":"/api/v1/approval-notifications","status":200,"duration_ms":3}
{"request_id":"rcc-5d52fd75adcab0c0d908c1a27f0f59bf","method":"GET","path":"/api/v1/auth/session","status":200,"duration_ms":1}
{"request_id":"rcc-b2eb97d883843eb542cc70db66c2c541","method":"GET","path":"/api/v1/account-roles","status":200,"duration_ms":2}
{"request_id":"rcc-a07d5a6c25cf8b7c154b06181f474147","method":"GET","path":"/api/v1/auth/session","status":200,"duration_ms":1}
{"request_id":"rcc-457b7d32585ed51ed3e00ebe1e8e29e9","method":"GET","path":"/api/v1/release-orders","status":200,"duration_ms":112}
{"request_id":"rcc-c7db70ed6c7b42af7c93d8289d3754c9","method":"PUT","path":"/api/v1/account-roles/:id","status":200,"duration_ms":16}
{"request_id":"rcc-2e7bbf8b7b925ac0db00fa6a214b347b","method":"GET","path":"/api/v1/auth/session","status":200,"duration_ms":1}
{"request_id":"rcc-3bc29d7b43fa29995848ea81fdabe395","method":"GET","path":"/api/v1/approval-notifications","status":200,"duration_ms":3}
{"request_id":"rcc-c2bef6f35bd2263346b1dae8e90f1e68","method":"GET","path":"/api/v1/auth/session","status":200,"duration_ms":1}
{"request_id":"rcc-5d1884fe7f146613920dd6dc22d589b1","method":"GET","path":"/api/v1/account-roles","status":200,"duration_ms":2}
{"request_id":"rcc-7adcbfb4893c2d6cf3079ff988eae220","method":"GET","path":"/api/v1/auth/session","status":200,"duration_ms":1}
{"request_id":"rcc-39b40c50b0773a870214a8e86ed4b9ed","method":"GET","path":"/api/v1/release-orders","status":200,"duration_ms":124}
{"request_id":"rcc-7655376ee33bccb5afa77f2b1e23f1a5","method":"PUT","path":"/api/v1/account-roles/:id","status":200,"duration_ms":14}
{"request_id":"rcc-1d4f6c0a761ce59587fed0a4b570c27c","method":"GET","path":"/api/v1/auth/csrf","status":200,"duration_ms":6}
{"request_id":"rcc-b442f11e633e79b355b06c2e773f0469","method":"POST","path":"/api/v1/auth/register","status":201,"duration_ms":49}
{"request_id":"rcc-fde14dab7e00e5436af47f87c152a942","method":"GET","path":"/api/v1/auth/session","status":200,"duration_ms":1}
{"request_id":"rcc-71da59c180d87a6220f610bc550271db","method":"GET","path":"/api/v1/account-roles","status":200,"duration_ms":2}
{"request_id":"rcc-509bcfdbcd0bfab9ded6c600e9f99309","method":"GET","path":"/api/v1/auth/session","status":200,"duration_ms":1}
{"request_id":"rcc-178c9a7a6db374f9dcda6abaef1cf180","method":"PUT","path":"/api/v1/account-roles/:id","status":200,"duration_ms":13}
{"request_id":"rcc-04d982d63a4e0f820931057e20c35d2b","method":"GET","path":"/api/v1/auth/session","status":200,"duration_ms":3}
{"request_id":"rcc-ae0751c7c0f41f0123308711149b0b8d","method":"GET","path":"/api/v1/approval-notifications","status":200,"duration_ms":4}
{"request_id":"rcc-50fd3489b64d1d63f87ce8b55a4e840a","method":"GET","path":"/api/v1/auth/csrf","status":200,"duration_ms":10}
{"request_id":"rcc-64ff61e7981ca7bc3c4d79db5d349c6e","method":"GET","path":"/api/v1/release-orders","status":200,"duration_ms":157}
{"request_id":"rcc-e99ebbed004bb1952e7de0af3dea8c7d","method":"POST","path":"/api/v1/auth/login","status":200,"duration_ms":57}
{"request_id":"rcc-3398f95ed41fa7a5f57c6b7171647d21","method":"GET","path":"/api/v1/auth/session","status":200,"duration_ms":1}
{"request_id":"rcc-43fccdc5da102c5e459270cb075a4beb","method":"GET","path":"/api/v1/approval-notifications","status":200,"duration_ms":3}
{"request_id":"rcc-c192a589b3206c16b8432aa652f0ed77","method":"GET","path":"/api/v1/release-orders","status":503,"duration_ms":74}
{"request_id":"rcc-b902788186c66182135f19c393a84935","method":"GET","path":"/api/v1/auth/session","status":200,"duration_ms":1}
{"request_id":"rcc-9cb6938e38bed6e0558a67114833ed74","method":"GET","path":"/api/v1/approval-notifications","status":200,"duration_ms":3}
{"request_id":"rcc-00add16952debcf86005eb3dfef51d5b","method":"GET","path":"/api/v1/release-orders","status":200,"duration_ms":118}
{"request_id":"rcc-3d116629721f48ce2caba38f565ddd7f","method":"POST","path":"/api/v1/release-orders","status":201,"duration_ms":348}
{"request_id":"rcc-3c9c4acd309a4e065181ca29d5052131","method":"GET","path":"/api/v1/approval-notifications","status":200,"duration_ms":3}
{"request_id":"rcc-107e270ece87295414392bb6c7999cd8","method":"GET","path":"/api/v1/approval-notifications","status":200,"duration_ms":3}
{"request_id":"rcc-215aaa061f8875af1dfca33f46d97444","method":"GET","path":"/api/v1/release-orders/:id","status":200,"duration_ms":18}
{"request_id":"rcc-3eb6d12efc6c923419e8ee2ad07914c0","method":"GET","path":"/api/v1/table-field-policies/:table_name","status":200,"duration_ms":18}
{"request_id":"rcc-c4e4ac62c9dc52084c2b22363d8b2e72","method":"GET","path":"/api/v1/release-orders/:id/people","status":200,"duration_ms":27}
{"request_id":"rcc-35cb6144224f3df1ca8af4ceb9f58ae7","method":"GET","path":"/api/v1/release-orders","status":200,"duration_ms":140}
{"request_id":"rcc-d34253ca46adef9090a88c9c9f3f56d0","method":"GET","path":"/api/v1/release-orders/:id/details","status":200,"duration_ms":323}
{"request_id":"rcc-d1144e5a5a577bac399a4971f6060cd3","method":"GET","path":"/api/v1/auth/session","status":200,"duration_ms":1}
{"request_id":"rcc-a1056ab750edbd6b6b1b58cb3686cf36","method":"GET","path":"/api/v1/release-orders/:id","status":200,"duration_ms":12}
{"request_id":"rcc-dcc82e47786faf904b4936c488e69c64","method":"GET","path":"/api/v1/auth/session","status":200,"duration_ms":1}
{"request_id":"rcc-db392f0853eb6d54429392c91bb4b518","method":"GET","path":"/api/v1/release-orders/:id/details","status":200,"duration_ms":169}
{"request_id":"rcc-a3a1b94fe7a5c1bcefddf14cff4c2ff7","method":"GET","path":"/api/v1/release-orders/:id/details","status":200,"duration_ms":172}
{"request_id":"rcc-3a822cd6b1e7747ee25dea8059bdb989","method":"GET","path":"/api/v1/auth/session","status":200,"duration_ms":2}
{"request_id":"rcc-0ed8042f17cc43b705fde5e66976a29f","method":"GET","path":"/api/v1/query-policy-types","status":200,"duration_ms":2}
{"request_id":"rcc-100869a03e9380e48453ea86170c7be6","method":"GET","path":"/api/v1/approval-notifications","status":200,"duration_ms":4}
{"request_id":"rcc-b8d4cedf409ceac7055615db70197123","method":"GET","path":"/api/v1/query-policies","status":200,"duration_ms":4}
{"request_id":"rcc-0ef6d76df6d05a4f9284009ae67aeb49","method":"GET","path":"/api/v1/auth/session","status":200,"duration_ms":1}
{"request_id":"rcc-e45237b278c4e46ee0de6eeb29bef8a9","method":"GET","path":"/api/v1/approval-notifications","status":200,"duration_ms":3}
{"request_id":"rcc-f85c9aa2465425330a5060e8c38b9da4","method":"GET","path":"/api/v1/release-orders","status":503,"duration_ms":42}
{"request_id":"rcc-f038fa3178c106d5cb60198f3fce93a2","method":"GET","path":"/api/v1/auth/csrf","status":200,"duration_ms":10}
{"request_id":"rcc-b84f9dee4d401d03524b851ef4cc4de6","method":"POST","path":"/api/v1/auth/register","status":201,"duration_ms":43}
{"request_id":"rcc-9ec70e8f03d3ed43e0ca404bded2ed82","method":"GET","path":"/api/v1/auth/session","status":200,"duration_ms":1}
{"request_id":"rcc-873dd853719f8a04c183ab24a37a2bd9","method":"GET","path":"/api/v1/account-roles","status":200,"duration_ms":2}
{"request_id":"rcc-b4c5b4b18a03d03c87bb41259275d56e","method":"GET","path":"/api/v1/auth/session","status":200,"duration_ms":1}
{"request_id":"rcc-690313d73ef3116c0cde6c115f3c891c","method":"PUT","path":"/api/v1/account-roles/:id","status":200,"duration_ms":14}
{"request_id":"rcc-fd5d93e8bce6d2494372b5024acdaff5","method":"GET","path":"/api/v1/auth/csrf","status":200,"duration_ms":6}
{"request_id":"rcc-0027bb38b93b50471382c88a98a96a5a","method":"POST","path":"/api/v1/auth/register","status":201,"duration_ms":48}
{"request_id":"rcc-6697f2d009579715e230537976873a70","method":"GET","path":"/api/v1/auth/session","status":200,"duration_ms":1}
{"request_id":"rcc-6e575b0f1e71442e21bc8a62f9e05b5d","method":"GET","path":"/api/v1/account-roles","status":200,"duration_ms":2}
{"request_id":"rcc-5a6598f85188311ccdf5ca6cb1349345","method":"GET","path":"/api/v1/auth/session","status":200,"duration_ms":0}
{"request_id":"rcc-c8af223d970edf1f33d4a89ca799e78b","method":"PUT","path":"/api/v1/account-roles/:id","status":200,"duration_ms":13}
{"request_id":"rcc-a3a9b8019ed7ac8be77a9955442fb635","method":"GET","path":"/api/v1/auth/csrf","status":200,"duration_ms":7}
{"request_id":"rcc-de9e945eb396bb32b775048b9e1a414e","method":"POST","path":"/api/v1/auth/register","status":201,"duration_ms":43}
{"request_id":"rcc-feacf7460255458cf8c18f144a400af1","method":"GET","path":"/api/v1/auth/session","status":200,"duration_ms":0}
{"request_id":"rcc-61d771b5e336e77f922b7a44ccabcce7","method":"GET","path":"/api/v1/account-roles","status":200,"duration_ms":2}
{"request_id":"rcc-7d21365c8ee0b12f64a25a559c754b33","method":"GET","path":"/api/v1/auth/session","status":200,"duration_ms":1}
{"request_id":"rcc-7ec2d6a778e41d12135bd5a76eae5a75","method":"PUT","path":"/api/v1/account-roles/:id","status":200,"duration_ms":12}
{"request_id":"rcc-ef085ced1658ede77847bf96082502ea","method":"GET","path":"/api/v1/auth/csrf","status":200,"duration_ms":6}
{"request_id":"rcc-5223249588dee1b3c283ad138ef7df16","method":"POST","path":"/api/v1/auth/register","status":201,"duration_ms":50}
{"request_id":"rcc-e0e04c6d6664130f1536cfafa5653b9a","method":"GET","path":"/api/v1/auth/session","status":200,"duration_ms":1}
{"request_id":"rcc-6588793a82035d5734b36f68cdaecad5","method":"GET","path":"/api/v1/account-roles","status":200,"duration_ms":2}
{"request_id":"rcc-fa60bd0dd84fa920376e78785e20afa1","method":"GET","path":"/api/v1/auth/session","status":200,"duration_ms":1}
{"request_id":"rcc-e188f2a821ecc1d2f41bbdf4eee218ec","method":"PUT","path":"/api/v1/account-roles/:id","status":200,"duration_ms":13}
{"request_id":"rcc-05f0c1aa53456a7271695278f225f129","method":"GET","path":"/api/v1/auth/csrf","status":200,"duration_ms":6}
{"request_id":"rcc-c688f730b2cfac56bd37395bb0928c6c","method":"POST","path":"/api/v1/auth/register","status":201,"duration_ms":42}
{"request_id":"rcc-38c4272ff46388cb995e5a747d073303","method":"GET","path":"/api/v1/auth/session","status":200,"duration_ms":1}
{"request_id":"rcc-8926e4b7c656600fd54679ddba8084d2","method":"GET","path":"/api/v1/account-roles","status":200,"duration_ms":2}
{"request_id":"rcc-aabecb969196d04e3ad777eeea336bc2","method":"GET","path":"/api/v1/auth/session","status":200,"duration_ms":1}
{"request_id":"rcc-18dd4873046a5817f3a0cd392755216f","method":"PUT","path":"/api/v1/account-roles/:id","status":200,"duration_ms":12}
{"request_id":"rcc-ad9e9e29182ca70573e6e78d9303772f","method":"GET","path":"/api/v1/auth/csrf","status":200,"duration_ms":5}
{"request_id":"rcc-c96dcf90b450a598615fcb4244e2722b","method":"POST","path":"/api/v1/auth/register","status":201,"duration_ms":43}
{"request_id":"rcc-2ecc00e8899ab489067cfc7142d5605a","method":"GET","path":"/api/v1/auth/session","status":200,"duration_ms":1}
{"request_id":"rcc-2239ca1433db295777e8a53703c2df1b","method":"GET","path":"/api/v1/account-roles","status":200,"duration_ms":1}
{"request_id":"rcc-48e8bc03133be4197fa5421daefcb10d","method":"GET","path":"/api/v1/auth/session","status":200,"duration_ms":1}
{"request_id":"rcc-87dac4d25a4403aeb483f776b3334dd9","method":"POST","path":"/api/v1/approval-roles","status":201,"duration_ms":14}
{"request_id":"rcc-0d766cea5e9d8ae296b23ac74b95f82b","method":"GET","path":"/api/v1/auth/session","status":200,"duration_ms":0}
{"request_id":"rcc-e30840d2c02f92ce2a5802372a643f4f","method":"GET","path":"/api/v1/table-policies/:table_name/approval-roles","status":200,"duration_ms":3}
{"request_id":"rcc-949e70d28eeea63b2a3c1be27e2c925e","method":"GET","path":"/api/v1/auth/session","status":200,"duration_ms":0}
{"request_id":"rcc-2ace70dc43d8c9387ae4d3e6a4e25af1","method":"PUT","path":"/api/v1/table-policies/:table_name/approval-roles","status":200,"duration_ms":15}
{"request_id":"rcc-9db0550ee12b16a6b7aced26069145cf","method":"GET","path":"/api/v1/auth/session","status":200,"duration_ms":0}
{"request_id":"rcc-a761e4052bf0df38dda62d123fad580b","method":"POST","path":"/api/v1/tables/:table_name/query","status":200,"duration_ms":12}
{"request_id":"rcc-a956decb0f36b893d71685282ef77582","method":"GET","path":"/api/v1/auth/session","status":200,"duration_ms":0}
{"request_id":"rcc-7b761160e737488ce3e36c49f915b3a3","method":"POST","path":"/api/v1/release-orders","status":201,"duration_ms":33}
{"request_id":"rcc-5214b3af7aef9549057a6313630a5767","method":"GET","path":"/api/v1/auth/session","status":200,"duration_ms":0}
{"request_id":"rcc-bc2e0cef242ef0a3782df67c61d31127","method":"POST","path":"/api/v1/release-orders/:id/submit","status":200,"duration_ms":75}
{"request_id":"rcc-e63f83eaca2c3a6197e27c88df0064e1","method":"GET","path":"/api/v1/auth/session","status":200,"duration_ms":0}
{"request_id":"rcc-dc748b2614ff69e302089bcdf007d774","method":"GET","path":"/api/v1/release-orders/:id","status":200,"duration_ms":6}
{"request_id":"rcc-e3cc31bc7312b72de9f7052768e52544","method":"GET","path":"/api/v1/auth/session","status":200,"duration_ms":0}
{"request_id":"rcc-4f62d80a44f9ab46effe34c1598b58f0","method":"POST","path":"/api/v1/release-orders/:id/approve","status":200,"duration_ms":25}
{"request_id":"rcc-45fbe9b3f78b475ce21369819610606a","method":"GET","path":"/api/v1/auth/session","status":200,"duration_ms":0}
{"request_id":"rcc-30cd57f415609b66bf17fefcea4126f0","method":"POST","path":"/api/v1/release-orders/:id/execute","status":200,"duration_ms":76}
{"request_id":"rcc-4285d4517fbc1167b338a6900f2c8aa7","method":"GET","path":"/api/v1/auth/session","status":200,"duration_ms":1}
{"request_id":"rcc-cc14d2e0b35431917928932bf28087d8","method":"POST","path":"/api/v1/release-orders/:id/quick-rollback/preview","status":200,"duration_ms":107}
{"request_id":"rcc-f8711cdac97a4fba32792362279dcf8b","method":"GET","path":"/api/v1/auth/session","status":200,"duration_ms":1}
{"request_id":"rcc-6848641c8a75080b57028b0d6fb55a32","method":"POST","path":"/api/v1/release-orders/:id/quick-rollback","status":200,"duration_ms":101}
{"request_id":"rcc-40ed3d5b812643c6ce09a58ff860bfc0","method":"GET","path":"/api/v1/auth/session","status":200,"duration_ms":0}
{"request_id":"rcc-79656a7b7266e8ebd31d4a8410581cd0","method":"GET","path":"/api/v1/account-roles","status":200,"duration_ms":1}
{"request_id":"rcc-e2d68cb6ebad36057431a825ef154275","method":"GET","path":"/api/v1/auth/session","status":200,"duration_ms":0}
{"request_id":"rcc-8330d2adc49d9f4bda5447fb670f5671","method":"PUT","path":"/api/v1/account-roles/:id","status":200,"duration_ms":10}
{"request_id":"rcc-750c5d4cdc35a89ed89f07d6e34229a3","method":"GET","path":"/api/v1/auth/session","status":200,"duration_ms":2}
{"request_id":"rcc-a8163db6fec61620b5c92309971ab080","method":"GET","path":"/api/v1/approval-notifications","status":200,"duration_ms":4}
{"request_id":"rcc-a8650c1c9cba5a7a21e4f61c686d4bff","method":"GET","path":"/api/v1/release-orders/:id","status":200,"duration_ms":12}
{"request_id":"rcc-14fecfc86f7a5367279b5bbe73edac9f","method":"GET","path":"/api/v1/table-field-policies/:table_name","status":200,"duration_ms":10}
{"request_id":"rcc-29bc11c453646754dcd219e9675796ea","method":"GET","path":"/api/v1/release-orders/:id/details","status":200,"duration_ms":11}
{"request_id":"rcc-34fd0c9945af4009b6d1f1f554bee842","method":"GET","path":"/api/v1/release-orders/:id/people","status":200,"duration_ms":28}
{"request_id":"rcc-64ee671c063ce45da2c3edc3d282d21f","method":"POST","path":"/api/v1/release-orders/:id/notification-read","status":200,"duration_ms":29}
{"request_id":"rcc-51c1b04f55cce3c5ce8f46a269295031","method":"GET","path":"/api/v1/approval-notifications","status":200,"duration_ms":2}
{"request_id":"rcc-9fe128b85f71f6a96e7f151a5d5ab464","method":"GET","path":"/api/v1/auth/session","status":200,"duration_ms":3}
{"request_id":"rcc-f6e525eb7777c53515f00fdb623f0e73","method":"GET","path":"/api/v1/approval-notifications","status":200,"duration_ms":3}
{"request_id":"rcc-3722bc83d6c371d4f1eb41080ff8db11","method":"GET","path":"/api/v1/release-orders/:id","status":200,"duration_ms":10}
{"request_id":"rcc-11a38a657880bd6f3cb0ba4a96f9a6e5","method":"GET","path":"/api/v1/table-field-policies/:table_name","status":200,"duration_ms":7}
{"request_id":"rcc-57a0e68ea5f524d3764161e453fed354","method":"GET","path":"/api/v1/release-orders/:id/details","status":200,"duration_ms":8}
{"request_id":"rcc-e730903a979ce33f806aa0c98a76b7f8","method":"GET","path":"/api/v1/release-orders/:id/people","status":200,"duration_ms":13}
{"request_id":"rcc-9ff3e2230a433c7ca100956c2261e4d3","method":"GET","path":"/api/v1/auth/session","status":200,"duration_ms":1}
{"request_id":"rcc-e1674626875fdb6648d1d09f030a7d70","method":"GET","path":"/api/v1/approval-notifications","status":200,"duration_ms":3}
{"request_id":"rcc-c750bf71d0193f2d9cba8dafa637f943","method":"GET","path":"/api/v1/release-orders/:id","status":200,"duration_ms":11}
{"request_id":"rcc-d98458e7919a53b27031fa6b30ae7bd1","method":"GET","path":"/api/v1/table-field-policies/:table_name","status":200,"duration_ms":7}
{"request_id":"rcc-8e46032b7a023ef164e3eefd297ddf34","method":"GET","path":"/api/v1/release-orders/:id/details","status":200,"duration_ms":7}
{"request_id":"rcc-c1d0f39eb76d2585a70ab64f92956f26","method":"GET","path":"/api/v1/release-orders/:id/people","status":200,"duration_ms":14}
{"request_id":"rcc-22ce90325aa8206045ace6203d285d23","method":"GET","path":"/api/v1/auth/session","status":200,"duration_ms":2}
{"request_id":"rcc-5aeed878f1f76505e62c02e5b92e9298","method":"GET","path":"/api/v1/approval-notifications","status":200,"duration_ms":4}
{"request_id":"rcc-aae89f2e75c5e87422d7b180f994fe71","method":"GET","path":"/api/v1/release-orders/:id","status":200,"duration_ms":16}
{"request_id":"rcc-17a5dac2a53c91bf0036341938292e8b","method":"GET","path":"/api/v1/table-field-policies/:table_name","status":200,"duration_ms":7}
{"request_id":"rcc-f4370236f25af94b50c98de9d119e0c6","method":"GET","path":"/api/v1/release-orders/:id/details","status":200,"duration_ms":7}
{"request_id":"rcc-9a7f0a25654fb5907ff2d4e9ff4818bc","method":"GET","path":"/api/v1/release-orders/:id/people","status":200,"duration_ms":13}
{"request_id":"rcc-5f292b892f862806ff212ddec8727550","method":"POST","path":"/api/v1/auth/activity","status":200,"duration_ms":11}
{"request_id":"rcc-11ea4497172f5d4276baa472a36b5f0f","method":"POST","path":"/api/v1/release-orders/:id/rollback-reason","status":200,"duration_ms":28}
{"request_id":"rcc-ad5f4a707e648a89f765ef72857ba10b","method":"GET","path":"/api/v1/approval-notifications","status":200,"duration_ms":3}
{"request_id":"rcc-61c6de057a98e7b360455d32730e03f4","method":"GET","path":"/api/v1/release-orders/:id","status":200,"duration_ms":11}
{"request_id":"rcc-d40be62c86c79d44ce32909148c55a60","method":"GET","path":"/api/v1/release-orders/:id/people","status":200,"duration_ms":11}
{"request_id":"rcc-294f764e6404bc01301a1945e6f40862","method":"GET","path":"/api/v1/auth/session","status":200,"duration_ms":1}
{"request_id":"rcc-d962760d340c8293d413143fa94271c3","method":"GET","path":"/api/v1/approval-notifications","status":200,"duration_ms":3}
{"request_id":"rcc-03546f9bdda9e48a8305474095b2621f","method":"GET","path":"/api/v1/release-orders/:id","status":200,"duration_ms":12}
{"request_id":"rcc-e3d98f66c8916581b675ddb07542f377","method":"GET","path":"/api/v1/table-field-policies/:table_name","status":200,"duration_ms":10}
{"request_id":"rcc-5ab42f29a9dae0e96fc8807de92bad79","method":"GET","path":"/api/v1/release-orders/:id/details","status":200,"duration_ms":12}
{"request_id":"rcc-855819919d2769716791e5896130b163","method":"GET","path":"/api/v1/release-orders/:id/people","status":200,"duration_ms":18}
{"request_id":"rcc-3dff6d990122f76419684e854ea78c84","method":"POST","path":"/api/v1/auth/activity","status":200,"duration_ms":14}
{"request_id":"rcc-0522fbe576c77d8d2cd452cf98b63627","method":"POST","path":"/api/v1/release-orders/:id/rollback-reason","status":200,"duration_ms":25}
{"request_id":"rcc-98618b46e06222d932f81c711370a61e","method":"GET","path":"/api/v1/approval-notifications","status":200,"duration_ms":2}
{"request_id":"rcc-cffe98071fb2a40b0ffb975da7240a00","method":"GET","path":"/api/v1/release-orders/:id","status":200,"duration_ms":10}
{"request_id":"rcc-6dbd8af0a814575fc8f2c9a906b7cfd0","method":"POST","path":"/api/v1/release-orders/:id/rollback-reason","status":200,"duration_ms":21}
{"request_id":"rcc-e5aa8ec1570f979ce71e6209352d5dd4","method":"GET","path":"/api/v1/approval-notifications","status":200,"duration_ms":3}
{"request_id":"rcc-a0492b0b807fe7b6dc0697e152ec3830","method":"GET","path":"/api/v1/auth/session","status":200,"duration_ms":1}
{"request_id":"rcc-00f2d29b32c1c5a1933215cf262f1ef3","method":"GET","path":"/api/v1/release-orders/:id","status":200,"duration_ms":13}
{"request_id":"rcc-00c3c4b8731e73946deca71cfe22e8c5","method":"GET","path":"/api/v1/release-orders/:id/people","status":200,"duration_ms":14}
{"request_id":"rcc-83c553ad8e1304082e7c49a9e3de0920","method":"GET","path":"/api/v1/release-orders/:id","status":200,"duration_ms":13}
{"request_id":"rcc-4913f167e33d3fb030a95fce31de2403","method":"GET","path":"/api/v1/auth/csrf","status":200,"duration_ms":6}
{"request_id":"rcc-eb17c8bfe215ef5592eda5b70b630737","method":"POST","path":"/api/v1/auth/register","status":201,"duration_ms":46}
{"request_id":"rcc-1b9fe62e892c4b1725921a7e9be71779","method":"GET","path":"/api/v1/auth/session","status":200,"duration_ms":1}
{"request_id":"rcc-74408c4cc71a1357db3e4d92ff31d73a","method":"GET","path":"/api/v1/account-roles","status":200,"duration_ms":1}
{"request_id":"rcc-aa69aa62119d5ae7e98231b7039952d2","method":"GET","path":"/api/v1/auth/session","status":200,"duration_ms":1}
{"request_id":"rcc-93e5fa3588f1d45982f076e67b2fecf7","method":"GET","path":"/api/v1/query-policy-types","status":200,"duration_ms":2}
{"request_id":"rcc-6297bdb87b8bd13418f15a37fd60b75f","method":"GET","path":"/api/v1/query-policies","status":200,"duration_ms":2}
{"request_id":"rcc-d54e1aafebc37319f05efd71f28f1b40","method":"GET","path":"/api/v1/approval-notifications","status":200,"duration_ms":3}
{"request_id":"rcc-25345446c71283d3bf0a5d81ea1eb517","method":"GET","path":"/api/v1/mutation-policies","status":200,"duration_ms":3}
{"request_id":"rcc-9a51e653d5ede0cdf74f713c97f0d3c2","method":"GET","path":"/api/v1/mutation-policy-types","status":200,"duration_ms":5}
{"request_id":"rcc-3f8e803bbf1ba1fcc5eacc9a95ad95be","method":"GET","path":"/api/v1/table-policies","status":200,"duration_ms":2}
{"request_id":"rcc-e5a19ecde86aeae94695a65fd1349fd7","method":"GET","path":"/api/v1/database-tables","status":200,"duration_ms":10}
{"request_id":"rcc-7af3975b7841b1e1d8513433276fdd7d","method":"POST","path":"/api/v1/auth/activity","status":200,"duration_ms":8}
{"request_id":"rcc-d3de68af2024848bf950a6915cfb95f4","method":"GET","path":"/api/v1/approval-notifications","status":200,"duration_ms":2}
{"request_id":"rcc-dc4776d5a52483751aedfcaa9f78cee9","method":"GET","path":"/api/v1/table-field-policies/:table_name","status":200,"duration_ms":8}
{"request_id":"rcc-742cbbde73d7dd7454626706842752cc","method":"PUT","path":"/api/v1/table-field-policies/:table_name","status":200,"duration_ms":23}
{"request_id":"rcc-5f77daf685019a3682bbb4c1d4b96680","method":"GET","path":"/api/v1/mutation-policy-types","status":200,"duration_ms":1}
{"request_id":"rcc-cd1cfd63e1cdeb4692faf62d032c4f7a","method":"GET","path":"/api/v1/query-policy-types","status":200,"duration_ms":1}
{"request_id":"rcc-3262d12ff6e6caa48ea35e8a5d6ba702","method":"GET","path":"/api/v1/mutation-policies","status":200,"duration_ms":3}
{"request_id":"rcc-ca7f5f33cc5a26755450950f58e0e5cf","method":"GET","path":"/api/v1/query-policies","status":200,"duration_ms":4}
{"request_id":"rcc-0814f9d39fe0a8a33006fb61d227d042","method":"GET","path":"/api/v1/approval-notifications","status":200,"duration_ms":5}
{"request_id":"rcc-8a7d5330ae902192b16d82bdc50b8121","method":"GET","path":"/api/v1/approval-notifications","status":200,"duration_ms":4}
{"request_id":"rcc-b0078c60f5cca859bc9e5343c5129d99","method":"GET","path":"/api/v1/table-field-policies/:table_name","status":200,"duration_ms":8}
{"request_id":"rcc-03e521801aeb16ae6893e72953e22b70","method":"PUT","path":"/api/v1/table-field-policies/:table_name","status":200,"duration_ms":20}
{"request_id":"rcc-01e39c9188c1dce206dafec009ebda48","method":"PUT","path":"/api/v1/table-field-policies/:table_name","status":200,"duration_ms":20}
{"request_id":"rcc-1a89ee62c9aad51129d9ded75ca02062","method":"GET","path":"/api/v1/query-policy-types","status":200,"duration_ms":1}
{"request_id":"rcc-3d6aed35755a9ed4eb21a34956e55e40","method":"GET","path":"/api/v1/mutation-policy-types","status":200,"duration_ms":1}
{"request_id":"rcc-9d50bdfd735afcb8dab7bacad90909d6","method":"GET","path":"/api/v1/query-policies","status":200,"duration_ms":7}
{"request_id":"rcc-2c23d414db0d63845c982750de2e3421","method":"GET","path":"/api/v1/mutation-policies","status":200,"duration_ms":6}
{"request_id":"rcc-bd7540763fe839fa820bcccbf4c4c6e4","method":"GET","path":"/api/v1/approval-notifications","status":200,"duration_ms":8}
{"request_id":"rcc-a88aa36637c1a5b69aa7543d824783fb","method":"GET","path":"/api/v1/approval-notifications","status":200,"duration_ms":3}
{"request_id":"rcc-2bf1425dba7da8d4ba97380194158703","method":"GET","path":"/api/v1/table-field-policies/:table_name","status":200,"duration_ms":7}
{"request_id":"rcc-db4d610c042332de7536e99ea4fbb256","method":"PUT","path":"/api/v1/table-field-policies/:table_name","status":422,"duration_ms":12}
{"request_id":"rcc-b5d7d80705210bc3436a40ae30b96a71","method":"PUT","path":"/api/v1/table-field-policies/:table_name","status":200,"duration_ms":24}
{"request_id":"rcc-5c9ae918d4908b6723a3492f8b10c31b","method":"GET","path":"/api/v1/table-field-policies/:table_name","status":200,"duration_ms":8}
{"request_id":"rcc-b41d441abc57cd242dcfa7ea259ab9c7","method":"PUT","path":"/api/v1/table-field-policies/:table_name","status":200,"duration_ms":24}
{"request_id":"rcc-e4c8a8225c41fba24b5459c7de93cf4b","method":"GET","path":"/api/v1/mutation-policy-types","status":200,"duration_ms":1}
{"request_id":"rcc-3a7c3eb0f2e4c71d0f9be955181c77ac","method":"GET","path":"/api/v1/query-policy-types","status":200,"duration_ms":3}
{"request_id":"rcc-49bad54d32ba0b21680a923ce0c04f94","method":"GET","path":"/api/v1/mutation-policies","status":200,"duration_ms":3}
{"request_id":"rcc-c4ac76a1eeeb7e560f89d7aa6ad23aba","method":"GET","path":"/api/v1/query-policies","status":200,"duration_ms":4}
{"request_id":"rcc-1209a22726760102c077fef0e457fffe","method":"GET","path":"/api/v1/approval-notifications","status":200,"duration_ms":4}
{"request_id":"rcc-fb216586c3c4dab222b9ad7307b95fe0","method":"GET","path":"/api/v1/auth/csrf","status":200,"duration_ms":6}
{"request_id":"rcc-e76fc79713f7c6c8f2f951ea4a69a3a8","method":"POST","path":"/api/v1/auth/register","status":201,"duration_ms":46}
{"request_id":"rcc-b05972d5864b24ae01dc9e22af064647","method":"GET","path":"/api/v1/auth/session","status":200,"duration_ms":1}
{"request_id":"rcc-926984b023b823b0d21c3b2ddfe2defe","method":"GET","path":"/api/v1/account-roles","status":200,"duration_ms":3}
{"request_id":"rcc-247734867fe92987bf6efe6f9fed59fe","method":"GET","path":"/api/v1/auth/session","status":200,"duration_ms":2}
{"request_id":"rcc-f87b25289b022d3e82e9dafc8530759e","method":"GET","path":"/api/v1/table-field-policies/:table_name","status":200,"duration_ms":6}
{"request_id":"rcc-5a55b2013d5577a6322b59eaa5947920","method":"GET","path":"/api/v1/auth/session","status":200,"duration_ms":2}
{"request_id":"rcc-c676d6116c2c8093950f3b33b66be5ad","method":"PUT","path":"/api/v1/table-field-policies/:table_name","status":200,"duration_ms":25}
{"request_id":"rcc-3ac12a29903fd912c1b939da543dee51","method":"GET","path":"/api/v1/auth/session","status":200,"duration_ms":1}
{"request_id":"rcc-77266df6fefaa55fa4fdf436000ba074","method":"GET","path":"/api/v1/approval-notifications","status":200,"duration_ms":3}
{"request_id":"rcc-8c7b5776cf5e81de25e0acbd6a947316","method":"GET","path":"/api/v1/table-policies","status":200,"duration_ms":2}
{"request_id":"rcc-2eddf0749def039fa034cc157d0afb79","method":"GET","path":"/api/v1/query-policy-types","status":200,"duration_ms":1}
{"request_id":"rcc-e1bcee37b29b62282b47c3a529b7f356","method":"GET","path":"/api/v1/mutation-policy-types","status":200,"duration_ms":1}
{"request_id":"rcc-f6303eebcb873fe864c3179da6263880","method":"GET","path":"/api/v1/query-policies/:code","status":200,"duration_ms":3}
{"request_id":"rcc-35d2baa058f642787a386ec6eb738a09","method":"GET","path":"/api/v1/mutation-policies/:code","status":200,"duration_ms":3}
{"request_id":"rcc-3c35e946ce54353d2e33627882c14076","method":"POST","path":"/api/v1/tables/:table_name/query","status":200,"duration_ms":38}
{"request_id":"rcc-92a6ceb164c0c09e076f72e11a5d8738","method":"GET","path":"/api/v1/table-field-policies/:table_name","status":200,"duration_ms":5}
{"request_id":"rcc-a6dc5dc84ef68df369d6ddb4c942539c","method":"GET","path":"/api/v1/table-field-policies/:table_name","status":200,"duration_ms":4}
{"request_id":"rcc-f8112dc94d29dbb64f46e3cc1596fa50","method":"POST","path":"/api/v1/auth/activity","status":200,"duration_ms":11}
{"request_id":"rcc-1d9372f3a7dcc86b662d984e37af8ba2","method":"GET","path":"/api/v1/auth/session","status":200,"duration_ms":1}
{"request_id":"rcc-cbb5b58cfb0ce17dbb8e5cd994cb9a07","method":"PUT","path":"/api/v1/table-field-policies/:table_name","status":200,"duration_ms":22}
{"request_id":"rcc-1dcdee88e16f04ed8fbe04c26277101a","method":"POST","path":"/api/v1/release-orders","status":201,"duration_ms":33}
{"request_id":"rcc-e07f781c6ee62a12d0442d241c5ae322","method":"GET","path":"/api/v1/approval-notifications","status":200,"duration_ms":2}
{"request_id":"rcc-f6c5ccc2f1afae1c4b0f3235f1b32a8f","method":"GET","path":"/api/v1/approval-notifications","status":200,"duration_ms":6}
{"request_id":"rcc-434ea3e07352f09eb6e84adbabe4fcae","method":"GET","path":"/api/v1/release-orders/:id","status":200,"duration_ms":15}
{"request_id":"rcc-2f3c2e4154bf37340c249ca2a68cba23","method":"GET","path":"/api/v1/release-orders/:id/details","status":200,"duration_ms":6}
{"request_id":"rcc-c6ab4663df5444517a55801cc775ad27","method":"GET","path":"/api/v1/table-field-policies/:table_name","status":200,"duration_ms":6}
{"request_id":"rcc-a47782913b01370dd14e3b034544a3e1","method":"GET","path":"/api/v1/release-orders/:id/people","status":200,"duration_ms":10}
{"request_id":"rcc-28dca27bb7a248c20ad19df542c34f30","method":"GET","path":"/api/v1/auth/session","status":200,"duration_ms":1}
{"request_id":"rcc-18127286c0ff3524bad8a486cd85aab1","method":"PUT","path":"/api/v1/table-field-policies/:table_name","status":200,"duration_ms":17}
{"request_id":"rcc-bfa53fb87e854820ab904d6c39227ead","method":"GET","path":"/api/v1/auth/session","status":200,"duration_ms":1}
{"request_id":"rcc-cf10a986b5a319c7bd817eee2038c886","method":"GET","path":"/api/v1/auth/session","status":200,"duration_ms":1}
{"request_id":"rcc-f34716a4a20eca1d3b5781f6151ca597","method":"GET","path":"/api/v1/table-policies","status":200,"duration_ms":3}
{"request_id":"rcc-8717959ed29adb9f6ad8613b2d84fef8","method":"GET","path":"/api/v1/approval-notifications","status":200,"duration_ms":3}
{"request_id":"rcc-99060e3ac6891c08d5f3aee9aa913498","method":"GET","path":"/api/v1/query-policy-types","status":200,"duration_ms":1}
{"request_id":"rcc-3dc675c78a24546923a62108d7fda2a4","method":"GET","path":"/api/v1/mutation-policy-types","status":200,"duration_ms":1}
{"request_id":"rcc-edc9bed5fb5875183486ce2e09f62b12","method":"GET","path":"/api/v1/query-policies/:code","status":200,"duration_ms":5}
{"request_id":"rcc-943deebce618bf5dc4a9de98b4016ce4","method":"GET","path":"/api/v1/mutation-policies/:code","status":200,"duration_ms":5}
{"request_id":"rcc-a734b7dda52389c721a6a03b43daeb77","method":"POST","path":"/api/v1/tables/:table_name/query","status":200,"duration_ms":42}
{"request_id":"rcc-3e740bfb55c43b9fb5322e14f70d151d","method":"POST","path":"/api/v1/tables/:table_name/query","status":200,"duration_ms":42}
{"request_id":"rcc-003efaa6645761c87cf877dd0b5f8ca4","method":"GET","path":"/api/v1/table-field-policies/:table_name","status":200,"duration_ms":6}
{"request_id":"rcc-25f53641ad201189676acf787c4487f9","method":"GET","path":"/api/v1/table-field-policies/:table_name","status":200,"duration_ms":8}
{"request_id":"rcc-ccc7cd4b6e649adb842e861248c4ff9c","method":"POST","path":"/api/v1/release-orders","status":201,"duration_ms":37}
{"request_id":"rcc-220d7ad7ad6b4ef4c7c7d9248b756869","method":"GET","path":"/api/v1/approval-notifications","status":200,"duration_ms":2}
{"request_id":"rcc-16ea30d2a7c3f15b4b1815498ca72662","method":"GET","path":"/api/v1/approval-notifications","status":200,"duration_ms":2}
{"request_id":"rcc-00602aead9c428bf338b73439455ad54","method":"GET","path":"/api/v1/release-orders/:id","status":200,"duration_ms":7}
{"request_id":"rcc-053ae57a9bfaf39ef90db6790bd9ea75","method":"GET","path":"/api/v1/table-field-policies/:table_name","status":503,"duration_ms":8}
{"request_id":"rcc-33ef70d385a6f021ccde91b47753d8ec","method":"GET","path":"/api/v1/release-orders/:id/details","status":503,"duration_ms":8}
{"request_id":"rcc-f058283fd4177f62b0e9319777dc0eb1","method":"GET","path":"/api/v1/release-orders/:id/people","status":503,"duration_ms":8}
{"request_id":"rcc-7bd3d97cedfa71f18202c513c8254357","method":"GET","path":"/api/v1/auth/session","status":200,"duration_ms":1}
{"request_id":"rcc-d19b17f2e195f4460a46fbfafeae5f31","method":"GET","path":"/api/v1/table-policies","status":200,"duration_ms":3}
{"request_id":"rcc-e5ce4182d8ac6daf7f10a19a7eb6bc2b","method":"GET","path":"/api/v1/approval-notifications","status":200,"duration_ms":4}
{"request_id":"rcc-cf6c7db0ee11c67e3bd433bff9335352","method":"GET","path":"/api/v1/query-policy-types","status":200,"duration_ms":1}
{"request_id":"rcc-04b148e9f7322895a6992442ee5fe22b","method":"GET","path":"/api/v1/query-policies/:code","status":200,"duration_ms":3}
{"request_id":"rcc-b003fa63faeebcfcf808af8751caba5c","method":"GET","path":"/api/v1/mutation-policy-types","status":200,"duration_ms":5}
{"request_id":"rcc-eed988aa7bded3fd82218bd5379c74fb","method":"GET","path":"/api/v1/mutation-policies/:code","status":200,"duration_ms":7}
{"request_id":"rcc-1ae7b42a0713c46b3942c97ebc487677","method":"POST","path":"/api/v1/tables/:table_name/query","status":200,"duration_ms":34}
{"request_id":"rcc-b810f414c59e02d7b45602c6179fb01f","method":"GET","path":"/api/v1/table-field-policies/:table_name","status":200,"duration_ms":6}
{"request_id":"rcc-d3af567196d2c248bce1482ae87b7273","method":"GET","path":"/api/v1/table-field-policies/:table_name","status":200,"duration_ms":7}
{"request_id":"rcc-665f48164e79fce7c4a6c252aff4694d","method":"GET","path":"/api/v1/auth/session","status":200,"duration_ms":1}
{"request_id":"rcc-4f4195ecb203e76ef5eaad586fda5cc9","method":"POST","path":"/api/v1/release-orders/:id/cancel","status":200,"duration_ms":20}
{"request_id":"rcc-0a742c631e5113da4da9dc6629ea2b3f","method":"GET","path":"/api/v1/auth/session","status":200,"duration_ms":1}
{"request_id":"rcc-5f154f1ec2bb799770ad63c8f72d6184","method":"POST","path":"/api/v1/release-orders/:id/cancel","status":200,"duration_ms":21}
{"request_id":"rcc-7357e52968c2d4e599a4e2644ae8ef2a","method":"GET","path":"/api/v1/auth/csrf","status":200,"duration_ms":6}
{"request_id":"rcc-791ef9dae4f9256bd5f6851046a37e1a","method":"POST","path":"/api/v1/auth/register","status":201,"duration_ms":42}
{"request_id":"rcc-c326a361a44b6b35a129cf5c22504f7f","method":"GET","path":"/api/v1/auth/session","status":200,"duration_ms":1}
{"request_id":"rcc-666304b6db0c32a9bc0b22211ae9123e","method":"GET","path":"/api/v1/account-roles","status":200,"duration_ms":1}
{"request_id":"rcc-67072d6ae5f8b66e9a081ed9f9053607","method":"GET","path":"/api/v1/auth/session","status":200,"duration_ms":1}
{"request_id":"rcc-8067c55922ebe0c08738731e5859ba9b","method":"GET","path":"/api/v1/table-field-policies/:table_name","status":200,"duration_ms":4}
{"request_id":"rcc-fa2b279d81511aac994d6828baf579e0","method":"GET","path":"/api/v1/auth/session","status":200,"duration_ms":1}
{"request_id":"rcc-4050235810d3ce03e93776271d0a7b32","method":"PUT","path":"/api/v1/table-field-policies/:table_name","status":200,"duration_ms":17}
{"request_id":"rcc-89f40b3cb4d5062b8f27cda7b012e2ff","method":"GET","path":"/api/v1/auth/session","status":200,"duration_ms":1}
{"request_id":"rcc-210b029544122b4eb747911fa5509c71","method":"GET","path":"/api/v1/table-policies","status":200,"duration_ms":2}
{"request_id":"rcc-f0c1c720a9072ceacc89dd17fea7227c","method":"GET","path":"/api/v1/approval-notifications","status":200,"duration_ms":3}
{"request_id":"rcc-485d09fac204d29edb0ba68dd6443b4d","method":"GET","path":"/api/v1/query-policy-types","status":200,"duration_ms":1}
{"request_id":"rcc-1b4daaccf1a702d343fb66932df37933","method":"GET","path":"/api/v1/mutation-policy-types","status":200,"duration_ms":1}
{"request_id":"rcc-3db3020f49e4ae7c626c27a49616a360","method":"GET","path":"/api/v1/query-policies/:code","status":200,"duration_ms":3}
{"request_id":"rcc-a0361c4568e521e2ee90c1abfa0e9581","method":"GET","path":"/api/v1/mutation-policies/:code","status":200,"duration_ms":3}
{"request_id":"rcc-508a0a468ff2f2ecc2580520d52a4758","method":"POST","path":"/api/v1/tables/:table_name/query","status":200,"duration_ms":48}
{"request_id":"rcc-1dd8aa9bb1d626ea9d279e7f871d3c75","method":"GET","path":"/api/v1/table-field-policies/:table_name","status":200,"duration_ms":6}
{"request_id":"rcc-fd803fcc5376b6e596303da34fe750f4","method":"POST","path":"/api/v1/auth/activity","status":200,"duration_ms":7}
{"request_id":"rcc-448076c4c324340fddcb7c4519e28a78","method":"POST","path":"/api/v1/tables/:table_name/query","status":200,"duration_ms":17}
{"request_id":"rcc-103e72c4c3a7e8fbbdec107b2522afe2","method":"GET","path":"/api/v1/table-field-policies/:table_name","status":200,"duration_ms":7}
{"request_id":"rcc-8f207cdd0831de7f8a488f8b4f65a3b5","method":"POST","path":"/api/v1/tables/:table_name/query","status":200,"duration_ms":39}
{"request_id":"rcc-dad0972841e5baa59db419417106ec69","method":"POST","path":"/api/v1/tables/:table_name/query","status":200,"duration_ms":24}
{"request_id":"rcc-3b6b9d9787f8b180881a97d2200bb60d","method":"GET","path":"/api/v1/table-field-policies/:table_name","status":200,"duration_ms":6}
{"request_id":"rcc-26000c2aad7e27753f1a70afcf15fe56","method":"GET","path":"/api/v1/auth/session","status":200,"duration_ms":1}
{"request_id":"rcc-ecc6a329bb4cedd25099ac7073b2565c","method":"GET","path":"/api/v1/table-field-policies/:table_name","status":200,"duration_ms":6}
{"request_id":"rcc-2e002f0b43f534e3d68b9e3df9c21e4c","method":"GET","path":"/api/v1/auth/csrf","status":200,"duration_ms":8}
{"request_id":"rcc-2b0af0fde7656f9684e897fcd7b6f807","method":"POST","path":"/api/v1/auth/register","status":201,"duration_ms":44}
{"request_id":"rcc-19d82fdb5b111d5885ce189944b19209","method":"GET","path":"/api/v1/auth/session","status":200,"duration_ms":1}
{"request_id":"rcc-449ba0c4f79268f4dcdb73b9e3a772d6","method":"GET","path":"/api/v1/account-roles","status":200,"duration_ms":1}
{"request_id":"rcc-d18e4534eb2ae0b3a108a5b03393a3bd","method":"GET","path":"/api/v1/auth/session","status":200,"duration_ms":0}
{"request_id":"rcc-77a03ffa8ad465ae944bbeda8cd439a6","method":"GET","path":"/api/v1/table-field-policies/:table_name","status":200,"duration_ms":4}
{"request_id":"rcc-0bdb3f1bbd341afe7b2fb6f0fe1a74cf","method":"GET","path":"/api/v1/auth/session","status":200,"duration_ms":0}
{"request_id":"rcc-9f9117d79c419b2aab56b1bcfd1024c5","method":"PUT","path":"/api/v1/table-field-policies/:table_name","status":200,"duration_ms":14}
{"request_id":"rcc-5a97aff1ee85fb392f10c95255144cce","method":"GET","path":"/api/v1/auth/session","status":200,"duration_ms":1}
{"request_id":"rcc-09a2e7ae83d0d552ab9c5557015d0f37","method":"GET","path":"/api/v1/table-policies","status":200,"duration_ms":2}
{"request_id":"rcc-280a01942e83f7c062bedd78f376c3ae","method":"GET","path":"/api/v1/approval-notifications","status":200,"duration_ms":3}
{"request_id":"rcc-dda3104c52243822440ace1cebff152a","method":"GET","path":"/api/v1/query-policy-types","status":200,"duration_ms":2}
{"request_id":"rcc-f71016b2f1a2d98d352c0a5dcb3f1b84","method":"GET","path":"/api/v1/mutation-policy-types","status":200,"duration_ms":2}
{"request_id":"rcc-2f20254c7e1fa9b7da72700db4d76365","method":"GET","path":"/api/v1/query-policies/:code","status":200,"duration_ms":5}
{"request_id":"rcc-b9bec5eda3b2258f69f0574e462bd409","method":"GET","path":"/api/v1/mutation-policies/:code","status":200,"duration_ms":5}
{"request_id":"rcc-7b82414b501a67887dfb771fa083f358","method":"POST","path":"/api/v1/tables/:table_name/query","status":200,"duration_ms":36}
{"request_id":"rcc-445411aa791098b7428408051469d93f","method":"GET","path":"/api/v1/table-field-policies/:table_name","status":200,"duration_ms":11}
{"request_id":"rcc-bae0d038fb3c6feab6183a55ff15db78","method":"POST","path":"/api/v1/auth/activity","status":200,"duration_ms":16}
{"request_id":"rcc-696b2432009511a152ae90179b402648","method":"GET","path":"/api/v1/table-field-policies/:table_name","status":200,"duration_ms":6}
{"request_id":"rcc-069d79c1a882bfcf7cf171b4c7a07707","method":"GET","path":"/api/v1/auth/session","status":200,"duration_ms":1}
{"request_id":"rcc-181d5a740cad2aec2791bc12031a0e3e","method":"PUT","path":"/api/v1/table-field-policies/:table_name","status":200,"duration_ms":17}
{"request_id":"rcc-87d60574bc5c0cdfb6989219e553fc87","method":"GET","path":"/api/v1/auth/session","status":401,"duration_ms":0}
{"request_id":"rcc-37a104bdb62f32c6440a180794d8242a","method":"GET","path":"/api/v1/auth/session","status":401,"duration_ms":0}
{"request_id":"rcc-e5c9fc8dd61ad45b1f213af1f04e897d","method":"GET","path":"/api/v1/auth/csrf","status":200,"duration_ms":7}
{"request_id":"rcc-0e070da64ff4f5e01f9be69be052a73a","method":"POST","path":"/api/v1/auth/login","status":200,"duration_ms":55}
{"request_id":"rcc-fbeb3553985f0a1a68a81afc4768915e","method":"GET","path":"/api/v1/mutation-policy-types","status":200,"duration_ms":2}
{"request_id":"rcc-89ce9fc9f22fb6ab4b5a2639e08eed53","method":"GET","path":"/api/v1/query-policy-types","status":200,"duration_ms":2}
{"request_id":"rcc-d07d277ecf8eec0b8dc59b6a3ddabd1e","method":"GET","path":"/api/v1/table-policies","status":200,"duration_ms":4}
{"request_id":"rcc-f151baa0bbc7b2a027561bd8cbb8f2a1","method":"GET","path":"/api/v1/query-policies/:code","status":200,"duration_ms":4}
{"request_id":"rcc-8052e7be0e5929454c28b70da8cf56ce","method":"GET","path":"/api/v1/mutation-policies/:code","status":200,"duration_ms":9}
{"request_id":"rcc-5f7b6f05ab2fa9c1da46cc6a4a744cc1","method":"GET","path":"/api/v1/table-field-policies/:table_name","status":200,"duration_ms":9}
{"request_id":"rcc-94cd41ed57ad916efe93644608b906bf","method":"POST","path":"/api/v1/tables/:table_name/query","status":200,"duration_ms":46}
{"request_id":"rcc-ee148b9801ff761bdffa69b9ecf8db3e","method":"GET","path":"/api/v1/approval-notifications","status":200,"duration_ms":2}
{"request_id":"rcc-815d9b2925ae8a54281b0e8f52c672ce","method":"GET","path":"/api/v1/approval-notifications","status":200,"duration_ms":3}
{"request_id":"rcc-46397894494bd2579e802c570564aed5","method":"POST","path":"/api/v1/auth/activity","status":200,"duration_ms":9}
{"request_id":"rcc-d4441776c819ba14ea3ec685f679d9eb","method":"POST","path":"/api/v1/release-orders","status":201,"duration_ms":41}
{"request_id":"rcc-d965e2cbac11f1d87930b6459377e8b3","method":"GET","path":"/api/v1/approval-notifications","status":200,"duration_ms":2}
{"request_id":"rcc-86d39bf4d528a3281f08c1dcfe90bc2b","method":"GET","path":"/api/v1/auth/session","status":200,"duration_ms":1}
{"request_id":"rcc-55a11b3af7973150b930dec988484b91","method":"GET","path":"/api/v1/approval-notifications","status":200,"duration_ms":2}
{"request_id":"rcc-264f2ab8702060fd558c4c6f9b4f6bc5","method":"GET","path":"/api/v1/release-orders","status":200,"duration_ms":109}
{"request_id":"rcc-8bc1c5ecff7524d1270787e8ec8a1617","method":"POST","path":"/api/v1/release-orders","status":201,"duration_ms":12}
{"request_id":"rcc-32e04582a6a11f4b35a61e20e8e2063c","method":"GET","path":"/api/v1/approval-notifications","status":200,"duration_ms":2}
{"request_id":"rcc-8c660a490645e3268ea856857a20771d","method":"GET","path":"/api/v1/approval-notifications","status":200,"duration_ms":2}
{"request_id":"rcc-03417d05f949e303d5617f7562aefe25","method":"GET","path":"/api/v1/release-orders/:id","status":200,"duration_ms":7}
{"request_id":"rcc-765593c58651b132853c71fd24356ec7","method":"GET","path":"/api/v1/release-orders/:id/details","status":200,"duration_ms":9}
{"request_id":"rcc-1f448a17e23e6284690bcd62f74806d2","method":"GET","path":"/api/v1/table-field-policies/:table_name","status":200,"duration_ms":10}
{"request_id":"rcc-347aa29fe5816d82a4729efaa750820d","method":"GET","path":"/api/v1/release-orders/:id/people","status":200,"duration_ms":14}
{"request_id":"rcc-ba26a5de0a2afe807fc3269677107cf6","method":"GET","path":"/api/v1/auth/session","status":200,"duration_ms":2}
{"request_id":"rcc-ea6b8eb78c5c327a6f883f7fd2a3d701","method":"GET","path":"/api/v1/release-orders/:id","status":200,"duration_ms":8}
{"request_id":"rcc-ff8f0d6233496c4ec8b01696235a7876","method":"GET","path":"/api/v1/release-orders","status":503,"duration_ms":73}
{"request_id":"rcc-cf6f88c2593aee203fcf282cb93145d4","method":"GET","path":"/api/v1/auth/session","status":200,"duration_ms":1}
{"request_id":"rcc-c0ebf442a79a0f8932bdcfdb39a3c803","method":"GET","path":"/api/v1/table-policies","status":200,"duration_ms":3}
{"request_id":"rcc-8d42c59d2fe12593e955c91f3e0ac1e8","method":"GET","path":"/api/v1/approval-notifications","status":200,"duration_ms":4}
{"request_id":"rcc-71c52f4c46d4ade31f10087689404a5b","method":"GET","path":"/api/v1/mutation-policy-types","status":200,"duration_ms":2}
{"request_id":"rcc-f615695ce32d64b288f9b08311bd6d6f","method":"GET","path":"/api/v1/query-policy-types","status":200,"duration_ms":3}
{"request_id":"rcc-d656978d08e74ead4a474d5d3ca9f24d","method":"GET","path":"/api/v1/query-policies/:code","status":200,"duration_ms":5}
{"request_id":"rcc-8ec79c4371f15a9c7424e7f7257f9fc5","method":"GET","path":"/api/v1/mutation-policies/:code","status":200,"duration_ms":5}
{"request_id":"rcc-0eab0616ca85b02ab70dec5ea4688555","method":"POST","path":"/api/v1/tables/:table_name/query","status":200,"duration_ms":43}
{"request_id":"rcc-00b880f506cdef25a4157fc1c86cc966","method":"GET","path":"/api/v1/table-field-policies/:table_name","status":200,"duration_ms":7}
{"request_id":"rcc-3f2817cf8443e29449525319e55ce72e","method":"GET","path":"/api/v1/table-field-policies/:table_name","status":200,"duration_ms":5}
{"request_id":"rcc-deb15b6a5f2604f8e12ffe5c755a4e5d","method":"GET","path":"/api/v1/auth/csrf","status":200,"duration_ms":11}
{"request_id":"rcc-e70d377a23147339cb8366f5570b2455","method":"POST","path":"/api/v1/auth/register","status":201,"duration_ms":49}
{"request_id":"rcc-8b95813e6543e03b3437c2f52aff714f","method":"GET","path":"/api/v1/auth/session","status":200,"duration_ms":1}
{"request_id":"rcc-576e0ed5da8fd992b00822f841135465","method":"GET","path":"/api/v1/account-roles","status":200,"duration_ms":2}
{"request_id":"rcc-5c4764e616cb54bd793fd51f305393ec","method":"GET","path":"/api/v1/auth/session","status":200,"duration_ms":1}
{"request_id":"rcc-9409bfbb8985ce3c5810df50c26d39f3","method":"GET","path":"/api/v1/table-policies","status":200,"duration_ms":2}
{"request_id":"rcc-20c871963bb3a326ede50031c5a1d888","method":"GET","path":"/api/v1/approval-notifications","status":200,"duration_ms":3}
{"request_id":"rcc-3a4f357dc202085a44b962aacd947f52","method":"GET","path":"/api/v1/query-policy-types","status":200,"duration_ms":1}
{"request_id":"rcc-83885874080f7eeca5718aef1c41380d","method":"GET","path":"/api/v1/mutation-policy-types","status":200,"duration_ms":1}
{"request_id":"rcc-145b188a4960345ef12c69a74a533472","method":"GET","path":"/api/v1/mutation-policies/:code","status":200,"duration_ms":3}
{"request_id":"rcc-5bcc7acf629378fdba8791fb9cf44898","method":"GET","path":"/api/v1/query-policies/:code","status":200,"duration_ms":3}
{"request_id":"rcc-954eeacc38bc0761ce7eb4f3b3445959","method":"POST","path":"/api/v1/tables/:table_name/query","status":200,"duration_ms":30}
{"request_id":"rcc-d3686549b55d2719ee0770581606ac0c","method":"GET","path":"/api/v1/table-field-policies/:table_name","status":200,"duration_ms":5}
{"request_id":"rcc-ae75d4b532622ae50a065d9c50c5e657","method":"GET","path":"/api/v1/table-field-policies/:table_name","status":200,"duration_ms":5}
{"request_id":"rcc-b78c10bf920d08d5d56d44327c438251","method":"GET","path":"/api/v1/auth/csrf","status":200,"duration_ms":8}
{"request_id":"rcc-418d5db315c83e26907ed68320add494","method":"POST","path":"/api/v1/auth/register","status":201,"duration_ms":44}
{"request_id":"rcc-c22d5eb52c28c72a4b65a7f1c06975b0","method":"GET","path":"/api/v1/auth/session","status":200,"duration_ms":1}
{"request_id":"rcc-e5d45d69b156f92f401a6cd0d5313365","method":"GET","path":"/api/v1/account-roles","status":200,"duration_ms":2}
{"request_id":"rcc-03dc601766166d4bc593eda5f668d2da","method":"GET","path":"/api/v1/auth/session","status":200,"duration_ms":1}
{"request_id":"rcc-4f4b9f57cf5e82a1365a0e286f82ee07","method":"PUT","path":"/api/v1/account-roles/:id","status":200,"duration_ms":14}
{"request_id":"rcc-91b21ba17c54d4b9651dc4f070331b58","method":"GET","path":"/api/v1/auth/csrf","status":200,"duration_ms":7}
{"request_id":"rcc-5735dc4fe00babb49e6b02d7e0f343ac","method":"POST","path":"/api/v1/auth/register","status":201,"duration_ms":41}
{"request_id":"rcc-aa3ca9fdf8cc7ec4cc986208dc61b208","method":"GET","path":"/api/v1/auth/session","status":200,"duration_ms":1}
{"request_id":"rcc-141ad390405b1dc5c09645df024ac493","method":"GET","path":"/api/v1/account-roles","status":200,"duration_ms":2}
{"request_id":"rcc-e710c26d4b94bff26dd63f2e709c144b","method":"GET","path":"/api/v1/auth/session","status":200,"duration_ms":1}
{"request_id":"rcc-47f943cdb24ecb9e974d2e99f5b0a5c5","method":"PUT","path":"/api/v1/account-roles/:id","status":200,"duration_ms":12}
{"request_id":"rcc-f125f510e82121b31a78db7cfbd97ce3","method":"GET","path":"/api/v1/auth/csrf","status":200,"duration_ms":7}
{"request_id":"rcc-ec5fcb8066269ad595c780cacfb9b6b7","method":"POST","path":"/api/v1/auth/register","status":201,"duration_ms":43}
{"request_id":"rcc-1f880dce8903d483f60a6d437a30fc43","method":"GET","path":"/api/v1/auth/session","status":200,"duration_ms":1}
{"request_id":"rcc-962234562442eb218e435845b1e8d7a1","method":"GET","path":"/api/v1/account-roles","status":200,"duration_ms":1}
{"request_id":"rcc-aa09264bb3bd139c5b7ed45bb1eb5f82","method":"GET","path":"/api/v1/auth/session","status":200,"duration_ms":1}
{"request_id":"rcc-dd0eebb2cca19f9187ad0c55ec9ed361","method":"PUT","path":"/api/v1/table-policies/:table_name/release-templates/:release_type","status":409,"duration_ms":5}
