^D
> @relational-config-center/web@0.0.0 test:run /private/tmp/rcc-issue-104-emergency-release/web
> vitest run

[?25l
 RUN  v4.1.11 /private/tmp/rcc-issue-104-emergency-release/web

 ❯ src/features/managed-data/ManagedDataPage.test.tsx (11 tests | 11 failed) 7379ms
     × 没有已启用表规则时显示明确空状态且不调用 Managed Data API 1083ms
     × 只列出 enabled Managed Table，并用首次查询的动态列区分 NULL 与空字符串 1086ms
     × 按当前字段配置隐藏和排序列表列，并用真实字段和值消除重复标签歧义 1011ms
     × 切换 enabled Managed Table 时重置 Query Spec 并查询所选表的动态列 1009ms
     × 把空字符串 exact 条件作为真实 JSON String 提交 1011ms
     × 提交单字段排序并只用服务端页信息翻页、设置每页数量和清空查询 1009ms
     × 即使 Query Spec 已经为空，清空也会重新查询 1012ms
     × 清晰呈现 Managed Data 稳定错误和 Request ID 49ms
     × 呈现 invalid_policy_snapshot 稳定错误和 Request ID 33ms
     × 呈现 incompatible_table 稳定错误和 Request ID 40ms
     × 不会自动重放 POST Query Spec 34ms
 ❯ src/api/client-stream.test.ts (1 test | 1 failed) 10004ms
   × retains received HTTP status and Request ID after a real TCP response body interruption 10004ms

⎯⎯⎯⎯⎯⎯ Failed Tests 12 ⎯⎯⎯⎯⎯⎯⎯

 FAIL  src/api/client-stream.test.ts > retains received HTTP status and Request ID after a real TCP response body interruption
Error: Test timed out in 10000ms.
If this is a long-running test, pass a timeout value as the last argument or configure it globally with "testTimeout".
 ❯ src/api/client-stream.test.ts:6:1
      4| import { request } from "./client";
      5|
      6| it("retains received HTTP status and Request ID after a real TCP respo…
       | ^
      7|   let writes = 0;
      8|   const server = createServer((req, res) => {

⎯⎯⎯⎯⎯⎯⎯⎯⎯⎯⎯⎯⎯⎯⎯⎯⎯⎯⎯⎯⎯⎯⎯[1/12]⎯

 FAIL  src/features/managed-data/ManagedDataPage.test.tsx > 配置内容管理页面 > 没有已启用表规则时显示明确空状态且不调用 Managed Data API
TestingLibraryElementError: Unable to find an element with the text: 没有可用的 Managed Table. This could be because the text is broken up by multiple elements. In this case, you can provide a function for your text matcher to make your matcher more flexible.

Ignored nodes: comments, script, style
[36m<body>[39m
  [36m<div>[39m
    [36m<div[39m
      [33maria-hidden[39m=[32m"false"[39m
      [33mclass[39m=[32m"protected-workspace"[39m
      [33mdata-session-status[39m=[32m"ready"[39m
    [36m>[39m
      [36m<div[39m
        [33mclass[39m=[32m"app-shell"[39m
      [36m>[39m
        [36m<header[39m
          [33mclass[39m=[32m"app-header"[39m
        [36m>[39m
          [36m<div[39m
            [33mclass[39m=[32m"brand"[39m
          [36m>[39m
            [36m<button[39m
              [33maria-controls[39m=[32m"primary-navigation"[39m
              [33maria-expanded[39m=[32m"false"[39m
              [33maria-label[39m=[32m"打开导航"[39m
              [33mclass[39m=[32m"inline-flex items-center justify-center gap-2 rounded-md text-sm font-medium whitespace-nowrap transition-all outline-none focus-visible:border-ring focus-visible:ring-[3px] focus-visible:ring-ring/50 disabled:pointer-events-none disabled:opacity-50 aria-invalid:border-destructive aria-invalid:ring-destructive/20 dark:aria-invalid:ring-destructive/40 [&_svg]:pointer-events-none [&_svg]:shrink-0 [&_svg:not([class*='size-'])]:size-4 hover:bg-accent hover:text-accent-foreground dark:hover:bg-accent/50 has-[>svg]:px-3 button size-9 shrink-0 p-0 icon-button mobile-menu"[39m
              [33mdata-size[39m=[32m"default"[39m
              [33mdata-slot[39m=[32m"button"[39m
              [33mdata-variant[39m=[32m"ghost"[39m
            [36m>[39m
              [36m<svg[39m
                [33maria-hidden[39m=[32m"true"[39m
                [33mclass[39m=[32m"lucide lucide-menu"[39m
                [33mfill[39m=[32m"none"[39m
                [33mheight[39m=[32m"20"[39m
                [33mstroke[39m=[32m"currentColor"[39m
                [33mstroke-linecap[39m=[32m"round"[39m
                [33mstroke-linejoin[39m=[32m"round"[39m
                [33mstroke-width[39m=[32m"2"[39m
                [33mviewBox[39m=[32m"0 0 24 24"[39m
                [33mwidth[39m=[32m"20"[39m
                [33mxmlns[39m=[32m"http://www.w3.org/2000/svg"[39m
              [36m>[39m
                [36m<path[39m
                  [33md[39m=[32m"M4 5h16"[39m
                [36m/>[39m
                [36m<path[39m
                  [33md[39m=[32m"M4 12h16"[39m
                [36m/>[39m
                [36m<path[39m
                  [33md[39m=[32m"M4 19h16"[39m
                [36m/>[39m
              [36m</svg>[39m
            [36m</button>[39m
            [36m<span[39m
              [33mclass[39m=[32m"brand-mark"[39m
            [36m>[39m
              [36m<svg[39m
                [33maria-hidden[39m=[32m"true"[39m
                [33mclass[39m=[32m"lucide lucide-database"[39m
                [33mfill[39m=[32m"none"[39m
                [33mheight[39m=[32m"20"[39m
                [33mstroke[39m=[32m"currentColor"[39m
                [33mstroke-linecap[39m=[32m"round"[39m
                [33mstroke-linejoin[39m=[32m"round"[39m
                [33mstroke-width[39m=[32m"1.8"[39m
                [33mviewBox[39m=[32m"0 0 24 24"[39m
                [33mwidth[39m=[32m"20"[39m
                [33mxmlns[39m=[32m"http://www.w3.org/2000/svg"[39m
              [36m>[39m
                [36m<ellipse[39m
                  [33mcx[39m=[32m"12"[39m
                  [33mcy[39m=[32m"5"[39m
                  [33mrx[39m=[32m"9"[39m
                  [33mry[39m=[32m"3"[39m
                [36m/>[39m
                [36m<path[39m
                  [33md[39m=[32m"M3 5V19A9 3 0 0 0 21 19V5"[39m
                [36m/>[39m
                [36m<path[39m
                  [33md[39m=[32m"M3 12A9 3 0 0 0 21 12"[39m
                [36m/>[39m
              [36m</svg>[39m
            [36m</span>[39m
            [36m<strong>[39m
              [0m关系型配置中心[0m
            [36m</strong>[39m
          [36m</div>[39m
          [36m<div[39m
            [33mclass[39m=[32m"header-breadcrumb"[39m
          [36m>[39m
            [36m<span>[39m
              [0m工作空间[0m
            [36m</span>[39m
            [36m<svg[39m
              [33maria-hidden[39m=[32m"true"[39m
              [33mclass[39m=[32m"lucide lucide-chevron-right"[39m
              [33mfill[39m=[32m"none"[39m
              [33mheight[39m=[32m"14"[39m
              [33mstroke[39m=[32m"currentColor"[39m
              [33mstroke-linecap[39m=[32m"round"[39m
              [33mstroke-linejoin[39m=[32m"round"[39m
              [33mstroke-width[39m=[32m"2"[39m
              [33mviewBox[39m=[32m"0 0 24 24"[39m
              [33mwidth[39m=[32m"14"[39m
              [33mxmlns[39m=[32m"http://www.w3.org/2000/svg"[39m
            [36m>[39m
              [36m<path[39m
                [33md[39m=[32m"m9 18 6-6-6-6"[39m
              [36m/>[39m
            [36m</svg>[39m
            [36m<strong>[39m
              [0m配置管理[0m
            [36m</strong>[39m
          [36m</div>[39m
          [36m<span[39m
            [33mclass[39m=[32m"inline-flex w-fit shrink-0 items-center justify-center gap-1 overflow-hidden rounded-full border px-2 py-0.5 text-xs font-medium whitespace-nowrap transition-[color,box-shadow] focus-visible:border-ring focus-visible:ring-[3px] focus-visible:ring-ring/50 aria-invalid:border-destructive aria-invalid:ring-destructive/20 dark:aria-invalid:ring-destructive/40 [&>svg]:pointer-events-none [&>svg]:size-3 border-border text-foreground [a&]:hover:bg-accent [a&]:hover:text-accent-foreground header-status"[39m
            [33mdata-slot[39m=[32m"badge"[39m
            [33mdata-variant[39m=[32m"outline"[39m
          [36m>[39m
            [36m<svg[39m
              [33maria-hidden[39m=[32m"true"[39m
              [33mclass[39m=[32m"lucide lucide-database"[39m
              [33mfill[39m=[32m"none"[39m
              [33mheight[39m=[32m"14"[39m
              [33mstroke[39m=[32m"currentColor"[39m
              [33mstroke-linecap[39m=[32m"round"[39m
              [33mstroke-linejoin[39m=[32m"round"[39m
              [33mstroke-width[39m=[32m"2"[39m
              [33mviewBox[39m=[32m"0 0 24 24"[39m
              [33mwidth[39m=[32m"14"[39m
              [33mxmlns[39m=[32m"http://www.w3.org/2000/svg"[39m
            [36m>[39m
              [36m<ellipse[39m
                [33mcx[39m=[32m"12"[39m
                [33mcy[39m=[32m"5"[39m
                [33mrx[39m=[32m"9"[39m
                [33mry[39m=[32m"3"[39m
              [36m/>[39m
              [36m<path[39m
                [33md[39m=[32m"M3 5V19A9 3 0 0 0 21 19V5"[39m
              [36m/>[39m
              [36m<path[39m
                [33md[39m=[32m"M3 12A9 3 0 0 0 21 12"[39m
              [36m/>[39m
            [36m</svg>[39m
          ...

Ignored nodes: comments, script, style
[36m<body>[39m
  [36m<div>[39m
    [36m<div[39m
      [33maria-hidden[39m=[32m"false"[39m
      [33mclass[39m=[32m"protected-workspace"[39m
      [33mdata-session-status[39m=[32m"ready"[39m
    [36m>[39m
      [36m<div[39m
        [33mclass[39m=[32m"app-shell"[39m
      [36m>[39m
        [36m<header[39m
          [33mclass[39m=[32m"app-header"[39m
        [36m>[39m
          [36m<div[39m
            [33mclass[39m=[32m"brand"[39m
          [36m>[39m
            [36m<button[39m
              [33maria-controls[39m=[32m"primary-navigation"[39m
              [33maria-expanded[39m=[32m"false"[39m
              [33maria-label[39m=[32m"打开导航"[39m
              [33mclass[39m=[32m"inline-flex items-center justify-center gap-2 rounded-md text-sm font-medium whitespace-nowrap transition-all outline-none focus-visible:border-ring focus-visible:ring-[3px] focus-visible:ring-ring/50 disabled:pointer-events-none disabled:opacity-50 aria-invalid:border-destructive aria-invalid:ring-destructive/20 dark:aria-invalid:ring-destructive/40 [&_svg]:pointer-events-none [&_svg]:shrink-0 [&_svg:not([class*='size-'])]:size-4 hover:bg-accent hover:text-accent-foreground dark:hover:bg-accent/50 has-[>svg]:px-3 button size-9 shrink-0 p-0 icon-button mobile-menu"[39m
              [33mdata-size[39m=[32m"default"[39m
              [33mdata-slot[39m=[32m"button"[39m
              [33mdata-variant[39m=[32m"ghost"[39m
            [36m>[39m
              [36m<svg[39m
                [33maria-hidden[39m=[32m"true"[39m
                [33mclass[39m=[32m"lucide lucide-menu"[39m
                [33mfill[39m=[32m"none"[39m
                [33mheight[39m=[32m"20"[39m
                [33mstroke[39m=[32m"currentColor"[39m
                [33mstroke-linecap[39m=[32m"round"[39m
                [33mstroke-linejoin[39m=[32m"round"[39m
                [33mstroke-width[39m=[32m"2"[39m
                [33mviewBox[39m=[32m"0 0 24 24"[39m
                [33mwidth[39m=[32m"20"[39m
                [33mxmlns[39m=[32m"http://www.w3.org/2000/svg"[39m
              [36m>[39m
                [36m<path[39m
                  [33md[39m=[32m"M4 5h16"[39m
                [36m/>[39m
                [36m<path[39m
                  [33md[39m=[32m"M4 12h16"[39m
                [36m/>[39m
                [36m<path[39m
                  [33md[39m=[32m"M4 19h16"[39m
                [36m/>[39m
              [36m</svg>[39m
            [36m</button>[39m
            [36m<span[39m
              [33mclass[39m=[32m"brand-mark"[39m
            [36m>[39m
              [36m<svg[39m
                [33maria-hidden[39m=[32m"true"[39m
                [33mclass[39m=[32m"lucide lucide-database"[39m
                [33mfill[39m=[32m"none"[39m
                [33mheight[39m=[32m"20"[39m
                [33mstroke[39m=[32m"currentColor"[39m
                [33mstroke-linecap[39m=[32m"round"[39m
                [33mstroke-linejoin[39m=[32m"round"[39m
                [33mstroke-width[39m=[32m"1.8"[39m
                [33mviewBox[39m=[32m"0 0 24 24"[39m
                [33mwidth[39m=[32m"20"[39m
                [33mxmlns[39m=[32m"http://www.w3.org/2000/svg"[39m
              [36m>[39m
                [36m<ellipse[39m
                  [33mcx[39m=[32m"12"[39m
                  [33mcy[39m=[32m"5"[39m
                  [33mrx[39m=[32m"9"[39m
                  [33mry[39m=[32m"3"[39m
                [36m/>[39m
                [36m<path[39m
                  [33md[39m=[32m"M3 5V19A9 3 0 0 0 21 19V5"[39m
                [36m/>[39m
                [36m<path[39m
                  [33md[39m=[32m"M3 12A9 3 0 0 0 21 12"[39m
                [36m/>[39m
              [36m</svg>[39m
            [36m</span>[39m
            [36m<strong>[39m
              [0m关系型配置中心[0m
            [36m</strong>[39m
          [36m</div>[39m
          [36m<div[39m
            [33mclass[39m=[32m"header-breadcrumb"[39m
          [36m>[39m
            [36m<span>[39m
              [0m工作空间[0m
            [36m</span>[39m
            [36m<svg[39m
              [33maria-hidden[39m=[32m"true"[39m
              [33mclass[39m=[32m"lucide lucide-chevron-right"[39m
              [33mfill[39m=[32m"none"[39m
              [33mheight[39m=[32m"14"[39m
              [33mstroke[39m=[32m"currentColor"[39m
              [33mstroke-linecap[39m=[32m"round"[39m
              [33mstroke-linejoin[39m=[32m"round"[39m
              [33mstroke-width[39m=[32m"2"[39m
              [33mviewBox[39m=[32m"0 0 24 24"[39m
              [33mwidth[39m=[32m"14"[39m
              [33mxmlns[39m=[32m"http://www.w3.org/2000/svg"[39m
            [36m>[39m
              [36m<path[39m
                [33md[39m=[32m"m9 18 6-6-6-6"[39m
              [36m/>[39m
            [36m</svg>[39m
            [36m<strong>[39m
              [0m配置管理[0m
            [36m</strong>[39m
          [36m</div>[39m
          [36m<span[39m
            [33mclass[39m=[32m"inline-flex w-fit shrink-0 items-center justify-center gap-1 overflow-hidden rounded-full border px-2 py-0.5 text-xs font-medium whitespace-nowrap transition-[color,box-shadow] focus-visible:border-ring focus-visible:ring-[3px] focus-visible:ring-ring/50 aria-invalid:border-destructive aria-invalid:ring-destructive/20 dark:aria-invalid:ring-destructive/40 [&>svg]:pointer-events-none [&>svg]:size-3 border-border text-foreground [a&]:hover:bg-accent [a&]:hover:text-accent-foreground header-status"[39m
            [33mdata-slot[39m=[32m"badge"[39m
            [33mdata-variant[39m=[32m"outline"[39m
          [36m>[39m
            [36m<svg[39m
              [33maria-hidden[39m=[32m"true"[39m
              [33mclass[39m=[32m"lucide lucide-database"[39m
              [33mfill[39m=[32m"none"[39m
              [33mheight[39m=[32m"14"[39m
              [33mstroke[39m=[32m"currentColor"[39m
              [33mstroke-linecap[39m=[32m"round"[39m
              [33mstroke-linejoin[39m=[32m"round"[39m
              [33mstroke-width[39m=[32m"2"[39m
              [33mviewBox[39m=[32m"0 0 24 24"[39m
              [33mwidth[39m=[32m"14"[39m
              [33mxmlns[39m=[32m"http://www.w3.org/2000/svg"[39m
            [36m>[39m
              [36m<ellipse[39m
                [33mcx[39m=[32m"12"[39m
                [33mcy[39m=[32m"5"[39m
                [33mrx[39m=[32m"9"[39m
                [33mry[39m=[32m"3"[39m
              [36m/>[39m
              [36m<path[39m
                [33md[39m=[32m"M3 5V19A9 3 0 0 0 21 19V5"[39m
              [36m/>[39m
              [36m<path[39m
                [33md[39m=[32m"M3 12A9 3 0 0 0 21 12"[39m
              [36m/>[39m
            [36m</svg>[39m
          ...
 ❯ waitForWrapper node_modules/.pnpm/@testing-library+dom@10.4.1/node_modules/@testing-library/dom/dist/wait-for.js:163:27
 ❯ node_modules/.pnpm/@testing-library+dom@10.4.1/node_modules/@testing-library/dom/dist/query-helpers.js:86:33
 ❯ src/features/managed-data/ManagedDataPage.test.tsx:63:25
     61|     renderPage();
     62|
     63|     expect(await screen.findByText("没有可用的 Managed Table")).toBeVisible…
       |                         ^
     64|     expect(screen.getByText("请先为真实数据库表创建并启用完整的表规则。")).toBeVisible();
     65|     expect(fetchMock.mock.calls.some(([url]) => String(url).includes("…

⎯⎯⎯⎯⎯⎯⎯⎯⎯⎯⎯⎯⎯⎯⎯⎯⎯⎯⎯⎯⎯⎯⎯[2/12]⎯

 FAIL  src/features/managed-data/ManagedDataPage.test.tsx > 配置内容管理页面 > 只列出 enabled Managed Table，并用首次查询的动态列区分 NULL 与空字符串
TestingLibraryElementError: Unable to find role="combobox" and name "Managed Table"

Ignored nodes: comments, script, style
[36m<body>[39m
  [36m<div>[39m
    [36m<div[39m
      [33maria-hidden[39m=[32m"false"[39m
      [33mclass[39m=[32m"protected-workspace"[39m
      [33mdata-session-status[39m=[32m"ready"[39m
    [36m>[39m
      [36m<div[39m
        [33mclass[39m=[32m"app-shell"[39m
      [36m>[39m
        [36m<header[39m
          [33mclass[39m=[32m"app-header"[39m
        [36m>[39m
          [36m<div[39m
            [33mclass[39m=[32m"brand"[39m
          [36m>[39m
            [36m<button[39m
              [33maria-controls[39m=[32m"primary-navigation"[39m
              [33maria-expanded[39m=[32m"false"[39m
              [33maria-label[39m=[32m"打开导航"[39m
              [33mclass[39m=[32m"inline-flex items-center justify-center gap-2 rounded-md text-sm font-medium whitespace-nowrap transition-all outline-none focus-visible:border-ring focus-visible:ring-[3px] focus-visible:ring-ring/50 disabled:pointer-events-none disabled:opacity-50 aria-invalid:border-destructive aria-invalid:ring-destructive/20 dark:aria-invalid:ring-destructive/40 [&_svg]:pointer-events-none [&_svg]:shrink-0 [&_svg:not([class*='size-'])]:size-4 hover:bg-accent hover:text-accent-foreground dark:hover:bg-accent/50 has-[>svg]:px-3 button size-9 shrink-0 p-0 icon-button mobile-menu"[39m
              [33mdata-size[39m=[32m"default"[39m
              [33mdata-slot[39m=[32m"button"[39m
              [33mdata-variant[39m=[32m"ghost"[39m
            [36m>[39m
              [36m<svg[39m
                [33maria-hidden[39m=[32m"true"[39m
                [33mclass[39m=[32m"lucide lucide-menu"[39m
                [33mfill[39m=[32m"none"[39m
                [33mheight[39m=[32m"20"[39m
                [33mstroke[39m=[32m"currentColor"[39m
                [33mstroke-linecap[39m=[32m"round"[39m
                [33mstroke-linejoin[39m=[32m"round"[39m
                [33mstroke-width[39m=[32m"2"[39m
                [33mviewBox[39m=[32m"0 0 24 24"[39m
                [33mwidth[39m=[32m"20"[39m
                [33mxmlns[39m=[32m"http://www.w3.org/2000/svg"[39m
              [36m>[39m
                [36m<path[39m
                  [33md[39m=[32m"M4 5h16"[39m
                [36m/>[39m
                [36m<path[39m
                  [33md[39m=[32m"M4 12h16"[39m
                [36m/>[39m
                [36m<path[39m
                  [33md[39m=[32m"M4 19h16"[39m
                [36m/>[39m
              [36m</svg>[39m
            [36m</button>[39m
            [36m<span[39m
              [33mclass[39m=[32m"brand-mark"[39m
            [36m>[39m
              [36m<svg[39m
                [33maria-hidden[39m=[32m"true"[39m
                [33mclass[39m=[32m"lucide lucide-database"[39m
                [33mfill[39m=[32m"none"[39m
                [33mheight[39m=[32m"20"[39m
                [33mstroke[39m=[32m"currentColor"[39m
                [33mstroke-linecap[39m=[32m"round"[39m
                [33mstroke-linejoin[39m=[32m"round"[39m
                [33mstroke-width[39m=[32m"1.8"[39m
                [33mviewBox[39m=[32m"0 0 24 24"[39m
                [33mwidth[39m=[32m"20"[39m
                [33mxmlns[39m=[32m"http://www.w3.org/2000/svg"[39m
              [36m>[39m
                [36m<ellipse[39m
                  [33mcx[39m=[32m"12"[39m
                  [33mcy[39m=[32m"5"[39m
                  [33mrx[39m=[32m"9"[39m
                  [33mry[39m=[32m"3"[39m
                [36m/>[39m
                [36m<path[39m
                  [33md[39m=[32m"M3 5V19A9 3 0 0 0 21 19V5"[39m
                [36m/>[39m
                [36m<path[39m
                  [33md[39m=[32m"M3 12A9 3 0 0 0 21 12"[39m
                [36m/>[39m
              [36m</svg>[39m
            [36m</span>[39m
            [36m<strong>[39m
              [0m关系型配置中心[0m
            [36m</strong>[39m
          [36m</div>[39m
          [36m<div[39m
            [33mclass[39m=[32m"header-breadcrumb"[39m
          [36m>[39m
            [36m<span>[39m
              [0m工作空间[0m
            [36m</span>[39m
            [36m<svg[39m
              [33maria-hidden[39m=[32m"true"[39m
              [33mclass[39m=[32m"lucide lucide-chevron-right"[39m
              [33mfill[39m=[32m"none"[39m
              [33mheight[39m=[32m"14"[39m
              [33mstroke[39m=[32m"currentColor"[39m
              [33mstroke-linecap[39m=[32m"round"[39m
              [33mstroke-linejoin[39m=[32m"round"[39m
              [33mstroke-width[39m=[32m"2"[39m
              [33mviewBox[39m=[32m"0 0 24 24"[39m
              [33mwidth[39m=[32m"14"[39m
              [33mxmlns[39m=[32m"http://www.w3.org/2000/svg"[39m
            [36m>[39m
              [36m<path[39m
                [33md[39m=[32m"m9 18 6-6-6-6"[39m
              [36m/>[39m
            [36m</svg>[39m
            [36m<strong>[39m
              [0m配置管理[0m
            [36m</strong>[39m
          [36m</div>[39m
          [36m<span[39m
            [33mclass[39m=[32m"inline-flex w-fit shrink-0 items-center justify-center gap-1 overflow-hidden rounded-full border px-2 py-0.5 text-xs font-medium whitespace-nowrap transition-[color,box-shadow] focus-visible:border-ring focus-visible:ring-[3px] focus-visible:ring-ring/50 aria-invalid:border-destructive aria-invalid:ring-destructive/20 dark:aria-invalid:ring-destructive/40 [&>svg]:pointer-events-none [&>svg]:size-3 border-border text-foreground [a&]:hover:bg-accent [a&]:hover:text-accent-foreground header-status"[39m
            [33mdata-slot[39m=[32m"badge"[39m
            [33mdata-variant[39m=[32m"outline"[39m
          [36m>[39m
            [36m<svg[39m
              [33maria-hidden[39m=[32m"true"[39m
              [33mclass[39m=[32m"lucide lucide-database"[39m
              [33mfill[39m=[32m"none"[39m
              [33mheight[39m=[32m"14"[39m
              [33mstroke[39m=[32m"currentColor"[39m
              [33mstroke-linecap[39m=[32m"round"[39m
              [33mstroke-linejoin[39m=[32m"round"[39m
              [33mstroke-width[39m=[32m"2"[39m
              [33mviewBox[39m=[32m"0 0 24 24"[39m
              [33mwidth[39m=[32m"14"[39m
              [33mxmlns[39m=[32m"http://www.w3.org/2000/svg"[39m
            [36m>[39m
              [36m<ellipse[39m
                [33mcx[39m=[32m"12"[39m
                [33mcy[39m=[32m"5"[39m
                [33mrx[39m=[32m"9"[39m
                [33mry[39m=[32m"3"[39m
              [36m/>[39m
              [36m<path[39m
                [33md[39m=[32m"M3 5V19A9 3 0 0 0 21 19V5"[39m
              [36m/>[39m
              [36m<path[39m
                [33md[39m=[32m"M3 12A9 3 0 0 0 21 12"[39m
              [36m/>[39m
            [36m</svg>[39m
          ...

Ignored nodes: comments, script, style
[36m<body>[39m
  [36m<div>[39m
    [36m<div[39m
      [33maria-hidden[39m=[32m"false"[39m
      [33mclass[39m=[32m"protected-workspace"[39m
      [33mdata-session-status[39m=[32m"ready"[39m
    [36m>[39m
      [36m<div[39m
        [33mclass[39m=[32m"app-shell"[39m
      [36m>[39m
        [36m<header[39m
          [33mclass[39m=[32m"app-header"[39m
        [36m>[39m
          [36m<div[39m
            [33mclass[39m=[32m"brand"[39m
          [36m>[39m
            [36m<button[39m
              [33maria-controls[39m=[32m"primary-navigation"[39m
              [33maria-expanded[39m=[32m"false"[39m
              [33maria-label[39m=[32m"打开导航"[39m
              [33mclass[39m=[32m"inline-flex items-center justify-center gap-2 rounded-md text-sm font-medium whitespace-nowrap transition-all outline-none focus-visible:border-ring focus-visible:ring-[3px] focus-visible:ring-ring/50 disabled:pointer-events-none disabled:opacity-50 aria-invalid:border-destructive aria-invalid:ring-destructive/20 dark:aria-invalid:ring-destructive/40 [&_svg]:pointer-events-none [&_svg]:shrink-0 [&_svg:not([class*='size-'])]:size-4 hover:bg-accent hover:text-accent-foreground dark:hover:bg-accent/50 has-[>svg]:px-3 button size-9 shrink-0 p-0 icon-button mobile-menu"[39m
              [33mdata-size[39m=[32m"default"[39m
              [33mdata-slot[39m=[32m"button"[39m
              [33mdata-variant[39m=[32m"ghost"[39m
            [36m>[39m
              [36m<svg[39m
                [33maria-hidden[39m=[32m"true"[39m
                [33mclass[39m=[32m"lucide lucide-menu"[39m
                [33mfill[39m=[32m"none"[39m
                [33mheight[39m=[32m"20"[39m
                [33mstroke[39m=[32m"currentColor"[39m
                [33mstroke-linecap[39m=[32m"round"[39m
                [33mstroke-linejoin[39m=[32m"round"[39m
                [33mstroke-width[39m=[32m"2"[39m
                [33mviewBox[39m=[32m"0 0 24 24"[39m
                [33mwidth[39m=[32m"20"[39m
                [33mxmlns[39m=[32m"http://www.w3.org/2000/svg"[39m
              [36m>[39m
                [36m<path[39m
                  [33md[39m=[32m"M4 5h16"[39m
                [36m/>[39m
                [36m<path[39m
                  [33md[39m=[32m"M4 12h16"[39m
                [36m/>[39m
                [36m<path[39m
                  [33md[39m=[32m"M4 19h16"[39m
                [36m/>[39m
              [36m</svg>[39m
            [36m</button>[39m
            [36m<span[39m
              [33mclass[39m=[32m"brand-mark"[39m
            [36m>[39m
              [36m<svg[39m
                [33maria-hidden[39m=[32m"true"[39m
                [33mclass[39m=[32m"lucide lucide-database"[39m
                [33mfill[39m=[32m"none"[39m
                [33mheight[39m=[32m"20"[39m
                [33mstroke[39m=[32m"currentColor"[39m
                [33mstroke-linecap[39m=[32m"round"[39m
                [33mstroke-linejoin[39m=[32m"round"[39m
                [33mstroke-width[39m=[32m"1.8"[39m
                [33mviewBox[39m=[32m"0 0 24 24"[39m
                [33mwidth[39m=[32m"20"[39m
                [33mxmlns[39m=[32m"http://www.w3.org/2000/svg"[39m
              [36m>[39m
                [36m<ellipse[39m
                  [33mcx[39m=[32m"12"[39m
                  [33mcy[39m=[32m"5"[39m
                  [33mrx[39m=[32m"9"[39m
                  [33mry[39m=[32m"3"[39m
                [36m/>[39m
                [36m<path[39m
                  [33md[39m=[32m"M3 5V19A9 3 0 0 0 21 19V5"[39m
                [36m/>[39m
                [36m<path[39m
                  [33md[39m=[32m"M3 12A9 3 0 0 0 21 12"[39m
                [36m/>[39m
              [36m</svg>[39m
            [36m</span>[39m
            [36m<strong>[39m
              [0m关系型配置中心[0m
            [36m</strong>[39m
          [36m</div>[39m
          [36m<div[39m
            [33mclass[39m=[32m"header-breadcrumb"[39m
          [36m>[39m
            [36m<span>[39m
              [0m工作空间[0m
            [36m</span>[39m
            [36m<svg[39m
              [33maria-hidden[39m=[32m"true"[39m
              [33mclass[39m=[32m"lucide lucide-chevron-right"[39m
              [33mfill[39m=[32m"none"[39m
              [33mheight[39m=[32m"14"[39m
              [33mstroke[39m=[32m"currentColor"[39m
              [33mstroke-linecap[39m=[32m"round"[39m
              [33mstroke-linejoin[39m=[32m"round"[39m
              [33mstroke-width[39m=[32m"2"[39m
              [33mviewBox[39m=[32m"0 0 24 24"[39m
              [33mwidth[39m=[32m"14"[39m
              [33mxmlns[39m=[32m"http://www.w3.org/2000/svg"[39m
            [36m>[39m
              [36m<path[39m
                [33md[39m=[32m"m9 18 6-6-6-6"[39m
              [36m/>[39m
            [36m</svg>[39m
            [36m<strong>[39m
              [0m配置管理[0m
            [36m</strong>[39m
          [36m</div>[39m
          [36m<span[39m
            [33mclass[39m=[32m"inline-flex w-fit shrink-0 items-center justify-center gap-1 overflow-hidden rounded-full border px-2 py-0.5 text-xs font-medium whitespace-nowrap transition-[color,box-shadow] focus-visible:border-ring focus-visible:ring-[3px] focus-visible:ring-ring/50 aria-invalid:border-destructive aria-invalid:ring-destructive/20 dark:aria-invalid:ring-destructive/40 [&>svg]:pointer-events-none [&>svg]:size-3 border-border text-foreground [a&]:hover:bg-accent [a&]:hover:text-accent-foreground header-status"[39m
            [33mdata-slot[39m=[32m"badge"[39m
            [33mdata-variant[39m=[32m"outline"[39m
          [36m>[39m
            [36m<svg[39m
              [33maria-hidden[39m=[32m"true"[39m
              [33mclass[39m=[32m"lucide lucide-database"[39m
              [33mfill[39m=[32m"none"[39m
              [33mheight[39m=[32m"14"[39m
              [33mstroke[39m=[32m"currentColor"[39m
              [33mstroke-linecap[39m=[32m"round"[39m
              [33mstroke-linejoin[39m=[32m"round"[39m
              [33mstroke-width[39m=[32m"2"[39m
              [33mviewBox[39m=[32m"0 0 24 24"[39m
              [33mwidth[39m=[32m"14"[39m
              [33mxmlns[39m=[32m"http://www.w3.org/2000/svg"[39m
            [36m>[39m
              [36m<ellipse[39m
                [33mcx[39m=[32m"12"[39m
                [33mcy[39m=[32m"5"[39m
                [33mrx[39m=[32m"9"[39m
                [33mry[39m=[32m"3"[39m
              [36m/>[39m
              [36m<path[39m
                [33md[39m=[32m"M3 5V19A9 3 0 0 0 21 19V5"[39m
              [36m/>[39m
              [36m<path[39m
                [33md[39m=[32m"M3 12A9 3 0 0 0 21 12"[39m
              [36m/>[39m
            [36m</svg>[39m
          ...
 ❯ waitForWrapper node_modules/.pnpm/@testing-library+dom@10.4.1/node_modules/@testing-library/dom/dist/wait-for.js:163:27
 ❯ node_modules/.pnpm/@testing-library+dom@10.4.1/node_modules/@testing-library/dom/dist/query-helpers.js:86:33
 ❯ src/features/managed-data/ManagedDataPage.test.tsx:98:38
     96|     expect(await screen.findByRole("heading", { name: "配置内容管理" })).toB…
     97|     expect(screen.getByRole("link", { name: "配置内容管理" })).toHaveClass("…
     98|     const tableSelect = await screen.findByRole("combobox", { name: "M…
       |                                      ^
     99|     expect(within(tableSelect).getByRole("option", { name: "notificati…
    100|     expect(within(tableSelect).queryByRole("option", { name: "disabled…

⎯⎯⎯⎯⎯⎯⎯⎯⎯⎯⎯⎯⎯⎯⎯⎯⎯⎯⎯⎯⎯⎯⎯[3/12]⎯

 FAIL  src/features/managed-data/ManagedDataPage.test.tsx > 配置内容管理页面 > 按当前字段配置隐藏和排序列表列，并用真实字段和值消除重复标签歧义
TestingLibraryElementError: Unable to find an element with the text: 启用. This could be because the text is broken up by multiple elements. In this case, you can provide a function for your text matcher to make your matcher more flexible.

Ignored nodes: comments, script, style
[36m<body>[39m
  [36m<div>[39m
    [36m<div[39m
      [33maria-hidden[39m=[32m"false"[39m
      [33mclass[39m=[32m"protected-workspace"[39m
      [33mdata-session-status[39m=[32m"ready"[39m
    [36m>[39m
      [36m<div[39m
        [33mclass[39m=[32m"app-shell"[39m
      [36m>[39m
        [36m<header[39m
          [33mclass[39m=[32m"app-header"[39m
        [36m>[39m
          [36m<div[39m
            [33mclass[39m=[32m"brand"[39m
          [36m>[39m
            [36m<button[39m
              [33maria-controls[39m=[32m"primary-navigation"[39m
              [33maria-expanded[39m=[32m"false"[39m
              [33maria-label[39m=[32m"打开导航"[39m
              [33mclass[39m=[32m"inline-flex items-center justify-center gap-2 rounded-md text-sm font-medium whitespace-nowrap transition-all outline-none focus-visible:border-ring focus-visible:ring-[3px] focus-visible:ring-ring/50 disabled:pointer-events-none disabled:opacity-50 aria-invalid:border-destructive aria-invalid:ring-destructive/20 dark:aria-invalid:ring-destructive/40 [&_svg]:pointer-events-none [&_svg]:shrink-0 [&_svg:not([class*='size-'])]:size-4 hover:bg-accent hover:text-accent-foreground dark:hover:bg-accent/50 has-[>svg]:px-3 button size-9 shrink-0 p-0 icon-button mobile-menu"[39m
              [33mdata-size[39m=[32m"default"[39m
              [33mdata-slot[39m=[32m"button"[39m
              [33mdata-variant[39m=[32m"ghost"[39m
            [36m>[39m
              [36m<svg[39m
                [33maria-hidden[39m=[32m"true"[39m
                [33mclass[39m=[32m"lucide lucide-menu"[39m
                [33mfill[39m=[32m"none"[39m
                [33mheight[39m=[32m"20"[39m
                [33mstroke[39m=[32m"currentColor"[39m
                [33mstroke-linecap[39m=[32m"round"[39m
                [33mstroke-linejoin[39m=[32m"round"[39m
                [33mstroke-width[39m=[32m"2"[39m
                [33mviewBox[39m=[32m"0 0 24 24"[39m
                [33mwidth[39m=[32m"20"[39m
                [33mxmlns[39m=[32m"http://www.w3.org/2000/svg"[39m
              [36m>[39m
                [36m<path[39m
                  [33md[39m=[32m"M4 5h16"[39m
                [36m/>[39m
                [36m<path[39m
                  [33md[39m=[32m"M4 12h16"[39m
                [36m/>[39m
                [36m<path[39m
                  [33md[39m=[32m"M4 19h16"[39m
                [36m/>[39m
              [36m</svg>[39m
            [36m</button>[39m
            [36m<span[39m
              [33mclass[39m=[32m"brand-mark"[39m
            [36m>[39m
              [36m<svg[39m
                [33maria-hidden[39m=[32m"true"[39m
                [33mclass[39m=[32m"lucide lucide-database"[39m
                [33mfill[39m=[32m"none"[39m
                [33mheight[39m=[32m"20"[39m
                [33mstroke[39m=[32m"currentColor"[39m
                [33mstroke-linecap[39m=[32m"round"[39m
                [33mstroke-linejoin[39m=[32m"round"[39m
                [33mstroke-width[39m=[32m"1.8"[39m
                [33mviewBox[39m=[32m"0 0 24 24"[39m
                [33mwidth[39m=[32m"20"[39m
                [33mxmlns[39m=[32m"http://www.w3.org/2000/svg"[39m
              [36m>[39m
                [36m<ellipse[39m
                  [33mcx[39m=[32m"12"[39m
                  [33mcy[39m=[32m"5"[39m
                  [33mrx[39m=[32m"9"[39m
                  [33mry[39m=[32m"3"[39m
                [36m/>[39m
                [36m<path[39m
                  [33md[39m=[32m"M3 5V19A9 3 0 0 0 21 19V5"[39m
                [36m/>[39m
                [36m<path[39m
                  [33md[39m=[32m"M3 12A9 3 0 0 0 21 12"[39m
                [36m/>[39m
              [36m</svg>[39m
            [36m</span>[39m
            [36m<strong>[39m
              [0m关系型配置中心[0m
            [36m</strong>[39m
          [36m</div>[39m
          [36m<div[39m
            [33mclass[39m=[32m"header-breadcrumb"[39m
          [36m>[39m
            [36m<span>[39m
              [0m工作空间[0m
            [36m</span>[39m
            [36m<svg[39m
              [33maria-hidden[39m=[32m"true"[39m
              [33mclass[39m=[32m"lucide lucide-chevron-right"[39m
              [33mfill[39m=[32m"none"[39m
              [33mheight[39m=[32m"14"[39m
              [33mstroke[39m=[32m"currentColor"[39m
              [33mstroke-linecap[39m=[32m"round"[39m
              [33mstroke-linejoin[39m=[32m"round"[39m
              [33mstroke-width[39m=[32m"2"[39m
              [33mviewBox[39m=[32m"0 0 24 24"[39m
              [33mwidth[39m=[32m"14"[39m
              [33mxmlns[39m=[32m"http://www.w3.org/2000/svg"[39m
            [36m>[39m
              [36m<path[39m
                [33md[39m=[32m"m9 18 6-6-6-6"[39m
              [36m/>[39m
            [36m</svg>[39m
            [36m<strong>[39m
              [0m配置管理[0m
            [36m</strong>[39m
          [36m</div>[39m
          [36m<span[39m
            [33mclass[39m=[32m"inline-flex w-fit shrink-0 items-center justify-center gap-1 overflow-hidden rounded-full border px-2 py-0.5 text-xs font-medium whitespace-nowrap transition-[color,box-shadow] focus-visible:border-ring focus-visible:ring-[3px] focus-visible:ring-ring/50 aria-invalid:border-destructive aria-invalid:ring-destructive/20 dark:aria-invalid:ring-destructive/40 [&>svg]:pointer-events-none [&>svg]:size-3 border-border text-foreground [a&]:hover:bg-accent [a&]:hover:text-accent-foreground header-status"[39m
            [33mdata-slot[39m=[32m"badge"[39m
            [33mdata-variant[39m=[32m"outline"[39m
          [36m>[39m
            [36m<svg[39m
              [33maria-hidden[39m=[32m"true"[39m
              [33mclass[39m=[32m"lucide lucide-database"[39m
              [33mfill[39m=[32m"none"[39m
              [33mheight[39m=[32m"14"[39m
              [33mstroke[39m=[32m"currentColor"[39m
              [33mstroke-linecap[39m=[32m"round"[39m
              [33mstroke-linejoin[39m=[32m"round"[39m
              [33mstroke-width[39m=[32m"2"[39m
              [33mviewBox[39m=[32m"0 0 24 24"[39m
              [33mwidth[39m=[32m"14"[39m
              [33mxmlns[39m=[32m"http://www.w3.org/2000/svg"[39m
            [36m>[39m
              [36m<ellipse[39m
                [33mcx[39m=[32m"12"[39m
                [33mcy[39m=[32m"5"[39m
                [33mrx[39m=[32m"9"[39m
                [33mry[39m=[32m"3"[39m
              [36m/>[39m
              [36m<path[39m
                [33md[39m=[32m"M3 5V19A9 3 0 0 0 21 19V5"[39m
              [36m/>[39m
              [36m<path[39m
                [33md[39m=[32m"M3 12A9 3 0 0 0 21 12"[39m
              [36m/>[39m
            [36m</svg>[39m
          ...

Ignored nodes: comments, script, style
[36m<body>[39m
  [36m<div>[39m
    [36m<div[39m
      [33maria-hidden[39m=[32m"false"[39m
      [33mclass[39m=[32m"protected-workspace"[39m
      [33mdata-session-status[39m=[32m"ready"[39m
    [36m>[39m
      [36m<div[39m
        [33mclass[39m=[32m"app-shell"[39m
      [36m>[39m
        [36m<header[39m
          [33mclass[39m=[32m"app-header"[39m
        [36m>[39m
          [36m<div[39m
            [33mclass[39m=[32m"brand"[39m
          [36m>[39m
            [36m<button[39m
              [33maria-controls[39m=[32m"primary-navigation"[39m
              [33maria-expanded[39m=[32m"false"[39m
              [33maria-label[39m=[32m"打开导航"[39m
              [33mclass[39m=[32m"inline-flex items-center justify-center gap-2 rounded-md text-sm font-medium whitespace-nowrap transition-all outline-none focus-visible:border-ring focus-visible:ring-[3px] focus-visible:ring-ring/50 disabled:pointer-events-none disabled:opacity-50 aria-invalid:border-destructive aria-invalid:ring-destructive/20 dark:aria-invalid:ring-destructive/40 [&_svg]:pointer-events-none [&_svg]:shrink-0 [&_svg:not([class*='size-'])]:size-4 hover:bg-accent hover:text-accent-foreground dark:hover:bg-accent/50 has-[>svg]:px-3 button size-9 shrink-0 p-0 icon-button mobile-menu"[39m
              [33mdata-size[39m=[32m"default"[39m
              [33mdata-slot[39m=[32m"button"[39m
              [33mdata-variant[39m=[32m"ghost"[39m
            [36m>[39m
              [36m<svg[39m
                [33maria-hidden[39m=[32m"true"[39m
                [33mclass[39m=[32m"lucide lucide-menu"[39m
                [33mfill[39m=[32m"none"[39m
                [33mheight[39m=[32m"20"[39m
                [33mstroke[39m=[32m"currentColor"[39m
                [33mstroke-linecap[39m=[32m"round"[39m
                [33mstroke-linejoin[39m=[32m"round"[39m
                [33mstroke-width[39m=[32m"2"[39m
                [33mviewBox[39m=[32m"0 0 24 24"[39m
                [33mwidth[39m=[32m"20"[39m
                [33mxmlns[39m=[32m"http://www.w3.org/2000/svg"[39m
              [36m>[39m
                [36m<path[39m
                  [33md[39m=[32m"M4 5h16"[39m
                [36m/>[39m
                [36m<path[39m
                  [33md[39m=[32m"M4 12h16"[39m
                [36m/>[39m
                [36m<path[39m
                  [33md[39m=[32m"M4 19h16"[39m
                [36m/>[39m
              [36m</svg>[39m
            [36m</button>[39m
            [36m<span[39m
              [33mclass[39m=[32m"brand-mark"[39m
            [36m>[39m
              [36m<svg[39m
                [33maria-hidden[39m=[32m"true"[39m
                [33mclass[39m=[32m"lucide lucide-database"[39m
                [33mfill[39m=[32m"none"[39m
                [33mheight[39m=[32m"20"[39m
                [33mstroke[39m=[32m"currentColor"[39m
                [33mstroke-linecap[39m=[32m"round"[39m
                [33mstroke-linejoin[39m=[32m"round"[39m
                [33mstroke-width[39m=[32m"1.8"[39m
                [33mviewBox[39m=[32m"0 0 24 24"[39m
                [33mwidth[39m=[32m"20"[39m
                [33mxmlns[39m=[32m"http://www.w3.org/2000/svg"[39m
              [36m>[39m
                [36m<ellipse[39m
                  [33mcx[39m=[32m"12"[39m
                  [33mcy[39m=[32m"5"[39m
                  [33mrx[39m=[32m"9"[39m
                  [33mry[39m=[32m"3"[39m
                [36m/>[39m
                [36m<path[39m
                  [33md[39m=[32m"M3 5V19A9 3 0 0 0 21 19V5"[39m
                [36m/>[39m
                [36m<path[39m
                  [33md[39m=[32m"M3 12A9 3 0 0 0 21 12"[39m
                [36m/>[39m
              [36m</svg>[39m
            [36m</span>[39m
            [36m<strong>[39m
              [0m关系型配置中心[0m
            [36m</strong>[39m
          [36m</div>[39m
          [36m<div[39m
            [33mclass[39m=[32m"header-breadcrumb"[39m
          [36m>[39m
            [36m<span>[39m
              [0m工作空间[0m
            [36m</span>[39m
            [36m<svg[39m
              [33maria-hidden[39m=[32m"true"[39m
              [33mclass[39m=[32m"lucide lucide-chevron-right"[39m
              [33mfill[39m=[32m"none"[39m
              [33mheight[39m=[32m"14"[39m
              [33mstroke[39m=[32m"currentColor"[39m
              [33mstroke-linecap[39m=[32m"round"[39m
              [33mstroke-linejoin[39m=[32m"round"[39m
              [33mstroke-width[39m=[32m"2"[39m
              [33mviewBox[39m=[32m"0 0 24 24"[39m
              [33mwidth[39m=[32m"14"[39m
              [33mxmlns[39m=[32m"http://www.w3.org/2000/svg"[39m
            [36m>[39m
              [36m<path[39m
                [33md[39m=[32m"m9 18 6-6-6-6"[39m
              [36m/>[39m
            [36m</svg>[39m
            [36m<strong>[39m
              [0m配置管理[0m
            [36m</strong>[39m
          [36m</div>[39m
          [36m<span[39m
            [33mclass[39m=[32m"inline-flex w-fit shrink-0 items-center justify-center gap-1 overflow-hidden rounded-full border px-2 py-0.5 text-xs font-medium whitespace-nowrap transition-[color,box-shadow] focus-visible:border-ring focus-visible:ring-[3px] focus-visible:ring-ring/50 aria-invalid:border-destructive aria-invalid:ring-destructive/20 dark:aria-invalid:ring-destructive/40 [&>svg]:pointer-events-none [&>svg]:size-3 border-border text-foreground [a&]:hover:bg-accent [a&]:hover:text-accent-foreground header-status"[39m
            [33mdata-slot[39m=[32m"badge"[39m
            [33mdata-variant[39m=[32m"outline"[39m
          [36m>[39m
            [36m<svg[39m
              [33maria-hidden[39m=[32m"true"[39m
              [33mclass[39m=[32m"lucide lucide-database"[39m
              [33mfill[39m=[32m"none"[39m
              [33mheight[39m=[32m"14"[39m
              [33mstroke[39m=[32m"currentColor"[39m
              [33mstroke-linecap[39m=[32m"round"[39m
              [33mstroke-linejoin[39m=[32m"round"[39m
              [33mstroke-width[39m=[32m"2"[39m
              [33mviewBox[39m=[32m"0 0 24 24"[39m
              [33mwidth[39m=[32m"14"[39m
              [33mxmlns[39m=[32m"http://www.w3.org/2000/svg"[39m
            [36m>[39m
              [36m<ellipse[39m
                [33mcx[39m=[32m"12"[39m
                [33mcy[39m=[32m"5"[39m
                [33mrx[39m=[32m"9"[39m
                [33mry[39m=[32m"3"[39m
              [36m/>[39m
              [36m<path[39m
                [33md[39m=[32m"M3 5V19A9 3 0 0 0 21 19V5"[39m
              [36m/>[39m
              [36m<path[39m
                [33md[39m=[32m"M3 12A9 3 0 0 0 21 12"[39m
              [36m/>[39m
            [36m</svg>[39m
          ...
 ❯ waitForWrapper node_modules/.pnpm/@testing-library+dom@10.4.1/node_modules/@testing-library/dom/dist/wait-for.js:163:27
 ❯ node_modules/.pnpm/@testing-library+dom@10.4.1/node_modules/@testing-library/dom/dist/query-helpers.js:86:33
 ❯ src/features/managed-data/ManagedDataPage.test.tsx:154:25
    152|     renderPage();
    153|
    154|     expect(await screen.findAllByText("启用")).toHaveLength(4);
       |                         ^
    155|     const headers = await screen.findAllByRole("columnheader");
    156|     expect(headers.map(header => header.textContent)).toEqual(expect.a…

⎯⎯⎯⎯⎯⎯⎯⎯⎯⎯⎯⎯⎯⎯⎯⎯⎯⎯⎯⎯⎯⎯⎯[4/12]⎯

 FAIL  src/features/managed-data/ManagedDataPage.test.tsx > 配置内容管理页面 > 切换 enabled Managed Table 时重置 Query Spec 并查询所选表的动态列
TestingLibraryElementError: Unable to find role="columnheader" and name `/subject/`

Ignored nodes: comments, script, style
[36m<body>[39m
  [36m<div>[39m
    [36m<div[39m
      [33maria-hidden[39m=[32m"false"[39m
      [33mclass[39m=[32m"protected-workspace"[39m
      [33mdata-session-status[39m=[32m"ready"[39m
    [36m>[39m
      [36m<div[39m
        [33mclass[39m=[32m"app-shell"[39m
      [36m>[39m
        [36m<header[39m
          [33mclass[39m=[32m"app-header"[39m
        [36m>[39m
          [36m<div[39m
            [33mclass[39m=[32m"brand"[39m
          [36m>[39m
            [36m<button[39m
              [33maria-controls[39m=[32m"primary-navigation"[39m
              [33maria-expanded[39m=[32m"false"[39m
              [33maria-label[39m=[32m"打开导航"[39m
              [33mclass[39m=[32m"inline-flex items-center justify-center gap-2 rounded-md text-sm font-medium whitespace-nowrap transition-all outline-none focus-visible:border-ring focus-visible:ring-[3px] focus-visible:ring-ring/50 disabled:pointer-events-none disabled:opacity-50 aria-invalid:border-destructive aria-invalid:ring-destructive/20 dark:aria-invalid:ring-destructive/40 [&_svg]:pointer-events-none [&_svg]:shrink-0 [&_svg:not([class*='size-'])]:size-4 hover:bg-accent hover:text-accent-foreground dark:hover:bg-accent/50 has-[>svg]:px-3 button size-9 shrink-0 p-0 icon-button mobile-menu"[39m
              [33mdata-size[39m=[32m"default"[39m
              [33mdata-slot[39m=[32m"button"[39m
              [33mdata-variant[39m=[32m"ghost"[39m
            [36m>[39m
              [36m<svg[39m
                [33maria-hidden[39m=[32m"true"[39m
                [33mclass[39m=[32m"lucide lucide-menu"[39m
                [33mfill[39m=[32m"none"[39m
                [33mheight[39m=[32m"20"[39m
                [33mstroke[39m=[32m"currentColor"[39m
                [33mstroke-linecap[39m=[32m"round"[39m
                [33mstroke-linejoin[39m=[32m"round"[39m
                [33mstroke-width[39m=[32m"2"[39m
                [33mviewBox[39m=[32m"0 0 24 24"[39m
                [33mwidth[39m=[32m"20"[39m
                [33mxmlns[39m=[32m"http://www.w3.org/2000/svg"[39m
              [36m>[39m
                [36m<path[39m
                  [33md[39m=[32m"M4 5h16"[39m
                [36m/>[39m
                [36m<path[39m
                  [33md[39m=[32m"M4 12h16"[39m
                [36m/>[39m
                [36m<path[39m
                  [33md[39m=[32m"M4 19h16"[39m
                [36m/>[39m
              [36m</svg>[39m
            [36m</button>[39m
            [36m<span[39m
              [33mclass[39m=[32m"brand-mark"[39m
            [36m>[39m
              [36m<svg[39m
                [33maria-hidden[39m=[32m"true"[39m
                [33mclass[39m=[32m"lucide lucide-database"[39m
                [33mfill[39m=[32m"none"[39m
                [33mheight[39m=[32m"20"[39m
                [33mstroke[39m=[32m"currentColor"[39m
                [33mstroke-linecap[39m=[32m"round"[39m
                [33mstroke-linejoin[39m=[32m"round"[39m
                [33mstroke-width[39m=[32m"1.8"[39m
                [33mviewBox[39m=[32m"0 0 24 24"[39m
                [33mwidth[39m=[32m"20"[39m
                [33mxmlns[39m=[32m"http://www.w3.org/2000/svg"[39m
              [36m>[39m
                [36m<ellipse[39m
                  [33mcx[39m=[32m"12"[39m
                  [33mcy[39m=[32m"5"[39m
                  [33mrx[39m=[32m"9"[39m
                  [33mry[39m=[32m"3"[39m
                [36m/>[39m
                [36m<path[39m
                  [33md[39m=[32m"M3 5V19A9 3 0 0 0 21 19V5"[39m
                [36m/>[39m
                [36m<path[39m
                  [33md[39m=[32m"M3 12A9 3 0 0 0 21 12"[39m
                [36m/>[39m
              [36m</svg>[39m
            [36m</span>[39m
            [36m<strong>[39m
              [0m关系型配置中心[0m
            [36m</strong>[39m
          [36m</div>[39m
          [36m<div[39m
            [33mclass[39m=[32m"header-breadcrumb"[39m
          [36m>[39m
            [36m<span>[39m
              [0m工作空间[0m
            [36m</span>[39m
            [36m<svg[39m
              [33maria-hidden[39m=[32m"true"[39m
              [33mclass[39m=[32m"lucide lucide-chevron-right"[39m
              [33mfill[39m=[32m"none"[39m
              [33mheight[39m=[32m"14"[39m
              [33mstroke[39m=[32m"currentColor"[39m
              [33mstroke-linecap[39m=[32m"round"[39m
              [33mstroke-linejoin[39m=[32m"round"[39m
              [33mstroke-width[39m=[32m"2"[39m
              [33mviewBox[39m=[32m"0 0 24 24"[39m
              [33mwidth[39m=[32m"14"[39m
              [33mxmlns[39m=[32m"http://www.w3.org/2000/svg"[39m
            [36m>[39m
              [36m<path[39m
                [33md[39m=[32m"m9 18 6-6-6-6"[39m
              [36m/>[39m
            [36m</svg>[39m
            [36m<strong>[39m
              [0m配置管理[0m
            [36m</strong>[39m
          [36m</div>[39m
          [36m<span[39m
            [33mclass[39m=[32m"inline-flex w-fit shrink-0 items-center justify-center gap-1 overflow-hidden rounded-full border px-2 py-0.5 text-xs font-medium whitespace-nowrap transition-[color,box-shadow] focus-visible:border-ring focus-visible:ring-[3px] focus-visible:ring-ring/50 aria-invalid:border-destructive aria-invalid:ring-destructive/20 dark:aria-invalid:ring-destructive/40 [&>svg]:pointer-events-none [&>svg]:size-3 border-border text-foreground [a&]:hover:bg-accent [a&]:hover:text-accent-foreground header-status"[39m
            [33mdata-slot[39m=[32m"badge"[39m
            [33mdata-variant[39m=[32m"outline"[39m
          [36m>[39m
            [36m<svg[39m
              [33maria-hidden[39m=[32m"true"[39m
              [33mclass[39m=[32m"lucide lucide-database"[39m
              [33mfill[39m=[32m"none"[39m
              [33mheight[39m=[32m"14"[39m
              [33mstroke[39m=[32m"currentColor"[39m
              [33mstroke-linecap[39m=[32m"round"[39m
              [33mstroke-linejoin[39m=[32m"round"[39m
              [33mstroke-width[39m=[32m"2"[39m
              [33mviewBox[39m=[32m"0 0 24 24"[39m
              [33mwidth[39m=[32m"14"[39m
              [33mxmlns[39m=[32m"http://www.w3.org/2000/svg"[39m
            [36m>[39m
              [36m<ellipse[39m
                [33mcx[39m=[32m"12"[39m
                [33mcy[39m=[32m"5"[39m
                [33mrx[39m=[32m"9"[39m
                [33mry[39m=[32m"3"[39m
              [36m/>[39m
              [36m<path[39m
                [33md[39m=[32m"M3 5V19A9 3 0 0 0 21 19V5"[39m
              [36m/>[39m
              [36m<path[39m
                [33md[39m=[32m"M3 12A9 3 0 0 0 21 12"[39m
              [36m/>[39m
            [36m</svg>[39m
          ...

Ignored nodes: comments, script, style
[36m<body>[39m
  [36m<div>[39m
    [36m<div[39m
      [33maria-hidden[39m=[32m"false"[39m
      [33mclass[39m=[32m"protected-workspace"[39m
      [33mdata-session-status[39m=[32m"ready"[39m
    [36m>[39m
      [36m<div[39m
        [33mclass[39m=[32m"app-shell"[39m
      [36m>[39m
        [36m<header[39m
          [33mclass[39m=[32m"app-header"[39m
        [36m>[39m
          [36m<div[39m
            [33mclass[39m=[32m"brand"[39m
          [36m>[39m
            [36m<button[39m
              [33maria-controls[39m=[32m"primary-navigation"[39m
              [33maria-expanded[39m=[32m"false"[39m
              [33maria-label[39m=[32m"打开导航"[39m
              [33mclass[39m=[32m"inline-flex items-center justify-center gap-2 rounded-md text-sm font-medium whitespace-nowrap transition-all outline-none focus-visible:border-ring focus-visible:ring-[3px] focus-visible:ring-ring/50 disabled:pointer-events-none disabled:opacity-50 aria-invalid:border-destructive aria-invalid:ring-destructive/20 dark:aria-invalid:ring-destructive/40 [&_svg]:pointer-events-none [&_svg]:shrink-0 [&_svg:not([class*='size-'])]:size-4 hover:bg-accent hover:text-accent-foreground dark:hover:bg-accent/50 has-[>svg]:px-3 button size-9 shrink-0 p-0 icon-button mobile-menu"[39m
              [33mdata-size[39m=[32m"default"[39m
              [33mdata-slot[39m=[32m"button"[39m
              [33mdata-variant[39m=[32m"ghost"[39m
            [36m>[39m
              [36m<svg[39m
                [33maria-hidden[39m=[32m"true"[39m
                [33mclass[39m=[32m"lucide lucide-menu"[39m
                [33mfill[39m=[32m"none"[39m
                [33mheight[39m=[32m"20"[39m
                [33mstroke[39m=[32m"currentColor"[39m
                [33mstroke-linecap[39m=[32m"round"[39m
                [33mstroke-linejoin[39m=[32m"round"[39m
                [33mstroke-width[39m=[32m"2"[39m
                [33mviewBox[39m=[32m"0 0 24 24"[39m
                [33mwidth[39m=[32m"20"[39m
                [33mxmlns[39m=[32m"http://www.w3.org/2000/svg"[39m
              [36m>[39m
                [36m<path[39m
                  [33md[39m=[32m"M4 5h16"[39m
                [36m/>[39m
                [36m<path[39m
                  [33md[39m=[32m"M4 12h16"[39m
                [36m/>[39m
                [36m<path[39m
                  [33md[39m=[32m"M4 19h16"[39m
                [36m/>[39m
              [36m</svg>[39m
            [36m</button>[39m
            [36m<span[39m
              [33mclass[39m=[32m"brand-mark"[39m
            [36m>[39m
              [36m<svg[39m
                [33maria-hidden[39m=[32m"true"[39m
                [33mclass[39m=[32m"lucide lucide-database"[39m
                [33mfill[39m=[32m"none"[39m
                [33mheight[39m=[32m"20"[39m
                [33mstroke[39m=[32m"currentColor"[39m
                [33mstroke-linecap[39m=[32m"round"[39m
                [33mstroke-linejoin[39m=[32m"round"[39m
                [33mstroke-width[39m=[32m"1.8"[39m
                [33mviewBox[39m=[32m"0 0 24 24"[39m
                [33mwidth[39m=[32m"20"[39m
                [33mxmlns[39m=[32m"http://www.w3.org/2000/svg"[39m
              [36m>[39m
                [36m<ellipse[39m
                  [33mcx[39m=[32m"12"[39m
                  [33mcy[39m=[32m"5"[39m
                  [33mrx[39m=[32m"9"[39m
                  [33mry[39m=[32m"3"[39m
                [36m/>[39m
                [36m<path[39m
                  [33md[39m=[32m"M3 5V19A9 3 0 0 0 21 19V5"[39m
                [36m/>[39m
                [36m<path[39m
                  [33md[39m=[32m"M3 12A9 3 0 0 0 21 12"[39m
                [36m/>[39m
              [36m</svg>[39m
            [36m</span>[39m
            [36m<strong>[39m
              [0m关系型配置中心[0m
            [36m</strong>[39m
          [36m</div>[39m
          [36m<div[39m
            [33mclass[39m=[32m"header-breadcrumb"[39m
          [36m>[39m
            [36m<span>[39m
              [0m工作空间[0m
            [36m</span>[39m
            [36m<svg[39m
              [33maria-hidden[39m=[32m"true"[39m
              [33mclass[39m=[32m"lucide lucide-chevron-right"[39m
              [33mfill[39m=[32m"none"[39m
              [33mheight[39m=[32m"14"[39m
              [33mstroke[39m=[32m"currentColor"[39m
              [33mstroke-linecap[39m=[32m"round"[39m
              [33mstroke-linejoin[39m=[32m"round"[39m
              [33mstroke-width[39m=[32m"2"[39m
              [33mviewBox[39m=[32m"0 0 24 24"[39m
              [33mwidth[39m=[32m"14"[39m
              [33mxmlns[39m=[32m"http://www.w3.org/2000/svg"[39m
            [36m>[39m
              [36m<path[39m
                [33md[39m=[32m"m9 18 6-6-6-6"[39m
              [36m/>[39m
            [36m</svg>[39m
            [36m<strong>[39m
              [0m配置管理[0m
            [36m</strong>[39m
          [36m</div>[39m
          [36m<span[39m
            [33mclass[39m=[32m"inline-flex w-fit shrink-0 items-center justify-center gap-1 overflow-hidden rounded-full border px-2 py-0.5 text-xs font-medium whitespace-nowrap transition-[color,box-shadow] focus-visible:border-ring focus-visible:ring-[3px] focus-visible:ring-ring/50 aria-invalid:border-destructive aria-invalid:ring-destructive/20 dark:aria-invalid:ring-destructive/40 [&>svg]:pointer-events-none [&>svg]:size-3 border-border text-foreground [a&]:hover:bg-accent [a&]:hover:text-accent-foreground header-status"[39m
            [33mdata-slot[39m=[32m"badge"[39m
            [33mdata-variant[39m=[32m"outline"[39m
          [36m>[39m
            [36m<svg[39m
              [33maria-hidden[39m=[32m"true"[39m
              [33mclass[39m=[32m"lucide lucide-database"[39m
              [33mfill[39m=[32m"none"[39m
              [33mheight[39m=[32m"14"[39m
              [33mstroke[39m=[32m"currentColor"[39m
              [33mstroke-linecap[39m=[32m"round"[39m
              [33mstroke-linejoin[39m=[32m"round"[39m
              [33mstroke-width[39m=[32m"2"[39m
              [33mviewBox[39m=[32m"0 0 24 24"[39m
              [33mwidth[39m=[32m"14"[39m
              [33mxmlns[39m=[32m"http://www.w3.org/2000/svg"[39m
            [36m>[39m
              [36m<ellipse[39m
                [33mcx[39m=[32m"12"[39m
                [33mcy[39m=[32m"5"[39m
                [33mrx[39m=[32m"9"[39m
                [33mry[39m=[32m"3"[39m
              [36m/>[39m
              [36m<path[39m
                [33md[39m=[32m"M3 5V19A9 3 0 0 0 21 19V5"[39m
              [36m/>[39m
              [36m<path[39m
                [33md[39m=[32m"M3 12A9 3 0 0 0 21 12"[39m
              [36m/>[39m
            [36m</svg>[39m
          ...
 ❯ waitForWrapper node_modules/.pnpm/@testing-library+dom@10.4.1/node_modules/@testing-library/dom/dist/wait-for.js:163:27
 ❯ node_modules/.pnpm/@testing-library+dom@10.4.1/node_modules/@testing-library/dom/dist/query-helpers.js:86:33
 ❯ src/features/managed-data/ManagedDataPage.test.tsx:193:18
    191|
    192|     renderPage();
    193|     await screen.findByRole("columnheader", { name: /subject/ });
       |                  ^
    194|     await user.selectOptions(screen.getByRole("combobox", { name: "Man…
    195|

⎯⎯⎯⎯⎯⎯⎯⎯⎯⎯⎯⎯⎯⎯⎯⎯⎯⎯⎯⎯⎯⎯⎯[5/12]⎯

 FAIL  src/features/managed-data/ManagedDataPage.test.tsx > 配置内容管理页面 > 把空字符串 exact 条件作为真实 JSON String 提交
TestingLibraryElementError: Unable to find role="columnheader" and name `/subject/`

Ignored nodes: comments, script, style
[36m<body>[39m
  [36m<div>[39m
    [36m<div[39m
      [33maria-hidden[39m=[32m"false"[39m
      [33mclass[39m=[32m"protected-workspace"[39m
      [33mdata-session-status[39m=[32m"ready"[39m
    [36m>[39m
      [36m<div[39m
        [33mclass[39m=[32m"app-shell"[39m
      [36m>[39m
        [36m<header[39m
          [33mclass[39m=[32m"app-header"[39m
        [36m>[39m
          [36m<div[39m
            [33mclass[39m=[32m"brand"[39m
          [36m>[39m
            [36m<button[39m
              [33maria-controls[39m=[32m"primary-navigation"[39m
              [33maria-expanded[39m=[32m"false"[39m
              [33maria-label[39m=[32m"打开导航"[39m
              [33mclass[39m=[32m"inline-flex items-center justify-center gap-2 rounded-md text-sm font-medium whitespace-nowrap transition-all outline-none focus-visible:border-ring focus-visible:ring-[3px] focus-visible:ring-ring/50 disabled:pointer-events-none disabled:opacity-50 aria-invalid:border-destructive aria-invalid:ring-destructive/20 dark:aria-invalid:ring-destructive/40 [&_svg]:pointer-events-none [&_svg]:shrink-0 [&_svg:not([class*='size-'])]:size-4 hover:bg-accent hover:text-accent-foreground dark:hover:bg-accent/50 has-[>svg]:px-3 button size-9 shrink-0 p-0 icon-button mobile-menu"[39m
              [33mdata-size[39m=[32m"default"[39m
              [33mdata-slot[39m=[32m"button"[39m
              [33mdata-variant[39m=[32m"ghost"[39m
            [36m>[39m
              [36m<svg[39m
                [33maria-hidden[39m=[32m"true"[39m
                [33mclass[39m=[32m"lucide lucide-menu"[39m
                [33mfill[39m=[32m"none"[39m
                [33mheight[39m=[32m"20"[39m
                [33mstroke[39m=[32m"currentColor"[39m
                [33mstroke-linecap[39m=[32m"round"[39m
                [33mstroke-linejoin[39m=[32m"round"[39m
                [33mstroke-width[39m=[32m"2"[39m
                [33mviewBox[39m=[32m"0 0 24 24"[39m
                [33mwidth[39m=[32m"20"[39m
                [33mxmlns[39m=[32m"http://www.w3.org/2000/svg"[39m
              [36m>[39m
                [36m<path[39m
                  [33md[39m=[32m"M4 5h16"[39m
                [36m/>[39m
                [36m<path[39m
                  [33md[39m=[32m"M4 12h16"[39m
                [36m/>[39m
                [36m<path[39m
                  [33md[39m=[32m"M4 19h16"[39m
                [36m/>[39m
              [36m</svg>[39m
            [36m</button>[39m
            [36m<span[39m
              [33mclass[39m=[32m"brand-mark"[39m
            [36m>[39m
              [36m<svg[39m
                [33maria-hidden[39m=[32m"true"[39m
                [33mclass[39m=[32m"lucide lucide-database"[39m
                [33mfill[39m=[32m"none"[39m
                [33mheight[39m=[32m"20"[39m
                [33mstroke[39m=[32m"currentColor"[39m
                [33mstroke-linecap[39m=[32m"round"[39m
                [33mstroke-linejoin[39m=[32m"round"[39m
                [33mstroke-width[39m=[32m"1.8"[39m
                [33mviewBox[39m=[32m"0 0 24 24"[39m
                [33mwidth[39m=[32m"20"[39m
                [33mxmlns[39m=[32m"http://www.w3.org/2000/svg"[39m
              [36m>[39m
                [36m<ellipse[39m
                  [33mcx[39m=[32m"12"[39m
                  [33mcy[39m=[32m"5"[39m
                  [33mrx[39m=[32m"9"[39m
                  [33mry[39m=[32m"3"[39m
                [36m/>[39m
                [36m<path[39m
                  [33md[39m=[32m"M3 5V19A9 3 0 0 0 21 19V5"[39m
                [36m/>[39m
                [36m<path[39m
                  [33md[39m=[32m"M3 12A9 3 0 0 0 21 12"[39m
                [36m/>[39m
              [36m</svg>[39m
            [36m</span>[39m
            [36m<strong>[39m
              [0m关系型配置中心[0m
            [36m</strong>[39m
          [36m</div>[39m
          [36m<div[39m
            [33mclass[39m=[32m"header-breadcrumb"[39m
          [36m>[39m
            [36m<span>[39m
              [0m工作空间[0m
            [36m</span>[39m
            [36m<svg[39m
              [33maria-hidden[39m=[32m"true"[39m
              [33mclass[39m=[32m"lucide lucide-chevron-right"[39m
              [33mfill[39m=[32m"none"[39m
              [33mheight[39m=[32m"14"[39m
              [33mstroke[39m=[32m"currentColor"[39m
              [33mstroke-linecap[39m=[32m"round"[39m
              [33mstroke-linejoin[39m=[32m"round"[39m
              [33mstroke-width[39m=[32m"2"[39m
              [33mviewBox[39m=[32m"0 0 24 24"[39m
              [33mwidth[39m=[32m"14"[39m
              [33mxmlns[39m=[32m"http://www.w3.org/2000/svg"[39m
            [36m>[39m
              [36m<path[39m
                [33md[39m=[32m"m9 18 6-6-6-6"[39m
              [36m/>[39m
            [36m</svg>[39m
            [36m<strong>[39m
              [0m配置管理[0m
            [36m</strong>[39m
          [36m</div>[39m
          [36m<span[39m
            [33mclass[39m=[32m"inline-flex w-fit shrink-0 items-center justify-center gap-1 overflow-hidden rounded-full border px-2 py-0.5 text-xs font-medium whitespace-nowrap transition-[color,box-shadow] focus-visible:border-ring focus-visible:ring-[3px] focus-visible:ring-ring/50 aria-invalid:border-destructive aria-invalid:ring-destructive/20 dark:aria-invalid:ring-destructive/40 [&>svg]:pointer-events-none [&>svg]:size-3 border-border text-foreground [a&]:hover:bg-accent [a&]:hover:text-accent-foreground header-status"[39m
            [33mdata-slot[39m=[32m"badge"[39m
            [33mdata-variant[39m=[32m"outline"[39m
          [36m>[39m
            [36m<svg[39m
              [33maria-hidden[39m=[32m"true"[39m
              [33mclass[39m=[32m"lucide lucide-database"[39m
              [33mfill[39m=[32m"none"[39m
              [33mheight[39m=[32m"14"[39m
              [33mstroke[39m=[32m"currentColor"[39m
              [33mstroke-linecap[39m=[32m"round"[39m
              [33mstroke-linejoin[39m=[32m"round"[39m
              [33mstroke-width[39m=[32m"2"[39m
              [33mviewBox[39m=[32m"0 0 24 24"[39m
              [33mwidth[39m=[32m"14"[39m
              [33mxmlns[39m=[32m"http://www.w3.org/2000/svg"[39m
            [36m>[39m
              [36m<ellipse[39m
                [33mcx[39m=[32m"12"[39m
                [33mcy[39m=[32m"5"[39m
                [33mrx[39m=[32m"9"[39m
                [33mry[39m=[32m"3"[39m
              [36m/>[39m
              [36m<path[39m
                [33md[39m=[32m"M3 5V19A9 3 0 0 0 21 19V5"[39m
              [36m/>[39m
              [36m<path[39m
                [33md[39m=[32m"M3 12A9 3 0 0 0 21 12"[39m
              [36m/>[39m
            [36m</svg>[39m
          ...

Ignored nodes: comments, script, style
[36m<body>[39m
  [36m<div>[39m
    [36m<div[39m
      [33maria-hidden[39m=[32m"false"[39m
      [33mclass[39m=[32m"protected-workspace"[39m
      [33mdata-session-status[39m=[32m"ready"[39m
    [36m>[39m
      [36m<div[39m
        [33mclass[39m=[32m"app-shell"[39m
      [36m>[39m
        [36m<header[39m
          [33mclass[39m=[32m"app-header"[39m
        [36m>[39m
          [36m<div[39m
            [33mclass[39m=[32m"brand"[39m
          [36m>[39m
            [36m<button[39m
              [33maria-controls[39m=[32m"primary-navigation"[39m
              [33maria-expanded[39m=[32m"false"[39m
              [33maria-label[39m=[32m"打开导航"[39m
              [33mclass[39m=[32m"inline-flex items-center justify-center gap-2 rounded-md text-sm font-medium whitespace-nowrap transition-all outline-none focus-visible:border-ring focus-visible:ring-[3px] focus-visible:ring-ring/50 disabled:pointer-events-none disabled:opacity-50 aria-invalid:border-destructive aria-invalid:ring-destructive/20 dark:aria-invalid:ring-destructive/40 [&_svg]:pointer-events-none [&_svg]:shrink-0 [&_svg:not([class*='size-'])]:size-4 hover:bg-accent hover:text-accent-foreground dark:hover:bg-accent/50 has-[>svg]:px-3 button size-9 shrink-0 p-0 icon-button mobile-menu"[39m
              [33mdata-size[39m=[32m"default"[39m
              [33mdata-slot[39m=[32m"button"[39m
              [33mdata-variant[39m=[32m"ghost"[39m
            [36m>[39m
              [36m<svg[39m
                [33maria-hidden[39m=[32m"true"[39m
                [33mclass[39m=[32m"lucide lucide-menu"[39m
                [33mfill[39m=[32m"none"[39m
                [33mheight[39m=[32m"20"[39m
                [33mstroke[39m=[32m"currentColor"[39m
                [33mstroke-linecap[39m=[32m"round"[39m
                [33mstroke-linejoin[39m=[32m"round"[39m
                [33mstroke-width[39m=[32m"2"[39m
                [33mviewBox[39m=[32m"0 0 24 24"[39m
                [33mwidth[39m=[32m"20"[39m
                [33mxmlns[39m=[32m"http://www.w3.org/2000/svg"[39m
              [36m>[39m
                [36m<path[39m
                  [33md[39m=[32m"M4 5h16"[39m
                [36m/>[39m
                [36m<path[39m
                  [33md[39m=[32m"M4 12h16"[39m
                [36m/>[39m
                [36m<path[39m
                  [33md[39m=[32m"M4 19h16"[39m
                [36m/>[39m
              [36m</svg>[39m
            [36m</button>[39m
            [36m<span[39m
              [33mclass[39m=[32m"brand-mark"[39m
            [36m>[39m
              [36m<svg[39m
                [33maria-hidden[39m=[32m"true"[39m
                [33mclass[39m=[32m"lucide lucide-database"[39m
                [33mfill[39m=[32m"none"[39m
                [33mheight[39m=[32m"20"[39m
                [33mstroke[39m=[32m"currentColor"[39m
                [33mstroke-linecap[39m=[32m"round"[39m
                [33mstroke-linejoin[39m=[32m"round"[39m
                [33mstroke-width[39m=[32m"1.8"[39m
                [33mviewBox[39m=[32m"0 0 24 24"[39m
                [33mwidth[39m=[32m"20"[39m
                [33mxmlns[39m=[32m"http://www.w3.org/2000/svg"[39m
              [36m>[39m
                [36m<ellipse[39m
                  [33mcx[39m=[32m"12"[39m
                  [33mcy[39m=[32m"5"[39m
                  [33mrx[39m=[32m"9"[39m
                  [33mry[39m=[32m"3"[39m
                [36m/>[39m
                [36m<path[39m
                  [33md[39m=[32m"M3 5V19A9 3 0 0 0 21 19V5"[39m
                [36m/>[39m
                [36m<path[39m
                  [33md[39m=[32m"M3 12A9 3 0 0 0 21 12"[39m
                [36m/>[39m
              [36m</svg>[39m
            [36m</span>[39m
            [36m<strong>[39m
              [0m关系型配置中心[0m
            [36m</strong>[39m
          [36m</div>[39m
          [36m<div[39m
            [33mclass[39m=[32m"header-breadcrumb"[39m
          [36m>[39m
            [36m<span>[39m
              [0m工作空间[0m
            [36m</span>[39m
            [36m<svg[39m
              [33maria-hidden[39m=[32m"true"[39m
              [33mclass[39m=[32m"lucide lucide-chevron-right"[39m
              [33mfill[39m=[32m"none"[39m
              [33mheight[39m=[32m"14"[39m
              [33mstroke[39m=[32m"currentColor"[39m
              [33mstroke-linecap[39m=[32m"round"[39m
              [33mstroke-linejoin[39m=[32m"round"[39m
              [33mstroke-width[39m=[32m"2"[39m
              [33mviewBox[39m=[32m"0 0 24 24"[39m
              [33mwidth[39m=[32m"14"[39m
              [33mxmlns[39m=[32m"http://www.w3.org/2000/svg"[39m
            [36m>[39m
              [36m<path[39m
                [33md[39m=[32m"m9 18 6-6-6-6"[39m
              [36m/>[39m
            [36m</svg>[39m
            [36m<strong>[39m
              [0m配置管理[0m
            [36m</strong>[39m
          [36m</div>[39m
          [36m<span[39m
            [33mclass[39m=[32m"inline-flex w-fit shrink-0 items-center justify-center gap-1 overflow-hidden rounded-full border px-2 py-0.5 text-xs font-medium whitespace-nowrap transition-[color,box-shadow] focus-visible:border-ring focus-visible:ring-[3px] focus-visible:ring-ring/50 aria-invalid:border-destructive aria-invalid:ring-destructive/20 dark:aria-invalid:ring-destructive/40 [&>svg]:pointer-events-none [&>svg]:size-3 border-border text-foreground [a&]:hover:bg-accent [a&]:hover:text-accent-foreground header-status"[39m
            [33mdata-slot[39m=[32m"badge"[39m
            [33mdata-variant[39m=[32m"outline"[39m
          [36m>[39m
            [36m<svg[39m
              [33maria-hidden[39m=[32m"true"[39m
              [33mclass[39m=[32m"lucide lucide-database"[39m
              [33mfill[39m=[32m"none"[39m
              [33mheight[39m=[32m"14"[39m
              [33mstroke[39m=[32m"currentColor"[39m
              [33mstroke-linecap[39m=[32m"round"[39m
              [33mstroke-linejoin[39m=[32m"round"[39m
              [33mstroke-width[39m=[32m"2"[39m
              [33mviewBox[39m=[32m"0 0 24 24"[39m
              [33mwidth[39m=[32m"14"[39m
              [33mxmlns[39m=[32m"http://www.w3.org/2000/svg"[39m
            [36m>[39m
              [36m<ellipse[39m
                [33mcx[39m=[32m"12"[39m
                [33mcy[39m=[32m"5"[39m
                [33mrx[39m=[32m"9"[39m
                [33mry[39m=[32m"3"[39m
              [36m/>[39m
              [36m<path[39m
                [33md[39m=[32m"M3 5V19A9 3 0 0 0 21 19V5"[39m
              [36m/>[39m
              [36m<path[39m
                [33md[39m=[32m"M3 12A9 3 0 0 0 21 12"[39m
              [36m/>[39m
            [36m</svg>[39m
          ...
 ❯ waitForWrapper node_modules/.pnpm/@testing-library+dom@10.4.1/node_modules/@testing-library/dom/dist/wait-for.js:163:27
 ❯ node_modules/.pnpm/@testing-library+dom@10.4.1/node_modules/@testing-library/dom/dist/query-helpers.js:86:33
 ❯ src/features/managed-data/ManagedDataPage.test.tsx:220:18
    218|
    219|     renderPage();
    220|     await screen.findByRole("columnheader", { name: /subject/ });
       |                  ^
    221|     await user.click(await screen.findByRole("checkbox", { name: "subj…
    222|     expect(screen.getByRole("textbox", { name: "筛选 subject 值" })).toHa…

⎯⎯⎯⎯⎯⎯⎯⎯⎯⎯⎯⎯⎯⎯⎯⎯⎯⎯⎯⎯⎯⎯⎯[6/12]⎯

 FAIL  src/features/managed-data/ManagedDataPage.test.tsx > 配置内容管理页面 > 提交单字段排序并只用服务端页信息翻页、设置每页数量和清空查询
TestingLibraryElementError: Unable to find an element with the text: 第 1 / 3 页. This could be because the text is broken up by multiple elements. In this case, you can provide a function for your text matcher to make your matcher more flexible.

Ignored nodes: comments, script, style
[36m<body>[39m
  [36m<div>[39m
    [36m<div[39m
      [33maria-hidden[39m=[32m"false"[39m
      [33mclass[39m=[32m"protected-workspace"[39m
      [33mdata-session-status[39m=[32m"ready"[39m
    [36m>[39m
      [36m<div[39m
        [33mclass[39m=[32m"app-shell"[39m
      [36m>[39m
        [36m<header[39m
          [33mclass[39m=[32m"app-header"[39m
        [36m>[39m
          [36m<div[39m
            [33mclass[39m=[32m"brand"[39m
          [36m>[39m
            [36m<button[39m
              [33maria-controls[39m=[32m"primary-navigation"[39m
              [33maria-expanded[39m=[32m"false"[39m
              [33maria-label[39m=[32m"打开导航"[39m
              [33mclass[39m=[32m"inline-flex items-center justify-center gap-2 rounded-md text-sm font-medium whitespace-nowrap transition-all outline-none focus-visible:border-ring focus-visible:ring-[3px] focus-visible:ring-ring/50 disabled:pointer-events-none disabled:opacity-50 aria-invalid:border-destructive aria-invalid:ring-destructive/20 dark:aria-invalid:ring-destructive/40 [&_svg]:pointer-events-none [&_svg]:shrink-0 [&_svg:not([class*='size-'])]:size-4 hover:bg-accent hover:text-accent-foreground dark:hover:bg-accent/50 has-[>svg]:px-3 button size-9 shrink-0 p-0 icon-button mobile-menu"[39m
              [33mdata-size[39m=[32m"default"[39m
              [33mdata-slot[39m=[32m"button"[39m
              [33mdata-variant[39m=[32m"ghost"[39m
            [36m>[39m
              [36m<svg[39m
                [33maria-hidden[39m=[32m"true"[39m
                [33mclass[39m=[32m"lucide lucide-menu"[39m
                [33mfill[39m=[32m"none"[39m
                [33mheight[39m=[32m"20"[39m
                [33mstroke[39m=[32m"currentColor"[39m
                [33mstroke-linecap[39m=[32m"round"[39m
                [33mstroke-linejoin[39m=[32m"round"[39m
                [33mstroke-width[39m=[32m"2"[39m
                [33mviewBox[39m=[32m"0 0 24 24"[39m
                [33mwidth[39m=[32m"20"[39m
                [33mxmlns[39m=[32m"http://www.w3.org/2000/svg"[39m
              [36m>[39m
                [36m<path[39m
                  [33md[39m=[32m"M4 5h16"[39m
                [36m/>[39m
                [36m<path[39m
                  [33md[39m=[32m"M4 12h16"[39m
                [36m/>[39m
                [36m<path[39m
                  [33md[39m=[32m"M4 19h16"[39m
                [36m/>[39m
              [36m</svg>[39m
            [36m</button>[39m
            [36m<span[39m
              [33mclass[39m=[32m"brand-mark"[39m
            [36m>[39m
              [36m<svg[39m
                [33maria-hidden[39m=[32m"true"[39m
                [33mclass[39m=[32m"lucide lucide-database"[39m
                [33mfill[39m=[32m"none"[39m
                [33mheight[39m=[32m"20"[39m
                [33mstroke[39m=[32m"currentColor"[39m
                [33mstroke-linecap[39m=[32m"round"[39m
                [33mstroke-linejoin[39m=[32m"round"[39m
                [33mstroke-width[39m=[32m"1.8"[39m
                [33mviewBox[39m=[32m"0 0 24 24"[39m
                [33mwidth[39m=[32m"20"[39m
                [33mxmlns[39m=[32m"http://www.w3.org/2000/svg"[39m
              [36m>[39m
                [36m<ellipse[39m
                  [33mcx[39m=[32m"12"[39m
                  [33mcy[39m=[32m"5"[39m
                  [33mrx[39m=[32m"9"[39m
                  [33mry[39m=[32m"3"[39m
                [36m/>[39m
                [36m<path[39m
                  [33md[39m=[32m"M3 5V19A9 3 0 0 0 21 19V5"[39m
                [36m/>[39m
                [36m<path[39m
                  [33md[39m=[32m"M3 12A9 3 0 0 0 21 12"[39m
                [36m/>[39m
              [36m</svg>[39m
            [36m</span>[39m
            [36m<strong>[39m
              [0m关系型配置中心[0m
            [36m</strong>[39m
          [36m</div>[39m
          [36m<div[39m
            [33mclass[39m=[32m"header-breadcrumb"[39m
          [36m>[39m
            [36m<span>[39m
              [0m工作空间[0m
            [36m</span>[39m
            [36m<svg[39m
              [33maria-hidden[39m=[32m"true"[39m
              [33mclass[39m=[32m"lucide lucide-chevron-right"[39m
              [33mfill[39m=[32m"none"[39m
              [33mheight[39m=[32m"14"[39m
              [33mstroke[39m=[32m"currentColor"[39m
              [33mstroke-linecap[39m=[32m"round"[39m
              [33mstroke-linejoin[39m=[32m"round"[39m
              [33mstroke-width[39m=[32m"2"[39m
              [33mviewBox[39m=[32m"0 0 24 24"[39m
              [33mwidth[39m=[32m"14"[39m
              [33mxmlns[39m=[32m"http://www.w3.org/2000/svg"[39m
            [36m>[39m
              [36m<path[39m
                [33md[39m=[32m"m9 18 6-6-6-6"[39m
              [36m/>[39m
            [36m</svg>[39m
            [36m<strong>[39m
              [0m配置管理[0m
            [36m</strong>[39m
          [36m</div>[39m
          [36m<span[39m
            [33mclass[39m=[32m"inline-flex w-fit shrink-0 items-center justify-center gap-1 overflow-hidden rounded-full border px-2 py-0.5 text-xs font-medium whitespace-nowrap transition-[color,box-shadow] focus-visible:border-ring focus-visible:ring-[3px] focus-visible:ring-ring/50 aria-invalid:border-destructive aria-invalid:ring-destructive/20 dark:aria-invalid:ring-destructive/40 [&>svg]:pointer-events-none [&>svg]:size-3 border-border text-foreground [a&]:hover:bg-accent [a&]:hover:text-accent-foreground header-status"[39m
            [33mdata-slot[39m=[32m"badge"[39m
            [33mdata-variant[39m=[32m"outline"[39m
          [36m>[39m
            [36m<svg[39m
              [33maria-hidden[39m=[32m"true"[39m
              [33mclass[39m=[32m"lucide lucide-database"[39m
              [33mfill[39m=[32m"none"[39m
              [33mheight[39m=[32m"14"[39m
              [33mstroke[39m=[32m"currentColor"[39m
              [33mstroke-linecap[39m=[32m"round"[39m
              [33mstroke-linejoin[39m=[32m"round"[39m
              [33mstroke-width[39m=[32m"2"[39m
              [33mviewBox[39m=[32m"0 0 24 24"[39m
              [33mwidth[39m=[32m"14"[39m
              [33mxmlns[39m=[32m"http://www.w3.org/2000/svg"[39m
            [36m>[39m
              [36m<ellipse[39m
                [33mcx[39m=[32m"12"[39m
                [33mcy[39m=[32m"5"[39m
                [33mrx[39m=[32m"9"[39m
                [33mry[39m=[32m"3"[39m
              [36m/>[39m
              [36m<path[39m
                [33md[39m=[32m"M3 5V19A9 3 0 0 0 21 19V5"[39m
              [36m/>[39m
              [36m<path[39m
                [33md[39m=[32m"M3 12A9 3 0 0 0 21 12"[39m
              [36m/>[39m
            [36m</svg>[39m
          ...

Ignored nodes: comments, script, style
[36m<body>[39m
  [36m<div>[39m
    [36m<div[39m
      [33maria-hidden[39m=[32m"false"[39m
      [33mclass[39m=[32m"protected-workspace"[39m
      [33mdata-session-status[39m=[32m"ready"[39m
    [36m>[39m
      [36m<div[39m
        [33mclass[39m=[32m"app-shell"[39m
      [36m>[39m
        [36m<header[39m
          [33mclass[39m=[32m"app-header"[39m
        [36m>[39m
          [36m<div[39m
            [33mclass[39m=[32m"brand"[39m
          [36m>[39m
            [36m<button[39m
              [33maria-controls[39m=[32m"primary-navigation"[39m
              [33maria-expanded[39m=[32m"false"[39m
              [33maria-label[39m=[32m"打开导航"[39m
              [33mclass[39m=[32m"inline-flex items-center justify-center gap-2 rounded-md text-sm font-medium whitespace-nowrap transition-all outline-none focus-visible:border-ring focus-visible:ring-[3px] focus-visible:ring-ring/50 disabled:pointer-events-none disabled:opacity-50 aria-invalid:border-destructive aria-invalid:ring-destructive/20 dark:aria-invalid:ring-destructive/40 [&_svg]:pointer-events-none [&_svg]:shrink-0 [&_svg:not([class*='size-'])]:size-4 hover:bg-accent hover:text-accent-foreground dark:hover:bg-accent/50 has-[>svg]:px-3 button size-9 shrink-0 p-0 icon-button mobile-menu"[39m
              [33mdata-size[39m=[32m"default"[39m
              [33mdata-slot[39m=[32m"button"[39m
              [33mdata-variant[39m=[32m"ghost"[39m
            [36m>[39m
              [36m<svg[39m
                [33maria-hidden[39m=[32m"true"[39m
                [33mclass[39m=[32m"lucide lucide-menu"[39m
                [33mfill[39m=[32m"none"[39m
                [33mheight[39m=[32m"20"[39m
                [33mstroke[39m=[32m"currentColor"[39m
                [33mstroke-linecap[39m=[32m"round"[39m
                [33mstroke-linejoin[39m=[32m"round"[39m
                [33mstroke-width[39m=[32m"2"[39m
                [33mviewBox[39m=[32m"0 0 24 24"[39m
                [33mwidth[39m=[32m"20"[39m
                [33mxmlns[39m=[32m"http://www.w3.org/2000/svg"[39m
              [36m>[39m
                [36m<path[39m
                  [33md[39m=[32m"M4 5h16"[39m
                [36m/>[39m
                [36m<path[39m
                  [33md[39m=[32m"M4 12h16"[39m
                [36m/>[39m
                [36m<path[39m
                  [33md[39m=[32m"M4 19h16"[39m
                [36m/>[39m
              [36m</svg>[39m
            [36m</button>[39m
            [36m<span[39m
              [33mclass[39m=[32m"brand-mark"[39m
            [36m>[39m
              [36m<svg[39m
                [33maria-hidden[39m=[32m"true"[39m
                [33mclass[39m=[32m"lucide lucide-database"[39m
                [33mfill[39m=[32m"none"[39m
                [33mheight[39m=[32m"20"[39m
                [33mstroke[39m=[32m"currentColor"[39m
                [33mstroke-linecap[39m=[32m"round"[39m
                [33mstroke-linejoin[39m=[32m"round"[39m
                [33mstroke-width[39m=[32m"1.8"[39m
                [33mviewBox[39m=[32m"0 0 24 24"[39m
                [33mwidth[39m=[32m"20"[39m
                [33mxmlns[39m=[32m"http://www.w3.org/2000/svg"[39m
              [36m>[39m
                [36m<ellipse[39m
                  [33mcx[39m=[32m"12"[39m
                  [33mcy[39m=[32m"5"[39m
                  [33mrx[39m=[32m"9"[39m
                  [33mry[39m=[32m"3"[39m
                [36m/>[39m
                [36m<path[39m
                  [33md[39m=[32m"M3 5V19A9 3 0 0 0 21 19V5"[39m
                [36m/>[39m
                [36m<path[39m
                  [33md[39m=[32m"M3 12A9 3 0 0 0 21 12"[39m
                [36m/>[39m
              [36m</svg>[39m
            [36m</span>[39m
            [36m<strong>[39m
              [0m关系型配置中心[0m
            [36m</strong>[39m
          [36m</div>[39m
          [36m<div[39m
            [33mclass[39m=[32m"header-breadcrumb"[39m
          [36m>[39m
            [36m<span>[39m
              [0m工作空间[0m
            [36m</span>[39m
            [36m<svg[39m
              [33maria-hidden[39m=[32m"true"[39m
              [33mclass[39m=[32m"lucide lucide-chevron-right"[39m
              [33mfill[39m=[32m"none"[39m
              [33mheight[39m=[32m"14"[39m
              [33mstroke[39m=[32m"currentColor"[39m
              [33mstroke-linecap[39m=[32m"round"[39m
              [33mstroke-linejoin[39m=[32m"round"[39m
              [33mstroke-width[39m=[32m"2"[39m
              [33mviewBox[39m=[32m"0 0 24 24"[39m
              [33mwidth[39m=[32m"14"[39m
              [33mxmlns[39m=[32m"http://www.w3.org/2000/svg"[39m
            [36m>[39m
              [36m<path[39m
                [33md[39m=[32m"m9 18 6-6-6-6"[39m
              [36m/>[39m
            [36m</svg>[39m
            [36m<strong>[39m
              [0m配置管理[0m
            [36m</strong>[39m
          [36m</div>[39m
          [36m<span[39m
            [33mclass[39m=[32m"inline-flex w-fit shrink-0 items-center justify-center gap-1 overflow-hidden rounded-full border px-2 py-0.5 text-xs font-medium whitespace-nowrap transition-[color,box-shadow] focus-visible:border-ring focus-visible:ring-[3px] focus-visible:ring-ring/50 aria-invalid:border-destructive aria-invalid:ring-destructive/20 dark:aria-invalid:ring-destructive/40 [&>svg]:pointer-events-none [&>svg]:size-3 border-border text-foreground [a&]:hover:bg-accent [a&]:hover:text-accent-foreground header-status"[39m
            [33mdata-slot[39m=[32m"badge"[39m
            [33mdata-variant[39m=[32m"outline"[39m
          [36m>[39m
            [36m<svg[39m
              [33maria-hidden[39m=[32m"true"[39m
              [33mclass[39m=[32m"lucide lucide-database"[39m
              [33mfill[39m=[32m"none"[39m
              [33mheight[39m=[32m"14"[39m
              [33mstroke[39m=[32m"currentColor"[39m
              [33mstroke-linecap[39m=[32m"round"[39m
              [33mstroke-linejoin[39m=[32m"round"[39m
              [33mstroke-width[39m=[32m"2"[39m
              [33mviewBox[39m=[32m"0 0 24 24"[39m
              [33mwidth[39m=[32m"14"[39m
              [33mxmlns[39m=[32m"http://www.w3.org/2000/svg"[39m
            [36m>[39m
              [36m<ellipse[39m
                [33mcx[39m=[32m"12"[39m
                [33mcy[39m=[32m"5"[39m
                [33mrx[39m=[32m"9"[39m
                [33mry[39m=[32m"3"[39m
              [36m/>[39m
              [36m<path[39m
                [33md[39m=[32m"M3 5V19A9 3 0 0 0 21 19V5"[39m
              [36m/>[39m
              [36m<path[39m
                [33md[39m=[32m"M3 12A9 3 0 0 0 21 12"[39m
              [36m/>[39m
            [36m</svg>[39m
          ...
 ❯ waitForWrapper node_modules/.pnpm/@testing-library+dom@10.4.1/node_modules/@testing-library/dom/dist/wait-for.js:163:27
 ❯ node_modules/.pnpm/@testing-library+dom@10.4.1/node_modules/@testing-library/dom/dist/query-helpers.js:86:33
 ❯ src/features/managed-data/ManagedDataPage.test.tsx:256:25
    254|
    255|     renderPage();
    256|     expect(await screen.findByText("第 1 / 3 页")).toBeVisible();
       |                         ^
    257|     await user.selectOptions(screen.getByRole("combobox", { name: "排序字…
    258|     await user.selectOptions(screen.getByRole("combobox", { name: "排序方…

⎯⎯⎯⎯⎯⎯⎯⎯⎯⎯⎯⎯⎯⎯⎯⎯⎯⎯⎯⎯⎯⎯⎯[7/12]⎯

 FAIL  src/features/managed-data/ManagedDataPage.test.tsx > 配置内容管理页面 > 即使 Query Spec 已经为空，清空也会重新查询
TestingLibraryElementError: Unable to find role="columnheader" and name `/id/`

Ignored nodes: comments, script, style
[36m<body>[39m
  [36m<div>[39m
    [36m<div[39m
      [33maria-hidden[39m=[32m"false"[39m
      [33mclass[39m=[32m"protected-workspace"[39m
      [33mdata-session-status[39m=[32m"ready"[39m
    [36m>[39m
      [36m<div[39m
        [33mclass[39m=[32m"app-shell"[39m
      [36m>[39m
        [36m<header[39m
          [33mclass[39m=[32m"app-header"[39m
        [36m>[39m
          [36m<div[39m
            [33mclass[39m=[32m"brand"[39m
          [36m>[39m
            [36m<button[39m
              [33maria-controls[39m=[32m"primary-navigation"[39m
              [33maria-expanded[39m=[32m"false"[39m
              [33maria-label[39m=[32m"打开导航"[39m
              [33mclass[39m=[32m"inline-flex items-center justify-center gap-2 rounded-md text-sm font-medium whitespace-nowrap transition-all outline-none focus-visible:border-ring focus-visible:ring-[3px] focus-visible:ring-ring/50 disabled:pointer-events-none disabled:opacity-50 aria-invalid:border-destructive aria-invalid:ring-destructive/20 dark:aria-invalid:ring-destructive/40 [&_svg]:pointer-events-none [&_svg]:shrink-0 [&_svg:not([class*='size-'])]:size-4 hover:bg-accent hover:text-accent-foreground dark:hover:bg-accent/50 has-[>svg]:px-3 button size-9 shrink-0 p-0 icon-button mobile-menu"[39m
              [33mdata-size[39m=[32m"default"[39m
              [33mdata-slot[39m=[32m"button"[39m
              [33mdata-variant[39m=[32m"ghost"[39m
            [36m>[39m
              [36m<svg[39m
                [33maria-hidden[39m=[32m"true"[39m
                [33mclass[39m=[32m"lucide lucide-menu"[39m
                [33mfill[39m=[32m"none"[39m
                [33mheight[39m=[32m"20"[39m
                [33mstroke[39m=[32m"currentColor"[39m
                [33mstroke-linecap[39m=[32m"round"[39m
                [33mstroke-linejoin[39m=[32m"round"[39m
                [33mstroke-width[39m=[32m"2"[39m
                [33mviewBox[39m=[32m"0 0 24 24"[39m
                [33mwidth[39m=[32m"20"[39m
                [33mxmlns[39m=[32m"http://www.w3.org/2000/svg"[39m
              [36m>[39m
                [36m<path[39m
                  [33md[39m=[32m"M4 5h16"[39m
                [36m/>[39m
                [36m<path[39m
                  [33md[39m=[32m"M4 12h16"[39m
                [36m/>[39m
                [36m<path[39m
                  [33md[39m=[32m"M4 19h16"[39m
                [36m/>[39m
              [36m</svg>[39m
            [36m</button>[39m
            [36m<span[39m
              [33mclass[39m=[32m"brand-mark"[39m
            [36m>[39m
              [36m<svg[39m
                [33maria-hidden[39m=[32m"true"[39m
                [33mclass[39m=[32m"lucide lucide-database"[39m
                [33mfill[39m=[32m"none"[39m
                [33mheight[39m=[32m"20"[39m
                [33mstroke[39m=[32m"currentColor"[39m
                [33mstroke-linecap[39m=[32m"round"[39m
                [33mstroke-linejoin[39m=[32m"round"[39m
                [33mstroke-width[39m=[32m"1.8"[39m
                [33mviewBox[39m=[32m"0 0 24 24"[39m
                [33mwidth[39m=[32m"20"[39m
                [33mxmlns[39m=[32m"http://www.w3.org/2000/svg"[39m
              [36m>[39m
                [36m<ellipse[39m
                  [33mcx[39m=[32m"12"[39m
                  [33mcy[39m=[32m"5"[39m
                  [33mrx[39m=[32m"9"[39m
                  [33mry[39m=[32m"3"[39m
                [36m/>[39m
                [36m<path[39m
                  [33md[39m=[32m"M3 5V19A9 3 0 0 0 21 19V5"[39m
                [36m/>[39m
                [36m<path[39m
                  [33md[39m=[32m"M3 12A9 3 0 0 0 21 12"[39m
                [36m/>[39m
              [36m</svg>[39m
            [36m</span>[39m
            [36m<strong>[39m
              [0m关系型配置中心[0m
            [36m</strong>[39m
          [36m</div>[39m
          [36m<div[39m
            [33mclass[39m=[32m"header-breadcrumb"[39m
          [36m>[39m
            [36m<span>[39m
              [0m工作空间[0m
            [36m</span>[39m
            [36m<svg[39m
              [33maria-hidden[39m=[32m"true"[39m
              [33mclass[39m=[32m"lucide lucide-chevron-right"[39m
              [33mfill[39m=[32m"none"[39m
              [33mheight[39m=[32m"14"[39m
              [33mstroke[39m=[32m"currentColor"[39m
              [33mstroke-linecap[39m=[32m"round"[39m
              [33mstroke-linejoin[39m=[32m"round"[39m
              [33mstroke-width[39m=[32m"2"[39m
              [33mviewBox[39m=[32m"0 0 24 24"[39m
              [33mwidth[39m=[32m"14"[39m
              [33mxmlns[39m=[32m"http://www.w3.org/2000/svg"[39m
            [36m>[39m
              [36m<path[39m
                [33md[39m=[32m"m9 18 6-6-6-6"[39m
              [36m/>[39m
            [36m</svg>[39m
            [36m<strong>[39m
              [0m配置管理[0m
            [36m</strong>[39m
          [36m</div>[39m
          [36m<span[39m
            [33mclass[39m=[32m"inline-flex w-fit shrink-0 items-center justify-center gap-1 overflow-hidden rounded-full border px-2 py-0.5 text-xs font-medium whitespace-nowrap transition-[color,box-shadow] focus-visible:border-ring focus-visible:ring-[3px] focus-visible:ring-ring/50 aria-invalid:border-destructive aria-invalid:ring-destructive/20 dark:aria-invalid:ring-destructive/40 [&>svg]:pointer-events-none [&>svg]:size-3 border-border text-foreground [a&]:hover:bg-accent [a&]:hover:text-accent-foreground header-status"[39m
            [33mdata-slot[39m=[32m"badge"[39m
            [33mdata-variant[39m=[32m"outline"[39m
          [36m>[39m
            [36m<svg[39m
              [33maria-hidden[39m=[32m"true"[39m
              [33mclass[39m=[32m"lucide lucide-database"[39m
              [33mfill[39m=[32m"none"[39m
              [33mheight[39m=[32m"14"[39m
              [33mstroke[39m=[32m"currentColor"[39m
              [33mstroke-linecap[39m=[32m"round"[39m
              [33mstroke-linejoin[39m=[32m"round"[39m
              [33mstroke-width[39m=[32m"2"[39m
              [33mviewBox[39m=[32m"0 0 24 24"[39m
              [33mwidth[39m=[32m"14"[39m
              [33mxmlns[39m=[32m"http://www.w3.org/2000/svg"[39m
            [36m>[39m
              [36m<ellipse[39m
                [33mcx[39m=[32m"12"[39m
                [33mcy[39m=[32m"5"[39m
                [33mrx[39m=[32m"9"[39m
                [33mry[39m=[32m"3"[39m
              [36m/>[39m
              [36m<path[39m
                [33md[39m=[32m"M3 5V19A9 3 0 0 0 21 19V5"[39m
              [36m/>[39m
              [36m<path[39m
                [33md[39m=[32m"M3 12A9 3 0 0 0 21 12"[39m
              [36m/>[39m
            [36m</svg>[39m
          ...

Ignored nodes: comments, script, style
[36m<body>[39m
  [36m<div>[39m
    [36m<div[39m
      [33maria-hidden[39m=[32m"false"[39m
      [33mclass[39m=[32m"protected-workspace"[39m
      [33mdata-session-status[39m=[32m"ready"[39m
    [36m>[39m
      [36m<div[39m
        [33mclass[39m=[32m"app-shell"[39m
      [36m>[39m
        [36m<header[39m
          [33mclass[39m=[32m"app-header"[39m
        [36m>[39m
          [36m<div[39m
            [33mclass[39m=[32m"brand"[39m
          [36m>[39m
            [36m<button[39m
              [33maria-controls[39m=[32m"primary-navigation"[39m
              [33maria-expanded[39m=[32m"false"[39m
              [33maria-label[39m=[32m"打开导航"[39m
              [33mclass[39m=[32m"inline-flex items-center justify-center gap-2 rounded-md text-sm font-medium whitespace-nowrap transition-all outline-none focus-visible:border-ring focus-visible:ring-[3px] focus-visible:ring-ring/50 disabled:pointer-events-none disabled:opacity-50 aria-invalid:border-destructive aria-invalid:ring-destructive/20 dark:aria-invalid:ring-destructive/40 [&_svg]:pointer-events-none [&_svg]:shrink-0 [&_svg:not([class*='size-'])]:size-4 hover:bg-accent hover:text-accent-foreground dark:hover:bg-accent/50 has-[>svg]:px-3 button size-9 shrink-0 p-0 icon-button mobile-menu"[39m
              [33mdata-size[39m=[32m"default"[39m
              [33mdata-slot[39m=[32m"button"[39m
              [33mdata-variant[39m=[32m"ghost"[39m
            [36m>[39m
              [36m<svg[39m
                [33maria-hidden[39m=[32m"true"[39m
                [33mclass[39m=[32m"lucide lucide-menu"[39m
                [33mfill[39m=[32m"none"[39m
                [33mheight[39m=[32m"20"[39m
                [33mstroke[39m=[32m"currentColor"[39m
                [33mstroke-linecap[39m=[32m"round"[39m
                [33mstroke-linejoin[39m=[32m"round"[39m
                [33mstroke-width[39m=[32m"2"[39m
                [33mviewBox[39m=[32m"0 0 24 24"[39m
                [33mwidth[39m=[32m"20"[39m
                [33mxmlns[39m=[32m"http://www.w3.org/2000/svg"[39m
              [36m>[39m
                [36m<path[39m
                  [33md[39m=[32m"M4 5h16"[39m
                [36m/>[39m
                [36m<path[39m
                  [33md[39m=[32m"M4 12h16"[39m
                [36m/>[39m
                [36m<path[39m
                  [33md[39m=[32m"M4 19h16"[39m
                [36m/>[39m
              [36m</svg>[39m
            [36m</button>[39m
            [36m<span[39m
              [33mclass[39m=[32m"brand-mark"[39m
            [36m>[39m
              [36m<svg[39m
                [33maria-hidden[39m=[32m"true"[39m
                [33mclass[39m=[32m"lucide lucide-database"[39m
                [33mfill[39m=[32m"none"[39m
                [33mheight[39m=[32m"20"[39m
                [33mstroke[39m=[32m"currentColor"[39m
                [33mstroke-linecap[39m=[32m"round"[39m
                [33mstroke-linejoin[39m=[32m"round"[39m
                [33mstroke-width[39m=[32m"1.8"[39m
                [33mviewBox[39m=[32m"0 0 24 24"[39m
                [33mwidth[39m=[32m"20"[39m
                [33mxmlns[39m=[32m"http://www.w3.org/2000/svg"[39m
              [36m>[39m
                [36m<ellipse[39m
                  [33mcx[39m=[32m"12"[39m
                  [33mcy[39m=[32m"5"[39m
                  [33mrx[39m=[32m"9"[39m
                  [33mry[39m=[32m"3"[39m
                [36m/>[39m
                [36m<path[39m
                  [33md[39m=[32m"M3 5V19A9 3 0 0 0 21 19V5"[39m
                [36m/>[39m
                [36m<path[39m
                  [33md[39m=[32m"M3 12A9 3 0 0 0 21 12"[39m
                [36m/>[39m
              [36m</svg>[39m
            [36m</span>[39m
            [36m<strong>[39m
              [0m关系型配置中心[0m
            [36m</strong>[39m
          [36m</div>[39m
          [36m<div[39m
            [33mclass[39m=[32m"header-breadcrumb"[39m
          [36m>[39m
            [36m<span>[39m
              [0m工作空间[0m
            [36m</span>[39m
            [36m<svg[39m
              [33maria-hidden[39m=[32m"true"[39m
              [33mclass[39m=[32m"lucide lucide-chevron-right"[39m
              [33mfill[39m=[32m"none"[39m
              [33mheight[39m=[32m"14"[39m
              [33mstroke[39m=[32m"currentColor"[39m
              [33mstroke-linecap[39m=[32m"round"[39m
              [33mstroke-linejoin[39m=[32m"round"[39m
              [33mstroke-width[39m=[32m"2"[39m
              [33mviewBox[39m=[32m"0 0 24 24"[39m
              [33mwidth[39m=[32m"14"[39m
              [33mxmlns[39m=[32m"http://www.w3.org/2000/svg"[39m
            [36m>[39m
              [36m<path[39m
                [33md[39m=[32m"m9 18 6-6-6-6"[39m
              [36m/>[39m
            [36m</svg>[39m
            [36m<strong>[39m
              [0m配置管理[0m
            [36m</strong>[39m
          [36m</div>[39m
          [36m<span[39m
            [33mclass[39m=[32m"inline-flex w-fit shrink-0 items-center justify-center gap-1 overflow-hidden rounded-full border px-2 py-0.5 text-xs font-medium whitespace-nowrap transition-[color,box-shadow] focus-visible:border-ring focus-visible:ring-[3px] focus-visible:ring-ring/50 aria-invalid:border-destructive aria-invalid:ring-destructive/20 dark:aria-invalid:ring-destructive/40 [&>svg]:pointer-events-none [&>svg]:size-3 border-border text-foreground [a&]:hover:bg-accent [a&]:hover:text-accent-foreground header-status"[39m
            [33mdata-slot[39m=[32m"badge"[39m
            [33mdata-variant[39m=[32m"outline"[39m
          [36m>[39m
            [36m<svg[39m
              [33maria-hidden[39m=[32m"true"[39m
              [33mclass[39m=[32m"lucide lucide-database"[39m
              [33mfill[39m=[32m"none"[39m
              [33mheight[39m=[32m"14"[39m
              [33mstroke[39m=[32m"currentColor"[39m
              [33mstroke-linecap[39m=[32m"round"[39m
              [33mstroke-linejoin[39m=[32m"round"[39m
              [33mstroke-width[39m=[32m"2"[39m
              [33mviewBox[39m=[32m"0 0 24 24"[39m
              [33mwidth[39m=[32m"14"[39m
              [33mxmlns[39m=[32m"http://www.w3.org/2000/svg"[39m
            [36m>[39m
              [36m<ellipse[39m
                [33mcx[39m=[32m"12"[39m
                [33mcy[39m=[32m"5"[39m
                [33mrx[39m=[32m"9"[39m
                [33mry[39m=[32m"3"[39m
              [36m/>[39m
              [36m<path[39m
                [33md[39m=[32m"M3 5V19A9 3 0 0 0 21 19V5"[39m
              [36m/>[39m
              [36m<path[39m
                [33md[39m=[32m"M3 12A9 3 0 0 0 21 12"[39m
              [36m/>[39m
            [36m</svg>[39m
          ...
 ❯ waitForWrapper node_modules/.pnpm/@testing-library+dom@10.4.1/node_modules/@testing-library/dom/dist/wait-for.js:163:27
 ❯ node_modules/.pnpm/@testing-library+dom@10.4.1/node_modules/@testing-library/dom/dist/query-helpers.js:86:33
 ❯ src/features/managed-data/ManagedDataPage.test.tsx:295:18
    293|
    294|     renderPage();
    295|     await screen.findByRole("columnheader", { name: /id/ });
       |                  ^
    296|     await user.click(screen.getByRole("button", { name: "清空" }));
    297|

⎯⎯⎯⎯⎯⎯⎯⎯⎯⎯⎯⎯⎯⎯⎯⎯⎯⎯⎯⎯⎯⎯⎯[8/12]⎯

 FAIL  src/features/managed-data/ManagedDataPage.test.tsx > 配置内容管理页面 > 清晰呈现 Managed Data 稳定错误和 Request ID
Error: expect(element).toHaveTextContent()

Expected element to have text content:
  Managed Table 查询超时，请缩小条件或分页范围后重试
Received:
  Admin 响应与 Web 契约不一致。请求编号：req-managed-data重试
 ❯ src/features/managed-data/ManagedDataPage.test.tsx:314:19
    312|
    313|     const alert = await screen.findByRole("alert", undefined, { timeou…
    314|     expect(alert).toHaveTextContent("Managed Table 查询超时，请缩小条件或分页范围后重试"…
       |                   ^
    315|     expect(alert).toHaveTextContent("req-timeout-27");
    316|   });

⎯⎯⎯⎯⎯⎯⎯⎯⎯⎯⎯⎯⎯⎯⎯⎯⎯⎯⎯⎯⎯⎯⎯[9/12]⎯

 FAIL  src/features/managed-data/ManagedDataPage.test.tsx > 配置内容管理页面 > 呈现 invalid_policy_snapshot 稳定错误和 Request ID
Error: expect(element).toHaveTextContent()

Expected element to have text content:
  当前规则快照无法执行
Received:
  Admin 响应与 Web 契约不一致。请求编号：req-managed-data重试
 ❯ src/features/managed-data/ManagedDataPage.test.tsx:334:19
    332|
    333|     const alert = await screen.findByRole("alert");
    334|     expect(alert).toHaveTextContent(expectedMessage);
       |                   ^
    335|     expect(alert).toHaveTextContent(requestId);
    336|     expect(alert).not.toHaveTextContent("unsafe backend detail");

⎯⎯⎯⎯⎯⎯⎯⎯⎯⎯⎯⎯⎯⎯⎯⎯⎯⎯⎯⎯⎯⎯[10/12]⎯

 FAIL  src/features/managed-data/ManagedDataPage.test.tsx > 配置内容管理页面 > 呈现 incompatible_table 稳定错误和 Request ID
Error: expect(element).toHaveTextContent()

Expected element to have text content:
  表结构不符合 Managed Table 要求
Received:
  Admin 响应与 Web 契约不一致。请求编号：req-managed-data重试
 ❯ src/features/managed-data/ManagedDataPage.test.tsx:334:19
    332|
    333|     const alert = await screen.findByRole("alert");
    334|     expect(alert).toHaveTextContent(expectedMessage);
       |                   ^
    335|     expect(alert).toHaveTextContent(requestId);
    336|     expect(alert).not.toHaveTextContent("unsafe backend detail");

⎯⎯⎯⎯⎯⎯⎯⎯⎯⎯⎯⎯⎯⎯⎯⎯⎯⎯⎯⎯⎯⎯[11/12]⎯

 FAIL  src/features/managed-data/ManagedDataPage.test.tsx > 配置内容管理页面 > 不会自动重放 POST Query Spec
Error: expect(element).toHaveTextContent()

Expected element to have text content:
  req-no-retry-27
Received:
  Admin 响应与 Web 契约不一致。请求编号：req-managed-data重试
 ❯ src/features/managed-data/ManagedDataPage.test.tsx:351:46
    349|
    350|     renderPage(1);
    351|     expect(await screen.findByRole("alert")).toHaveTextContent("req-no…
       |                                              ^
    352|     expect(fetchMock.mock.calls.filter(([url]) => String(url).endsWith…
    353|   });

⎯⎯⎯⎯⎯⎯⎯⎯⎯⎯⎯⎯⎯⎯⎯⎯⎯⎯⎯⎯⎯⎯[12/12]⎯

⎯⎯⎯⎯⎯⎯ Unhandled Errors ⎯⎯⎯⎯⎯⎯

Vitest caught 1 unhandled error during the test run.
This might cause false positive tests. Resolve unhandled errors to make sure your tests are not affected.

⎯⎯⎯⎯⎯ Uncaught Exception ⎯⎯⎯⎯⎯
Error: listen EPERM: operation not permitted 127.0.0.1
 ❯ Server.setupListenHandle [as _listen2] node:net:2145:21
 ❯ listenInCluster node:net:2224:12
 ❯ node:net:2448:7
 ❯ processTicksAndRejections node:internal/process/task_queues:90:21

⎯⎯⎯⎯⎯⎯⎯⎯⎯⎯⎯⎯⎯⎯⎯⎯⎯⎯⎯⎯⎯⎯⎯⎯⎯⎯⎯⎯⎯⎯
Serialized Error: { code: 'EPERM', errno: -1, syscall: 'listen', address: '127.0.0.1' }
This error originated in "src/api/client-stream.test.ts" test file. It doesn't mean the error was thrown inside the file itself, but while it was running.
The latest test that might've caused the error is "retains received HTTP status and Request ID after a real TCP response body interruption". It might mean one of the following:
- The error was thrown, while Vitest was running this test.
- If the error occurred after the test had been completed, this was the last documented test before it was thrown.
⎯⎯⎯⎯⎯⎯⎯⎯⎯⎯⎯⎯⎯⎯⎯⎯⎯⎯⎯⎯⎯⎯⎯⎯⎯⎯⎯⎯⎯⎯


 Test Files  2 failed | 37 passed (39)
      Tests  12 failed | 414 passed (426)
     Errors  1 error
   Start at  11:34:22
   Duration  31.93s (transform 3.88s, setup 8.59s, import 14.10s, tests 138.06s, environment 19.68s)

[?25h ELIFECYCLE  Command failed with exit code 1.
