=== RUN   TestReleaseSubmitFreezesIntent
2026/09/11 11:19:52 github.com/testcontainers/testcontainers-go - Connected to docker: 
  Server Version: 29.5.2
  API Version: 1.54
  Operating System: Ubuntu 24.04.4 LTS
  Total Memory: 3904 MB
  Testcontainers for Go Version: v0.44.0
  Resolved Docker Host: unix:///Users/asher/.colima/default/docker.sock
  Resolved Docker Socket Path: /Users/asher/.colima/default/docker.sock
  Test SessionID: 456e973370b23298b981bc22d7002288802a7bcf9d1e83d770346a636fc33b66
  Test ProcessID: c3b4c103-dfdf-4f62-b9a6-ff2ecd55d8a5
2026/09/11 11:19:52 🐳 Creating container for image mysql:8.4
2026/09/11 11:19:52 ✅ Container created: 23bf3cde005d
2026/09/11 11:19:52 🐳 Starting container: 23bf3cde005d
2026/09/11 11:19:52 ✅ Container started: 23bf3cde005d
2026/09/11 11:19:52 ⏳ Waiting for container id 23bf3cde005d image: mysql:8.4. Waiting for: all of: [log message "port: 3306  MySQL Community Server"]
2026/09/11 11:19:58 🔔 Container is ready: 23bf3cde005d
{"request_id":"rcc-c132dbb022efe6ae030787e6bd40e7da","method":"GET","path":"/api/v1/auth/csrf","status":200,"duration_ms":6}
{"request_id":"rcc-1b4e42a835248fe25eb2cb9acb8c69f6","method":"POST","path":"/api/v1/auth/register","status":201,"duration_ms":45}
{"request_id":"rcc-9a1b39beaa9c321049992f3c10f46e35","method":"GET","path":"/api/v1/auth/csrf","status":200,"duration_ms":5}
{"request_id":"rcc-55d83f13d3ad232511366872f9ca1c3a","method":"POST","path":"/api/v1/auth/login","status":200,"duration_ms":51}
{"request_id":"rcc-201bfb6be280f662492f8d4893364541","method":"GET","path":"/api/v1/table-policies/:table_name/release-templates","status":200,"duration_ms":2}
{"request_id":"rcc-bb9645a4573735e7e07712b78cd061bd","method":"PUT","path":"/api/v1/table-policies/:table_name/release-templates/:release_type","status":200,"duration_ms":8}
{"request_id":"rcc-24df5ea1823f6374d8b193fb42d38f74","method":"GET","path":"/api/v1/auth/csrf","status":200,"duration_ms":5}
{"request_id":"rcc-c30437c5c42330e6fcbd68b4a7b02a23","method":"POST","path":"/api/v1/auth/register","status":201,"duration_ms":44}
{"request_id":"rcc-8d1dd749487518f254c0654fe759bae0","method":"POST","path":"/api/v1/approval-roles","status":201,"duration_ms":12}
{"request_id":"rcc-124a6882010323b824e0ca5ba68f7be7","method":"GET","path":"/api/v1/table-policies/:table_name/approval-roles","status":200,"duration_ms":2}
{"request_id":"rcc-3fa762bfbaa8305ab2069f31052ac1cd","method":"PUT","path":"/api/v1/table-policies/:table_name/approval-roles","status":200,"duration_ms":13}
{"request_id":"rcc-b6ac8b49739a3a7e408894905ec6d390","method":"POST","path":"/api/v1/release-orders","status":201,"duration_ms":32}
{"request_id":"rcc-8c6915c1508b5a2bb43380c248d219c1","method":"POST","path":"/api/v1/release-orders/:id/submit","status":200,"duration_ms":61}
{"request_id":"rcc-c00a5db38de27e1c80a30af6c75d1a8e","method":"PUT","path":"/api/v1/release-orders/:id","status":422,"duration_ms":5}
{"request_id":"rcc-ab16765af25772d1dd02a9c7e9d65336","method":"POST","path":"/api/v1/tables/:table_name/query","status":200,"duration_ms":11}
2026/09/11 11:20:00 🐳 Stopping container: 23bf3cde005d
2026/09/11 11:20:01 ✅ Container stopped: 23bf3cde005d
2026/09/11 11:20:01 🐳 Terminating container: 23bf3cde005d
2026/09/11 11:20:01 🚫 Container terminated: 23bf3cde005d
--- PASS: TestReleaseSubmitFreezesIntent (8.98s)
=== RUN   TestReleaseApprovalCurrentRolesAndHistory
2026/09/11 11:20:01 🐳 Creating container for image mysql:8.4
2026/09/11 11:20:01 ✅ Container created: 8333cd3b619c
2026/09/11 11:20:01 🐳 Starting container: 8333cd3b619c
2026/09/11 11:20:01 ✅ Container started: 8333cd3b619c
2026/09/11 11:20:01 ⏳ Waiting for container id 8333cd3b619c image: mysql:8.4. Waiting for: all of: [log message "port: 3306  MySQL Community Server"]
2026/09/11 11:20:07 🔔 Container is ready: 8333cd3b619c
{"request_id":"rcc-7a2c3ff128a12c74fdec40d31f95a679","method":"GET","path":"/api/v1/auth/csrf","status":200,"duration_ms":5}
{"request_id":"rcc-28e5227a13a4a7a3fa5ebc3b4b2e16ad","method":"POST","path":"/api/v1/auth/register","status":201,"duration_ms":42}
{"request_id":"rcc-35984b944f986b60d4b8af99878c12c0","method":"GET","path":"/api/v1/auth/csrf","status":200,"duration_ms":5}
{"request_id":"rcc-07bca725bb75fb207898eb5ad2c15b62","method":"POST","path":"/api/v1/auth/login","status":200,"duration_ms":53}
{"request_id":"rcc-47fee6f2c095198abd0e9be7a4fd74a8","method":"GET","path":"/api/v1/table-policies/:table_name/release-templates","status":200,"duration_ms":2}
{"request_id":"rcc-0a328efe546bcb7346d4a63a35e6d4bf","method":"PUT","path":"/api/v1/table-policies/:table_name/release-templates/:release_type","status":200,"duration_ms":8}
{"request_id":"rcc-c548c8f29eddba599f06c3b7cdb3e80d","method":"GET","path":"/api/v1/auth/csrf","status":200,"duration_ms":5}
{"request_id":"rcc-703dc70e7c3a2480204d3e51bd732598","method":"POST","path":"/api/v1/auth/register","status":201,"duration_ms":45}
{"request_id":"rcc-b91927625a632b95dccb0e123570eb9a","method":"GET","path":"/api/v1/auth/csrf","status":200,"duration_ms":5}
{"request_id":"rcc-f24a817995eab7ce7dc124c54006b415","method":"POST","path":"/api/v1/auth/register","status":201,"duration_ms":44}
{"request_id":"rcc-e9eca0318f80674bd5532344f54e8e0c","method":"POST","path":"/api/v1/approval-roles","status":201,"duration_ms":12}
{"request_id":"rcc-9dc2a4d365da6c63921f9e0311ed1ae5","method":"GET","path":"/api/v1/table-policies/:table_name/approval-roles","status":200,"duration_ms":3}
{"request_id":"rcc-5310407b9a335f25e4420b837c088262","method":"PUT","path":"/api/v1/table-policies/:table_name/approval-roles","status":200,"duration_ms":15}
{"request_id":"rcc-1bdc7af377837aaf8e6a4bd8de76f03c","method":"POST","path":"/api/v1/release-orders","status":201,"duration_ms":30}
{"request_id":"rcc-6fcac04384152d86bcf2738cfa707fb6","method":"POST","path":"/api/v1/release-orders/:id/submit","status":200,"duration_ms":83}
{"request_id":"rcc-345529b776de0ee290456d85d478dd43","method":"GET","path":"/api/v1/release-orders/:id","status":200,"duration_ms":13}
{"request_id":"rcc-13f3f27824fc5924ccc01c0b7828ed82","method":"POST","path":"/api/v1/release-orders/:id/approve","status":403,"duration_ms":9}
{"request_id":"rcc-d032e26eccfae99a557b1d304c96596d","method":"POST","path":"/api/v1/release-orders/:id/approve","status":403,"duration_ms":16}
{"request_id":"rcc-1b44b993bc04729b8ba48f0988f9a8cb","method":"PUT","path":"/api/v1/approval-roles/:id","status":200,"duration_ms":27}
{"request_id":"rcc-1d8336f17a2a971f80b1ced8b1206839","method":"GET","path":"/api/v1/release-orders/:id","status":200,"duration_ms":9}
{"request_id":"rcc-7f27edac09583b8bbd091bcc811e8cea","method":"GET","path":"/api/v1/release-orders/:id","status":200,"duration_ms":9}
{"request_id":"rcc-373a5e714eb157a1a05b206c5c092095","method":"POST","path":"/api/v1/release-orders/:id/approve","status":422,"duration_ms":17}
{"request_id":"rcc-a0a2c4d8ee784bcc61daa89d18cd837e","method":"GET","path":"/api/v1/release-orders/:id","status":200,"duration_ms":11}
{"request_id":"rcc-574b6091a27e9ee74536a9510b9575fe","method":"POST","path":"/api/v1/release-orders/:id/reject","status":422,"duration_ms":15}
{"request_id":"rcc-1c0db6f410938415eaa5b9266d310287","method":"POST","path":"/api/v1/release-orders/:id/approve","status":200,"duration_ms":55}
{"request_id":"rcc-be015190520ed3b48016c469fa968f90","method":"POST","path":"/api/v1/release-orders/:id/approve","status":200,"duration_ms":27}
{"request_id":"rcc-1cb9400f3cbd9f4fcddf45445fa39243","method":"POST","path":"/api/v1/release-orders/:id/approve","status":409,"duration_ms":4}
{"request_id":"rcc-581c8a8adca1ca8e813dd3f9502ec988","method":"PUT","path":"/api/v1/approval-roles/:id","status":200,"duration_ms":18}
{"request_id":"rcc-03c9733d7cae6a0eb81e4815ae6cac5d","method":"POST","path":"/api/v1/release-orders/:id/approve","status":403,"duration_ms":11}
{"request_id":"rcc-3edff900a93c4e41b78f236c3daa9e07","method":"GET","path":"/api/v1/release-orders/:id","status":200,"duration_ms":9}
{"request_id":"rcc-e17bd2ca04e9c67421b7bfbf4b870c00","method":"GET","path":"/api/v1/release-orders/:id/details","status":200,"duration_ms":6}
{"request_id":"rcc-98f144674955444501b1355f3405fe3c","method":"POST","path":"/api/v1/release-orders/:id/cancel","status":200,"duration_ms":26}
{"request_id":"rcc-0a4c51e14f505095ea7915058fb612ff","method":"PUT","path":"/api/v1/approval-roles/:id","status":200,"duration_ms":15}
{"request_id":"rcc-9b5b7cf3c4034e0f952b89d54b3e09a0","method":"POST","path":"/api/v1/release-orders/:id/approve","status":200,"duration_ms":17}
{"request_id":"rcc-5a091655b3615727ab5d8cf9cfa71468","method":"GET","path":"/api/v1/release-orders/:id","status":200,"duration_ms":7}
{"request_id":"rcc-2d4da5cc9dbd69172dc61acd1e8b4174","method":"GET","path":"/api/v1/release-orders/:id/details","status":200,"duration_ms":7}
2026/09/11 11:20:09 🐳 Stopping container: 8333cd3b619c
2026/09/11 11:20:11 ✅ Container stopped: 8333cd3b619c
2026/09/11 11:20:11 🐳 Terminating container: 8333cd3b619c
2026/09/11 11:20:11 🚫 Container terminated: 8333cd3b619c
--- PASS: TestReleaseApprovalCurrentRolesAndHistory (9.77s)
=== RUN   TestReleaseWorkflowAtomicityAndCompetition
2026/09/11 11:20:11 🐳 Creating container for image mysql:8.4
2026/09/11 11:20:11 ✅ Container created: 594643f8bda7
2026/09/11 11:20:11 🐳 Starting container: 594643f8bda7
2026/09/11 11:20:11 ✅ Container started: 594643f8bda7
2026/09/11 11:20:11 ⏳ Waiting for container id 594643f8bda7 image: mysql:8.4. Waiting for: all of: [log message "port: 3306  MySQL Community Server"]
2026/09/11 11:20:18 🔔 Container is ready: 594643f8bda7
{"request_id":"rcc-ba09eceb4d247d73e7e91b94e843c915","method":"GET","path":"/api/v1/auth/csrf","status":200,"duration_ms":7}
{"request_id":"rcc-1860ea9995445a6aca96418df48d957e","method":"POST","path":"/api/v1/auth/register","status":201,"duration_ms":45}
{"request_id":"rcc-575abedda72829454b996fd4dafa1914","method":"GET","path":"/api/v1/auth/csrf","status":200,"duration_ms":5}
{"request_id":"rcc-176f81a8d02863b6ac3a972ea1aeaf71","method":"POST","path":"/api/v1/auth/login","status":200,"duration_ms":54}
{"request_id":"rcc-2689cf1f3d548803bb3559364f481241","method":"GET","path":"/api/v1/table-policies/:table_name/release-templates","status":200,"duration_ms":2}
{"request_id":"rcc-5bb03dd799a5a1e3b329d55cbd10bd6e","method":"PUT","path":"/api/v1/table-policies/:table_name/release-templates/:release_type","status":200,"duration_ms":9}
{"request_id":"rcc-5ebd118f3da92c5ce577107250f68d4b","method":"GET","path":"/api/v1/auth/csrf","status":200,"duration_ms":5}
{"request_id":"rcc-d95b2ed5281c358c4314d66fe40a13ac","method":"POST","path":"/api/v1/auth/register","status":201,"duration_ms":45}
{"request_id":"rcc-3c88190e41ee9c8820a2aeb1251e5d88","method":"POST","path":"/api/v1/approval-roles","status":201,"duration_ms":12}
{"request_id":"rcc-f2842d4c57009425a253af08660296ac","method":"GET","path":"/api/v1/table-policies/:table_name/approval-roles","status":200,"duration_ms":3}
{"request_id":"rcc-2e156286bcc68484f31605de329c2966","method":"PUT","path":"/api/v1/table-policies/:table_name/approval-roles","status":200,"duration_ms":17}
{"request_id":"rcc-58cc735238231851ba0c7cc544a744d8","method":"POST","path":"/api/v1/release-orders","status":201,"duration_ms":34}
{"request_id":"rcc-f269e2f1ee685df2cc7f08917352e457","method":"POST","path":"/api/v1/release-orders/:id/submit","status":503,"duration_ms":54}
{"request_id":"rcc-37d8585a82a98f90c1de45da76323a15","method":"GET","path":"/api/v1/release-orders/:id","status":200,"duration_ms":9}
{"request_id":"rcc-4e206c83d71c7c1fc1e430447c1ac893","method":"GET","path":"/api/v1/release-orders/:id/details","status":200,"duration_ms":3}
{"request_id":"rcc-3543674a7e458acb28f2a1ebafaa7fc3","method":"POST","path":"/api/v1/release-orders/:id/submit","status":200,"duration_ms":62}
{"request_id":"rcc-6dfbbd2e0d2e7b800cb768b2f8372adb","method":"GET","path":"/api/v1/release-orders/:id","status":200,"duration_ms":6}
{"request_id":"rcc-d1e9c666ffd8f65fbd592a1d370ec0e1","method":"POST","path":"/api/v1/release-orders/:id/reject","status":200,"duration_ms":27}
{"request_id":"rcc-38e07e3b116db078fdf01f90cb9dbcfe","method":"POST","path":"/api/v1/release-orders/:id/approve","status":409,"duration_ms":29}
{"request_id":"rcc-a6f882f0c1233f029859f1bc853d8c6a","method":"POST","path":"/api/v1/release-orders/:id/cancel","status":409,"duration_ms":36}
{"request_id":"rcc-1c55037cdb7990e3c2c11e9aacc610b0","method":"GET","path":"/api/v1/release-orders/:id","status":200,"duration_ms":7}
{"request_id":"rcc-5cfd9a476d061ae39eb0f71cfe0edbf4","method":"GET","path":"/api/v1/release-orders/:id/details","status":200,"duration_ms":3}
{"request_id":"rcc-aba0017b17104552949f54228cefc7d3","method":"POST","path":"/api/v1/tables/:table_name/query","status":200,"duration_ms":11}
2026/09/11 11:20:19 🐳 Stopping container: 594643f8bda7
2026/09/11 11:20:20 ✅ Container stopped: 594643f8bda7
2026/09/11 11:20:20 🐳 Terminating container: 594643f8bda7
2026/09/11 11:20:20 🚫 Container terminated: 594643f8bda7
--- PASS: TestReleaseWorkflowAtomicityAndCompetition (9.78s)
=== RUN   TestReleaseSubmitRevalidatesBaselineAndRules
2026/09/11 11:20:20 🐳 Creating container for image mysql:8.4
2026/09/11 11:20:20 ✅ Container created: 5582dba1425e
2026/09/11 11:20:20 🐳 Starting container: 5582dba1425e
2026/09/11 11:20:21 ✅ Container started: 5582dba1425e
2026/09/11 11:20:21 ⏳ Waiting for container id 5582dba1425e image: mysql:8.4. Waiting for: all of: [log message "port: 3306  MySQL Community Server"]
2026/09/11 11:20:27 🔔 Container is ready: 5582dba1425e
{"request_id":"rcc-fca272ced7cd4bf5f9e8f0259b01c3bf","method":"GET","path":"/api/v1/auth/csrf","status":200,"duration_ms":6}
{"request_id":"rcc-3ff8ccd912a064a8c1c6c73707f1f760","method":"POST","path":"/api/v1/auth/register","status":201,"duration_ms":47}
{"request_id":"rcc-7d9670fd1cb6e39d4bf0a17baee7323a","method":"GET","path":"/api/v1/auth/csrf","status":200,"duration_ms":6}
{"request_id":"rcc-11e1e782cd9354860c0168ce21e24005","method":"POST","path":"/api/v1/auth/login","status":200,"duration_ms":61}
{"request_id":"rcc-9a30e533a69f45d7c9884e6975328094","method":"GET","path":"/api/v1/table-policies/:table_name/release-templates","status":200,"duration_ms":4}
{"request_id":"rcc-b0a5fb40a1571aacc85caf578f119d71","method":"PUT","path":"/api/v1/table-policies/:table_name/release-templates/:release_type","status":200,"duration_ms":17}
{"request_id":"rcc-055f58a2222a640fcc73f62973b33b2a","method":"POST","path":"/api/v1/release-orders","status":201,"duration_ms":50}
{"request_id":"rcc-938418ad715593dcd52faa0b0d440ce9","method":"GET","path":"/api/v1/table-policies/:table_name","status":200,"duration_ms":2}
{"request_id":"rcc-c617b2bec6769a7a8ec7eaad3e7fd9ce","method":"POST","path":"/api/v1/table-policies/:table_name/disable","status":200,"duration_ms":14}
{"request_id":"rcc-de3d9af29335ed6ad0d39357afbabe0c","method":"POST","path":"/api/v1/release-orders/:id/submit","status":403,"duration_ms":38}
{"request_id":"rcc-a735441767a7ea5dfe8060fb50a8a70c","method":"GET","path":"/api/v1/table-policies/:table_name","status":200,"duration_ms":1}
{"request_id":"rcc-c29c92a84c0d07fd9234439044c220f5","method":"POST","path":"/api/v1/table-policies/:table_name/enable","status":200,"duration_ms":26}
{"request_id":"rcc-8d49769c7b799b3103bcf07458560781","method":"POST","path":"/api/v1/release-orders/:id/submit","status":409,"duration_ms":41}
{"request_id":"rcc-1f454391fcbd9ea8dc55c0abdccf3e0d","method":"GET","path":"/api/v1/release-orders/:id","status":200,"duration_ms":5}
{"request_id":"rcc-aea6c5cb1d9444ddce4897fe1e549bed","method":"GET","path":"/api/v1/release-orders/:id/details","status":200,"duration_ms":3}
2026/09/11 11:20:29 🐳 Stopping container: 5582dba1425e
2026/09/11 11:20:29 ✅ Container stopped: 5582dba1425e
2026/09/11 11:20:29 🐳 Terminating container: 5582dba1425e
2026/09/11 11:20:29 🚫 Container terminated: 5582dba1425e
--- PASS: TestReleaseSubmitRevalidatesBaselineAndRules (9.08s)
=== RUN   TestReleaseCompletionRetainsKnownTargets
2026/09/11 11:20:29 🐳 Creating container for image mysql:8.4
2026/09/11 11:20:29 ✅ Container created: 2a6eee8045d6
2026/09/11 11:20:29 🐳 Starting container: 2a6eee8045d6
2026/09/11 11:20:30 ✅ Container started: 2a6eee8045d6
2026/09/11 11:20:30 ⏳ Waiting for container id 2a6eee8045d6 image: mysql:8.4. Waiting for: all of: [log message "port: 3306  MySQL Community Server"]
2026/09/11 11:20:37 🔔 Container is ready: 2a6eee8045d6
{"request_id":"rcc-2cc33b0ea7f1160c4489b31e3cfeb878","method":"GET","path":"/api/v1/auth/csrf","status":200,"duration_ms":6}
{"request_id":"rcc-94202e44d29113bfc72f040e8fdb4bda","method":"POST","path":"/api/v1/auth/register","status":201,"duration_ms":45}
{"request_id":"rcc-506ac047a7bf7ae15d44a4079f08844c","method":"GET","path":"/api/v1/auth/csrf","status":200,"duration_ms":5}
{"request_id":"rcc-93c7995a43d978601d587ce01255f851","method":"POST","path":"/api/v1/auth/login","status":200,"duration_ms":59}
{"request_id":"rcc-c2ee534b1c2e4791eaf9bdf4d621d41a","method":"GET","path":"/api/v1/table-policies/:table_name/release-templates","status":200,"duration_ms":2}
{"request_id":"rcc-346fe1632e4e0beaa106e792b19811f9","method":"PUT","path":"/api/v1/table-policies/:table_name/release-templates/:release_type","status":200,"duration_ms":9}
{"request_id":"rcc-945dc05df69e90b95a8c6ec92c6a9191","method":"GET","path":"/api/v1/auth/csrf","status":200,"duration_ms":6}
{"request_id":"rcc-725968a07175d3294c90a1402e9f9572","method":"POST","path":"/api/v1/auth/register","status":201,"duration_ms":50}
{"request_id":"rcc-4ab1df0189dc7403f0672d636138b3dc","method":"POST","path":"/api/v1/release-orders","status":201,"duration_ms":33}
{"request_id":"rcc-0a239a5a8ca27e34c4b40520521114d4","method":"POST","path":"/api/v1/approval-roles","status":201,"duration_ms":14}
{"request_id":"rcc-773ff4e8d9882322d170b87ee691e614","method":"GET","path":"/api/v1/table-policies/:table_name/approval-roles","status":200,"duration_ms":3}
{"request_id":"rcc-1fc881b773c5a814d99a40bd06fa3b53","method":"PUT","path":"/api/v1/table-policies/:table_name/approval-roles","status":200,"duration_ms":16}
{"request_id":"rcc-110adea7a1791c0e739659284ff46781","method":"POST","path":"/api/v1/release-orders/:id/submit","status":200,"duration_ms":68}
{"request_id":"rcc-fa57356ad4f6c031d4b950cb29da964f","method":"GET","path":"/api/v1/release-orders/:id","status":200,"duration_ms":8}
{"request_id":"rcc-7008e7d931cf95d88eb648b8983308b2","method":"POST","path":"/api/v1/release-orders/:id/approve","status":200,"duration_ms":30}
{"request_id":"rcc-d412632247d4f5b48ffaf489fe5e719a","method":"POST","path":"/api/v1/release-orders/:id/execute","status":200,"duration_ms":97}
{"request_id":"rcc-de807c0b964f09b2c0f2fd813fef6013","method":"POST","path":"/api/v1/release-orders","status":409,"duration_ms":56}
{"request_id":"rcc-87240143a6b102114ced1b29446c3242","method":"POST","path":"/api/v1/release-orders","status":201,"duration_ms":133}
{"request_id":"rcc-5e2950eb805c86a66d05e0238b3d7f3e","method":"POST","path":"/api/v1/approval-roles","status":201,"duration_ms":17}
{"request_id":"rcc-81413546fb40535e89571c868a7f26bf","method":"GET","path":"/api/v1/table-policies/:table_name/approval-roles","status":200,"duration_ms":5}
{"request_id":"rcc-9afa5305ef8c9e5fbc27a441ac4c5216","method":"PUT","path":"/api/v1/table-policies/:table_name/approval-roles","status":200,"duration_ms":20}
{"request_id":"rcc-2d115760f756e2ab444cadfc4a363910","method":"POST","path":"/api/v1/release-orders/:id/submit","status":200,"duration_ms":66}
{"request_id":"rcc-b67c5aee38997e431baee68564a2d2e5","method":"GET","path":"/api/v1/release-orders/:id","status":200,"duration_ms":6}
{"request_id":"rcc-0eab4dacee9c43b1ef37f7caa5a78368","method":"POST","path":"/api/v1/release-orders/:id/approve","status":200,"duration_ms":23}
{"request_id":"rcc-82424804e60b8303ecb83ae2199d8d15","method":"POST","path":"/api/v1/release-orders/:id/execute","status":200,"duration_ms":76}
{"request_id":"rcc-d4678a076bca478056f0edce602fdc75","method":"POST","path":"/api/v1/tables/:table_name/query","status":200,"duration_ms":11}
2026/09/11 11:20:39 🐳 Stopping container: 2a6eee8045d6
2026/09/11 11:20:40 ✅ Container stopped: 2a6eee8045d6
2026/09/11 11:20:40 🐳 Terminating container: 2a6eee8045d6
2026/09/11 11:20:40 🚫 Container terminated: 2a6eee8045d6
--- PASS: TestReleaseCompletionRetainsKnownTargets (11.01s)
=== RUN   TestReleaseCompletionRolesConcurrencyAndReplay
2026/09/11 11:20:40 🐳 Creating container for image mysql:8.4
2026/09/11 11:20:40 ✅ Container created: 98d164d82ac0
2026/09/11 11:20:40 🐳 Starting container: 98d164d82ac0
2026/09/11 11:20:41 ✅ Container started: 98d164d82ac0
2026/09/11 11:20:41 ⏳ Waiting for container id 98d164d82ac0 image: mysql:8.4. Waiting for: all of: [log message "port: 3306  MySQL Community Server"]
2026/09/11 11:20:47 🔔 Container is ready: 98d164d82ac0
{"request_id":"rcc-6def099df45a78f6fe7231dd34367365","method":"GET","path":"/api/v1/auth/csrf","status":200,"duration_ms":8}
{"request_id":"rcc-25eeb0aa79e9fa4d2db18e182771f452","method":"POST","path":"/api/v1/auth/register","status":201,"duration_ms":48}
{"request_id":"rcc-0b52489d0cc8fe538ab7366d024be476","method":"GET","path":"/api/v1/auth/csrf","status":200,"duration_ms":6}
{"request_id":"rcc-ab39ac38ed0113630aaac85df5df74d4","method":"POST","path":"/api/v1/auth/login","status":200,"duration_ms":56}
{"request_id":"rcc-4e511a9c687cd2c4a57598f22c9de78d","method":"GET","path":"/api/v1/table-policies/:table_name/release-templates","status":200,"duration_ms":3}
{"request_id":"rcc-403398c3d7a31fe0a74f8fb335fc8804","method":"PUT","path":"/api/v1/table-policies/:table_name/release-templates/:release_type","status":200,"duration_ms":9}
{"request_id":"rcc-8efbaa33b5c7d81088110f9b4e53eaf6","method":"GET","path":"/api/v1/auth/csrf","status":200,"duration_ms":6}
{"request_id":"rcc-db12835be4df7d3f481c62fa080f6940","method":"POST","path":"/api/v1/auth/register","status":201,"duration_ms":46}
{"request_id":"rcc-e1f5ab63e9a06a053d4329cd600392f7","method":"POST","path":"/api/v1/release-orders","status":201,"duration_ms":37}
{"request_id":"rcc-39f4604e8e13422263eba13bc5d0b74e","method":"POST","path":"/api/v1/approval-roles","status":201,"duration_ms":18}
{"request_id":"rcc-531968b691c2b11e2c63e84e5bafadb2","method":"GET","path":"/api/v1/table-policies/:table_name/approval-roles","status":200,"duration_ms":3}
{"request_id":"rcc-2b90e04b87d3e83acdbe207724e99e4b","method":"PUT","path":"/api/v1/table-policies/:table_name/approval-roles","status":200,"duration_ms":18}
{"request_id":"rcc-1223f320eb5a2a8485118923fdc7c46d","method":"POST","path":"/api/v1/release-orders/:id/submit","status":200,"duration_ms":68}
{"request_id":"rcc-901f934ef3cba1ca5ce5238589042a6e","method":"GET","path":"/api/v1/release-orders/:id","status":200,"duration_ms":8}
{"request_id":"rcc-77a0ca3006d7907270a7b9918fe35bca","method":"POST","path":"/api/v1/release-orders/:id/approve","status":200,"duration_ms":29}
{"request_id":"rcc-f06bf466a64c37f23fa239e0b6516e12","method":"POST","path":"/api/v1/release-orders/:id/complete","status":422,"duration_ms":8}
{"request_id":"rcc-34780ccff8373e9a3d0d80ecff660dec","method":"POST","path":"/api/v1/release-orders/:id/execute","status":200,"duration_ms":125}
{"request_id":"rcc-ad30d35a4e39b75aae2fb4c401712ad8","method":"GET","path":"/api/v1/auth/csrf","status":200,"duration_ms":5}
{"request_id":"rcc-2300c277db606c40a11dd5203c0696c7","method":"POST","path":"/api/v1/auth/register","status":201,"duration_ms":46}
{"request_id":"rcc-d4647479903be5806106421f8a1e6baf","method":"POST","path":"/api/v1/release-orders/:id/complete","status":403,"duration_ms":0}
{"request_id":"rcc-8a3ee92d9563b4422c0d76fb86ad8029","method":"GET","path":"/api/v1/release-orders/:id","status":200,"duration_ms":8}
{"request_id":"rcc-7ad9390407eb6c3aa787c2632e40bcac","method":"GET","path":"/api/v1/release-orders/:id/details","status":200,"duration_ms":5}
{"request_id":"rcc-269a6ea1910108d4361ce39cf2b82c04","method":"PUT","path":"/api/v1/account-roles/:id","status":200,"duration_ms":11}
{"request_id":"rcc-6a5e88b14935c5971d7dd8fbd52d2f20","method":"POST","path":"/api/v1/release-orders/:id/complete","status":403,"duration_ms":1}
{"request_id":"rcc-f44e7cf294e245ee2b24e30a302bb977","method":"GET","path":"/api/v1/release-orders/:id","status":200,"duration_ms":8}
{"request_id":"rcc-1deef0cfa1ff7f01e1b8f69f20001c68","method":"GET","path":"/api/v1/release-orders/:id/details","status":200,"duration_ms":4}
{"request_id":"rcc-1e8f4b958b0dc096334e24736203fa5f","method":"PUT","path":"/api/v1/account-roles/:id","status":200,"duration_ms":10}
{"request_id":"rcc-d425acec55be8bab9df6693ad048d73d","method":"POST","path":"/api/v1/release-orders/:id/complete","status":403,"duration_ms":1}
{"request_id":"rcc-64f604b16e014d39067e9c3e469bb8d9","method":"GET","path":"/api/v1/release-orders/:id","status":200,"duration_ms":8}
{"request_id":"rcc-03d7752a94dfdd2e79614f503c89a315","method":"GET","path":"/api/v1/release-orders/:id/details","status":200,"duration_ms":5}
{"request_id":"rcc-b66387f0b85764c821da92167a37e4eb","method":"PUT","path":"/api/v1/account-roles/:id","status":200,"duration_ms":10}
{"request_id":"rcc-0f8629b70404b6fe5a836d41b6848e0c","method":"POST","path":"/api/v1/release-orders/:id/complete","status":409,"duration_ms":8}
{"request_id":"rcc-f448969eb480b41faf1a59939e898c27","method":"POST","path":"/api/v1/release-orders/:id/complete","status":409,"duration_ms":31}
{"request_id":"rcc-bad4829760a9e2a86446e53c6a386f7f","method":"POST","path":"/api/v1/release-orders/:id/complete","status":200,"duration_ms":33}
{"request_id":"rcc-365beceb8cd44447f31fb9b64f1952b0","method":"POST","path":"/api/v1/release-orders/:id/complete","status":200,"duration_ms":18}
{"request_id":"rcc-c52e1f1e7adea1bd1419b767d00369df","method":"POST","path":"/api/v1/release-orders/:id/complete","status":409,"duration_ms":5}
{"request_id":"rcc-9739f777d2a0e63386bb632974d5fc86","method":"POST","path":"/api/v1/release-orders/:id/complete","status":422,"duration_ms":8}
{"request_id":"rcc-80aaf27b77d67bbcc849aa7f88b4d66f","method":"GET","path":"/api/v1/release-orders/:id","status":200,"duration_ms":9}
{"request_id":"rcc-b467505613602e0f38f2a857934b9b6d","method":"GET","path":"/api/v1/release-orders/:id/details","status":200,"duration_ms":5}
{"request_id":"rcc-b2156a3a1385f09c6150a79b399e51e5","method":"PUT","path":"/api/v1/account-roles/:id","status":200,"duration_ms":14}
{"request_id":"rcc-9b3abf7ad1d3d8bf1f11319545d89541","method":"POST","path":"/api/v1/release-orders/:id/complete","status":403,"duration_ms":1}
2026/09/11 11:20:49 🐳 Stopping container: 98d164d82ac0
2026/09/11 11:20:50 ✅ Container stopped: 98d164d82ac0
2026/09/11 11:20:50 🐳 Terminating container: 98d164d82ac0
2026/09/11 11:20:50 🚫 Container terminated: 98d164d82ac0
--- PASS: TestReleaseCompletionRolesConcurrencyAndReplay (9.93s)
=== RUN   TestReleaseCompletionPersistenceFailureIsAtomic
2026/09/11 11:20:50 🐳 Creating container for image mysql:8.4
2026/09/11 11:20:50 ✅ Container created: 064bc3691642
2026/09/11 11:20:50 🐳 Starting container: 064bc3691642
2026/09/11 11:20:51 ✅ Container started: 064bc3691642
2026/09/11 11:20:51 ⏳ Waiting for container id 064bc3691642 image: mysql:8.4. Waiting for: all of: [log message "port: 3306  MySQL Community Server"]
2026/09/11 11:20:57 🔔 Container is ready: 064bc3691642
{"request_id":"rcc-fc545e64326e648107b92dd96d290bd9","method":"GET","path":"/api/v1/auth/csrf","status":200,"duration_ms":5}
{"request_id":"rcc-d7b131af280186abb5955c3fb21c67e8","method":"POST","path":"/api/v1/auth/register","status":201,"duration_ms":42}
{"request_id":"rcc-ee9506c13ea1bf097d69821ae0cfa99b","method":"GET","path":"/api/v1/auth/csrf","status":200,"duration_ms":5}
{"request_id":"rcc-2620f40ba5e58321770a4239dbd5f573","method":"POST","path":"/api/v1/auth/login","status":200,"duration_ms":50}
{"request_id":"rcc-7c7110fe4140e224344e210930d65836","method":"GET","path":"/api/v1/table-policies/:table_name/release-templates","status":200,"duration_ms":2}
{"request_id":"rcc-ce0a44b56807aa11be64c11d4f4dfee7","method":"PUT","path":"/api/v1/table-policies/:table_name/release-templates/:release_type","status":200,"duration_ms":7}
{"request_id":"rcc-6fdb2c02067eddc47491db818e9610eb","method":"GET","path":"/api/v1/auth/csrf","status":200,"duration_ms":4}
{"request_id":"rcc-b67df5863465c0ef03ba6cc18c7c8deb","method":"POST","path":"/api/v1/auth/register","status":201,"duration_ms":41}
{"request_id":"rcc-304093b18768218c3867c8e50c24e758","method":"POST","path":"/api/v1/release-orders","status":201,"duration_ms":27}
{"request_id":"rcc-355e28a1dfe51805a79477f2071f1636","method":"POST","path":"/api/v1/approval-roles","status":201,"duration_ms":11}
{"request_id":"rcc-a6b76f2a21ceb85b3f0526b7b3a72c45","method":"GET","path":"/api/v1/table-policies/:table_name/approval-roles","status":200,"duration_ms":2}
{"request_id":"rcc-cdba63ed6d8af49e88dccf5c18f514dd","method":"PUT","path":"/api/v1/table-policies/:table_name/approval-roles","status":200,"duration_ms":13}
{"request_id":"rcc-13ded58ff956312316cde1d1937ea152","method":"POST","path":"/api/v1/release-orders/:id/submit","status":200,"duration_ms":60}
{"request_id":"rcc-361dbc761501b84b31dfafd76e9e3aba","method":"GET","path":"/api/v1/release-orders/:id","status":200,"duration_ms":6}
{"request_id":"rcc-c4b776f27052c1b09d55e8e6a16c83cf","method":"POST","path":"/api/v1/release-orders/:id/approve","status":200,"duration_ms":23}
{"request_id":"rcc-fdd84870372d8150c21a16f37d37be31","method":"POST","path":"/api/v1/release-orders/:id/execute","status":200,"duration_ms":77}
{"request_id":"rcc-eb3cb47443b232fb31eb7d1909ddc1dc","method":"POST","path":"/api/v1/release-orders","status":409,"duration_ms":20}
=== RUN   TestReleaseCompletionPersistenceFailureIsAtomic/rcc_release_targets
{"request_id":"rcc-47b83b202a305cc8a70e48b4234c2e1a","method":"POST","path":"/api/v1/release-orders/:id/complete","status":503,"duration_ms":8}
{"request_id":"rcc-6fb871362c74ad7243785fb7517cf314","method":"GET","path":"/api/v1/release-orders/:id","status":200,"duration_ms":6}
{"request_id":"rcc-1a4c3f4d9a1e3b8c6ba95c98c4c5069b","method":"GET","path":"/api/v1/release-orders/:id/details","status":200,"duration_ms":3}
{"request_id":"rcc-9e9fb3612203c9b84b94ac50ae6a4521","method":"POST","path":"/api/v1/release-orders","status":409,"duration_ms":22}
{"request_id":"rcc-81146942695ce47a470ad24854db0d80","method":"POST","path":"/api/v1/tables/:table_name/query","status":200,"duration_ms":10}
=== RUN   TestReleaseCompletionPersistenceFailureIsAtomic/rcc_release_orders
{"request_id":"rcc-2011fa6a36b55f96f38e2dd9ce195d5f","method":"POST","path":"/api/v1/release-orders/:id/complete","status":503,"duration_ms":12}
{"request_id":"rcc-5c5e3daeb3a98abb2eedbb17d61402a8","method":"GET","path":"/api/v1/release-orders/:id","status":200,"duration_ms":7}
{"request_id":"rcc-c384901c5d671a694199697ecc4608a2","method":"GET","path":"/api/v1/release-orders/:id/details","status":200,"duration_ms":3}
{"request_id":"rcc-3a550574f3256fef5fb4a86fa7c7f97e","method":"POST","path":"/api/v1/release-orders","status":409,"duration_ms":21}
{"request_id":"rcc-a3fa5fa6c5cf2a16db1353505140b4b1","method":"POST","path":"/api/v1/tables/:table_name/query","status":200,"duration_ms":11}
=== RUN   TestReleaseCompletionPersistenceFailureIsAtomic/rcc_release_requests
{"request_id":"rcc-c6c1f903b2d910389fcb30149c233718","method":"POST","path":"/api/v1/release-orders/:id/complete","status":503,"duration_ms":15}
{"request_id":"rcc-fbfb29d019c0b25964ebb7df2ab08b3e","method":"GET","path":"/api/v1/release-orders/:id","status":200,"duration_ms":7}
{"request_id":"rcc-7d1074cee5bb9897d54896e8aa66555f","method":"GET","path":"/api/v1/release-orders/:id/details","status":200,"duration_ms":3}
{"request_id":"rcc-c648299ff7efcd7f0cddf7964a3dc182","method":"POST","path":"/api/v1/release-orders","status":409,"duration_ms":28}
{"request_id":"rcc-a7975339d89a6512ec3e449f4b82343c","method":"POST","path":"/api/v1/tables/:table_name/query","status":200,"duration_ms":10}
{"request_id":"rcc-ab080d92723aa75be4d975558b6297c0","method":"POST","path":"/api/v1/release-orders/:id/complete","status":200,"duration_ms":23}
{"request_id":"rcc-053ff4853f6e9f53d82935f4ade00425","method":"POST","path":"/api/v1/release-orders","status":201,"duration_ms":30}
2026/09/11 11:20:58 🐳 Stopping container: 064bc3691642
2026/09/11 11:20:59 ✅ Container stopped: 064bc3691642
2026/09/11 11:20:59 🐳 Terminating container: 064bc3691642
2026/09/11 11:20:59 🚫 Container terminated: 064bc3691642
--- PASS: TestReleaseCompletionPersistenceFailureIsAtomic (8.85s)
    --- PASS: TestReleaseCompletionPersistenceFailureIsAtomic/rcc_release_targets (0.06s)
    --- PASS: TestReleaseCompletionPersistenceFailureIsAtomic/rcc_release_orders (0.06s)
    --- PASS: TestReleaseCompletionPersistenceFailureIsAtomic/rcc_release_requests (0.07s)
=== RUN   TestMultitableCopyCompetesForEveryTargetAndLinksBothOrders
2026/09/11 11:20:59 🐳 Creating container for image mysql:8.4
2026/09/11 11:20:59 ✅ Container created: cb6dc05abd2c
2026/09/11 11:20:59 🐳 Starting container: cb6dc05abd2c
2026/09/11 11:20:59 ✅ Container started: cb6dc05abd2c
2026/09/11 11:20:59 ⏳ Waiting for container id cb6dc05abd2c image: mysql:8.4. Waiting for: all of: [log message "port: 3306  MySQL Community Server"]
2026/09/11 11:21:05 🔔 Container is ready: cb6dc05abd2c
{"request_id":"rcc-9fcb89b7186d9fb9240350dadc7c110f","method":"GET","path":"/api/v1/auth/csrf","status":200,"duration_ms":5}
{"request_id":"rcc-c4484211bebca0534ec55870e7d98fe2","method":"POST","path":"/api/v1/auth/register","status":201,"duration_ms":42}
{"request_id":"rcc-bf86d7126e37beb0feb4c2574a5f846a","method":"GET","path":"/api/v1/auth/csrf","status":200,"duration_ms":5}
{"request_id":"rcc-4ef851f732004bde0c571f272f087975","method":"POST","path":"/api/v1/auth/login","status":200,"duration_ms":50}
{"request_id":"rcc-a5cee7146f456f900c21444389306ede","method":"GET","path":"/api/v1/table-policies/:table_name/release-templates","status":200,"duration_ms":2}
{"request_id":"rcc-085bc1ef002a919bf7db4d0dab1a8e54","method":"PUT","path":"/api/v1/table-policies/:table_name/release-templates/:release_type","status":200,"duration_ms":8}
{"request_id":"rcc-5b272391edefea538d836976ffa44170","method":"GET","path":"/api/v1/table-policies/:table_name","status":200,"duration_ms":1}
{"request_id":"rcc-b05de6991dddbb5af783546ae9270f23","method":"GET","path":"/api/v1/table-policies/:table_name","status":200,"duration_ms":1}
{"request_id":"rcc-c144e79080a7845dc01c47ae9d67f9cb","method":"PUT","path":"/api/v1/table-policies/:table_name","status":200,"duration_ms":16}
{"request_id":"rcc-6a406b1279b2641caa65b874ae17c273","method":"GET","path":"/api/v1/table-policies/:table_name/release-templates","status":200,"duration_ms":2}
{"request_id":"rcc-25387c9ea929ff761efab94e8ae41baa","method":"PUT","path":"/api/v1/table-policies/:table_name/release-templates/:release_type","status":200,"duration_ms":7}
{"request_id":"rcc-c4dc8c63127ea85441940e8a7ef91594","method":"GET","path":"/api/v1/table-policies/:table_name","status":200,"duration_ms":1}
{"request_id":"rcc-1e789b168cf624409b3c102b260bafcf","method":"GET","path":"/api/v1/table-policies/:table_name","status":200,"duration_ms":1}
{"request_id":"rcc-abd5e835fdcf32b36e838256df4a9bbd","method":"PUT","path":"/api/v1/table-policies/:table_name","status":200,"duration_ms":16}
{"request_id":"rcc-add3f70c40e1a909db1491a0b0407cd5","method":"GET","path":"/api/v1/auth/csrf","status":200,"duration_ms":5}
{"request_id":"rcc-074a66902b2d7ef014defdcc064cffd0","method":"POST","path":"/api/v1/auth/register","status":201,"duration_ms":40}
{"request_id":"rcc-61271bb224683c1b198e598545e9a5ee","method":"GET","path":"/api/v1/auth/csrf","status":200,"duration_ms":6}
{"request_id":"rcc-95af93d5b07690dba025a974a0391bed","method":"POST","path":"/api/v1/auth/register","status":201,"duration_ms":48}
{"request_id":"rcc-626ce9d706549a8833f5778e534c746d","method":"GET","path":"/api/v1/auth/csrf","status":200,"duration_ms":5}
{"request_id":"rcc-1c09f6dbe4aeb6c9217b8811a272f7a4","method":"POST","path":"/api/v1/auth/register","status":201,"duration_ms":44}
{"request_id":"rcc-a378bdca1979f3956f3a804a3c328829","method":"PUT","path":"/api/v1/account-roles/:id","status":200,"duration_ms":14}
{"request_id":"rcc-26a67fe5588807b0bcafaa90292f5b3a","method":"PUT","path":"/api/v1/account-roles/:id","status":200,"duration_ms":11}
{"request_id":"rcc-4b575950fe55b6f7cb7febf4c18555dc","method":"PUT","path":"/api/v1/account-roles/:id","status":200,"duration_ms":11}
{"request_id":"rcc-c354278dfce13ff55b81538baecebcdd","method":"POST","path":"/api/v1/release-orders","status":201,"duration_ms":54}
{"request_id":"rcc-b571b40373c8f70f6904d1f72a20f1f5","method":"POST","path":"/api/v1/release-orders/:id/cancel","status":200,"duration_ms":20}
{"request_id":"rcc-aae197870106d1ced315d95024cab59a","method":"POST","path":"/api/v1/release-orders","status":201,"duration_ms":30}
{"request_id":"rcc-a06df54f9b813300aae0eca98c1f5415","method":"POST","path":"/api/v1/release-orders/:id/copy","status":409,"duration_ms":44}
{"request_id":"rcc-135991a7ed04789d9688cce62c5c74b3","method":"POST","path":"/api/v1/release-orders/:id/cancel","status":200,"duration_ms":16}
{"request_id":"rcc-d2f43d9517c32bcb3ae7c991014dd770","method":"POST","path":"/api/v1/release-orders/:id/copy","status":201,"duration_ms":56}
{"request_id":"rcc-cb29707344b3a7f902bd428510d33705","method":"POST","path":"/api/v1/release-orders/:id/copy","status":201,"duration_ms":11}
{"request_id":"rcc-34c1b54ed5399b8a1a03cc4fe44e1ac4","method":"GET","path":"/api/v1/release-orders/:id","status":200,"duration_ms":6}
{"request_id":"rcc-897a6d8fea17c26c1f1c68b727be0211","method":"GET","path":"/api/v1/release-orders/:id/details","status":200,"duration_ms":4}
2026/09/11 11:21:07 🐳 Stopping container: cb6dc05abd2c
2026/09/11 11:21:08 ✅ Container stopped: cb6dc05abd2c
2026/09/11 11:21:08 🐳 Terminating container: cb6dc05abd2c
2026/09/11 11:21:08 🚫 Container terminated: cb6dc05abd2c
--- PASS: TestMultitableCopyCompetesForEveryTargetAndLinksBothOrders (8.72s)
=== RUN   TestMultitableReprepareTransfersChangedTargetsAtomically
2026/09/11 11:21:08 🐳 Creating container for image mysql:8.4
2026/09/11 11:21:08 ✅ Container created: c6b5365b0b2d
2026/09/11 11:21:08 🐳 Starting container: c6b5365b0b2d
2026/09/11 11:21:08 ✅ Container started: c6b5365b0b2d
2026/09/11 11:21:08 ⏳ Waiting for container id c6b5365b0b2d image: mysql:8.4. Waiting for: all of: [log message "port: 3306  MySQL Community Server"]
2026/09/11 11:21:14 🔔 Container is ready: c6b5365b0b2d
{"request_id":"rcc-3c562a9dd7ae5042f3c519a0e30cb500","method":"GET","path":"/api/v1/auth/csrf","status":200,"duration_ms":5}
{"request_id":"rcc-db6b9854cb8993af789cc1dc74c690ca","method":"POST","path":"/api/v1/auth/register","status":201,"duration_ms":40}
{"request_id":"rcc-06d366d567e616314aa50231fbeb74b7","method":"GET","path":"/api/v1/auth/csrf","status":200,"duration_ms":5}
{"request_id":"rcc-80b89f04ba45a4910a055e0883bed985","method":"POST","path":"/api/v1/auth/login","status":200,"duration_ms":48}
{"request_id":"rcc-9d0d1c17d114f192d961e72a30439f37","method":"GET","path":"/api/v1/table-policies/:table_name/release-templates","status":200,"duration_ms":2}
{"request_id":"rcc-036dcb68d9b65da51587fe7a36b8d173","method":"PUT","path":"/api/v1/table-policies/:table_name/release-templates/:release_type","status":200,"duration_ms":7}
{"request_id":"rcc-cbed11f13028589f47ed452e45c63bfa","method":"GET","path":"/api/v1/table-policies/:table_name","status":200,"duration_ms":1}
{"request_id":"rcc-820355829bba624fa87514821c56d050","method":"GET","path":"/api/v1/table-policies/:table_name","status":200,"duration_ms":1}
{"request_id":"rcc-5ede91401fe5e488c6330362e0645bad","method":"PUT","path":"/api/v1/table-policies/:table_name","status":200,"duration_ms":16}
{"request_id":"rcc-8712fbd6363d03086ef097a65c097643","method":"GET","path":"/api/v1/table-policies/:table_name/release-templates","status":200,"duration_ms":2}
{"request_id":"rcc-d88a209d85f57756f31b5a061d1b6ec2","method":"PUT","path":"/api/v1/table-policies/:table_name/release-templates/:release_type","status":200,"duration_ms":7}
{"request_id":"rcc-39b7cf0e588671c3b361aba63ba3d39d","method":"GET","path":"/api/v1/table-policies/:table_name","status":200,"duration_ms":1}
{"request_id":"rcc-a0ab44e45e96b864db3d55f1e39b46a8","method":"GET","path":"/api/v1/table-policies/:table_name","status":200,"duration_ms":1}
{"request_id":"rcc-c4757609698232f2f3f42a7fd07485a4","method":"PUT","path":"/api/v1/table-policies/:table_name","status":200,"duration_ms":15}
{"request_id":"rcc-a16d5f38bbe4556056b736c8d515077e","method":"GET","path":"/api/v1/auth/csrf","status":200,"duration_ms":5}
{"request_id":"rcc-5be1de43072142c4812141d62942c11b","method":"POST","path":"/api/v1/auth/register","status":201,"duration_ms":40}
{"request_id":"rcc-c1c17339be42052fc7f9bc6e5eab12ef","method":"GET","path":"/api/v1/auth/csrf","status":200,"duration_ms":4}
{"request_id":"rcc-38eeb12defa846b686a05666e9634b9d","method":"POST","path":"/api/v1/auth/register","status":201,"duration_ms":44}
{"request_id":"rcc-e21bf0df7e0dc904d91ea868f7ea3c86","method":"PUT","path":"/api/v1/account-roles/:id","status":200,"duration_ms":10}
{"request_id":"rcc-1609f44c105db15aa967d2339f9aad4a","method":"POST","path":"/api/v1/approval-roles","status":201,"duration_ms":13}
{"request_id":"rcc-08509bf42e6f1a2af3b1d0a16153c5dd","method":"GET","path":"/api/v1/table-policies/:table_name/approval-roles","status":200,"duration_ms":3}
{"request_id":"rcc-f952ec49f765c3ff5c507ac2da43b2b6","method":"PUT","path":"/api/v1/table-policies/:table_name/approval-roles","status":200,"duration_ms":15}
{"request_id":"rcc-ea02670e7f31631f170e4ca02fb307f1","method":"GET","path":"/api/v1/table-policies/:table_name/approval-roles","status":200,"duration_ms":3}
{"request_id":"rcc-5f272485d1e34e42ebd135c736e0f3d5","method":"PUT","path":"/api/v1/table-policies/:table_name/approval-roles","status":200,"duration_ms":18}
{"request_id":"rcc-4760f47dd1350db52fa728b8513b7242","method":"POST","path":"/api/v1/release-orders","status":201,"duration_ms":62}
{"request_id":"rcc-f1867a0326355ff61522a85e1ecc1abc","method":"POST","path":"/api/v1/release-orders/:id/submit","status":200,"duration_ms":116}
{"request_id":"rcc-57e6faa66f96c696189434ccc1e69f25","method":"GET","path":"/api/v1/release-orders/:id","status":200,"duration_ms":8}
{"request_id":"rcc-87a4860ac2d86901e24101413ab487e8","method":"POST","path":"/api/v1/release-orders/:id/approve","status":200,"duration_ms":24}
{"request_id":"rcc-3bbf4e10e9316ec91355527c1c03f153","method":"POST","path":"/api/v1/release-orders/preview","status":200,"duration_ms":27}
{"request_id":"rcc-a1b2c2a295b94892ecf4deefce3e2717","method":"GET","path":"/api/v1/release-orders/:id","status":200,"duration_ms":8}
{"request_id":"rcc-f86205d1807019b4e37f36d25fc408cb","method":"GET","path":"/api/v1/release-orders/:id/details","status":200,"duration_ms":5}
{"request_id":"rcc-bcb6590f653d61415f3060669d3cecd8","method":"POST","path":"/api/v1/release-orders/:id/reprepare","status":503,"duration_ms":51}
{"request_id":"rcc-c43113e0796a8a91da98fcbb543cd972","method":"GET","path":"/api/v1/release-orders/:id","status":200,"duration_ms":6}
{"request_id":"rcc-44df2db896739c27ad5d13072080d18e","method":"GET","path":"/api/v1/release-orders/:id/details","status":200,"duration_ms":3}
{"request_id":"rcc-fa7bc21b79649189a5480d2d1357923c","method":"POST","path":"/api/v1/release-orders/:id/reprepare","status":201,"duration_ms":98}
{"request_id":"rcc-c75fef5114ac3e9c09f390cfeaaf84bd","method":"POST","path":"/api/v1/release-orders","status":409,"duration_ms":64}
{"request_id":"rcc-56b6bb7b86e842428537ff9c09ba4fd6","method":"POST","path":"/api/v1/release-orders/:id/reprepare","status":201,"duration_ms":20}
{"request_id":"rcc-cdc170af371ea0ba5f456f3247de39d0","method":"GET","path":"/api/v1/release-orders/:id","status":200,"duration_ms":8}
{"request_id":"rcc-4ad3c3e94564521fc516e0d3f1c8cbba","method":"GET","path":"/api/v1/release-orders/:id/details","status":200,"duration_ms":4}
{"request_id":"rcc-149d198cdc174ae03c96ef14dc131209","method":"POST","path":"/api/v1/release-orders/:id/submit","status":200,"duration_ms":109}
{"request_id":"rcc-e3de4d8ab0ea624f21e4a1c5bc65a5f7","method":"POST","path":"/api/v1/release-orders/:id/approve","status":403,"duration_ms":5}
{"request_id":"rcc-b7551a4f17e50b20639d98728f653268","method":"GET","path":"/api/v1/release-orders/:id","status":200,"duration_ms":7}
{"request_id":"rcc-4d3aaa5cb857fea184602c975297dc7d","method":"POST","path":"/api/v1/release-orders/:id/approve","status":200,"duration_ms":23}
{"request_id":"rcc-bc78e39c0398542c4b7edaa3987c8165","method":"POST","path":"/api/v1/release-orders","status":201,"duration_ms":34}
{"request_id":"rcc-7d009fa91793778b4116afb731bca0a4","method":"POST","path":"/api/v1/release-orders","status":409,"duration_ms":26}
2026/09/11 11:21:16 🐳 Stopping container: c6b5365b0b2d
2026/09/11 11:21:18 ✅ Container stopped: c6b5365b0b2d
2026/09/11 11:21:18 🐳 Terminating container: c6b5365b0b2d
2026/09/11 11:21:18 🚫 Container terminated: c6b5365b0b2d
--- PASS: TestMultitableReprepareTransfersChangedTargetsAtomically (9.68s)
=== RUN   TestReleaseEmergencyAC012SwitchReplacesWholeDraft
2026/09/11 11:21:18 🐳 Creating container for image mysql:8.4
2026/09/11 11:21:18 ✅ Container created: 41f581cb408a
2026/09/11 11:21:18 🐳 Starting container: 41f581cb408a
2026/09/11 11:21:18 ✅ Container started: 41f581cb408a
2026/09/11 11:21:18 ⏳ Waiting for container id 41f581cb408a image: mysql:8.4. Waiting for: all of: [log message "port: 3306  MySQL Community Server"]
2026/09/11 11:21:24 🔔 Container is ready: 41f581cb408a
{"request_id":"rcc-b4e564aa404b14014d82968652db8098","method":"GET","path":"/api/v1/auth/csrf","status":200,"duration_ms":9}
{"request_id":"rcc-699a9155b74b6742a000fc4e561ae6a8","method":"POST","path":"/api/v1/auth/register","status":201,"duration_ms":40}
{"request_id":"rcc-d9f385636244512d0d329deb8f6b6a43","method":"GET","path":"/api/v1/auth/csrf","status":200,"duration_ms":4}
{"request_id":"rcc-b819eb2abf6ab7e29c0072cadfe334c0","method":"POST","path":"/api/v1/auth/login","status":200,"duration_ms":51}
{"request_id":"rcc-57736a320ba53c524ea5e7f724951702","method":"POST","path":"/api/v1/query-policies","status":201,"duration_ms":3}
{"request_id":"rcc-7bfab1da722508557a91f5fec1798d0e","method":"POST","path":"/api/v1/query-policies/:code/activate","status":200,"duration_ms":4}
{"request_id":"rcc-091f9ed7439cbec416698adef68c981e","method":"POST","path":"/api/v1/mutation-policies","status":201,"duration_ms":3}
{"request_id":"rcc-625888b59a4b6760c2c104e44692a9b0","method":"POST","path":"/api/v1/mutation-policies/:code/activate","status":200,"duration_ms":4}
{"request_id":"rcc-0dc4d3ab61d378abb8e052730a491aa9","method":"POST","path":"/api/v1/table-policies","status":201,"duration_ms":14}
{"request_id":"rcc-d5df055b2b2f86f461dd8d6e6b5e5d79","method":"POST","path":"/api/v1/table-policies/:table_name/enable","status":200,"duration_ms":12}
{"request_id":"rcc-f41bd4020de02df40be681396bdcd330","method":"POST","path":"/api/v1/table-policies","status":201,"duration_ms":13}
{"request_id":"rcc-f2e0b4419145e61c6c344c8b037e7e4a","method":"POST","path":"/api/v1/table-policies/:table_name/enable","status":200,"duration_ms":12}
{"request_id":"rcc-d0f76ebfcecb8eb691f264ec6bc5f366","method":"POST","path":"/api/v1/release-templates","status":201,"duration_ms":5}
{"request_id":"rcc-27f610aef753e258aaaeed39c2302ed3","method":"GET","path":"/api/v1/table-policies/:table_name/release-templates","status":200,"duration_ms":2}
{"request_id":"rcc-a4a6e3ccaf6e078dcf50eaa5e92bdac2","method":"PUT","path":"/api/v1/table-policies/:table_name/release-templates/:release_type","status":200,"duration_ms":7}
{"request_id":"rcc-39020427ff27a0c1d776200b6dc15ca5","method":"GET","path":"/api/v1/table-policies/:table_name/release-templates","status":200,"duration_ms":2}
{"request_id":"rcc-926e97bf5b114eee54ec822b84ec449c","method":"PUT","path":"/api/v1/table-policies/:table_name/release-templates/:release_type","status":200,"duration_ms":7}
{"request_id":"rcc-f3415c59a93f954e99da72ec4ba4db3e","method":"POST","path":"/api/v1/release-orders","status":201,"duration_ms":33}
{"request_id":"rcc-623ba38fdbee4538a2d7868c0f6cb8b5","method":"PUT","path":"/api/v1/release-orders/:id","status":200,"duration_ms":25}
{"request_id":"rcc-3a88bfe2354884bf17268fed9f52437c","method":"PUT","path":"/api/v1/release-orders/:id","status":200,"duration_ms":11}
{"request_id":"rcc-73329ae81d4c8ca83af5c4b2ba534de0","method":"PUT","path":"/api/v1/release-orders/:id","status":409,"duration_ms":7}
{"request_id":"rcc-130b2152ab5f67b3e410d8e691615919","method":"PUT","path":"/api/v1/release-orders/:id","status":200,"duration_ms":29}
2026/09/11 11:21:25 🐳 Stopping container: 41f581cb408a
2026/09/11 11:21:26 ✅ Container stopped: 41f581cb408a
2026/09/11 11:21:26 🐳 Terminating container: 41f581cb408a
2026/09/11 11:21:26 🚫 Container terminated: 41f581cb408a
--- PASS: TestReleaseEmergencyAC012SwitchReplacesWholeDraft (8.67s)
=== RUN   TestReleaseEmergencyAC015SubmitNeedsReasonAndDoesNotPublish
2026/09/11 11:21:26 🐳 Creating container for image mysql:8.4
2026/09/11 11:21:26 ✅ Container created: b509440bc1ad
2026/09/11 11:21:26 🐳 Starting container: b509440bc1ad
2026/09/11 11:21:26 ✅ Container started: b509440bc1ad
2026/09/11 11:21:26 ⏳ Waiting for container id b509440bc1ad image: mysql:8.4. Waiting for: all of: [log message "port: 3306  MySQL Community Server"]
2026/09/11 11:21:32 🔔 Container is ready: b509440bc1ad
{"request_id":"rcc-0a72c6069a0af3c2f002deb94ab11cb1","method":"GET","path":"/api/v1/auth/csrf","status":200,"duration_ms":6}
{"request_id":"rcc-3669eac6cfa02e30488727ff09c3f85a","method":"POST","path":"/api/v1/auth/register","status":201,"duration_ms":44}
{"request_id":"rcc-62594b311e6e6fd5254500ce58d2a8b0","method":"GET","path":"/api/v1/auth/csrf","status":200,"duration_ms":5}
{"request_id":"rcc-69ebd7472b272ee91f7862ab093029a1","method":"POST","path":"/api/v1/auth/login","status":200,"duration_ms":54}
{"request_id":"rcc-27a901d5486de07619647f8ec56d6365","method":"POST","path":"/api/v1/query-policies","status":201,"duration_ms":4}
{"request_id":"rcc-69e0710a7009ec3153157b66187cecae","method":"POST","path":"/api/v1/query-policies/:code/activate","status":200,"duration_ms":4}
{"request_id":"rcc-4309343a752855c91b9b7f719bf1d4b3","method":"POST","path":"/api/v1/mutation-policies","status":201,"duration_ms":3}
{"request_id":"rcc-219ef9d9f328995d6d339af776605f6a","method":"POST","path":"/api/v1/mutation-policies/:code/activate","status":200,"duration_ms":4}
{"request_id":"rcc-7dbb18551aa136bcbe5a4029f41c9cb1","method":"POST","path":"/api/v1/table-policies","status":201,"duration_ms":15}
{"request_id":"rcc-bc36382c449f0d767a234ebf3df883d6","method":"POST","path":"/api/v1/table-policies/:table_name/enable","status":200,"duration_ms":16}
{"request_id":"rcc-1b285f240ccf3cf664e42daa4f4d8339","method":"POST","path":"/api/v1/table-policies","status":201,"duration_ms":14}
{"request_id":"rcc-7bb9e0e9dc7405fb835c6058b169083c","method":"POST","path":"/api/v1/table-policies/:table_name/enable","status":200,"duration_ms":14}
{"request_id":"rcc-61f1ea5311585e13fe2d19ab6146b624","method":"POST","path":"/api/v1/release-templates","status":201,"duration_ms":8}
{"request_id":"rcc-b67c1d4cd1024ad20976fcbb0bc959e2","method":"GET","path":"/api/v1/auth/csrf","status":200,"duration_ms":5}
{"request_id":"rcc-0f236274b7eebe2b7298b76772fda12b","method":"POST","path":"/api/v1/auth/register","status":201,"duration_ms":42}
{"request_id":"rcc-2800ccbab18b0bb5cc38968c746fb9e9","method":"PUT","path":"/api/v1/account-roles/:id","status":200,"duration_ms":8}
{"request_id":"rcc-cd33dcfee818af3ef482b055fb374df4","method":"POST","path":"/api/v1/release-orders","status":201,"duration_ms":32}
{"request_id":"rcc-188c68a02fbc94d5239baf864e6312d7","method":"POST","path":"/api/v1/release-orders/:id/submit","status":422,"duration_ms":68}
{"request_id":"rcc-b6db94832d34ad2ad69e0da9aad1ee5a","method":"POST","path":"/api/v1/release-orders/:id/submit","status":422,"duration_ms":65}
{"request_id":"rcc-992b7b1fba95760f91ee99349d58fdd4","method":"POST","path":"/api/v1/release-orders/:id/submit","status":422,"duration_ms":66}
{"request_id":"rcc-7d9a620985ae513a713a2a4a7e4778a9","method":"GET","path":"/api/v1/release-orders/:id","status":200,"duration_ms":4}
{"request_id":"rcc-8313afd6a432ec59db72b6696d5da3f7","method":"POST","path":"/api/v1/release-orders/:id/submit","status":200,"duration_ms":81}
{"request_id":"rcc-f56743d3fd590d288c16851d50617117","method":"POST","path":"/api/v1/tables/:table_name/query","status":200,"duration_ms":6}
{"request_id":"rcc-1c293ab2ad236689b783186436a3c286","method":"POST","path":"/api/v1/tables/:table_name/query","status":200,"duration_ms":6}
{"request_id":"rcc-d31d879f4a82140dd7d1ccc4fe6fdedb","method":"GET","path":"/api/v1/release-orders","status":200,"duration_ms":2}
{"request_id":"rcc-1fb4b39c22c37a654ceb5351ac39f678","method":"POST","path":"/api/v1/release-orders/:id/submit","status":200,"duration_ms":9}
{"request_id":"rcc-557885573b0b7862f1369d37bf604f39","method":"PUT","path":"/api/v1/release-orders/:id","status":422,"duration_ms":7}
2026/09/11 11:21:34 🐳 Stopping container: b509440bc1ad
2026/09/11 11:21:35 ✅ Container stopped: b509440bc1ad
2026/09/11 11:21:35 🐳 Terminating container: b509440bc1ad
2026/09/11 11:21:35 🚫 Container terminated: b509440bc1ad
--- PASS: TestReleaseEmergencyAC015SubmitNeedsReasonAndDoesNotPublish (8.56s)
=== RUN   TestReleaseEmergencyAC016PublisherPermissionIsCurrent
2026/09/11 11:21:35 🐳 Creating container for image mysql:8.4
2026/09/11 11:21:35 ✅ Container created: 4be7fbf406fd
2026/09/11 11:21:35 🐳 Starting container: 4be7fbf406fd
2026/09/11 11:21:35 ✅ Container started: 4be7fbf406fd
2026/09/11 11:21:35 ⏳ Waiting for container id 4be7fbf406fd image: mysql:8.4. Waiting for: all of: [log message "port: 3306  MySQL Community Server"]
2026/09/11 11:21:41 🔔 Container is ready: 4be7fbf406fd
{"request_id":"rcc-0f709804c63791406bd190103c0c746c","method":"GET","path":"/api/v1/auth/csrf","status":200,"duration_ms":8}
{"request_id":"rcc-03e67e407e9419836c5cb5f179ef3494","method":"POST","path":"/api/v1/auth/register","status":201,"duration_ms":45}
{"request_id":"rcc-49d5b4985e9c83ef0413f4e9b467ffe1","method":"GET","path":"/api/v1/auth/csrf","status":200,"duration_ms":10}
{"request_id":"rcc-8d8093a8efe1fc76e80441b0c28b3cd2","method":"POST","path":"/api/v1/auth/login","status":200,"duration_ms":61}
{"request_id":"rcc-1117876732bf4e9292ca67bcca447f6f","method":"POST","path":"/api/v1/query-policies","status":201,"duration_ms":6}
{"request_id":"rcc-e904bb6ce13fc0d135cf32703b42f43c","method":"POST","path":"/api/v1/query-policies/:code/activate","status":200,"duration_ms":8}
{"request_id":"rcc-44f2a8a154b9167d53d1c387d24c679c","method":"POST","path":"/api/v1/mutation-policies","status":201,"duration_ms":4}
{"request_id":"rcc-91c26b6e93a71e79825394a1fba9c277","method":"POST","path":"/api/v1/mutation-policies/:code/activate","status":200,"duration_ms":10}
{"request_id":"rcc-ef2243fc8411d386c750f050a28c1bbb","method":"POST","path":"/api/v1/table-policies","status":201,"duration_ms":20}
{"request_id":"rcc-fadfff55ebb6354e04780a5b9d727e4c","method":"POST","path":"/api/v1/table-policies/:table_name/enable","status":200,"duration_ms":14}
{"request_id":"rcc-a97bf3c08f9a225a99949379810488e5","method":"POST","path":"/api/v1/table-policies","status":201,"duration_ms":18}
{"request_id":"rcc-49f5bba2b4b4d39173a0c55aed8feb57","method":"POST","path":"/api/v1/table-policies/:table_name/enable","status":200,"duration_ms":20}
{"request_id":"rcc-fa63bfe1b57c24ce8693714b27e39e6a","method":"POST","path":"/api/v1/release-templates","status":201,"duration_ms":11}
{"request_id":"rcc-10b2f6a96ec2c5a570447353fac77cff","method":"GET","path":"/api/v1/auth/csrf","status":200,"duration_ms":7}
{"request_id":"rcc-34aa29446a080dd1664c6330809a6dc0","method":"POST","path":"/api/v1/auth/register","status":201,"duration_ms":44}
{"request_id":"rcc-4ae64468687192d8b67a5d435b4d6243","method":"PUT","path":"/api/v1/account-roles/:id","status":200,"duration_ms":9}
{"request_id":"rcc-5171ee4c61d3101d55a4f1b4a5687dde","method":"POST","path":"/api/v1/release-orders","status":201,"duration_ms":34}
{"request_id":"rcc-9a40bb97662ecc7824bc0cc852198f7e","method":"POST","path":"/api/v1/release-orders/:id/submit","status":200,"duration_ms":83}
{"request_id":"rcc-13abc772338a7e55ddf3c2d1695d6dea","method":"POST","path":"/api/v1/release-orders/:id/execute","status":403,"duration_ms":0}
{"request_id":"rcc-e461df08357970a5935a52a6065dd2c3","method":"PUT","path":"/api/v1/account-roles/:id","status":200,"duration_ms":9}
{"request_id":"rcc-1389ed53ff8a99a36ec64edbf02e1396","method":"GET","path":"/api/v1/release-orders/:id","status":200,"duration_ms":4}
{"request_id":"rcc-9525cf184ead239636c6d4d5c668c77f","method":"PUT","path":"/api/v1/account-roles/:id","status":200,"duration_ms":8}
{"request_id":"rcc-560ae833d92823c728590fcaaaf79e19","method":"POST","path":"/api/v1/release-orders/:id/execute","status":403,"duration_ms":0}
{"request_id":"rcc-8a0ece2c8bb5b799a28ef375d2246bf5","method":"PUT","path":"/api/v1/account-roles/:id","status":200,"duration_ms":12}
{"request_id":"rcc-fc2c188eb780b95d626f3a5f11e881d1","method":"POST","path":"/api/v1/release-orders/:id/execute","status":200,"duration_ms":132}
{"request_id":"rcc-1c07deb28b5c7fd7d0aef9172ad50735","method":"PUT","path":"/api/v1/account-roles/:id","status":200,"duration_ms":7}
{"request_id":"rcc-0e0c46d68960d2a0d26d4439705c0e1f","method":"POST","path":"/api/v1/release-orders/:id/execute","status":403,"duration_ms":0}
{"request_id":"rcc-d6021661b05a4d539a29e86b6e364a18","method":"PUT","path":"/api/v1/account-roles/:id","status":200,"duration_ms":9}
{"request_id":"rcc-8de03bb043b148c8144ee475899161e2","method":"POST","path":"/api/v1/release-orders/:id/execute","status":200,"duration_ms":12}
2026/09/11 11:21:43 🐳 Stopping container: 4be7fbf406fd
2026/09/11 11:21:44 ✅ Container stopped: 4be7fbf406fd
2026/09/11 11:21:44 🐳 Terminating container: 4be7fbf406fd
2026/09/11 11:21:44 🚫 Container terminated: 4be7fbf406fd
--- PASS: TestReleaseEmergencyAC016PublisherPermissionIsCurrent (8.81s)
=== RUN   TestReleaseEmergencyAC017AC018WholeOrderExecutionAndCompletion
2026/09/11 11:21:44 🐳 Creating container for image mysql:8.4
2026/09/11 11:21:44 ✅ Container created: a8fdea314835
2026/09/11 11:21:44 🐳 Starting container: a8fdea314835
2026/09/11 11:21:44 ✅ Container started: a8fdea314835
2026/09/11 11:21:44 ⏳ Waiting for container id a8fdea314835 image: mysql:8.4. Waiting for: all of: [log message "port: 3306  MySQL Community Server"]
2026/09/11 11:21:50 🔔 Container is ready: a8fdea314835
{"request_id":"rcc-fa10d4b1718caf2bd5b66472675b2b9e","method":"GET","path":"/api/v1/auth/csrf","status":200,"duration_ms":5}
{"request_id":"rcc-5fd2ec7757d6c078b5b90010580863dd","method":"POST","path":"/api/v1/auth/register","status":201,"duration_ms":40}
{"request_id":"rcc-d282c67e2594ca2192b58e6d03fb1bb4","method":"GET","path":"/api/v1/auth/csrf","status":200,"duration_ms":4}
{"request_id":"rcc-926611af0a0e70c3219bfcb3470decdd","method":"POST","path":"/api/v1/auth/login","status":200,"duration_ms":48}
{"request_id":"rcc-ea91b819b322ee829a919b0d125f85b4","method":"GET","path":"/api/v1/table-policies/:table_name/release-templates","status":200,"duration_ms":2}
{"request_id":"rcc-754414eb7d8151438a3eb7bd3a75beb7","method":"PUT","path":"/api/v1/table-policies/:table_name/release-templates/:release_type","status":200,"duration_ms":7}
{"request_id":"rcc-406e78a33d2b028b9e33a89e8593abfe","method":"GET","path":"/api/v1/table-policies/:table_name/release-templates","status":200,"duration_ms":2}
{"request_id":"rcc-bf5ffd7e6a268c2ee9504b95276c194a","method":"PUT","path":"/api/v1/table-policies/:table_name/release-templates/:release_type","status":200,"duration_ms":7}
{"request_id":"rcc-06dbe70a7a09e41f440ac892a1fba371","method":"POST","path":"/api/v1/release-orders","status":201,"duration_ms":38}
{"request_id":"rcc-dd7ece41b7723b74c2b713d22ba2094e","method":"POST","path":"/api/v1/release-orders/:id/submit","status":200,"duration_ms":86}
=== RUN   TestReleaseEmergencyAC017AC018WholeOrderExecutionAndCompletion/execution_failure_rolls_back_all_tables_and_request_result
{"request_id":"rcc-b6d80dea893d2989e904c2c614c3a80a","method":"POST","path":"/api/v1/release-orders/:id/execute","status":503,"duration_ms":128}
{"request_id":"rcc-0dabfba80e6f38065913ec01d90393b8","method":"POST","path":"/api/v1/tables/:table_name/query","status":200,"duration_ms":10}
{"request_id":"rcc-7883e0e614f9f81072f2c3092b81b2d3","method":"POST","path":"/api/v1/tables/:table_name/query","status":200,"duration_ms":11}
{"request_id":"rcc-d916f58d28d3d098fa85f8ea09f73f96","method":"GET","path":"/api/v1/release-orders/:id","status":200,"duration_ms":5}
{"request_id":"rcc-cc1b203101b0532760c271e3200b2f0a","method":"POST","path":"/api/v1/release-orders/:id/execute","status":200,"duration_ms":132}
{"request_id":"rcc-e9f5fe2a4ed9f8ab9d449d8b40c93457","method":"POST","path":"/api/v1/tables/:table_name/query","status":200,"duration_ms":10}
{"request_id":"rcc-008ad01015f9aa5035df7de59d041606","method":"POST","path":"/api/v1/release-orders","status":409,"duration_ms":20}
{"request_id":"rcc-b210effa583ef99fe4d8731ec39f04b1","method":"POST","path":"/api/v1/release-orders/:id/quick-rollback/preview","status":200,"duration_ms":91}
{"request_id":"rcc-98018d68d88b524124c9efb58b12251a","method":"POST","path":"/api/v1/release-orders/:id/complete","status":200,"duration_ms":25}
{"request_id":"rcc-b1ded2189f0c4bc9bfd24c50a138a52e","method":"POST","path":"/api/v1/tables/:table_name/query","status":200,"duration_ms":10}
{"request_id":"rcc-6baaf1f6b0ebb359e779d0df7172c738","method":"POST","path":"/api/v1/release-orders/:id/quick-rollback/preview","status":422,"duration_ms":6}
{"request_id":"rcc-2eb289dfab4f5a24cacd812f7d7f2ffc","method":"POST","path":"/api/v1/release-orders","status":201,"duration_ms":25}
{"request_id":"rcc-e327a1e7321deae2e4cc0b60e94f4fa0","method":"POST","path":"/api/v1/release-orders/:id/execute","status":200,"duration_ms":11}
{"request_id":"rcc-f6bddbf0c639dac8e48318346f733d6e","method":"GET","path":"/api/v1/release-orders/:id","status":200,"duration_ms":3}
2026/09/11 11:21:52 🐳 Stopping container: a8fdea314835
2026/09/11 11:21:53 ✅ Container stopped: a8fdea314835
2026/09/11 11:21:53 🐳 Terminating container: a8fdea314835
2026/09/11 11:21:53 🚫 Container terminated: a8fdea314835
--- PASS: TestReleaseEmergencyAC017AC018WholeOrderExecutionAndCompletion (9.64s)
    --- PASS: TestReleaseEmergencyAC017AC018WholeOrderExecutionAndCompletion/execution_failure_rolls_back_all_tables_and_request_result (0.16s)
=== RUN   TestReleaseEmergencyAC023SwitchFailureAndOriginalResults
2026/09/11 11:21:53 🐳 Creating container for image mysql:8.4
2026/09/11 11:21:53 ✅ Container created: ace6490fb2d8
2026/09/11 11:21:53 🐳 Starting container: ace6490fb2d8
2026/09/11 11:21:53 ✅ Container started: ace6490fb2d8
2026/09/11 11:21:53 ⏳ Waiting for container id ace6490fb2d8 image: mysql:8.4. Waiting for: all of: [log message "port: 3306  MySQL Community Server"]
2026/09/11 11:21:59 🔔 Container is ready: ace6490fb2d8
{"request_id":"rcc-432da5ff5ad3e0716c5e65569ef8a7e7","method":"GET","path":"/api/v1/auth/csrf","status":200,"duration_ms":7}
{"request_id":"rcc-6303ef221d42462e645966148b320928","method":"POST","path":"/api/v1/auth/register","status":201,"duration_ms":40}
{"request_id":"rcc-27c9e1b9d29d8fb8f7baa7f61bf806db","method":"GET","path":"/api/v1/auth/csrf","status":200,"duration_ms":4}
{"request_id":"rcc-b28caf354d47753e887e7954d8b62903","method":"POST","path":"/api/v1/auth/login","status":200,"duration_ms":51}
{"request_id":"rcc-b6f1fc1ec840681d6f0e862ac373a2a5","method":"POST","path":"/api/v1/query-policies","status":201,"duration_ms":3}
{"request_id":"rcc-c3aca161cf149ee1e124a18c5190ebac","method":"POST","path":"/api/v1/query-policies/:code/activate","status":200,"duration_ms":3}
{"request_id":"rcc-bd66459152a0b3e7a5c77cec0f59c0a4","method":"POST","path":"/api/v1/mutation-policies","status":201,"duration_ms":2}
{"request_id":"rcc-80842d384c8efd79fb749adb8ba5efa4","method":"POST","path":"/api/v1/mutation-policies/:code/activate","status":200,"duration_ms":4}
{"request_id":"rcc-b71872c7841af497e742b13ac2d19b0f","method":"POST","path":"/api/v1/table-policies","status":201,"duration_ms":14}
{"request_id":"rcc-39ffaea6d7b369d4fb0fbf76af1aed66","method":"POST","path":"/api/v1/table-policies/:table_name/enable","status":200,"duration_ms":12}
{"request_id":"rcc-d46be9b969335c0cd74e190eecbb0a2a","method":"POST","path":"/api/v1/table-policies","status":201,"duration_ms":12}
{"request_id":"rcc-501a964117b737fac212673a360b8c13","method":"POST","path":"/api/v1/table-policies/:table_name/enable","status":200,"duration_ms":13}
{"request_id":"rcc-635906ec013c7202a84645d66da3e762","method":"POST","path":"/api/v1/release-templates","status":201,"duration_ms":5}
{"request_id":"rcc-6067254ec552139270ad09fc61b2b9ef","method":"GET","path":"/api/v1/table-policies/:table_name/release-templates","status":200,"duration_ms":2}
{"request_id":"rcc-3c7fa262057414147d8ab4538bff22a4","method":"PUT","path":"/api/v1/table-policies/:table_name/release-templates/:release_type","status":200,"duration_ms":7}
{"request_id":"rcc-248a87b377424427c197158ef03e7125","method":"GET","path":"/api/v1/table-policies/:table_name/release-templates","status":200,"duration_ms":2}
{"request_id":"rcc-0d0700eef603c673ae0fbf5bac92ea30","method":"PUT","path":"/api/v1/table-policies/:table_name/release-templates/:release_type","status":200,"duration_ms":7}
{"request_id":"rcc-1bedd424ae82a9bfcc8aa824f47c8c72","method":"POST","path":"/api/v1/release-orders","status":201,"duration_ms":32}
{"request_id":"rcc-caca3c60d2dc6cbec2734b22505f6d68","method":"PUT","path":"/api/v1/release-orders/:id","status":503,"duration_ms":9}
{"request_id":"rcc-f9846824ed1dfff12df71e84396beb3f","method":"GET","path":"/api/v1/release-orders/:id","status":200,"duration_ms":5}
{"request_id":"rcc-99e2b4c80c40b79bdda8fac4421196d5","method":"POST","path":"/api/v1/release-orders","status":503,"duration_ms":19}
{"request_id":"rcc-6d16a17b3216e50276479d2752e261d1","method":"PUT","path":"/api/v1/release-orders/:id","status":503,"duration_ms":10}
{"request_id":"rcc-28cea426b0be6453ca9d15273b87a5cc","method":"GET","path":"/api/v1/release-orders/:id","status":200,"duration_ms":5}
{"request_id":"rcc-1f9b8180073a03a68a34d9c2cf34547d","method":"PUT","path":"/api/v1/release-orders/:id","status":503,"duration_ms":11}
{"request_id":"rcc-a756c8253d6bf35d89719a45581e4be8","method":"GET","path":"/api/v1/release-orders/:id","status":200,"duration_ms":6}
{"request_id":"rcc-1a8f6a5b140b9bbd2f2046fd6155d3a1","method":"PUT","path":"/api/v1/release-orders/:id","status":200,"duration_ms":16}
{"request_id":"rcc-cfec163b650cda7d5a1f2d6f63a81579","method":"POST","path":"/api/v1/release-orders/:id/submit","status":503,"duration_ms":76}
{"request_id":"rcc-f694e90c1060c5a0c6217b9f1b1a2df8","method":"GET","path":"/api/v1/release-orders/:id","status":200,"duration_ms":4}
{"request_id":"rcc-f9550e9aa12d0b31e391df5611b32cdf","method":"POST","path":"/api/v1/release-orders/:id/submit","status":200,"duration_ms":78}
{"request_id":"rcc-40a15fc689d8b21cee27ed8d2f68f989","method":"PUT","path":"/api/v1/release-templates/:code","status":200,"duration_ms":8}
{"request_id":"rcc-68ecc6721eba316fe0efc48ff02acfd0","method":"PUT","path":"/api/v1/release-orders/:id","status":200,"duration_ms":8}
{"request_id":"rcc-e6f36a65268c1ce7bd08c8a30f80211f","method":"POST","path":"/api/v1/release-orders/:id/submit","status":200,"duration_ms":9}
{"request_id":"rcc-a449ca5c185fa5f8427b63bb0f70d3b0","method":"POST","path":"/api/v1/release-orders/:id/submit","status":409,"duration_ms":4}
2026/09/11 11:22:01 🐳 Stopping container: ace6490fb2d8
2026/09/11 11:22:02 ✅ Container stopped: ace6490fb2d8
2026/09/11 11:22:02 🐳 Terminating container: ace6490fb2d8
2026/09/11 11:22:02 🚫 Container terminated: ace6490fb2d8
--- PASS: TestReleaseEmergencyAC023SwitchFailureAndOriginalResults (8.64s)
=== RUN   TestReleaseEmergencyAC012SwitchAndSubmitCompetition
2026/09/11 11:22:02 🐳 Creating container for image mysql:8.4
2026/09/11 11:22:02 ✅ Container created: bd3384f9d6fc
2026/09/11 11:22:02 🐳 Starting container: bd3384f9d6fc
2026/09/11 11:22:02 ✅ Container started: bd3384f9d6fc
2026/09/11 11:22:02 ⏳ Waiting for container id bd3384f9d6fc image: mysql:8.4. Waiting for: all of: [log message "port: 3306  MySQL Community Server"]
2026/09/11 11:22:08 🔔 Container is ready: bd3384f9d6fc
{"request_id":"rcc-1fe857a06912df62de582b94a93be959","method":"GET","path":"/api/v1/auth/csrf","status":200,"duration_ms":7}
{"request_id":"rcc-efcb67d01cea0b612177edf20e9b34ef","method":"POST","path":"/api/v1/auth/register","status":201,"duration_ms":40}
{"request_id":"rcc-04c312cdbf188cbd51fe8b7900971de5","method":"GET","path":"/api/v1/auth/csrf","status":200,"duration_ms":5}
{"request_id":"rcc-25e55e7b59a4fce42a434daf99d88414","method":"POST","path":"/api/v1/auth/login","status":200,"duration_ms":48}
{"request_id":"rcc-972d0fc7e5d232c2fdf33fd027075483","method":"POST","path":"/api/v1/query-policies","status":201,"duration_ms":3}
{"request_id":"rcc-7ba233e6c9f499a65bc4c9fa87b8e90e","method":"POST","path":"/api/v1/query-policies/:code/activate","status":200,"duration_ms":4}
{"request_id":"rcc-51dbdf3aba50a92f50e2b76242a4192c","method":"POST","path":"/api/v1/mutation-policies","status":201,"duration_ms":2}
{"request_id":"rcc-c97fb750a7363cab23d620becc627f60","method":"POST","path":"/api/v1/mutation-policies/:code/activate","status":200,"duration_ms":4}
{"request_id":"rcc-da3829b5583826cd16329a02d4274695","method":"POST","path":"/api/v1/table-policies","status":201,"duration_ms":14}
{"request_id":"rcc-ffca22c444016eb27aa197cde7e829b7","method":"POST","path":"/api/v1/table-policies/:table_name/enable","status":200,"duration_ms":12}
{"request_id":"rcc-3a8f8bf839ed18e833fd54231d024373","method":"POST","path":"/api/v1/table-policies","status":201,"duration_ms":13}
{"request_id":"rcc-a3308d2184f730926fad1468562151ee","method":"POST","path":"/api/v1/table-policies/:table_name/enable","status":200,"duration_ms":13}
{"request_id":"rcc-a1b489e6432b918e7aa53760b4fca290","method":"POST","path":"/api/v1/release-templates","status":201,"duration_ms":5}
{"request_id":"rcc-9a02c7186e21e8bd9cb9d69f0d441426","method":"GET","path":"/api/v1/table-policies/:table_name/release-templates","status":200,"duration_ms":2}
{"request_id":"rcc-4f229aca0fb4556ae10f765369941586","method":"PUT","path":"/api/v1/table-policies/:table_name/release-templates/:release_type","status":200,"duration_ms":7}
{"request_id":"rcc-cc0aaeb737a35a8729dd0ff0f2fa978d","method":"GET","path":"/api/v1/table-policies/:table_name/release-templates","status":200,"duration_ms":2}
{"request_id":"rcc-e4645f41cb21f0604d83d4022544ffed","method":"PUT","path":"/api/v1/table-policies/:table_name/release-templates/:release_type","status":200,"duration_ms":6}
{"request_id":"rcc-dd381a958fb2d725aa33b86900cf19ef","method":"GET","path":"/api/v1/auth/csrf","status":200,"duration_ms":4}
{"request_id":"rcc-3d299492f638dd08d837e040627ece67","method":"POST","path":"/api/v1/auth/register","status":201,"duration_ms":39}
{"request_id":"rcc-b6e85bbfd3c92436ac9823442e9fffa3","method":"POST","path":"/api/v1/approval-roles","status":201,"duration_ms":12}
{"request_id":"rcc-5bccfb15b91c285a532222461051d940","method":"GET","path":"/api/v1/table-policies/:table_name/approval-roles","status":200,"duration_ms":2}
{"request_id":"rcc-0d1317c5d6bab9e276e9649831c18910","method":"PUT","path":"/api/v1/table-policies/:table_name/approval-roles","status":200,"duration_ms":20}
{"request_id":"rcc-0d2be4b3867f4cd0ef7212d0bf6f91f8","method":"GET","path":"/api/v1/table-policies/:table_name/approval-roles","status":200,"duration_ms":5}
{"request_id":"rcc-ff384e0d5571de0f03278592367fb4ab","method":"PUT","path":"/api/v1/table-policies/:table_name/approval-roles","status":200,"duration_ms":19}
=== RUN   TestReleaseEmergencyAC012SwitchAndSubmitCompetition/switch_wins
{"request_id":"rcc-f7eb8bc1de155ea2a530dfe8bb5110ce","method":"POST","path":"/api/v1/release-orders","status":201,"duration_ms":38}
{"request_id":"rcc-c2e7e3de48bec5284796f483a81bdd13","method":"PUT","path":"/api/v1/release-orders/:id","status":200,"duration_ms":35}
{"request_id":"rcc-bd74fb81c37dc7dcf5596d37403015e5","method":"POST","path":"/api/v1/release-orders/:id/submit","status":409,"duration_ms":25}
{"request_id":"rcc-11d06d62de7132669df206dfc3d67f8d","method":"GET","path":"/api/v1/release-orders/:id","status":200,"duration_ms":4}
=== RUN   TestReleaseEmergencyAC012SwitchAndSubmitCompetition/submit_wins
{"request_id":"rcc-d06058189067991ef3cbfa206800f940","method":"POST","path":"/api/v1/release-orders","status":201,"duration_ms":42}
{"request_id":"rcc-8b320274520058760f4041afb379c62e","method":"PUT","path":"/api/v1/release-orders/:id","status":409,"duration_ms":25}
{"request_id":"rcc-113cdb4656b3a6748cf9a38730a8ad6f","method":"POST","path":"/api/v1/release-orders/:id/submit","status":200,"duration_ms":124}
{"request_id":"rcc-2b148731bca24ba79f5f40ac0b79e304","method":"GET","path":"/api/v1/release-orders/:id","status":200,"duration_ms":6}
2026/09/11 11:22:10 🐳 Stopping container: bd3384f9d6fc
2026/09/11 11:22:11 ✅ Container stopped: bd3384f9d6fc
2026/09/11 11:22:11 🐳 Terminating container: bd3384f9d6fc
2026/09/11 11:22:11 🚫 Container terminated: bd3384f9d6fc
--- PASS: TestReleaseEmergencyAC012SwitchAndSubmitCompetition (8.74s)
    --- PASS: TestReleaseEmergencyAC012SwitchAndSubmitCompetition/switch_wins (0.09s)
    --- PASS: TestReleaseEmergencyAC012SwitchAndSubmitCompetition/submit_wins (0.18s)
=== RUN   TestReleaseEmergencyPendingConsumersAndDerivedDrafts
2026/09/11 11:22:11 🐳 Creating container for image mysql:8.4
2026/09/11 11:22:11 ✅ Container created: 9fb2cb38d7aa
2026/09/11 11:22:11 🐳 Starting container: 9fb2cb38d7aa
2026/09/11 11:22:11 ✅ Container started: 9fb2cb38d7aa
2026/09/11 11:22:11 ⏳ Waiting for container id 9fb2cb38d7aa image: mysql:8.4. Waiting for: all of: [log message "port: 3306  MySQL Community Server"]
2026/09/11 11:22:17 🔔 Container is ready: 9fb2cb38d7aa
{"request_id":"rcc-f2991153b8385853c7a38c4b8cc17d54","method":"GET","path":"/api/v1/auth/csrf","status":200,"duration_ms":7}
{"request_id":"rcc-51894ae51229e64a2b88b2bc818aca4e","method":"POST","path":"/api/v1/auth/register","status":201,"duration_ms":40}
{"request_id":"rcc-7ed689d211bcb85ff0fe8e66f5fce391","method":"GET","path":"/api/v1/auth/csrf","status":200,"duration_ms":4}
{"request_id":"rcc-00a54e97857cc13cc72a96034d59b4fe","method":"POST","path":"/api/v1/auth/login","status":200,"duration_ms":51}
{"request_id":"rcc-b71c307da4154152ddf5f4c0b453aae5","method":"POST","path":"/api/v1/query-policies","status":201,"duration_ms":3}
{"request_id":"rcc-1cccc84b36ce367fead0552b3b0a8a91","method":"POST","path":"/api/v1/query-policies/:code/activate","status":200,"duration_ms":4}
{"request_id":"rcc-97eb5040a5c2fc32993d7e553a6db11b","method":"POST","path":"/api/v1/mutation-policies","status":201,"duration_ms":3}
{"request_id":"rcc-fc145000ebeae394fc47c8b4eb528c2e","method":"POST","path":"/api/v1/mutation-policies/:code/activate","status":200,"duration_ms":4}
{"request_id":"rcc-8dd94bdd21eff73dcb8deb4c5a19341a","method":"POST","path":"/api/v1/table-policies","status":201,"duration_ms":14}
{"request_id":"rcc-482e4399190459a839ac6b89be8a7f45","method":"POST","path":"/api/v1/table-policies/:table_name/enable","status":200,"duration_ms":12}
{"request_id":"rcc-9c03ccc79d22d8a406614492d0192aa0","method":"POST","path":"/api/v1/table-policies","status":201,"duration_ms":13}
{"request_id":"rcc-5cab7b3fd4ac1c8686b5e04b1e45e97e","method":"POST","path":"/api/v1/table-policies/:table_name/enable","status":200,"duration_ms":12}
{"request_id":"rcc-ff7335ee7ee2912344dc79c145175b33","method":"POST","path":"/api/v1/release-templates","status":201,"duration_ms":6}
{"request_id":"rcc-d8938f36c9f0ad3c6796f6e5bbbf6ff4","method":"POST","path":"/api/v1/release-orders","status":201,"duration_ms":31}
{"request_id":"rcc-697153c8acb87fb057e50f80535579e4","method":"POST","path":"/api/v1/release-orders/:id/submit","status":200,"duration_ms":77}
{"request_id":"rcc-dc44a3ca85172dfb2c5597ddf5338dcf","method":"GET","path":"/api/v1/release-orders","status":200,"duration_ms":2}
{"request_id":"rcc-a46f79d1844cd6b7c38d8eebe3a8419c","method":"POST","path":"/api/v1/release-orders/:id/reprepare","status":201,"duration_ms":37}
{"request_id":"rcc-4aedafd16c940778cde28edcd14910e6","method":"GET","path":"/api/v1/release-orders/:id","status":200,"duration_ms":3}
{"request_id":"rcc-35327a329e73f6226015fcdb36eb666a","method":"POST","path":"/api/v1/release-orders/:id/submit","status":200,"duration_ms":88}
{"request_id":"rcc-7d6f3fa3bb136f7dc5296a8dfe6e3269","method":"POST","path":"/api/v1/release-orders/:id/cancel","status":200,"duration_ms":17}
{"request_id":"rcc-20595a4f7ad6c352b44925eb80a48a6a","method":"POST","path":"/api/v1/release-orders/:id/copy","status":201,"duration_ms":34}
2026/09/11 11:22:18 🐳 Stopping container: 9fb2cb38d7aa
2026/09/11 11:22:19 ✅ Container stopped: 9fb2cb38d7aa
2026/09/11 11:22:19 🐳 Terminating container: 9fb2cb38d7aa
2026/09/11 11:22:19 🚫 Container terminated: 9fb2cb38d7aa
--- PASS: TestReleaseEmergencyPendingConsumersAndDerivedDrafts (8.72s)
=== RUN   TestConfirmedReleaseFailureHistoryPreservesOriginalRetry
2026/09/11 11:22:19 🐳 Creating container for image mysql:8.4
2026/09/11 11:22:19 ✅ Container created: fae88cd6a025
2026/09/11 11:22:19 🐳 Starting container: fae88cd6a025
2026/09/11 11:22:20 ✅ Container started: fae88cd6a025
2026/09/11 11:22:20 ⏳ Waiting for container id fae88cd6a025 image: mysql:8.4. Waiting for: all of: [log message "port: 3306  MySQL Community Server"]
2026/09/11 11:22:26 🔔 Container is ready: fae88cd6a025
{"request_id":"rcc-0303b31f1ae8e4a3240e97862f5340d1","method":"GET","path":"/api/v1/auth/csrf","status":200,"duration_ms":5}
{"request_id":"rcc-c2e00cf9260d01b1129f9804c1f83baa","method":"POST","path":"/api/v1/auth/register","status":201,"duration_ms":41}
{"request_id":"rcc-439c9f98e21462dd5eea8365f330f801","method":"GET","path":"/api/v1/auth/csrf","status":200,"duration_ms":4}
{"request_id":"rcc-6883e79ff2cad2a2ab24eabc2535a883","method":"POST","path":"/api/v1/auth/login","status":200,"duration_ms":50}
{"request_id":"rcc-19b46a785f8961ed1060f61ad2c1f020","method":"GET","path":"/api/v1/table-policies/:table_name/release-templates","status":200,"duration_ms":2}
{"request_id":"rcc-37a36a5d69c52071a55e4f1f5d98060c","method":"PUT","path":"/api/v1/table-policies/:table_name/release-templates/:release_type","status":200,"duration_ms":7}
{"request_id":"rcc-a9c83e8d4062b3a2e6a2c66af37b2534","method":"GET","path":"/api/v1/auth/csrf","status":200,"duration_ms":5}
{"request_id":"rcc-b589ca05480cb93e12e48cd4ad14ca42","method":"POST","path":"/api/v1/auth/register","status":201,"duration_ms":43}
{"request_id":"rcc-89bb8522aafa6e53ffe8b074b36b4802","method":"POST","path":"/api/v1/release-orders","status":201,"duration_ms":28}
{"request_id":"rcc-255e2092afdbea8b85e2ef6b3d043f92","method":"POST","path":"/api/v1/approval-roles","status":201,"duration_ms":12}
{"request_id":"rcc-0199b81b6168e0223cb4b5c222760925","method":"GET","path":"/api/v1/table-policies/:table_name/approval-roles","status":200,"duration_ms":2}
{"request_id":"rcc-203ff08170a1a90cea2368f1c360dd7f","method":"PUT","path":"/api/v1/table-policies/:table_name/approval-roles","status":200,"duration_ms":14}
{"request_id":"rcc-9b1c409a6a8b24ad4f03dceec5f97b5c","method":"POST","path":"/api/v1/release-orders/:id/submit","status":200,"duration_ms":63}
{"request_id":"rcc-a05b432bcaf4f51fbf60afe6b16b61df","method":"GET","path":"/api/v1/release-orders/:id","status":200,"duration_ms":6}
{"request_id":"rcc-68d49ca8d8e0e274787d3d7e2c05e4ba","method":"POST","path":"/api/v1/release-orders/:id/approve","status":200,"duration_ms":22}
{"request_id":"rcc-3e44cf6c858983d0d1f25eebe6b1f141","method":"POST","path":"/api/v1/release-orders/:id/execute","status":409,"duration_ms":60}
{"request_id":"rcc-ec75fae75c16942da0a66af8a0ab1555","method":"GET","path":"/api/v1/release-orders/:id","status":200,"duration_ms":6}
{"request_id":"rcc-c8eb8f3e5ca212f3ced298927e53c85d","method":"GET","path":"/api/v1/release-orders/:id/details","status":200,"duration_ms":4}
{"request_id":"rcc-e292604565a7f6b41262ea9e426a4259","method":"POST","path":"/api/v1/release-orders/:id/execute","status":409,"duration_ms":4}
{"request_id":"rcc-4b90c063d6ec3b943995e9665303acf2","method":"POST","path":"/api/v1/release-orders/:id/execute","status":200,"duration_ms":73}
{"request_id":"rcc-d912e8785f4b22e7c39322c7227531c1","method":"POST","path":"/api/v1/release-orders/:id/execute","status":200,"duration_ms":14}
{"request_id":"rcc-db842b91c98c97be02dc23cec4b8dc7f","method":"POST","path":"/api/v1/release-orders/:id/execute","status":409,"duration_ms":3}
2026/09/11 11:22:27 🐳 Stopping container: fae88cd6a025
2026/09/11 11:22:28 ✅ Container stopped: fae88cd6a025
2026/09/11 11:22:28 🐳 Terminating container: fae88cd6a025
2026/09/11 11:22:28 🚫 Container terminated: fae88cd6a025
--- PASS: TestConfirmedReleaseFailureHistoryPreservesOriginalRetry (8.69s)
=== RUN   TestReleaseFailureHistoryUnavailableDoesNotLeaveBusinessWrites
2026/09/11 11:22:28 🐳 Creating container for image mysql:8.4
2026/09/11 11:22:28 ✅ Container created: cf298f273768
2026/09/11 11:22:28 🐳 Starting container: cf298f273768
2026/09/11 11:22:28 ✅ Container started: cf298f273768
2026/09/11 11:22:28 ⏳ Waiting for container id cf298f273768 image: mysql:8.4. Waiting for: all of: [log message "port: 3306  MySQL Community Server"]
2026/09/11 11:22:34 🔔 Container is ready: cf298f273768
{"request_id":"rcc-4b345f9cfea60c72e4ef3a5fa3218482","method":"GET","path":"/api/v1/auth/csrf","status":200,"duration_ms":6}
{"request_id":"rcc-05331f325e6ee910939d4f49d3f3bc59","method":"POST","path":"/api/v1/auth/register","status":201,"duration_ms":52}
{"request_id":"rcc-a462877af040a7be6c88a1a5ee99f27f","method":"GET","path":"/api/v1/auth/csrf","status":200,"duration_ms":6}
{"request_id":"rcc-e6f25d4753dc4300df963d4942d767c2","method":"POST","path":"/api/v1/auth/login","status":200,"duration_ms":56}
{"request_id":"rcc-23d2f2d5bfc6cdfc0588042ee2f7334e","method":"GET","path":"/api/v1/table-policies/:table_name/release-templates","status":200,"duration_ms":2}
{"request_id":"rcc-028ca79c248780e0a34ad03f5fa1483e","method":"PUT","path":"/api/v1/table-policies/:table_name/release-templates/:release_type","status":200,"duration_ms":14}
{"request_id":"rcc-9cf46d80c55ceb9f83207b7c0a5dbcbb","method":"GET","path":"/api/v1/auth/csrf","status":200,"duration_ms":9}
{"request_id":"rcc-789996b9ad9abfadd741d345488a9f96","method":"POST","path":"/api/v1/auth/register","status":201,"duration_ms":71}
{"request_id":"rcc-019c242bdf8121688fb1821651acb532","method":"POST","path":"/api/v1/release-orders","status":201,"duration_ms":37}
{"request_id":"rcc-064e0057515428e19f1be61a2e30d82a","method":"POST","path":"/api/v1/approval-roles","status":201,"duration_ms":13}
{"request_id":"rcc-b11cad8d27bbb640662a2cff7726da54","method":"GET","path":"/api/v1/table-policies/:table_name/approval-roles","status":200,"duration_ms":3}
{"request_id":"rcc-9cdcf270d61dc279cec50b62cc180d23","method":"PUT","path":"/api/v1/table-policies/:table_name/approval-roles","status":200,"duration_ms":16}
{"request_id":"rcc-f3e4a8ecca0a531a66f82e629fd883e4","method":"POST","path":"/api/v1/release-orders/:id/submit","status":200,"duration_ms":65}
{"request_id":"rcc-14d01ff9a93a01bb4a48e9741ae54255","method":"GET","path":"/api/v1/release-orders/:id","status":200,"duration_ms":8}
{"request_id":"rcc-7aadffc0844be676addd427822b1e80e","method":"POST","path":"/api/v1/release-orders/:id/approve","status":200,"duration_ms":27}
{"request_id":"rcc-febca635f3e6009cf5aed6e47995b8b5","method":"POST","path":"/api/v1/release-orders/:id/execute","status":503,"duration_ms":99}
{"request_id":"rcc-7d892f31ec94eaba991623c9b89e8be3","method":"GET","path":"/api/v1/release-orders/:id","status":200,"duration_ms":7}
{"request_id":"rcc-b67816cd0962b990cc00ff9b716edfb0","method":"GET","path":"/api/v1/release-orders/:id/details","status":200,"duration_ms":4}
{"request_id":"rcc-ad486630b5b5ed1021990f77fb0e7e6f","method":"POST","path":"/api/v1/release-orders/:id/execute","status":200,"duration_ms":84}
2026/09/11 11:22:36 🐳 Stopping container: cf298f273768
2026/09/11 11:22:37 ✅ Container stopped: cf298f273768
2026/09/11 11:22:37 🐳 Terminating container: cf298f273768
2026/09/11 11:22:37 🚫 Container terminated: cf298f273768
--- PASS: TestReleaseFailureHistoryUnavailableDoesNotLeaveBusinessWrites (8.63s)
=== RUN   TestReleaseFailureAuditPreservesConcurrentCancellation
2026/09/11 11:22:37 🐳 Creating container for image mysql:8.4
2026/09/11 11:22:37 ✅ Container created: 3c9f0dc4d27b
2026/09/11 11:22:37 🐳 Starting container: 3c9f0dc4d27b
2026/09/11 11:22:37 ✅ Container started: 3c9f0dc4d27b
2026/09/11 11:22:37 ⏳ Waiting for container id 3c9f0dc4d27b image: mysql:8.4. Waiting for: all of: [log message "port: 3306  MySQL Community Server"]
2026/09/11 11:22:43 🔔 Container is ready: 3c9f0dc4d27b
{"request_id":"rcc-a38793c9e27b85f1b6ef7b4c49b848d0","method":"GET","path":"/api/v1/auth/csrf","status":200,"duration_ms":5}
{"request_id":"rcc-0efdf1d1eb1af2bf9973665100e0cabc","method":"POST","path":"/api/v1/auth/register","status":201,"duration_ms":42}
{"request_id":"rcc-ea9c86631029143d6051e322c84f1d32","method":"GET","path":"/api/v1/auth/csrf","status":200,"duration_ms":5}
{"request_id":"rcc-75b1ab07a97c82a604980a5e2c3210f6","method":"POST","path":"/api/v1/auth/login","status":200,"duration_ms":50}
{"request_id":"rcc-ef2ccdf92e572c6c65e71cd623122685","method":"GET","path":"/api/v1/table-policies/:table_name/release-templates","status":200,"duration_ms":2}
{"request_id":"rcc-54e82f614b36d8cb16f282e2fac12bb6","method":"PUT","path":"/api/v1/table-policies/:table_name/release-templates/:release_type","status":200,"duration_ms":7}
{"request_id":"rcc-94f539381f07fdc3eea8b4dcca202227","method":"GET","path":"/api/v1/auth/csrf","status":200,"duration_ms":5}
{"request_id":"rcc-74a82551d9a63c776029f94e3ac902ce","method":"POST","path":"/api/v1/auth/register","status":201,"duration_ms":41}
{"request_id":"rcc-0b19144f917e57bfa9e70b29f88bd91f","method":"POST","path":"/api/v1/release-orders","status":201,"duration_ms":27}
{"request_id":"rcc-8337fe32d000bbaa5130afe177b13c67","method":"POST","path":"/api/v1/approval-roles","status":201,"duration_ms":12}
{"request_id":"rcc-c5a5038b0bd5630a6c85f8895059b54b","method":"GET","path":"/api/v1/table-policies/:table_name/approval-roles","status":200,"duration_ms":2}
{"request_id":"rcc-a1bee8246090187dfc577d43cd64a9a0","method":"PUT","path":"/api/v1/table-policies/:table_name/approval-roles","status":200,"duration_ms":15}
{"request_id":"rcc-427c70305219f2d20f6b0c174f861a2f","method":"POST","path":"/api/v1/release-orders/:id/submit","status":200,"duration_ms":59}
{"request_id":"rcc-9ff0210d7c1eb8146a5412c3fae0a2af","method":"GET","path":"/api/v1/release-orders/:id","status":200,"duration_ms":6}
{"request_id":"rcc-f4388989d6455ed1357f568bce8dd970","method":"POST","path":"/api/v1/release-orders/:id/approve","status":200,"duration_ms":23}
    release_failure_retry_integration_test.go:152: request did not reach real rcc_release_orders lock
2026/09/11 11:22:47 🐳 Stopping container: 3c9f0dc4d27b
[mysql] 2026/09/11 11:22:47 packets.go:58 unexpected EOF
{"request_id":"rcc-cd489e4039a81491a10cc29e9c2cf897","method":"POST","path":"/api/v1/release-orders/:id/execute","status":503,"duration_ms":3094}
[mysql] 2026/09/11 11:22:47 packets.go:58 unexpected EOF
{"request_id":"rcc-f6276b3292d68fce1caad51f9967b197","method":"POST","path":"/api/v1/release-orders/:id/cancel","status":503,"duration_ms":3033}
2026/09/11 11:22:50 ✅ Container stopped: 3c9f0dc4d27b
2026/09/11 11:22:50 🐳 Terminating container: 3c9f0dc4d27b
2026/09/11 11:22:50 🚫 Container terminated: 3c9f0dc4d27b
--- FAIL: TestReleaseFailureAuditPreservesConcurrentCancellation (13.59s)
=== RUN   TestReleaseFlowCurrentAuthorizationAfterWaitingForMaintenance
2026/09/11 11:22:50 🐳 Creating container for image mysql:8.4
2026/09/11 11:22:50 ✅ Container created: 5d0da462b088
2026/09/11 11:22:50 🐳 Starting container: 5d0da462b088
2026/09/11 11:22:50 ✅ Container started: 5d0da462b088
2026/09/11 11:22:50 ⏳ Waiting for container id 5d0da462b088 image: mysql:8.4. Waiting for: all of: [log message "port: 3306  MySQL Community Server"]
2026/09/11 11:22:57 🔔 Container is ready: 5d0da462b088
{"request_id":"rcc-3ace7852bc3b6e1a26604ab3d5c69463","method":"GET","path":"/api/v1/auth/csrf","status":200,"duration_ms":10}
{"request_id":"rcc-76703190eecf37be9d3d53f53df6fa01","method":"POST","path":"/api/v1/auth/register","status":201,"duration_ms":64}
{"request_id":"rcc-a2402151d69cf8ad345e4bf17c68a678","method":"GET","path":"/api/v1/auth/csrf","status":200,"duration_ms":12}
{"request_id":"rcc-5e2ad132abfc0b96d6f3b26d67c9558d","method":"POST","path":"/api/v1/auth/login","status":200,"duration_ms":69}
{"request_id":"rcc-a610386d9beff1536c576b7ce02a06d6","method":"POST","path":"/api/v1/query-policies","status":201,"duration_ms":5}
{"request_id":"rcc-a54c92c79577e87270c84c8af37a798c","method":"POST","path":"/api/v1/query-policies/:code/activate","status":200,"duration_ms":7}
{"request_id":"rcc-8860ca3ca19c8ccc46b28e518daf0d3f","method":"POST","path":"/api/v1/mutation-policies","status":201,"duration_ms":5}
{"request_id":"rcc-69e1d4b8a46987019e8e21e7acae34cd","method":"POST","path":"/api/v1/mutation-policies/:code/activate","status":200,"duration_ms":8}
{"request_id":"rcc-26dc62de82aeafab7df0ede0f216be87","method":"POST","path":"/api/v1/table-policies","status":201,"duration_ms":21}
{"request_id":"rcc-1789a5a8a716df9676625c6a83c34f6e","method":"POST","path":"/api/v1/table-policies/:table_name/enable","status":200,"duration_ms":25}
{"request_id":"rcc-5bce0e042228263a18d56c4dcc0e441c","method":"POST","path":"/api/v1/table-policies","status":201,"duration_ms":30}
{"request_id":"rcc-fcf8ff2dcc508e2ee73192f3e3ef2d65","method":"POST","path":"/api/v1/table-policies/:table_name/enable","status":200,"duration_ms":49}
{"request_id":"rcc-6d6844802d07cd85e5ce791bc6ebb791","method":"POST","path":"/api/v1/release-templates","status":201,"duration_ms":12}
{"request_id":"rcc-be211b5603d2e4f076b4b5f9b11d00cc","method":"GET","path":"/api/v1/table-policies/:table_name/release-templates","status":200,"duration_ms":8}
{"request_id":"rcc-ad1ef7d73e467d7cdbd734d56ed4c6ff","method":"PUT","path":"/api/v1/table-policies/:table_name/release-templates/:release_type","status":200,"duration_ms":18}
{"request_id":"rcc-905b9c20fe4321ffeeb4b42c510ceea9","method":"GET","path":"/api/v1/table-policies/:table_name/release-templates","status":200,"duration_ms":4}
{"request_id":"rcc-5742fd31f9191c498137f1d220d3addf","method":"PUT","path":"/api/v1/table-policies/:table_name/release-templates/:release_type","status":200,"duration_ms":18}
{"request_id":"rcc-46014321f8419fdb6fb577bc746c0ba6","method":"POST","path":"/api/v1/release-orders","status":201,"duration_ms":66}
{"request_id":"rcc-a828453cda1e014313d5b563ffdf80b3","method":"POST","path":"/api/v1/release-orders/:id/cancel","status":200,"duration_ms":29}
=== RUN   TestReleaseFlowCurrentAuthorizationAfterWaitingForMaintenance/create
{"request_id":"rcc-cc2312a3e985787bbbb5d57e10379389","method":"GET","path":"/api/v1/auth/csrf","status":200,"duration_ms":11}
{"request_id":"rcc-fbbed06e14f1dcd59738f9a9bf509e51","method":"POST","path":"/api/v1/auth/register","status":201,"duration_ms":66}
{"request_id":"rcc-fdff7e4b02bc06cf985b48eee52a6d3d","method":"PUT","path":"/api/v1/account-roles/:id","status":200,"duration_ms":11}
{"request_id":"rcc-d2add9bf50c708d12e911f3370359d5d","method":"POST","path":"/api/v1/release-orders","status":403,"duration_ms":23}
{"request_id":"rcc-7285518aabd2f4ad42709cce8f049127","method":"POST","path":"/api/v1/release-orders","status":401,"duration_ms":1}
{"request_id":"rcc-e2b3322bc0fdf8eccb0b39826a4207c7","method":"GET","path":"/api/v1/release-orders","status":200,"duration_ms":3}
=== RUN   TestReleaseFlowCurrentAuthorizationAfterWaitingForMaintenance/copy
{"request_id":"rcc-c77890d77778482c560854357e69790b","method":"GET","path":"/api/v1/auth/csrf","status":200,"duration_ms":7}
{"request_id":"rcc-13900416e6541e974f1a44655222e662","method":"POST","path":"/api/v1/auth/register","status":201,"duration_ms":52}
{"request_id":"rcc-2ecae060a03108db58be7e3576c59fe4","method":"PUT","path":"/api/v1/account-roles/:id","status":200,"duration_ms":11}
{"request_id":"rcc-14e6bc71fd07b880add3a2df0a83134a","method":"POST","path":"/api/v1/release-orders/:id/copy","status":403,"duration_ms":21}
{"request_id":"rcc-62507b5a933717d2142e0760fd8753bb","method":"POST","path":"/api/v1/release-orders/:id/copy","status":401,"duration_ms":1}
{"request_id":"rcc-58c6df00e2aef419ab035e80c2d8edcd","method":"GET","path":"/api/v1/release-orders","status":200,"duration_ms":2}
=== RUN   TestReleaseFlowCurrentAuthorizationAfterWaitingForMaintenance/replay
{"request_id":"rcc-70f01c00f0f0df7f6b4286637addf4cd","method":"GET","path":"/api/v1/auth/csrf","status":200,"duration_ms":12}
{"request_id":"rcc-eed89c65d6cbd1ee82298db9783f9707","method":"POST","path":"/api/v1/auth/register","status":201,"duration_ms":49}
{"request_id":"rcc-d1f3e35299a69e03c412074226bec33f","method":"PUT","path":"/api/v1/account-roles/:id","status":200,"duration_ms":12}
{"request_id":"rcc-c8a031c2e247701086388d9fdd889946","method":"POST","path":"/api/v1/release-orders","status":201,"duration_ms":46}
{"request_id":"rcc-85c439fe419bbbdd1466208e207d859e","method":"POST","path":"/api/v1/release-orders","status":403,"duration_ms":19}
{"request_id":"rcc-b2239608f31bcfd719d47dd9051c960c","method":"POST","path":"/api/v1/release-orders","status":401,"duration_ms":1}
{"request_id":"rcc-c9d8ada49a22eee42710a63d3e41d919","method":"GET","path":"/api/v1/release-orders","status":200,"duration_ms":6}
2026/09/11 11:23:01 🐳 Stopping container: 5d0da462b088
2026/09/11 11:23:02 ✅ Container stopped: 5d0da462b088
2026/09/11 11:23:02 🐳 Terminating container: 5d0da462b088
2026/09/11 11:23:02 🚫 Container terminated: 5d0da462b088
--- PASS: TestReleaseFlowCurrentAuthorizationAfterWaitingForMaintenance (12.03s)
    --- PASS: TestReleaseFlowCurrentAuthorizationAfterWaitingForMaintenance/create (1.05s)
    --- PASS: TestReleaseFlowCurrentAuthorizationAfterWaitingForMaintenance/copy (0.14s)
    --- PASS: TestReleaseFlowCurrentAuthorizationAfterWaitingForMaintenance/replay (0.19s)
=== RUN   TestReleaseFlowAC022ConcurrentTemplateAndAssociationSnapshots
2026/09/11 11:23:02 🐳 Creating container for image mysql:8.4
2026/09/11 11:23:02 ✅ Container created: 26c0acc95f72
2026/09/11 11:23:02 🐳 Starting container: 26c0acc95f72
2026/09/11 11:23:03 ✅ Container started: 26c0acc95f72
2026/09/11 11:23:03 ⏳ Waiting for container id 26c0acc95f72 image: mysql:8.4. Waiting for: all of: [log message "port: 3306  MySQL Community Server"]
2026/09/11 11:23:09 🔔 Container is ready: 26c0acc95f72
{"request_id":"rcc-f49d815a8147e62da9a5d19a189b76cd","method":"GET","path":"/api/v1/auth/csrf","status":200,"duration_ms":5}
{"request_id":"rcc-0968712ae2e0a332b7a60e5c055a036a","method":"POST","path":"/api/v1/auth/register","status":201,"duration_ms":43}
{"request_id":"rcc-7986ef2923baa33df8257a14765132e8","method":"GET","path":"/api/v1/auth/csrf","status":200,"duration_ms":5}
{"request_id":"rcc-f86b90647cb2c95696c81408b274fb6c","method":"POST","path":"/api/v1/auth/login","status":200,"duration_ms":49}
{"request_id":"rcc-7ec08b8ee64f7ab872b2a8f1b868166d","method":"POST","path":"/api/v1/query-policies","status":201,"duration_ms":3}
{"request_id":"rcc-24193a3c07396a6ad16f79f5eb5f20de","method":"POST","path":"/api/v1/query-policies/:code/activate","status":200,"duration_ms":5}
{"request_id":"rcc-18aff552ab92de7cdb6e07cb178c90ba","method":"POST","path":"/api/v1/mutation-policies","status":201,"duration_ms":3}
{"request_id":"rcc-2e7e65d6a39cc1eb85f8bf9a98ad4b34","method":"POST","path":"/api/v1/mutation-policies/:code/activate","status":200,"duration_ms":5}
{"request_id":"rcc-83bc33c8ab386320aa0b545199b5844c","method":"POST","path":"/api/v1/table-policies","status":201,"duration_ms":18}
{"request_id":"rcc-7d694b64f2e851a67af57177575e52d4","method":"POST","path":"/api/v1/table-policies/:table_name/enable","status":200,"duration_ms":16}
{"request_id":"rcc-f4c1334272f4fbdc4aaeae841476a2bc","method":"POST","path":"/api/v1/table-policies","status":201,"duration_ms":17}
{"request_id":"rcc-bd312fdac8058b70732de65087a22a4d","method":"POST","path":"/api/v1/table-policies/:table_name/enable","status":200,"duration_ms":15}
{"request_id":"rcc-b75c4a719e48c6e51b677a9a96b5cd49","method":"POST","path":"/api/v1/release-templates","status":201,"duration_ms":8}
{"request_id":"rcc-36d292ee96b0bd6cf033c6c2129393e6","method":"GET","path":"/api/v1/table-policies/:table_name/release-templates","status":200,"duration_ms":2}
{"request_id":"rcc-07b18bb94e25df89e8e991d39389862c","method":"PUT","path":"/api/v1/table-policies/:table_name/release-templates/:release_type","status":200,"duration_ms":9}
{"request_id":"rcc-2086eb427d5ccb3c9b09998fb350994f","method":"GET","path":"/api/v1/table-policies/:table_name/release-templates","status":200,"duration_ms":3}
{"request_id":"rcc-2b1bfd01813939381aaa1ed3b9bf7604","method":"PUT","path":"/api/v1/table-policies/:table_name/release-templates/:release_type","status":200,"duration_ms":10}
=== RUN   TestReleaseFlowAC022ConcurrentTemplateAndAssociationSnapshots/template_update_commits_while_draft_retains_complete_old_snapshot
{"request_id":"rcc-83c3ee206191387518bf0ea9d6c9c127","method":"PUT","path":"/api/v1/release-templates/:code","status":200,"duration_ms":63}
{"request_id":"rcc-dd27b6cae07dafa590aeefd31da861bf","method":"POST","path":"/api/v1/release-orders","status":201,"duration_ms":63}
{"request_id":"rcc-e396ea31edf318e3ff8340157e186e06","method":"POST","path":"/api/v1/release-orders","status":201,"duration_ms":12}
{"request_id":"rcc-26bd4d9d970034e9beba76cb7560dea1","method":"POST","path":"/api/v1/release-orders","status":409,"duration_ms":6}
{"request_id":"rcc-8611af489f5c7e608eba9152c5e8e5c8","method":"GET","path":"/api/v1/release-orders/:id","status":200,"duration_ms":10}
{"request_id":"rcc-cbda3e6e53d3f8d09b39462722e5a498","method":"POST","path":"/api/v1/release-orders","status":201,"duration_ms":47}
=== RUN   TestReleaseFlowAC022ConcurrentTemplateAndAssociationSnapshots/association_switch_precedes_waiting_draft_as_one_snapshot
{"request_id":"rcc-eb9d57a07b731b9f7021a303c9d1a768","method":"PUT","path":"/api/v1/table-policies/:table_name/release-templates/:release_type","status":200,"duration_ms":31}
{"request_id":"rcc-a47562b6888fb084a9f97f9a0ecdd101","method":"POST","path":"/api/v1/release-orders","status":201,"duration_ms":57}
{"request_id":"rcc-01bb4649391225673f51c25b19d33d8b","method":"GET","path":"/api/v1/table-policies/:table_name/release-templates","status":200,"duration_ms":3}
{"request_id":"rcc-6476567db7ca7f383b7e5ee63e5e77e1","method":"PUT","path":"/api/v1/table-policies/:table_name/release-templates/:release_type","status":200,"duration_ms":10}
{"request_id":"rcc-41b96d632a26036866b97ab93ec0c0fe","method":"POST","path":"/api/v1/release-orders","status":201,"duration_ms":13}
    release_flow_concurrency_integration_test.go:168: complete snapshot retained with alpha default_standard_v1@1 / association 2
2026/09/11 11:23:11 🐳 Stopping container: 26c0acc95f72
2026/09/11 11:23:12 ✅ Container stopped: 26c0acc95f72
2026/09/11 11:23:12 🐳 Terminating container: 26c0acc95f72
2026/09/11 11:23:12 🚫 Container terminated: 26c0acc95f72
--- PASS: TestReleaseFlowAC022ConcurrentTemplateAndAssociationSnapshots (9.39s)
    --- PASS: TestReleaseFlowAC022ConcurrentTemplateAndAssociationSnapshots/template_update_commits_while_draft_retains_complete_old_snapshot (0.17s)
    --- PASS: TestReleaseFlowAC022ConcurrentTemplateAndAssociationSnapshots/association_switch_precedes_waiting_draft_as_one_snapshot (0.10s)
=== RUN   TestReleaseFlowStorageFailuresKeepDraftAndOriginalResultAtomic
2026/09/11 11:23:12 🐳 Creating container for image mysql:8.4
2026/09/11 11:23:12 ✅ Container created: aeda56608439
2026/09/11 11:23:12 🐳 Starting container: aeda56608439
2026/09/11 11:23:12 ✅ Container started: aeda56608439
2026/09/11 11:23:12 ⏳ Waiting for container id aeda56608439 image: mysql:8.4. Waiting for: all of: [log message "port: 3306  MySQL Community Server"]
2026/09/11 11:23:19 🔔 Container is ready: aeda56608439
{"request_id":"rcc-7a228e6c3d81190913fc6db98aa6faaa","method":"GET","path":"/api/v1/auth/csrf","status":200,"duration_ms":9}
{"request_id":"rcc-4073047c7b21b95b33b0dcb16ff31e36","method":"POST","path":"/api/v1/auth/register","status":201,"duration_ms":47}
{"request_id":"rcc-12534a4080a287ca108ce085ea4ac251","method":"GET","path":"/api/v1/auth/csrf","status":200,"duration_ms":6}
{"request_id":"rcc-52a3aa59c7b7cc419590c4d93911645a","method":"POST","path":"/api/v1/auth/login","status":200,"duration_ms":55}
{"request_id":"rcc-b0964e634c09a5dcdbc8375d3fd0e4d2","method":"POST","path":"/api/v1/query-policies","status":201,"duration_ms":3}
{"request_id":"rcc-efb37d71bb94bbda346a89ac0613265a","method":"POST","path":"/api/v1/query-policies/:code/activate","status":200,"duration_ms":4}
{"request_id":"rcc-553936b813c5824b4ebebbefdbe41ea3","method":"POST","path":"/api/v1/mutation-policies","status":201,"duration_ms":2}
{"request_id":"rcc-21674db132ed2c2f78228c2aa229bcdd","method":"POST","path":"/api/v1/mutation-policies/:code/activate","status":200,"duration_ms":4}
{"request_id":"rcc-0c45594d3a00421bf5c6b6007049deda","method":"POST","path":"/api/v1/table-policies","status":201,"duration_ms":15}
{"request_id":"rcc-9ffe0b04fcfefec1b126ab5798782289","method":"POST","path":"/api/v1/table-policies/:table_name/enable","status":200,"duration_ms":12}
{"request_id":"rcc-0c49595e5b303679c62a62063c3d3de3","method":"POST","path":"/api/v1/table-policies","status":201,"duration_ms":13}
{"request_id":"rcc-ddc5c99678256c0bc8297da812585630","method":"POST","path":"/api/v1/table-policies/:table_name/enable","status":200,"duration_ms":13}
{"request_id":"rcc-500204cbff516d0f37df3cf41fc723d8","method":"POST","path":"/api/v1/release-templates","status":201,"duration_ms":6}
{"request_id":"rcc-5b8297ac94276cb7b9cb12afe5577312","method":"GET","path":"/api/v1/table-policies/:table_name/release-templates","status":200,"duration_ms":2}
{"request_id":"rcc-f378fbaa903f8d79c053dffa33f6bd69","method":"PUT","path":"/api/v1/table-policies/:table_name/release-templates/:release_type","status":200,"duration_ms":8}
{"request_id":"rcc-5a2e7ee6c2a2961e13e4415c65a15a30","method":"POST","path":"/api/v1/release-orders","status":201,"duration_ms":34}
{"request_id":"rcc-7f0df3361e798231cf7efc111501b764","method":"GET","path":"/api/v1/table-policies/:table_name/release-templates","status":200,"duration_ms":2}
{"request_id":"rcc-38732da1ef13584692d1b9ea7e6cc7c7","method":"PUT","path":"/api/v1/table-policies/:table_name/release-templates/:release_type","status":200,"duration_ms":8}
{"request_id":"rcc-04bc1bec576273cca42f5f01519707b2","method":"PUT","path":"/api/v1/release-orders/:id","status":503,"duration_ms":8}
{"request_id":"rcc-e7c000dd2dbce172842ce0c7a1f569bf","method":"GET","path":"/api/v1/release-orders/:id","status":200,"duration_ms":5}
{"request_id":"rcc-d098113b5de981f9e8d2fbc5f40e7907","method":"PUT","path":"/api/v1/release-orders/:id","status":503,"duration_ms":11}
{"request_id":"rcc-c0dcefe67a73ae116d441526e622fb32","method":"PUT","path":"/api/v1/release-orders/:id","status":503,"duration_ms":12}
{"request_id":"rcc-5ca682c66c2a2ef7a26303b87dfef095","method":"GET","path":"/api/v1/release-orders/:id","status":200,"duration_ms":5}
{"request_id":"rcc-0c259e403c8176025f6ddcaa9e323716","method":"PUT","path":"/api/v1/release-orders/:id","status":200,"duration_ms":21}
{"request_id":"rcc-7747be65b233bdabf4c9961eb4911582","method":"GET","path":"/api/v1/release-orders/:id","status":200,"duration_ms":9}
{"request_id":"rcc-c6f921cf726e5a60ff3567f7fe89aec5","method":"PUT","path":"/api/v1/release-orders/:id","status":200,"duration_ms":17}
{"request_id":"rcc-9abbbb1b745b85404499156d5ae6bda5","method":"PUT","path":"/api/v1/release-orders/:id","status":409,"duration_ms":6}
2026/09/11 11:23:21 🐳 Stopping container: aeda56608439
2026/09/11 11:23:22 ✅ Container stopped: aeda56608439
2026/09/11 11:23:22 🐳 Terminating container: aeda56608439
2026/09/11 11:23:22 🚫 Container terminated: aeda56608439
--- PASS: TestReleaseFlowStorageFailuresKeepDraftAndOriginalResultAtomic (9.83s)
=== RUN   TestReleaseFlowAC009PersistsIndependentTablesBeforeFirstRead
2026/09/11 11:23:22 🐳 Creating container for image mysql:8.4
2026/09/11 11:23:22 ✅ Container created: 708504b7ee6e
2026/09/11 11:23:22 🐳 Starting container: 708504b7ee6e
2026/09/11 11:23:22 ✅ Container started: 708504b7ee6e
2026/09/11 11:23:22 ⏳ Waiting for container id 708504b7ee6e image: mysql:8.4. Waiting for: all of: [log message "port: 3306  MySQL Community Server"]
2026/09/11 11:23:29 🔔 Container is ready: 708504b7ee6e
{"request_id":"rcc-9db918f084aef43fbeecfc22d4eb42a9","method":"GET","path":"/api/v1/auth/csrf","status":200,"duration_ms":7}
{"request_id":"rcc-cebf59bfb8f78d5d9f4c1680794d22c1","method":"POST","path":"/api/v1/auth/register","status":201,"duration_ms":42}
{"request_id":"rcc-bac19fff90bf8839aee00f501319ae5b","method":"GET","path":"/api/v1/auth/csrf","status":200,"duration_ms":4}
{"request_id":"rcc-1eca1769d9e2e081c161fb8ebf4c3104","method":"POST","path":"/api/v1/auth/login","status":200,"duration_ms":50}
{"request_id":"rcc-091be1076b02eacaa15c9745d842c32b","method":"POST","path":"/api/v1/query-policies","status":201,"duration_ms":4}
{"request_id":"rcc-b3f4d5d725fa0f3aeadaa69987016f6e","method":"POST","path":"/api/v1/query-policies/:code/activate","status":200,"duration_ms":5}
{"request_id":"rcc-2c276ef7f8e6e7160e7e0247013c3736","method":"POST","path":"/api/v1/mutation-policies","status":201,"duration_ms":5}
{"request_id":"rcc-c6cf7b413228a31b70be96253e38afa2","method":"POST","path":"/api/v1/mutation-policies/:code/activate","status":200,"duration_ms":6}
{"request_id":"rcc-2351158c9fe6768aeb899d4736d4e151","method":"POST","path":"/api/v1/table-policies","status":201,"duration_ms":16}
{"request_id":"rcc-7183e8f12bbd0be2d22518ea1ac4b59d","method":"POST","path":"/api/v1/table-policies/:table_name/enable","status":200,"duration_ms":12}
{"request_id":"rcc-681119aa844986c2a04c99579537e9b1","method":"POST","path":"/api/v1/table-policies","status":201,"duration_ms":12}
{"request_id":"rcc-eeb222878338ed12bedbdbc043d6a867","method":"POST","path":"/api/v1/table-policies/:table_name/enable","status":200,"duration_ms":13}
{"request_id":"rcc-86b11c6ec2bb3cdc45c25c5ad6861f47","method":"POST","path":"/api/v1/release-templates","status":201,"duration_ms":5}
{"request_id":"rcc-b3ecbfe292963cc5ec44403d34457885","method":"GET","path":"/api/v1/table-policies/:table_name/release-templates","status":200,"duration_ms":2}
{"request_id":"rcc-8aa1756f33a908664b2c31bda8eedac4","method":"PUT","path":"/api/v1/table-policies/:table_name/release-templates/:release_type","status":200,"duration_ms":7}
{"request_id":"rcc-d3078f14d0a8858e57da98f42be10d5a","method":"GET","path":"/api/v1/table-policies/:table_name/release-templates","status":200,"duration_ms":2}
{"request_id":"rcc-d4e3557f072a368f6dd6db3ae1152cef","method":"PUT","path":"/api/v1/table-policies/:table_name/release-templates/:release_type","status":200,"duration_ms":8}
{"request_id":"rcc-3052e03b1c1ac856d93563dc0422a474","method":"POST","path":"/api/v1/release-orders","status":201,"duration_ms":33}
{"request_id":"rcc-27ddb812d8a9fbe165bf06ff413388f6","method":"PUT","path":"/api/v1/release-templates/:code","status":200,"duration_ms":6}
{"request_id":"rcc-2e3ae83ce9dbedbb9cace404b359db88","method":"GET","path":"/api/v1/table-policies/:table_name/release-templates","status":200,"duration_ms":2}
{"request_id":"rcc-32b32a4c26503c0531751b9a77529c8c","method":"PUT","path":"/api/v1/table-policies/:table_name/release-templates/:release_type","status":200,"duration_ms":7}
{"request_id":"rcc-9b77a02b081d3cc1c65cef2e8cd3b6da","method":"GET","path":"/api/v1/release-orders/:id","status":200,"duration_ms":5}
{"request_id":"rcc-b3eba11b03ade71eb818303546105d63","method":"GET","path":"/api/v1/release-orders/:id","status":200,"duration_ms":6}
2026/09/11 11:23:31 🐳 Stopping container: 708504b7ee6e
2026/09/11 11:23:32 ✅ Container stopped: 708504b7ee6e
2026/09/11 11:23:32 🐳 Terminating container: 708504b7ee6e
2026/09/11 11:23:32 🚫 Container terminated: 708504b7ee6e
--- PASS: TestReleaseFlowAC009PersistsIndependentTablesBeforeFirstRead (9.98s)
=== RUN   TestReleaseFlowAC010MissingConfigurationRequiresExplicitSave
2026/09/11 11:23:32 🐳 Creating container for image mysql:8.4
2026/09/11 11:23:32 ✅ Container created: 8e33cbde369d
2026/09/11 11:23:32 🐳 Starting container: 8e33cbde369d
2026/09/11 11:23:32 ✅ Container started: 8e33cbde369d
2026/09/11 11:23:32 ⏳ Waiting for container id 8e33cbde369d image: mysql:8.4. Waiting for: all of: [log message "port: 3306  MySQL Community Server"]
2026/09/11 11:23:38 🔔 Container is ready: 8e33cbde369d
{"request_id":"rcc-e0ab3ae3195e7e793e2781c671231bed","method":"GET","path":"/api/v1/auth/csrf","status":200,"duration_ms":7}
{"request_id":"rcc-42421713e7a38c5b4801f691d0791116","method":"POST","path":"/api/v1/auth/register","status":201,"duration_ms":40}
{"request_id":"rcc-6a605ffaf1a07ebb942cbb985f3f6b6f","method":"GET","path":"/api/v1/auth/csrf","status":200,"duration_ms":4}
{"request_id":"rcc-46a1d531884ca74f2e8cbea32b6a564a","method":"POST","path":"/api/v1/auth/login","status":200,"duration_ms":54}
{"request_id":"rcc-bf64e9285fbfdea88f122839fbb5f903","method":"POST","path":"/api/v1/query-policies","status":201,"duration_ms":3}
{"request_id":"rcc-366c91ca7699242adfae75746ea5cf70","method":"POST","path":"/api/v1/query-policies/:code/activate","status":200,"duration_ms":4}
{"request_id":"rcc-2fcd28e9caddc4aa05a854b0137fd3d6","method":"POST","path":"/api/v1/mutation-policies","status":201,"duration_ms":2}
{"request_id":"rcc-defcfd155f32190e77df142041901188","method":"POST","path":"/api/v1/mutation-policies/:code/activate","status":200,"duration_ms":4}
{"request_id":"rcc-ed255b12b43f64cc696e88da92665226","method":"POST","path":"/api/v1/table-policies","status":201,"duration_ms":14}
{"request_id":"rcc-d7c5c6f164d67da398dd6865e7d9c226","method":"POST","path":"/api/v1/table-policies/:table_name/enable","status":200,"duration_ms":12}
{"request_id":"rcc-3eb497e76c9b5f2e331ac1fd86e4d7c6","method":"POST","path":"/api/v1/table-policies","status":201,"duration_ms":13}
{"request_id":"rcc-1fee42ae337356b6ce3bfb2dae28f8b8","method":"POST","path":"/api/v1/table-policies/:table_name/enable","status":200,"duration_ms":13}
{"request_id":"rcc-752f654a3e6a53dfadb9ec2e18da101d","method":"POST","path":"/api/v1/release-templates","status":201,"duration_ms":6}
{"request_id":"rcc-4881b87a845d3355730c84b69343be4d","method":"GET","path":"/api/v1/table-policies/:table_name/release-templates","status":200,"duration_ms":2}
{"request_id":"rcc-d4f7013236bab948622691172bb5b790","method":"PUT","path":"/api/v1/table-policies/:table_name/release-templates/:release_type","status":200,"duration_ms":7}
{"request_id":"rcc-1532328e8cdc3a1882fb4ddd253b4135","method":"GET","path":"/api/v1/auth/csrf","status":200,"duration_ms":4}
{"request_id":"rcc-ade7246bd24778f9243f0640eab34bc5","method":"POST","path":"/api/v1/auth/register","status":201,"duration_ms":42}
{"request_id":"rcc-ffc474a68497a3766c34f0d5e387da5b","method":"POST","path":"/api/v1/approval-roles","status":201,"duration_ms":12}
{"request_id":"rcc-1766111a580fab9069736f397a2aeef3","method":"GET","path":"/api/v1/table-policies/:table_name/approval-roles","status":200,"duration_ms":2}
{"request_id":"rcc-0cea909fbf5aa12beb7cb6a301c6953d","method":"PUT","path":"/api/v1/table-policies/:table_name/approval-roles","status":200,"duration_ms":13}
{"request_id":"rcc-029754b4bc7aa6070d313f2bb21ad551","method":"GET","path":"/api/v1/table-policies/:table_name/approval-roles","status":200,"duration_ms":2}
{"request_id":"rcc-76ae0180859a507914150848fc394108","method":"PUT","path":"/api/v1/table-policies/:table_name/approval-roles","status":200,"duration_ms":13}
{"request_id":"rcc-73038131f98b83d4690a99aed31cbf46","method":"POST","path":"/api/v1/release-orders","status":201,"duration_ms":40}
{"request_id":"rcc-e4423c018de5782e27413991b9bab00c","method":"POST","path":"/api/v1/release-orders/:id/submit","status":409,"duration_ms":6}
{"request_id":"rcc-a3ac8ebbbb2af332bcc920f6e1908230","method":"GET","path":"/api/v1/table-policies/:table_name/release-templates","status":200,"duration_ms":2}
{"request_id":"rcc-88263580cb9073e2b3cce01b26e75af1","method":"PUT","path":"/api/v1/table-policies/:table_name/release-templates/:release_type","status":200,"duration_ms":8}
{"request_id":"rcc-295494940755c468ef7536a4dcf8c943","method":"GET","path":"/api/v1/release-orders/:id","status":200,"duration_ms":12}
{"request_id":"rcc-520be510f5f3c4fdd8d5b1d470fa0507","method":"PUT","path":"/api/v1/release-orders/:id","status":200,"duration_ms":23}
{"request_id":"rcc-baf95d050a598d79d561bf68519beae6","method":"POST","path":"/api/v1/release-templates/:code/disable","status":200,"duration_ms":7}
{"request_id":"rcc-e7798ade7e8335f59ef0f5bfaef72322","method":"GET","path":"/api/v1/table-policies/:table_name/release-templates","status":200,"duration_ms":2}
{"request_id":"rcc-e609140abf2b59e5fdcce63bc86e286c","method":"PUT","path":"/api/v1/table-policies/:table_name/release-templates/:release_type","status":200,"duration_ms":8}
{"request_id":"rcc-a791815bca91c8b2dd2d322f9118978a","method":"POST","path":"/api/v1/release-orders/:id/submit","status":200,"duration_ms":91}
{"request_id":"rcc-5f4b38251ffb32bc0555e5ee7282891d","method":"POST","path":"/api/v1/release-orders","status":201,"duration_ms":39}
2026/09/11 11:23:39 🐳 Stopping container: 8e33cbde369d
2026/09/11 11:23:40 ✅ Container stopped: 8e33cbde369d
2026/09/11 11:23:40 🐳 Terminating container: 8e33cbde369d
2026/09/11 11:23:40 🚫 Container terminated: 8e33cbde369d
--- PASS: TestReleaseFlowAC010MissingConfigurationRequiresExplicitSave (8.67s)
=== RUN   TestReleaseFlowAC013DerivedDraftUsesCurrentConfiguration
2026/09/11 11:23:40 🐳 Creating container for image mysql:8.4
2026/09/11 11:23:40 ✅ Container created: 3ba9571dfd0b
2026/09/11 11:23:40 🐳 Starting container: 3ba9571dfd0b
2026/09/11 11:23:40 ✅ Container started: 3ba9571dfd0b
2026/09/11 11:23:40 ⏳ Waiting for container id 3ba9571dfd0b image: mysql:8.4. Waiting for: all of: [log message "port: 3306  MySQL Community Server"]
2026/09/11 11:23:46 🔔 Container is ready: 3ba9571dfd0b
{"request_id":"rcc-626c3408c1d28c46447c2f4841f7dfd3","method":"GET","path":"/api/v1/auth/csrf","status":200,"duration_ms":7}
{"request_id":"rcc-ee6af98a52a5331895ca09b48ac60703","method":"POST","path":"/api/v1/auth/register","status":201,"duration_ms":42}
{"request_id":"rcc-d96cdecb2c20920e1466a3274d8d867e","method":"GET","path":"/api/v1/auth/csrf","status":200,"duration_ms":6}
{"request_id":"rcc-f120ed1f6e31a22e877dd0412710c58b","method":"POST","path":"/api/v1/auth/login","status":200,"duration_ms":50}
{"request_id":"rcc-6a84b149e68f4a5cc71ef7c174387212","method":"POST","path":"/api/v1/query-policies","status":201,"duration_ms":3}
{"request_id":"rcc-97f14b23c6a4839143690f18eb347fdd","method":"POST","path":"/api/v1/query-policies/:code/activate","status":200,"duration_ms":4}
{"request_id":"rcc-6111ab13a46c9cb78fa3f61430ff653e","method":"POST","path":"/api/v1/mutation-policies","status":201,"duration_ms":2}
{"request_id":"rcc-321133a2314bafdfed91b349025c3fd4","method":"POST","path":"/api/v1/mutation-policies/:code/activate","status":200,"duration_ms":4}
{"request_id":"rcc-289ab4bf97b4ae4610bb598a8b0528ca","method":"POST","path":"/api/v1/table-policies","status":201,"duration_ms":14}
{"request_id":"rcc-fc9f6455e11e117cb431a883c3ad6357","method":"POST","path":"/api/v1/table-policies/:table_name/enable","status":200,"duration_ms":12}
{"request_id":"rcc-a452c423127bd21c1a363388084bcaba","method":"POST","path":"/api/v1/table-policies","status":201,"duration_ms":12}
{"request_id":"rcc-bfbc47ddbe40bfeb8116367fd6cd6a48","method":"POST","path":"/api/v1/table-policies/:table_name/enable","status":200,"duration_ms":14}
{"request_id":"rcc-1d71e61fee4f7d68eb732475f8dddcba","method":"POST","path":"/api/v1/release-templates","status":201,"duration_ms":6}
{"request_id":"rcc-11f2f5cb475d358a3be62b4c4622bd7a","method":"GET","path":"/api/v1/table-policies/:table_name/release-templates","status":200,"duration_ms":2}
{"request_id":"rcc-0a24f644433369701f816bb6662c8202","method":"PUT","path":"/api/v1/table-policies/:table_name/release-templates/:release_type","status":200,"duration_ms":7}
{"request_id":"rcc-264f16459830035e2405f4563fb6c0c0","method":"GET","path":"/api/v1/table-policies/:table_name/release-templates","status":200,"duration_ms":2}
{"request_id":"rcc-d38cbaf8d468a7825dd2d1b93e84065a","method":"PUT","path":"/api/v1/table-policies/:table_name/release-templates/:release_type","status":200,"duration_ms":8}
{"request_id":"rcc-76a345d81f0046a26a154d965261350d","method":"GET","path":"/api/v1/auth/csrf","status":200,"duration_ms":4}
{"request_id":"rcc-362a181d0280169d45b7f61e9dcb55ea","method":"POST","path":"/api/v1/auth/register","status":201,"duration_ms":40}
{"request_id":"rcc-1e6f0184eba63dc2725e5b40d5130f99","method":"POST","path":"/api/v1/approval-roles","status":201,"duration_ms":11}
{"request_id":"rcc-b390fe12e35605b3fb567be00105b43b","method":"GET","path":"/api/v1/table-policies/:table_name/approval-roles","status":200,"duration_ms":3}
{"request_id":"rcc-1744b02023ddaa0f940008a9a3262ab2","method":"PUT","path":"/api/v1/table-policies/:table_name/approval-roles","status":200,"duration_ms":14}
{"request_id":"rcc-e5d8e571d32f43760d0e03371db646b7","method":"GET","path":"/api/v1/table-policies/:table_name/approval-roles","status":200,"duration_ms":2}
{"request_id":"rcc-bbcbe1e8d9844effc8ea14fe6e36028f","method":"PUT","path":"/api/v1/table-policies/:table_name/approval-roles","status":200,"duration_ms":13}
{"request_id":"rcc-24054ab5f78afaa0e0d5b205c03c3f61","method":"POST","path":"/api/v1/release-orders","status":201,"duration_ms":40}
{"request_id":"rcc-a621358f699cd8ad2582d2907b29ea22","method":"GET","path":"/api/v1/release-orders/:id","status":200,"duration_ms":13}
{"request_id":"rcc-52ebd046c363a778d6c6922b88c0c038","method":"POST","path":"/api/v1/release-orders/:id/cancel","status":200,"duration_ms":19}
{"request_id":"rcc-43fdf9659c783a5f8fbd2bafe2c4dd24","method":"GET","path":"/api/v1/table-policies/:table_name/release-templates","status":200,"duration_ms":2}
{"request_id":"rcc-5f4009df06f1ee1e9dd2d0bd883819b7","method":"PUT","path":"/api/v1/table-policies/:table_name/release-templates/:release_type","status":200,"duration_ms":7}
{"request_id":"rcc-579e1fbb01c67c01c974cc9d772cefda","method":"GET","path":"/api/v1/table-policies/:table_name/release-templates","status":200,"duration_ms":2}
{"request_id":"rcc-4d68656f3c105c4d1411606bbeb39cf6","method":"PUT","path":"/api/v1/table-policies/:table_name/release-templates/:release_type","status":200,"duration_ms":8}
{"request_id":"rcc-4f506d441565342aa18a6cafb4c062c6","method":"POST","path":"/api/v1/release-orders/:id/copy","status":201,"duration_ms":49}
{"request_id":"rcc-06747a43ebd887ccc3396ee51adcd9ad","method":"POST","path":"/api/v1/release-orders/:id/submit","status":200,"duration_ms":102}
{"request_id":"rcc-ce24f97df10095e1d403ef61462bce1c","method":"GET","path":"/api/v1/release-orders/:id","status":200,"duration_ms":6}
{"request_id":"rcc-5b1571ea6523329b37009c441c0f1a52","method":"POST","path":"/api/v1/release-orders/:id/approve","status":200,"duration_ms":24}
{"request_id":"rcc-01be692d7cd18dce67219e0548a8ad1c","method":"GET","path":"/api/v1/table-policies/:table_name/release-templates","status":200,"duration_ms":2}
{"request_id":"rcc-088193124f86620155822c297e5afc4f","method":"PUT","path":"/api/v1/table-policies/:table_name/release-templates/:release_type","status":200,"duration_ms":8}
{"request_id":"rcc-497f4daeae4647c4989967bb76f91d3e","method":"POST","path":"/api/v1/release-orders/:id/reprepare","status":201,"duration_ms":46}
{"request_id":"rcc-f6c1db2d22968b51c1b744d054e1a840","method":"GET","path":"/api/v1/release-orders/:id","status":200,"duration_ms":6}
{"request_id":"rcc-de985d1b5b3f1aa5c63e1e6465813ba6","method":"POST","path":"/api/v1/release-orders/:id/reprepare","status":201,"duration_ms":21}
2026/09/11 11:23:48 🐳 Stopping container: 3ba9571dfd0b
2026/09/11 11:23:49 ✅ Container stopped: 3ba9571dfd0b
2026/09/11 11:23:49 🐳 Terminating container: 3ba9571dfd0b
2026/09/11 11:23:49 🚫 Container terminated: 3ba9571dfd0b
--- PASS: TestReleaseFlowAC013DerivedDraftUsesCurrentConfiguration (8.68s)
=== RUN   TestReleaseFlowAC014SeparatesInstancesFromSubmissionApprovals
2026/09/11 11:23:49 🐳 Creating container for image mysql:8.4
2026/09/11 11:23:49 ✅ Container created: 2eacea24dff3
2026/09/11 11:23:49 🐳 Starting container: 2eacea24dff3
2026/09/11 11:23:49 ✅ Container started: 2eacea24dff3
2026/09/11 11:23:49 ⏳ Waiting for container id 2eacea24dff3 image: mysql:8.4. Waiting for: all of: [log message "port: 3306  MySQL Community Server"]
2026/09/11 11:23:55 🔔 Container is ready: 2eacea24dff3
{"request_id":"rcc-0dd5a1e9569b617bb3246f6547bb181a","method":"GET","path":"/api/v1/auth/csrf","status":200,"duration_ms":7}
{"request_id":"rcc-101b99cbc7038b41066e00056c45d428","method":"POST","path":"/api/v1/auth/register","status":201,"duration_ms":42}
{"request_id":"rcc-7a1009eafc7e2312a4dd61793ccad2ee","method":"GET","path":"/api/v1/auth/csrf","status":200,"duration_ms":5}
{"request_id":"rcc-62e1d43a652d1138fd1c973c11d513aa","method":"POST","path":"/api/v1/auth/login","status":200,"duration_ms":51}
{"request_id":"rcc-01ea3be56479c47a072cd595c81e630c","method":"POST","path":"/api/v1/query-policies","status":201,"duration_ms":3}
{"request_id":"rcc-b047426efa88dabfc996f4bae197c858","method":"POST","path":"/api/v1/query-policies/:code/activate","status":200,"duration_ms":4}
{"request_id":"rcc-9f8e52b70c13e32191dbce77b8b4b1cb","method":"POST","path":"/api/v1/mutation-policies","status":201,"duration_ms":2}
{"request_id":"rcc-6e2b99781c50a0a67b60acbd291d9732","method":"POST","path":"/api/v1/mutation-policies/:code/activate","status":200,"duration_ms":4}
{"request_id":"rcc-89dd8b7393b55d099ea68526055d229e","method":"POST","path":"/api/v1/table-policies","status":201,"duration_ms":14}
{"request_id":"rcc-202eee8c634c64d43ebb8318f77a0022","method":"POST","path":"/api/v1/table-policies/:table_name/enable","status":200,"duration_ms":12}
{"request_id":"rcc-c28e0551d13fb9f4e6f489dcb6f72931","method":"POST","path":"/api/v1/table-policies","status":201,"duration_ms":13}
{"request_id":"rcc-f4a89aafc6370e803a4a7f41aad85a7e","method":"POST","path":"/api/v1/table-policies/:table_name/enable","status":200,"duration_ms":12}
{"request_id":"rcc-c9c3f645869ff6b107b41e4142b29c03","method":"POST","path":"/api/v1/release-templates","status":201,"duration_ms":6}
{"request_id":"rcc-b8d48d6f985340724a69e869bd018c2f","method":"GET","path":"/api/v1/table-policies/:table_name/release-templates","status":200,"duration_ms":2}
{"request_id":"rcc-2fd0cca047f2704c2c2b2154435edb66","method":"PUT","path":"/api/v1/table-policies/:table_name/release-templates/:release_type","status":200,"duration_ms":8}
{"request_id":"rcc-9641c6ad57fb2d385be6ddc8bc52da99","method":"GET","path":"/api/v1/table-policies/:table_name/release-templates","status":200,"duration_ms":2}
{"request_id":"rcc-46d6cfe7bb7633b9842116f601c07342","method":"PUT","path":"/api/v1/table-policies/:table_name/release-templates/:release_type","status":200,"duration_ms":8}
{"request_id":"rcc-571ece2c4f58d3f934e63734613cf60d","method":"GET","path":"/api/v1/auth/csrf","status":200,"duration_ms":4}
{"request_id":"rcc-5d1ef2522cd0409694cc750c11648aae","method":"POST","path":"/api/v1/auth/register","status":201,"duration_ms":40}
{"request_id":"rcc-8f1c50d07aafdcb7a01b8920274d16e6","method":"GET","path":"/api/v1/auth/csrf","status":200,"duration_ms":4}
{"request_id":"rcc-e9bba42ce1b149346c25b84d852511b1","method":"POST","path":"/api/v1/auth/register","status":201,"duration_ms":41}
{"request_id":"rcc-01750b3d8e30a488a56bda7c297d2dfa","method":"GET","path":"/api/v1/auth/csrf","status":200,"duration_ms":5}
{"request_id":"rcc-b9e581e9ecd947d11d7c0228aefaa6e7","method":"POST","path":"/api/v1/auth/register","status":201,"duration_ms":42}
{"request_id":"rcc-e05fbe7555764b9c310eed5f9386388e","method":"POST","path":"/api/v1/approval-roles","status":201,"duration_ms":12}
{"request_id":"rcc-e0a787aa0b02a18864d95e464ca22737","method":"POST","path":"/api/v1/approval-roles","status":201,"duration_ms":11}
{"request_id":"rcc-1e709746558e530def26bbdef786cc19","method":"POST","path":"/api/v1/approval-roles","status":201,"duration_ms":12}
{"request_id":"rcc-7f3d4aa6e6559d37fa25331df249f0bc","method":"GET","path":"/api/v1/table-policies/:table_name/approval-roles","status":200,"duration_ms":2}
{"request_id":"rcc-3b3e7ff4642d5d597a6c4ad2a54c17f1","method":"PUT","path":"/api/v1/table-policies/:table_name/approval-roles","status":200,"duration_ms":13}
{"request_id":"rcc-0fe5bda1f0c83a510f0b4c35cbdf24cf","method":"GET","path":"/api/v1/table-policies/:table_name/approval-roles","status":200,"duration_ms":2}
{"request_id":"rcc-6aade15f2e6f3c5a991889b54be5b5f0","method":"PUT","path":"/api/v1/table-policies/:table_name/approval-roles","status":200,"duration_ms":13}
{"request_id":"rcc-e13a798435e74bff5ec0ce10aa488db7","method":"POST","path":"/api/v1/release-orders","status":201,"duration_ms":40}
{"request_id":"rcc-d5487778776cee2ccf9c6e6772a213e6","method":"GET","path":"/api/v1/table-policies/:table_name/approval-roles","status":200,"duration_ms":6}
{"request_id":"rcc-c68fe4619df2276f3a30a32e4921f814","method":"PUT","path":"/api/v1/table-policies/:table_name/approval-roles","status":200,"duration_ms":20}
{"request_id":"rcc-dafd90a007d113276d8acb7cccbdacad","method":"PUT","path":"/api/v1/release-templates/:code","status":200,"duration_ms":7}
{"request_id":"rcc-e8eb2dc6245a60fd7911ffd81ea61d7d","method":"POST","path":"/api/v1/release-orders/:id/submit","status":200,"duration_ms":102}
{"request_id":"rcc-464e58818feae71ad2a57175908a172d","method":"GET","path":"/api/v1/table-policies/:table_name/approval-roles","status":200,"duration_ms":6}
{"request_id":"rcc-e83f039e6f1ccb4f4b6c70b714c4d4f0","method":"PUT","path":"/api/v1/table-policies/:table_name/approval-roles","status":200,"duration_ms":32}
{"request_id":"rcc-e8dbfb68965f350e018f2d3d5928ec24","method":"GET","path":"/api/v1/release-orders/:id","status":200,"duration_ms":11}
{"request_id":"rcc-7f6dd7a112f2ff71c4883f748f5b9b83","method":"POST","path":"/api/v1/release-orders/:id/approve","status":403,"duration_ms":11}
{"request_id":"rcc-2e1a2c445bc69f785a7dbf6485cd9dec","method":"GET","path":"/api/v1/release-orders/:id","status":200,"duration_ms":8}
{"request_id":"rcc-9b1506860eef75c5ada1013ad728910e","method":"POST","path":"/api/v1/release-orders/:id/approve","status":403,"duration_ms":6}
{"request_id":"rcc-aa2567655a7e63677a1c84a2293582a0","method":"GET","path":"/api/v1/release-orders/:id","status":200,"duration_ms":8}
{"request_id":"rcc-4990ba68d6f6c19521abec54c4500f36","method":"POST","path":"/api/v1/release-orders/:id/approve","status":200,"duration_ms":30}
{"request_id":"rcc-05b6326c92214cd8b6bfa37d2d330a8e","method":"GET","path":"/api/v1/release-orders/:id","status":200,"duration_ms":8}
{"request_id":"rcc-ff8af22558f06d73b3f681ba9265b19e","method":"POST","path":"/api/v1/release-orders/:id/approve","status":200,"duration_ms":32}
{"request_id":"rcc-a98bf25e5146f106cfcec0b39fd455e8","method":"POST","path":"/api/v1/release-orders/:id/execute","status":200,"duration_ms":123}
{"request_id":"rcc-b5c1866fa205b553d1aba84382eff6af","method":"POST","path":"/api/v1/release-orders/:id/complete","status":200,"duration_ms":23}
{"request_id":"rcc-fd9760ff6093c5569e7757b38e4c4059","method":"GET","path":"/api/v1/release-orders/:id","status":200,"duration_ms":8}
2026/09/11 11:23:57 🐳 Stopping container: 2eacea24dff3
2026/09/11 11:23:59 ✅ Container stopped: 2eacea24dff3
2026/09/11 11:23:59 🐳 Terminating container: 2eacea24dff3
2026/09/11 11:23:59 🚫 Container terminated: 2eacea24dff3
--- PASS: TestReleaseFlowAC014SeparatesInstancesFromSubmissionApprovals (9.75s)
=== RUN   TestReleaseFlowAC011DraftEditsPreserveAndReplaceOnlyParticipatingTables
2026/09/11 11:23:59 🐳 Creating container for image mysql:8.4
2026/09/11 11:23:59 ✅ Container created: 0fe2ab094473
2026/09/11 11:23:59 🐳 Starting container: 0fe2ab094473
2026/09/11 11:23:59 ✅ Container started: 0fe2ab094473
2026/09/11 11:23:59 ⏳ Waiting for container id 0fe2ab094473 image: mysql:8.4. Waiting for: all of: [log message "port: 3306  MySQL Community Server"]
2026/09/11 11:24:05 🔔 Container is ready: 0fe2ab094473
{"request_id":"rcc-fca1d2df528ca750bc2c984e6de05a19","method":"GET","path":"/api/v1/auth/csrf","status":200,"duration_ms":9}
{"request_id":"rcc-93d518d5446e87085f5633d31ba46d1b","method":"POST","path":"/api/v1/auth/register","status":201,"duration_ms":48}
{"request_id":"rcc-f24f830a0ab86f8294898c40f46695c0","method":"GET","path":"/api/v1/auth/csrf","status":200,"duration_ms":5}
{"request_id":"rcc-615893263b0abeabbf5df333665ef967","method":"POST","path":"/api/v1/auth/login","status":200,"duration_ms":56}
{"request_id":"rcc-a4d5e0ad06642dcf1766959546a5743a","method":"POST","path":"/api/v1/query-policies","status":201,"duration_ms":4}
{"request_id":"rcc-29db3d8f62b45858599e6bf6b0f5f3cd","method":"POST","path":"/api/v1/query-policies/:code/activate","status":200,"duration_ms":4}
{"request_id":"rcc-7aff86b804c57b8e0c1b32f1525bc054","method":"POST","path":"/api/v1/mutation-policies","status":201,"duration_ms":3}
{"request_id":"rcc-52fa0d977d8e474d54752f7fb7bcf6e6","method":"POST","path":"/api/v1/mutation-policies/:code/activate","status":200,"duration_ms":5}
{"request_id":"rcc-a64396d0af1e3b749c957cb14477c337","method":"POST","path":"/api/v1/table-policies","status":201,"duration_ms":17}
{"request_id":"rcc-cb43a2671ebe540fb4f75d5850fa15bd","method":"POST","path":"/api/v1/table-policies/:table_name/enable","status":200,"duration_ms":14}
{"request_id":"rcc-fa61a04e5d101205dd15eca551bfb64b","method":"POST","path":"/api/v1/table-policies","status":201,"duration_ms":14}
{"request_id":"rcc-9459417b1fce5413d92d2502aea1ed0e","method":"POST","path":"/api/v1/table-policies/:table_name/enable","status":200,"duration_ms":15}
{"request_id":"rcc-3c4e165f1ccd671e5a207cd2a7b3b7b0","method":"POST","path":"/api/v1/release-templates","status":201,"duration_ms":6}
{"request_id":"rcc-6c7a5f363bc1263076762dcdc22037de","method":"GET","path":"/api/v1/table-policies/:table_name/release-templates","status":200,"duration_ms":2}
{"request_id":"rcc-6f064f28dc41169060dc5c1bb2f56a90","method":"PUT","path":"/api/v1/table-policies/:table_name/release-templates/:release_type","status":200,"duration_ms":8}
{"request_id":"rcc-c768d1ce6be51d927512c375ee009409","method":"GET","path":"/api/v1/table-policies/:table_name/release-templates","status":200,"duration_ms":2}
{"request_id":"rcc-712aea5377bc6338a006f06944e75bc0","method":"PUT","path":"/api/v1/table-policies/:table_name/release-templates/:release_type","status":200,"duration_ms":9}
{"request_id":"rcc-2899a3224276a15f5f8081859f9a6b9a","method":"POST","path":"/api/v1/release-orders","status":201,"duration_ms":30}
{"request_id":"rcc-61c687f9202556a2bed56b00dec1a364","method":"GET","path":"/api/v1/table-policies/:table_name/release-templates","status":200,"duration_ms":2}
{"request_id":"rcc-7eb9b52fa560b093012ce3ba8aa0c3ce","method":"PUT","path":"/api/v1/table-policies/:table_name/release-templates/:release_type","status":200,"duration_ms":9}
{"request_id":"rcc-d1a6d49ce0b158d94766016dcc3b1d98","method":"PUT","path":"/api/v1/release-orders/:id","status":200,"duration_ms":50}
{"request_id":"rcc-bb17140af047260994dad9d5cc4d9576","method":"PUT","path":"/api/v1/release-orders/:id","status":409,"duration_ms":8}
{"request_id":"rcc-1f6e681910237982f44e7674a6042c82","method":"PUT","path":"/api/v1/release-orders/:id","status":200,"duration_ms":22}
{"request_id":"rcc-faee8f2df08e3da598e60787ac6d870f","method":"POST","path":"/api/v1/release-orders","status":201,"duration_ms":30}
{"request_id":"rcc-592b9aea0011b68cc3a60764ab804078","method":"PUT","path":"/api/v1/release-orders/:id","status":409,"duration_ms":22}
{"request_id":"rcc-7a1e3c921fdd63ab9997548cfd382116","method":"GET","path":"/api/v1/release-orders/:id","status":200,"duration_ms":6}
{"request_id":"rcc-6c897e02bbe58bb585aec0e76ff8fa66","method":"POST","path":"/api/v1/release-orders/:id/cancel","status":200,"duration_ms":20}
{"request_id":"rcc-d8e213ddbb969dbbfd2d90d24eb8acbd","method":"PUT","path":"/api/v1/release-orders/:id","status":200,"duration_ms":39}
2026/09/11 11:24:07 🐳 Stopping container: 0fe2ab094473
2026/09/11 11:24:07 ✅ Container stopped: 0fe2ab094473
2026/09/11 11:24:07 🐳 Terminating container: 0fe2ab094473
2026/09/11 11:24:08 🚫 Container terminated: 0fe2ab094473
--- PASS: TestReleaseFlowAC011DraftEditsPreserveAndReplaceOnlyParticipatingTables (8.88s)
=== RUN   TestMultitablePublicationPreservesGlobalOrderAndOriginalResults
2026/09/11 11:24:08 🐳 Creating container for image mysql:8.4
2026/09/11 11:24:08 ✅ Container created: 5004514d5e37
2026/09/11 11:24:08 🐳 Starting container: 5004514d5e37
2026/09/11 11:24:08 ✅ Container started: 5004514d5e37
2026/09/11 11:24:08 ⏳ Waiting for container id 5004514d5e37 image: mysql:8.4. Waiting for: all of: [log message "port: 3306  MySQL Community Server"]
2026/09/11 11:24:14 🔔 Container is ready: 5004514d5e37
{"request_id":"rcc-c2dfe70dc17c045686f4f7f8b9f545ea","method":"GET","path":"/api/v1/auth/csrf","status":200,"duration_ms":5}
{"request_id":"rcc-b8f78d502384cd631306691c4e668a3c","method":"POST","path":"/api/v1/auth/register","status":201,"duration_ms":45}
{"request_id":"rcc-08eb04bdafd7385675b8e0f322547e7f","method":"GET","path":"/api/v1/auth/csrf","status":200,"duration_ms":6}
{"request_id":"rcc-5e24673e2f9e46e008fa6361405f9eff","method":"POST","path":"/api/v1/auth/login","status":200,"duration_ms":54}
{"request_id":"rcc-4734606eac612241ce9aa541b48288e9","method":"GET","path":"/api/v1/table-policies/:table_name/release-templates","status":200,"duration_ms":2}
{"request_id":"rcc-1c3b83cee22dc3fee0ab49042a225be2","method":"PUT","path":"/api/v1/table-policies/:table_name/release-templates/:release_type","status":200,"duration_ms":9}
{"request_id":"rcc-eff9c6c3948595dcd5613263c14f3a33","method":"GET","path":"/api/v1/table-policies/:table_name/release-templates","status":200,"duration_ms":2}
{"request_id":"rcc-9e372ff3280f6e4689857a79fe4241bf","method":"PUT","path":"/api/v1/table-policies/:table_name/release-templates/:release_type","status":200,"duration_ms":8}
{"request_id":"rcc-9845854a666065d69e0d1456f3e1c994","method":"GET","path":"/api/v1/table-policies/:table_name/release-templates","status":200,"duration_ms":2}
{"request_id":"rcc-9697a922f3bc61678310813390d64ccd","method":"PUT","path":"/api/v1/table-policies/:table_name/release-templates/:release_type","status":200,"duration_ms":8}
{"request_id":"rcc-5ea64595948b8b85616f76687d1d8f84","method":"GET","path":"/api/v1/auth/csrf","status":200,"duration_ms":6}
{"request_id":"rcc-e1453e4dd43342ba42105d8eab25db7d","method":"POST","path":"/api/v1/auth/register","status":201,"duration_ms":41}
{"request_id":"rcc-8b4ec045c1bc3e76e2d43ba000466403","method":"POST","path":"/api/v1/release-orders","status":201,"duration_ms":66}
{"request_id":"rcc-0050150632380c27353a778aa7ffa057","method":"POST","path":"/api/v1/approval-roles","status":201,"duration_ms":20}
{"request_id":"rcc-8806467b7d78f1ae99cbd895f117f338","method":"GET","path":"/api/v1/table-policies/:table_name/approval-roles","status":200,"duration_ms":4}
{"request_id":"rcc-2b3b78013216ee5177b3fdb5cd46b2ff","method":"PUT","path":"/api/v1/table-policies/:table_name/approval-roles","status":200,"duration_ms":18}
{"request_id":"rcc-6ad4065de3c79d97a6ef9679e0b566f6","method":"GET","path":"/api/v1/table-policies/:table_name/approval-roles","status":200,"duration_ms":3}
{"request_id":"rcc-1ca90ff2017545d2b52adab8819baeb1","method":"PUT","path":"/api/v1/table-policies/:table_name/approval-roles","status":200,"duration_ms":16}
{"request_id":"rcc-79f998758c4e63cfff41a454f1d4beb3","method":"GET","path":"/api/v1/table-policies/:table_name/approval-roles","status":200,"duration_ms":3}
{"request_id":"rcc-29b7300f81f71872120acfe4005a4ebc","method":"PUT","path":"/api/v1/table-policies/:table_name/approval-roles","status":200,"duration_ms":13}
{"request_id":"rcc-00feb8a47438dcf75d304e02ad719597","method":"POST","path":"/api/v1/release-orders/:id/submit","status":200,"duration_ms":152}
{"request_id":"rcc-3143d246f398aad1eaae664fd98bb165","method":"GET","path":"/api/v1/release-orders/:id","status":200,"duration_ms":6}
{"request_id":"rcc-832b0d33f6ce65222083f81086a27c3e","method":"POST","path":"/api/v1/release-orders/:id/approve","status":200,"duration_ms":27}
{"request_id":"rcc-8c2bad6c595e196b20fb1f9f0d0aedeb","method":"POST","path":"/api/v1/release-orders/:id/execute","status":409,"duration_ms":121}
{"request_id":"rcc-51ccab3941626d9e52292b17201786ac","method":"POST","path":"/api/v1/release-orders/:id/execute","status":200,"duration_ms":246}
{"request_id":"rcc-dc1800e778f46b7ee3322591427209a5","method":"POST","path":"/api/v1/tables/:table_name/query","status":200,"duration_ms":13}
{"request_id":"rcc-620ecfcbd638ff8832285d4846ed409a","method":"POST","path":"/api/v1/release-orders","status":409,"duration_ms":35}
{"request_id":"rcc-10e28612aaf9ee90cd801374bf312103","method":"POST","path":"/api/v1/release-orders/:id/quick-rollback/preview","status":409,"duration_ms":105}
{"request_id":"rcc-af9fe308d2dd50c9f306d09452094551","method":"POST","path":"/api/v1/release-orders/:id/quick-rollback/preview","status":200,"duration_ms":154}
{"request_id":"rcc-cb8f35c329be0ca12827790f714a6874","method":"POST","path":"/api/v1/release-orders/:id/quick-rollback","status":200,"duration_ms":251}
{"request_id":"rcc-50a188920da6a052cd4a23b519ce79ee","method":"POST","path":"/api/v1/tables/:table_name/query","status":200,"duration_ms":12}
{"request_id":"rcc-ff618ad44066d1ecb81158243e16c7c3","method":"GET","path":"/api/v1/release-orders","status":200,"duration_ms":8}
{"request_id":"rcc-950e3e0d0663cb80a8d824219c759e1c","method":"GET","path":"/api/v1/release-orders","status":200,"duration_ms":7}
{"request_id":"rcc-288e38552a2d81c9ecc6e788e075cfd2","method":"GET","path":"/api/v1/release-orders","status":200,"duration_ms":6}
{"request_id":"rcc-cfa43a9f41d9c32c3b1db4ef47f946e9","method":"GET","path":"/api/v1/release-orders","status":200,"duration_ms":7}
2026/09/11 11:24:17 🐳 Stopping container: 5004514d5e37
2026/09/11 11:24:18 ✅ Container stopped: 5004514d5e37
2026/09/11 11:24:18 🐳 Terminating container: 5004514d5e37
2026/09/11 11:24:18 🚫 Container terminated: 5004514d5e37
--- PASS: TestMultitablePublicationPreservesGlobalOrderAndOriginalResults (10.80s)
=== RUN   TestOriginalOrderRollbackPreservesApplicationAndBothExecutions
2026/09/11 11:24:18 🐳 Creating container for image mysql:8.4
2026/09/11 11:24:18 ✅ Container created: a372fcc962e4
2026/09/11 11:24:18 🐳 Starting container: a372fcc962e4
2026/09/11 11:24:19 ✅ Container started: a372fcc962e4
2026/09/11 11:24:19 ⏳ Waiting for container id a372fcc962e4 image: mysql:8.4. Waiting for: all of: [log message "port: 3306  MySQL Community Server"]
2026/09/11 11:24:25 🔔 Container is ready: a372fcc962e4
{"request_id":"rcc-e96b675da829d23c0fddaf51b7acf0ac","method":"GET","path":"/api/v1/auth/csrf","status":200,"duration_ms":5}
{"request_id":"rcc-b7c9a005498b8089b7a9b350872b1b30","method":"POST","path":"/api/v1/auth/register","status":201,"duration_ms":44}
{"request_id":"rcc-b8699f4534a5caf1aeba5b0ccdcd70c2","method":"GET","path":"/api/v1/auth/csrf","status":200,"duration_ms":6}
{"request_id":"rcc-0b72f00b7faa9c4d45280cb9f1716c48","method":"POST","path":"/api/v1/auth/login","status":200,"duration_ms":54}
{"request_id":"rcc-3ace64812ecc7f4ffe46b4f7c36ff109","method":"GET","path":"/api/v1/table-policies/:table_name/release-templates","status":200,"duration_ms":2}
{"request_id":"rcc-8eb2b6b318fa40a4bc105194aff07bf5","method":"PUT","path":"/api/v1/table-policies/:table_name/release-templates/:release_type","status":200,"duration_ms":9}
{"request_id":"rcc-a073dfd72c4fae0867da24d3172e701c","method":"GET","path":"/api/v1/auth/csrf","status":200,"duration_ms":5}
{"request_id":"rcc-37bcddae8e376e4d9d5205467d347e6c","method":"POST","path":"/api/v1/auth/register","status":201,"duration_ms":42}
{"request_id":"rcc-39cefa1b474e84f2fd27cb6380b93434","method":"POST","path":"/api/v1/release-orders","status":201,"duration_ms":37}
{"request_id":"rcc-c8d83f53ef82c2d7f25e2918bc1b6929","method":"POST","path":"/api/v1/approval-roles","status":201,"duration_ms":17}
{"request_id":"rcc-f12039b3f5ab1973e655592870db93de","method":"GET","path":"/api/v1/table-policies/:table_name/approval-roles","status":200,"duration_ms":4}
{"request_id":"rcc-f49ab64f79edc9f3480f52acddd512ec","method":"PUT","path":"/api/v1/table-policies/:table_name/approval-roles","status":200,"duration_ms":21}
{"request_id":"rcc-2d33c8b0163e943b69af1a9524817f79","method":"POST","path":"/api/v1/release-orders/:id/submit","status":200,"duration_ms":94}
{"request_id":"rcc-71e8fb16e4b130490ebc3cb20a3a0a6f","method":"GET","path":"/api/v1/release-orders/:id","status":200,"duration_ms":8}
{"request_id":"rcc-4bb111edfe126ea95ace087fb7426418","method":"POST","path":"/api/v1/release-orders/:id/approve","status":200,"duration_ms":29}
{"request_id":"rcc-bd6aff3180bf7f519b2d6e7b86474911","method":"POST","path":"/api/v1/release-orders/:id/execute","status":200,"duration_ms":104}
{"request_id":"rcc-84a56a3fd53940e99c96444d6c06ed00","method":"GET","path":"/api/v1/auth/csrf","status":200,"duration_ms":5}
{"request_id":"rcc-8b607ab81dd7299ab100d0a3e02f700e","method":"POST","path":"/api/v1/auth/register","status":201,"duration_ms":44}
{"request_id":"rcc-e34b7bf68dd3c5fcc7ae93b3ad14565e","method":"PUT","path":"/api/v1/account-roles/:id","status":200,"duration_ms":10}
{"request_id":"rcc-6182f6adfa098d0cd931329b565efc9b","method":"POST","path":"/api/v1/release-orders/:id/quick-rollback/preview","status":200,"duration_ms":54}
{"request_id":"rcc-c59522686c6b22139b3f99399bb2737b","method":"POST","path":"/api/v1/release-orders/:id/quick-rollback","status":200,"duration_ms":105}
{"request_id":"rcc-442dff2dfe41086277701b6f4136a08c","method":"POST","path":"/api/v1/tables/:table_name/query","status":200,"duration_ms":13}
{"request_id":"rcc-e168dafba47f21757be1f15a6d245279","method":"POST","path":"/api/v1/tables/:table_name/query","status":200,"duration_ms":14}
{"request_id":"rcc-2a473a4c76e8ed9bbe6b8a09a976eab5","method":"POST","path":"/api/v1/release-orders/:id/quick-rollback","status":200,"duration_ms":20}
{"request_id":"rcc-c6c12a09126c7c4ed46aa1cdd49cc5eb","method":"POST","path":"/api/v1/release-orders/:id/execute","status":200,"duration_ms":23}
    release_original_execution_integration_test.go:59: original publication replay changed after rollback {"emergency_reason":"","release_type":"STANDARD","table_flows":[{"instance_id":"447214f0478d5ba812473a06db446d8e","table_name":"mutation_add_items","release_type":"STANDARD","template_code":"default_standard_v1","template_name":"默认常规发布","template_version":"1","association_version":"1","instantiated_at":"2026-09-11T03:24:26.456451Z","node_list":[{"code":"approval","type":"APPROVAL","name":"按表审批","required_role":"TABLE_APPROVER","state":"COMPLETED","actor_id":"86ed512f-d386-4776-86e4-c930cbf2ebbd","at":"2026-09-11T03:24:26.639467Z"},{"code":"publication","type":"PUBLICATION","name":"发布","required_role":"PUBLISHER","state":"COMPLETED","actor_id":"d870f67c-84c7-4fe4-9790-8c9b6c314c02","at":"2026-09-11T03:24:26.744693Z"},{"code":"completion","type":"COMPLETION","name":"完结","required_role":"PUBLISHER","state":"ACTIVE"}]}],"missing_flow_tables":[],"approvals":[{"table_name":"mutation_add_items","roles":[{"id":"80eea86d-165a-4314-a420-078740dc42a7","name":"Fixture review 120"}],"state":"APPROVED","decision":{"actor_id":"86ed512f-d386-4776-86e4-c930cbf2ebbd","at":"2026-09-11T03:24:26.639467Z","reason":"checked intent","source":"ROLE","roles":[{"id":"80eea86d-165a-4314-a420-078740dc42a7","name":"Fixture review 120"}]}}],"approval_context":{"revision":"d007f2cffe76de2c3bffb48b7c55391628ae5807e3b0e451d339935c4fa27e0d","tables":[{"table_name":"mutation_add_items","mode":"COMPLETED","reason":"该表已处理","can_approve":false}],"approvable_tables":[]},"table_names":["mutation_add_items"],"title":"原单混合恢复","executions":[{"notifications":{"mutation_add_items":{"table_version":"1","table_name":"mutation_add_items","id":"f0f8f4d86348c162cb0adf9175276b13:PUBLICATION","status":"NOT_CONNECTED"}},"id":"f0f8f4d86348c162cb0adf9175276b13:PUBLICATION","kind":"PUBLICATION","actor_id":"d870f67c-84c7-4fe4-9790-8c9b6c314c02","executed_at":"2026-09-11T03:24:26.709841Z","table_versions":{"mutation_add_items":"1"},"operation_counts":{"ADD":1,"DELETE":1,"MODIFY":1},"item_count":3,"outcome":"SUCCEEDED"}],"frozen_digest":"8de3ef9eae8d664db1f1b51bb375bbdb9ccac2e46585eaa71715a3eb26e7d6a4","id":"f0f8f4d86348c162cb0adf9175276b13","applicant_id":"d870f67c-84c7-4fe4-9790-8c9b6c314c02","state":"SUCCEEDED","version":"4","items":[{"publication":{"detail_id":"1c96fe7f796b59cd0e02ad672713e153","table_version":"1","execution_id":"f0f8f4d86348c162cb0adf9175276b13:PUBLICATION","execution_kind":"PUBLICATION","order_id":"f0f8f4d86348c162cb0adf9175276b13","sequence":"1","table_name":"mutation_add_items","operation":"ADD","id":"21","record_version":"1","before":{"format":"rcc-admin-mysql-row-v1","schema_digest":"8d8e4f42069a858468a827fef21174b9a0eca2e6039c0863b3e3c59f487c0242","deleted":true,"fields":[],"checksum":"3fdd4f759a74bea9a8886b8b0ce5e570965359b15304aabed566a9f953fda9ae"},"final":{"format":"rcc-admin-mysql-row-v1","schema_digest":"8d8e4f42069a858468a827fef21174b9a0eca2e6039c0863b3e3c59f487c0242","deleted":false,"fields":[{"name":"id","type":"bigint unsigned","encoding":"text","value":"21"},{"name":"code","type":"varchar(32)","encoding":"text","value":"original-add"},{"name":"label","type":"varchar(64)","encoding":"text","value":"added"},{"name":"defaulted_value","type":"varchar(64)","encoding":"text","value":"database-default"},{"name":"nullable_value","type":"varchar(64)","encoding":"sql_null","value":null},{"name":"lifecycle","type":"enum('active','paused')","encoding":"text","value":"active"},{"name":"quantity","type":"int","encoding":"sql_null","value":null},{"name":"metadata","type":"json","encoding":"sql_null","value":null},{"name":"generated_value","type":"varchar(128)","encoding":"text","value":"original-add:generated"}],"checksum":"39a34dcb70e032622302f687e9b74856e5d167d29ab2b229051599e6cff3facf"}},"table_name":"mutation_add_items","detail_id":"1c96fe7f796b59cd0e02ad672713e153","operation":"ADD","id":null,"expected_record_version":"","content":{"code":"original-add","label":"added"},"before":null,"fields":[{"nullable":false,"editable":true,"name":"id","type":"uint64","before_state":"absent","before":null,"proposed_state":"omitted","proposed":null},{"nullable":false,"editable":true,"name":"code","type":"string","before_state":"absent","before":null,"proposed_state":"value","proposed":"original-add"},{"nullable":false,"editable":true,"name":"label","type":"string","before_state":"absent","before":null,"proposed_state":"value","proposed":"added"},{"nullable":false,"editable":true,"name":"defaulted_value","type":"string","before_state":"absent","before":null,"proposed_state":"omitted","proposed":null},{"nullable":true,"editable":true,"name":"nullable_value","type":"string","before_state":"absent","before":null,"proposed_state":"omitted","proposed":null},{"nullable":false,"editable":true,"name":"lifecycle","type":"string","before_state":"absent","before":null,"proposed_state":"omitted","proposed":null},{"nullable":true,"editable":true,"name":"quantity","type":"int64","before_state":"absent","before":null,"proposed_state":"omitted","proposed":null},{"nullable":true,"editable":true,"name":"metadata","type":"json","before_state":"absent","before":null,"proposed_state":"omitted","proposed":null},{"nullable":true,"editable":false,"name":"generated_value","type":"string","before_state":"absent","before":null,"proposed_state":"generated","proposed":null}]},{"publication":{"detail_id":"a51b00a8c6d9aed80520108b0b06db6d","table_version":"1","execution_id":"f0f8f4d86348c162cb0adf9175276b13:PUBLICATION","execution_kind":"PUBLICATION","order_id":"f0f8f4d86348c162cb0adf9175276b13","sequence":"2","table_name":"mutation_add_items","operation":"MODIFY","id":"10","record_version":"1","before":{"format":"rcc-admin-mysql-row-v1","schema_digest":"8d8e4f42069a858468a827fef21174b9a0eca2e6039c0863b3e3c59f487c0242","deleted":false,"fields":[{"name":"id","type":"bigint unsigned","encoding":"text","value":"10"},{"name":"code","type":"varchar(32)","encoding":"text","value":"original-modify"},{"name":"label","type":"varchar(64)","encoding":"text","value":"old"},{"name":"defaulted_value","type":"varchar(64)","encoding":"text","value":"database-default"},{"name":"nullable_value","type":"varchar(64)","encoding":"sql_null","value":null},{"name":"lifecycle","type":"enum('active','paused')","encoding":"text","value":"active"},{"name":"quantity","type":"int","encoding":"sql_null","value":null},{"name":"metadata","type":"json","encoding":"sql_null","value":null},{"name":"generated_value","type":"varchar(128)","encoding":"text","value":"original-modify:generated"}],"checksum":"06cb1fb14c4835d14143182153e6029116dbaf1f9e8223a21936689d7caa0db5"},"final":{"format":"rcc-admin-mysql-row-v1","schema_digest":"8d8e4f42069a858468a827fef21174b9a0eca2e6039c0863b3e3c59f487c0242","deleted":false,"fields":[{"name":"id","type":"bigint unsigned","encoding":"text","value":"10"},{"name":"code","type":"varchar(32)","encoding":"text","value":"original-modify"},{"name":"label","type":"varchar(64)","encoding":"text","value":"published"},{"name":"defaulted_value","type":"varchar(64)","encoding":"text","value":"database-default"},{"name":"nullable_value","type":"varchar(64)","encoding":"sql_null","value":null},{"name":"lifecycle","type":"enum('active','paused')","encoding":"text","value":"active"},{"name":"quantity","type":"int","encoding":"sql_null","value":null},{"name":"metadata","type":"json","encoding":"sql_null","value":null},{"name":"generated_value","type":"varchar(128)","encoding":"text","value":"original-modify:generated"}],"checksum":"ed0a4e6a2e2a048cd61418158e12276737505f25b3a2efc49b168ead822408ca"}},"table_name":"mutation_add_items","detail_id":"a51b00a8c6d9aed80520108b0b06db6d","operation":"MODIFY","id":"10","expected_record_version":"0","content":{"label":"published"},"before":{"code":"original-modify","defaulted_value":"database-default","generated_value":"original-modify:generated","id":"10","label":"old","lifecycle":"active","metadata":null,"nullable_value":null,"quantity":null},"fields":[{"nullable":false,"editable":false,"name":"id","type":"uint64","before_state":"value","before":"10","proposed_state":"omitted","proposed":null},{"nullable":false,"editable":true,"name":"code","type":"string","before_state":"value","before":"original-modify","proposed_state":"omitted","proposed":null},{"nullable":false,"editable":true,"name":"label","type":"string","before_state":"value","before":"old","proposed_state":"value","proposed":"published"},{"nullable":false,"editable":true,"name":"defaulted_value","type":"string","before_state":"value","before":"database-default","proposed_state":"omitted","proposed":null},{"nullable":true,"editable":true,"name":"nullable_value","type":"string","before_state":"sql_null","before":null,"proposed_state":"omitted","proposed":null},{"nullable":false,"editable":true,"name":"lifecycle","type":"string","before_state":"value","before":"active","proposed_state":"omitted","proposed":null},{"nullable":true,"editable":true,"name":"quantity","type":"int64","before_state":"sql_null","before":null,"proposed_state":"omitted","proposed":null},{"nullable":true,"editable":true,"name":"metadata","type":"json","before_state":"sql_null","before":null,"proposed_state":"omitted","proposed":null},{"nullable":true,"editable":false,"name":"generated_value","type":"string","before_state":"value","before":"original-modify:generated","proposed_state":"generated","proposed":null}]},{"publication":{"detail_id":"4e138a65e283f60100fdb1f2c371300c","table_version":"1","execution_id":"f0f8f4d86348c162cb0adf9175276b13:PUBLICATION","execution_kind":"PUBLICATION","order_id":"f0f8f4d86348c162cb0adf9175276b13","sequence":"3","table_name":"mutation_add_items","operation":"DELETE","id":"20","record_version":"1","before":{"format":"rcc-admin-mysql-row-v1","schema_digest":"8d8e4f42069a858468a827fef21174b9a0eca2e6039c0863b3e3c59f487c0242","deleted":false,"fields":[{"name":"id","type":"bigint unsigned","encoding":"text","value":"20"},{"name":"code","type":"varchar(32)","encoding":"text","value":"original-delete"},{"name":"label","type":"varchar(64)","encoding":"text","value":"retained"},{"name":"defaulted_value","type":"varchar(64)","encoding":"text","value":"database-default"},{"name":"nullable_value","type":"varchar(64)","encoding":"sql_null","value":null},{"name":"lifecycle","type":"enum('active','paused')","encoding":"text","value":"active"},{"name":"quantity","type":"int","encoding":"sql_null","value":null},{"name":"metadata","type":"json","encoding":"sql_null","value":null},{"name":"generated_value","type":"varchar(128)","encoding":"text","value":"original-delete:generated"}],"checksum":"1cf500d207ebd9944c24c05220d691f12577b9b6a9f15c59614f02aa4b4a488f"},"final":{"format":"rcc-admin-mysql-row-v1","schema_digest":"8d8e4f42069a858468a827fef21174b9a0eca2e6039c0863b3e3c59f487c0242","deleted":true,"fields":[],"checksum":"3fdd4f759a74bea9a8886b8b0ce5e570965359b15304aabed566a9f953fda9ae"}},"table_name":"mutation_add_items","detail_id":"4e138a65e283f60100fdb1f2c371300c","operation":"DELETE","id":"20","expected_record_version":"0","content":{},"before":{"code":"original-delete","defaulted_value":"database-default","generated_value":"original-delete:generated","id":"20","label":"retained","lifecycle":"active","metadata":null,"nullable_value":null,"quantity":null},"fields":[{"nullable":false,"editable":false,"name":"id","type":"uint64","before_state":"value","before":"20","proposed_state":"absent","proposed":null},{"nullable":false,"editable":false,"name":"code","type":"string","before_state":"value","before":"original-delete","proposed_state":"absent","proposed":null},{"nullable":false,"editable":false,"name":"label","type":"string","before_state":"value","before":"retained","proposed_state":"absent","proposed":null},{"nullable":false,"editable":false,"name":"defaulted_value","type":"string","before_state":"value","before":"database-default","proposed_state":"absent","proposed":null},{"nullable":true,"editable":false,"name":"nullable_value","type":"string","before_state":"sql_null","before":null,"proposed_state":"absent","proposed":null},{"nullable":false,"editable":false,"name":"lifecycle","type":"string","before_state":"value","before":"active","proposed_state":"absent","proposed":null},{"nullable":true,"editable":false,"name":"quantity","type":"int64","before_state":"sql_null","before":null,"proposed_state":"absent","proposed":null},{"nullable":true,"editable":false,"name":"metadata","type":"json","before_state":"sql_null","before":null,"proposed_state":"absent","proposed":null},{"nullable":true,"editable":false,"name":"generated_value","type":"string","before_state":"value","before":"original-delete:generated","proposed_state":"absent","proposed":null}]}],"history":[{"action":"CREATE","actor_id":"d870f67c-84c7-4fe4-9790-8c9b6c314c02","at":"2026-09-11T03:24:26.456451Z","version":"1","reason":""},{"action":"SUBMIT","actor_id":"d870f67c-84c7-4fe4-9790-8c9b6c314c02","at":"2026-09-11T03:24:26.603218Z","version":"2","reason":""},{"table_names":["mutation_add_items"],"approval_sources":[{"table_name":"mutation_add_items","source":"ROLE","roles":[{"id":"80eea86d-165a-4314-a420-078740dc42a7","name":"Fixture review 120"}]}],"action":"APPROVE","actor_id":"86ed512f-d386-4776-86e4-c930cbf2ebbd","at":"2026-09-11T03:24:26.639851Z","version":"3","reason":"checked intent"},{"action":"EXECUTE","actor_id":"d870f67c-84c7-4fe4-9790-8c9b6c314c02","at":"2026-09-11T03:24:26.744693Z","version":"4","reason":""}],"created_at":"2026-09-11T03:24:26.456451Z","updated_at":"2026-09-11T03:24:26.744693Z","item_count":3,"operation_counts":{"ADD":1,"DELETE":1,"MODIFY":1},"allowed_actions":["edit-rollback-reason"]}
2026/09/11 11:24:27 🐳 Stopping container: a372fcc962e4
2026/09/11 11:24:28 ✅ Container stopped: a372fcc962e4
2026/09/11 11:24:28 🐳 Terminating container: a372fcc962e4
2026/09/11 11:24:28 🚫 Container terminated: a372fcc962e4
--- FAIL: TestOriginalOrderRollbackPreservesApplicationAndBothExecutions (9.73s)
=== RUN   TestReleaseSubmitRequiresIndependentApprover
2026/09/11 11:24:28 🐳 Creating container for image mysql:8.4
2026/09/11 11:24:28 ✅ Container created: 77e183d1fbc3
2026/09/11 11:24:28 🐳 Starting container: 77e183d1fbc3
2026/09/11 11:24:28 ✅ Container started: 77e183d1fbc3
2026/09/11 11:24:28 ⏳ Waiting for container id 77e183d1fbc3 image: mysql:8.4. Waiting for: all of: [log message "port: 3306  MySQL Community Server"]
2026/09/11 11:24:34 🔔 Container is ready: 77e183d1fbc3
{"request_id":"rcc-75f942aa5fa08e341c592159d2bf8b43","method":"GET","path":"/api/v1/auth/csrf","status":200,"duration_ms":5}
{"request_id":"rcc-50293033f9c675b76f96a23919dce282","method":"POST","path":"/api/v1/auth/register","status":201,"duration_ms":42}
{"request_id":"rcc-13d2d0db413576cb36e480e64fe83401","method":"GET","path":"/api/v1/auth/csrf","status":200,"duration_ms":6}
{"request_id":"rcc-d23fdb0b42a7548c958c3d49fe788c85","method":"POST","path":"/api/v1/auth/login","status":200,"duration_ms":51}
{"request_id":"rcc-73329318dc4c4a8ffd2e8c2e5a283dbc","method":"GET","path":"/api/v1/table-policies/:table_name/release-templates","status":200,"duration_ms":3}
{"request_id":"rcc-e2312c8175b4840f56fd74438ccf11df","method":"PUT","path":"/api/v1/table-policies/:table_name/release-templates/:release_type","status":200,"duration_ms":9}
{"request_id":"rcc-0956ffa62c7fd8081f8e6ba156a65225","method":"POST","path":"/api/v1/release-orders","status":201,"duration_ms":25}
{"request_id":"rcc-c5398269f0807985ef4e4bea61603d8f","method":"POST","path":"/api/v1/release-orders/:id/submit","status":422,"duration_ms":42}
{"request_id":"rcc-e0870f10ff29aa613ec5ca8836b081ee","method":"GET","path":"/api/v1/release-orders/:id","status":200,"duration_ms":5}
{"request_id":"rcc-42c0cf6bcf58b2272908c88a1e58a578","method":"POST","path":"/api/v1/release-orders/:id/cancel","status":200,"duration_ms":16}
2026/09/11 11:24:36 🐳 Stopping container: 77e183d1fbc3
2026/09/11 11:24:37 ✅ Container stopped: 77e183d1fbc3
2026/09/11 11:24:37 🐳 Terminating container: 77e183d1fbc3
2026/09/11 11:24:37 🚫 Container terminated: 77e183d1fbc3
--- PASS: TestReleaseSubmitRequiresIndependentApprover (8.82s)
=== RUN   TestTableApprovalPartialProgressAndFinalApproval
2026/09/11 11:24:37 🐳 Creating container for image mysql:8.4
2026/09/11 11:24:37 ✅ Container created: fb4bac0609c4
2026/09/11 11:24:37 🐳 Starting container: fb4bac0609c4
2026/09/11 11:24:37 ✅ Container started: fb4bac0609c4
2026/09/11 11:24:37 ⏳ Waiting for container id fb4bac0609c4 image: mysql:8.4. Waiting for: all of: [log message "port: 3306  MySQL Community Server"]
2026/09/11 11:24:43 🔔 Container is ready: fb4bac0609c4
{"request_id":"rcc-435ed4a8442400cfb68088a4e916a634","method":"GET","path":"/api/v1/auth/csrf","status":200,"duration_ms":5}
{"request_id":"rcc-e0f172fc1a38732ebb9c58d3db505ca5","method":"POST","path":"/api/v1/auth/register","status":201,"duration_ms":40}
{"request_id":"rcc-87299dff04f1bac8ab37fe1ab098d171","method":"GET","path":"/api/v1/auth/csrf","status":200,"duration_ms":4}
{"request_id":"rcc-250c47e0225d12f4b02c05fe9fd67dc1","method":"POST","path":"/api/v1/auth/login","status":200,"duration_ms":49}
{"request_id":"rcc-cc8fb3ac85bff87889659b38ff1b0813","method":"GET","path":"/api/v1/table-policies/:table_name/release-templates","status":200,"duration_ms":2}
{"request_id":"rcc-ec9414fea1c4875368171da116521342","method":"PUT","path":"/api/v1/table-policies/:table_name/release-templates/:release_type","status":200,"duration_ms":8}
{"request_id":"rcc-09271b0b175823e9b70d4736eca56719","method":"GET","path":"/api/v1/table-policies/:table_name/release-templates","status":200,"duration_ms":2}
{"request_id":"rcc-3721f9eba4ea000bab0821e901f16abd","method":"PUT","path":"/api/v1/table-policies/:table_name/release-templates/:release_type","status":200,"duration_ms":7}
{"request_id":"rcc-a44c54fe55ca86b75963b61398d5210c","method":"GET","path":"/api/v1/auth/csrf","status":200,"duration_ms":4}
{"request_id":"rcc-06f2e006550df800de607483b8e09a27","method":"POST","path":"/api/v1/auth/register","status":201,"duration_ms":42}
{"request_id":"rcc-1092c5b626cdfc3804b6115eab915167","method":"GET","path":"/api/v1/auth/csrf","status":200,"duration_ms":5}
{"request_id":"rcc-4996df78acd7fbb803653c478bbebf69","method":"POST","path":"/api/v1/auth/register","status":201,"duration_ms":43}
{"request_id":"rcc-9489f15aa29730ffc9f38801529c564d","method":"POST","path":"/api/v1/approval-roles","status":201,"duration_ms":13}
{"request_id":"rcc-c5b2eeca4c467966d59b8f0805c3e223","method":"GET","path":"/api/v1/table-policies/:table_name/approval-roles","status":200,"duration_ms":2}
{"request_id":"rcc-6f09e016a64828bab3a3e4fd83fce8bd","method":"PUT","path":"/api/v1/table-policies/:table_name/approval-roles","status":200,"duration_ms":13}
{"request_id":"rcc-b56d3c72b94a9a7c61c19712a51cae40","method":"POST","path":"/api/v1/approval-roles","status":201,"duration_ms":11}
{"request_id":"rcc-bf11500d63877155c53b641badfa3164","method":"GET","path":"/api/v1/table-policies/:table_name/approval-roles","status":200,"duration_ms":3}
{"request_id":"rcc-a16f6e14707d3237653b9bab299ec8d5","method":"PUT","path":"/api/v1/table-policies/:table_name/approval-roles","status":200,"duration_ms":13}
{"request_id":"rcc-685922c228232147afe1b5343d26f56c","method":"POST","path":"/api/v1/release-orders","status":201,"duration_ms":43}
{"request_id":"rcc-bd4a533bfe1ec4547c368bb88c86df80","method":"POST","path":"/api/v1/release-orders/:id/submit","status":200,"duration_ms":113}
{"request_id":"rcc-62016550d98a643c5ee9bdbec11de987","method":"POST","path":"/api/v1/release-orders/:id/approve","status":422,"duration_ms":12}
{"request_id":"rcc-980a9ae27fa36bd5f46f4ca0880a237a","method":"GET","path":"/api/v1/release-orders/:id","status":200,"duration_ms":12}
{"request_id":"rcc-bad7c9595dcf8f957f5953741445e304","method":"POST","path":"/api/v1/release-orders/:id/approve","status":200,"duration_ms":39}
{"request_id":"rcc-8b1094c8c3ee952791b46e3fb5b0d310","method":"POST","path":"/api/v1/release-orders/:id/approve","status":200,"duration_ms":27}
{"request_id":"rcc-85ce5734be48f79bdaa0cecff14c46a9","method":"GET","path":"/api/v1/release-orders/:id","status":200,"duration_ms":11}
{"request_id":"rcc-37b66921f97bee14659e8374c70b66ae","method":"POST","path":"/api/v1/release-orders/:id/reject","status":403,"duration_ms":12}
{"request_id":"rcc-5bbda92792c0a21e4533657439d58b52","method":"POST","path":"/api/v1/release-orders/:id/execute","status":422,"duration_ms":6}
{"request_id":"rcc-a1ccda898a9c3dc1b7adba46210a98d6","method":"GET","path":"/api/v1/release-orders/:id","status":200,"duration_ms":10}
{"request_id":"rcc-5e52cb864497a4efc54c27cb4bd374b0","method":"POST","path":"/api/v1/release-orders/:id/approve","status":200,"duration_ms":38}
2026/09/11 11:24:45 🐳 Stopping container: fb4bac0609c4
2026/09/11 11:24:46 ✅ Container stopped: fb4bac0609c4
2026/09/11 11:24:46 🐳 Terminating container: fb4bac0609c4
2026/09/11 11:24:46 🚫 Container terminated: fb4bac0609c4
--- PASS: TestTableApprovalPartialProgressAndFinalApproval (8.66s)
=== RUN   TestTableApprovalSnapshotMembershipFallbackAndHistory
2026/09/11 11:24:46 🐳 Creating container for image mysql:8.4
2026/09/11 11:24:46 ✅ Container created: 16e44385527c
2026/09/11 11:24:46 🐳 Starting container: 16e44385527c
2026/09/11 11:24:46 ✅ Container started: 16e44385527c
2026/09/11 11:24:46 ⏳ Waiting for container id 16e44385527c image: mysql:8.4. Waiting for: all of: [log message "port: 3306  MySQL Community Server"]
2026/09/11 11:24:52 🔔 Container is ready: 16e44385527c
{"request_id":"rcc-60d8e40b52c728d26d77289a88390975","method":"GET","path":"/api/v1/auth/csrf","status":200,"duration_ms":5}
{"request_id":"rcc-4b1c3f62104cedf6885e88d11f34bd7c","method":"POST","path":"/api/v1/auth/register","status":201,"duration_ms":43}
{"request_id":"rcc-04ae2bc8633ac6c5fd899abf46828766","method":"GET","path":"/api/v1/auth/csrf","status":200,"duration_ms":4}
{"request_id":"rcc-2d0de5b3df198f95c87aa861434e2e87","method":"POST","path":"/api/v1/auth/login","status":200,"duration_ms":47}
{"request_id":"rcc-b20f96470496bbc1adc0f5e18862299c","method":"GET","path":"/api/v1/table-policies/:table_name/release-templates","status":200,"duration_ms":2}
{"request_id":"rcc-0c7c0276b00561c39c34164625923670","method":"PUT","path":"/api/v1/table-policies/:table_name/release-templates/:release_type","status":200,"duration_ms":7}
{"request_id":"rcc-f2d09ccf1b06212dc5ab81f70fb4f1cd","method":"GET","path":"/api/v1/auth/csrf","status":200,"duration_ms":5}
{"request_id":"rcc-45e1067daee5f59ac54e4c6fcfd1fb4c","method":"POST","path":"/api/v1/auth/register","status":201,"duration_ms":41}
{"request_id":"rcc-d99209959f9c27f9a5bc25020a2b35a9","method":"GET","path":"/api/v1/auth/csrf","status":200,"duration_ms":5}
{"request_id":"rcc-2b0bd55931d7f3e50f087833a5b9b618","method":"POST","path":"/api/v1/auth/register","status":201,"duration_ms":43}
{"request_id":"rcc-c1b55f6a5120e2d03968a04f5b3396a6","method":"GET","path":"/api/v1/auth/csrf","status":200,"duration_ms":5}
{"request_id":"rcc-3aebf0709ce5b8e041a4107161194ec2","method":"POST","path":"/api/v1/auth/register","status":201,"duration_ms":41}
{"request_id":"rcc-3b67d4c7d71446e44fc808125f17038f","method":"GET","path":"/api/v1/auth/csrf","status":200,"duration_ms":5}
{"request_id":"rcc-339f784ee4628b339312386c1575d295","method":"POST","path":"/api/v1/auth/register","status":201,"duration_ms":41}
{"request_id":"rcc-a114215e95ab54bf1fc0c06e02f8c8a2","method":"PUT","path":"/api/v1/account-roles/:id","status":200,"duration_ms":9}
{"request_id":"rcc-7fa851a802d3a33e6c6b9563cf60c172","method":"POST","path":"/api/v1/approval-roles","status":201,"duration_ms":12}
{"request_id":"rcc-0a8a5c3a0e24d9f7a465a446d0955bad","method":"POST","path":"/api/v1/approval-roles","status":201,"duration_ms":11}
{"request_id":"rcc-c141b0ca2f2ab82e291e2fbde9711390","method":"GET","path":"/api/v1/table-policies/:table_name/approval-roles","status":200,"duration_ms":2}
{"request_id":"rcc-3ed7cda12f2c41a0bb1a536538bad00c","method":"PUT","path":"/api/v1/table-policies/:table_name/approval-roles","status":200,"duration_ms":14}
{"request_id":"rcc-68f5002f5cc852b0da1525f93896429e","method":"POST","path":"/api/v1/release-orders","status":201,"duration_ms":28}
{"request_id":"rcc-3d282af6cb8b9e20c0fccef272104bce","method":"POST","path":"/api/v1/release-orders/:id/submit","status":200,"duration_ms":61}
{"request_id":"rcc-8a971be7c108ba837a0fdaa087807fd7","method":"GET","path":"/api/v1/release-orders/:id","status":200,"duration_ms":8}
{"request_id":"rcc-c80534faa6719d2dc1c154be880b5e6d","method":"GET","path":"/api/v1/table-policies/:table_name/approval-roles","status":200,"duration_ms":6}
{"request_id":"rcc-662e97c8632a507bc94ad98e91fbf113","method":"PUT","path":"/api/v1/table-policies/:table_name/approval-roles","status":200,"duration_ms":27}
{"request_id":"rcc-323434d07b7e11aaf50efaae05c8a909","method":"GET","path":"/api/v1/release-orders/:id","status":200,"duration_ms":13}
{"request_id":"rcc-468245f2c4d6bab586e37f5527b09c53","method":"GET","path":"/api/v1/release-orders/:id","status":200,"duration_ms":11}
{"request_id":"rcc-1fac73ef52feae700139070c6b765639","method":"PUT","path":"/api/v1/approval-roles/:id","status":200,"duration_ms":23}
{"request_id":"rcc-4124516534628952f19f26eb3d9ee533","method":"POST","path":"/api/v1/release-orders/:id/approve","status":409,"duration_ms":22}
{"request_id":"rcc-725eecb45eb29343f4722b7084f7e48f","method":"GET","path":"/api/v1/release-orders/:id","status":200,"duration_ms":11}
{"request_id":"rcc-5e193c8fc797bb7638fbc4333c11e2ff","method":"GET","path":"/api/v1/release-orders/:id","status":200,"duration_ms":9}
{"request_id":"rcc-72e900a9d80fda9cddb3fec6104aaf03","method":"PUT","path":"/api/v1/approval-roles/:id","status":200,"duration_ms":18}
{"request_id":"rcc-cd3c4253f04cb2f3603a0f8605fab781","method":"POST","path":"/api/v1/release-orders/:id/approve","status":409,"duration_ms":11}
{"request_id":"rcc-f6ea38be719c5f352a5757ff6c04ddb5","method":"GET","path":"/api/v1/release-orders/:id","status":200,"duration_ms":7}
{"request_id":"rcc-af605bf159d3cb6cf8b3f266a23405d1","method":"POST","path":"/api/v1/release-orders/:id/approve","status":200,"duration_ms":29}
{"request_id":"rcc-9b2749cd8bfcdf9c33432e03739a201e","method":"PUT","path":"/api/v1/approval-roles/:id","status":200,"duration_ms":17}
{"request_id":"rcc-229b7a15310859944809412cbbaf3edf","method":"GET","path":"/api/v1/table-policies/:table_name/approval-roles","status":200,"duration_ms":6}
{"request_id":"rcc-fe716bcafaa5b80a0cced011633e267f","method":"PUT","path":"/api/v1/table-policies/:table_name/approval-roles","status":200,"duration_ms":14}
{"request_id":"rcc-8420f269c5354c97791975d393ffb0ff","method":"GET","path":"/api/v1/release-orders/:id","status":200,"duration_ms":8}
{"request_id":"rcc-683f745da01cef656c6c14df2f83d66e","method":"POST","path":"/api/v1/release-orders/:id/execute","status":200,"duration_ms":79}
2026/09/11 11:24:54 🐳 Stopping container: 16e44385527c
2026/09/11 11:24:55 ✅ Container stopped: 16e44385527c
2026/09/11 11:24:55 🐳 Terminating container: 16e44385527c
2026/09/11 11:24:55 🚫 Container terminated: 16e44385527c
--- PASS: TestTableApprovalSnapshotMembershipFallbackAndHistory (9.80s)
=== RUN   TestTableApprovalFallbackMatrixAndEmptySnapshot
2026/09/11 11:24:55 🐳 Creating container for image mysql:8.4
2026/09/11 11:24:55 ✅ Container created: ebb885b420cf
2026/09/11 11:24:55 🐳 Starting container: ebb885b420cf
2026/09/11 11:24:55 ✅ Container started: ebb885b420cf
2026/09/11 11:24:55 ⏳ Waiting for container id ebb885b420cf image: mysql:8.4. Waiting for: all of: [log message "port: 3306  MySQL Community Server"]
2026/09/11 11:25:02 🔔 Container is ready: ebb885b420cf
{"request_id":"rcc-7a1190614477a3419caf049de58f068d","method":"GET","path":"/api/v1/auth/csrf","status":200,"duration_ms":5}
{"request_id":"rcc-fde4c222b15b179204dc84b3e5c5f510","method":"POST","path":"/api/v1/auth/register","status":201,"duration_ms":41}
{"request_id":"rcc-e19d55d9959ede07107b160b3d83fa9f","method":"GET","path":"/api/v1/auth/csrf","status":200,"duration_ms":4}
{"request_id":"rcc-b105c065ce3de828aa2df54e500edb65","method":"POST","path":"/api/v1/auth/login","status":200,"duration_ms":48}
{"request_id":"rcc-99c37752a2ef52152ae431cf90a4dec3","method":"GET","path":"/api/v1/table-policies/:table_name/release-templates","status":200,"duration_ms":2}
{"request_id":"rcc-f737d64d8de8fc33318544866f410eca","method":"PUT","path":"/api/v1/table-policies/:table_name/release-templates/:release_type","status":200,"duration_ms":8}
{"request_id":"rcc-ab09e28fb5d9a72f4869ef71f121abde","method":"GET","path":"/api/v1/auth/csrf","status":200,"duration_ms":4}
{"request_id":"rcc-29ef21d12ad2b905f448c8e013829c21","method":"POST","path":"/api/v1/auth/register","status":201,"duration_ms":42}
{"request_id":"rcc-d729234af413aa506aff60abdea8f0b6","method":"GET","path":"/api/v1/auth/csrf","status":200,"duration_ms":4}
{"request_id":"rcc-d6546068685c8324119374b0f9bf7f25","method":"POST","path":"/api/v1/auth/register","status":201,"duration_ms":42}
{"request_id":"rcc-a98716b15dc2aa67671afe8a43cfda3c","method":"PUT","path":"/api/v1/account-roles/:id","status":200,"duration_ms":8}
{"request_id":"rcc-fc1bf91a049876f8a7b73e40ba3faf04","method":"POST","path":"/api/v1/approval-roles","status":201,"duration_ms":11}
=== RUN   TestTableApprovalFallbackMatrixAndEmptySnapshot/empty
{"request_id":"rcc-839a8a942fb2c6bbd265160b1798dc52","method":"GET","path":"/api/v1/table-policies/:table_name/approval-roles","status":200,"duration_ms":3}
{"request_id":"rcc-26d0bbcf8eb8d83f340ae59553aac762","method":"PUT","path":"/api/v1/table-policies/:table_name/approval-roles","status":200,"duration_ms":8}
{"request_id":"rcc-d6abd8174f03f3f72a99ab15355ec7d9","method":"POST","path":"/api/v1/release-orders","status":201,"duration_ms":24}
{"request_id":"rcc-c74354b7d2249d7a033e896c8a0557a2","method":"POST","path":"/api/v1/release-orders/:id/submit","status":200,"duration_ms":46}
{"request_id":"rcc-b2621dab734cff023223e64873ae57f8","method":"GET","path":"/api/v1/release-orders/:id","status":200,"duration_ms":4}
{"request_id":"rcc-8e822d853010e08c2a6795438184672c","method":"POST","path":"/api/v1/release-orders/:id/approve","status":403,"duration_ms":5}
{"request_id":"rcc-0f9e7cfb112e8c8645564f19f8930d1e","method":"POST","path":"/api/v1/approval-roles","status":201,"duration_ms":12}
{"request_id":"rcc-53004a1444e8dd2b62cea4a6ae6e49a7","method":"GET","path":"/api/v1/table-policies/:table_name/approval-roles","status":200,"duration_ms":2}
{"request_id":"rcc-91f05a90b6f315cb80f356990492c26b","method":"PUT","path":"/api/v1/table-policies/:table_name/approval-roles","status":200,"duration_ms":14}
{"request_id":"rcc-378084182d7799f32388cc33e0650a74","method":"GET","path":"/api/v1/release-orders/:id","status":200,"duration_ms":4}
{"request_id":"rcc-0a4b6875f19c888de127a268439b2049","method":"GET","path":"/api/v1/release-orders/:id","status":200,"duration_ms":4}
{"request_id":"rcc-3d5c5a7ea3499f74e9f57aca497bb135","method":"POST","path":"/api/v1/release-orders/:id/approve","status":200,"duration_ms":16}
=== RUN   TestTableApprovalFallbackMatrixAndEmptySnapshot/no-members
{"request_id":"rcc-8b17c23b58cda2a377bdf9c090d8be88","method":"GET","path":"/api/v1/table-policies/:table_name/approval-roles","status":200,"duration_ms":5}
{"request_id":"rcc-c90949d326b272e914901af44735f058","method":"PUT","path":"/api/v1/table-policies/:table_name/approval-roles","status":200,"duration_ms":18}
{"request_id":"rcc-2622015796650d19fbf313108d27bc6c","method":"POST","path":"/api/v1/release-orders","status":201,"duration_ms":27}
{"request_id":"rcc-6ae69b43c03ee9c6b7bd4aabadcf8103","method":"POST","path":"/api/v1/release-orders/:id/submit","status":200,"duration_ms":59}
{"request_id":"rcc-0edede912266640cc46bc9cbec105ca0","method":"GET","path":"/api/v1/release-orders/:id","status":200,"duration_ms":6}
{"request_id":"rcc-a3602a67fe87c7e9461ef8f35b432ec7","method":"POST","path":"/api/v1/release-orders/:id/approve","status":403,"duration_ms":5}
{"request_id":"rcc-e0bf68afa0b81da6a56a253b04befa12","method":"GET","path":"/api/v1/release-orders/:id","status":200,"duration_ms":6}
{"request_id":"rcc-0ed4e19bb0e4bb256238d70b42f479bd","method":"GET","path":"/api/v1/release-orders/:id","status":200,"duration_ms":6}
{"request_id":"rcc-41df57fb1001181414d417e37d884774","method":"POST","path":"/api/v1/release-orders/:id/approve","status":200,"duration_ms":24}
=== RUN   TestTableApprovalFallbackMatrixAndEmptySnapshot/disabled-role
{"request_id":"rcc-16938555b786c3322073d60fed30898d","method":"PUT","path":"/api/v1/approval-roles/:id","status":200,"duration_ms":14}
{"request_id":"rcc-66a447df915edfd73b223c3f55fed6a7","method":"POST","path":"/api/v1/release-orders","status":201,"duration_ms":27}
{"request_id":"rcc-73c720cb9926a2322d2d10903f3f97bc","method":"POST","path":"/api/v1/release-orders/:id/submit","status":200,"duration_ms":62}
{"request_id":"rcc-e35f64612f700e041c5f2d3ecec75515","method":"GET","path":"/api/v1/release-orders/:id","status":200,"duration_ms":6}
{"request_id":"rcc-eb2a156e1ae95e3e4ef518985cfeeb2d","method":"POST","path":"/api/v1/release-orders/:id/approve","status":403,"duration_ms":5}
{"request_id":"rcc-47e8747c300b54a78da9ab75aeaf38fe","method":"GET","path":"/api/v1/release-orders/:id","status":200,"duration_ms":6}
{"request_id":"rcc-7a9978b1af26d7b5ebc64b3ed8377274","method":"GET","path":"/api/v1/release-orders/:id","status":200,"duration_ms":6}
{"request_id":"rcc-ae29ff611194df3bcaf5b458ba471114","method":"POST","path":"/api/v1/release-orders/:id/approve","status":200,"duration_ms":23}
=== RUN   TestTableApprovalFallbackMatrixAndEmptySnapshot/only-applicant
{"request_id":"rcc-62b5c42f89cff26fad0153e86755f8d8","method":"PUT","path":"/api/v1/approval-roles/:id","status":200,"duration_ms":12}
{"request_id":"rcc-68ab8180cd059f02274144cc1d21cfca","method":"POST","path":"/api/v1/release-orders","status":201,"duration_ms":26}
{"request_id":"rcc-13e421f7fc445aaa7aa9618f85103140","method":"POST","path":"/api/v1/release-orders/:id/submit","status":200,"duration_ms":64}
{"request_id":"rcc-67fd1a9b00e8006845349ffac69cc87d","method":"GET","path":"/api/v1/release-orders/:id","status":200,"duration_ms":6}
{"request_id":"rcc-9eb7fb30c9af72622d206de6eafd5da3","method":"POST","path":"/api/v1/release-orders/:id/approve","status":403,"duration_ms":6}
{"request_id":"rcc-9eba4da52463ea079afd534b68554f7c","method":"GET","path":"/api/v1/release-orders/:id","status":200,"duration_ms":5}
{"request_id":"rcc-883b96d50baa49911f875ad29a780086","method":"GET","path":"/api/v1/release-orders/:id","status":200,"duration_ms":11}
{"request_id":"rcc-cbcd31ac9a7d3d04412dfc43870f18d8","method":"POST","path":"/api/v1/release-orders/:id/approve","status":200,"duration_ms":27}
{"request_id":"rcc-58ac8181d9d419d0171c7442b4550d9b","method":"GET","path":"/api/v1/auth/csrf","status":200,"duration_ms":5}
{"request_id":"rcc-17873a125c0371ff01d92ee464972929","method":"POST","path":"/api/v1/auth/register","status":201,"duration_ms":39}
{"request_id":"rcc-67838f09a29fcc38f5b3f7411cb2cf63","method":"PUT","path":"/api/v1/account-roles/:id","status":200,"duration_ms":8}
{"request_id":"rcc-b3eebff3af90ed5c37fd4392e00aa92e","method":"GET","path":"/api/v1/table-policies/:table_name/approval-roles","status":200,"duration_ms":4}
{"request_id":"rcc-73b9d09d790b18600aa0c9173bfff2ec","method":"PUT","path":"/api/v1/table-policies/:table_name/approval-roles","status":200,"duration_ms":11}
{"request_id":"rcc-8ba3f1fb8de335f226811b8b1338b335","method":"POST","path":"/api/v1/release-orders","status":201,"duration_ms":24}
{"request_id":"rcc-b4b31e3f707c8c02e1917317a334ba65","method":"POST","path":"/api/v1/release-orders/:id/submit","status":200,"duration_ms":47}
{"request_id":"rcc-0dc7e1ede3e1f2a9512a5a705107dd41","method":"GET","path":"/api/v1/release-orders/:id","status":200,"duration_ms":4}
{"request_id":"rcc-914b3bdc9bde34fd96bd2c77013d7e68","method":"POST","path":"/api/v1/release-orders/:id/approve","status":403,"duration_ms":6}
{"request_id":"rcc-ddbb89e7d20c63d42f1545548006fbac","method":"GET","path":"/api/v1/release-orders","status":200,"duration_ms":3}
2026/09/11 11:25:04 🐳 Stopping container: ebb885b420cf
2026/09/11 11:25:05 ✅ Container stopped: ebb885b420cf
2026/09/11 11:25:05 🐳 Terminating container: ebb885b420cf
2026/09/11 11:25:05 🚫 Container terminated: ebb885b420cf
--- PASS: TestTableApprovalFallbackMatrixAndEmptySnapshot (9.85s)
    --- PASS: TestTableApprovalFallbackMatrixAndEmptySnapshot/empty (0.15s)
    --- PASS: TestTableApprovalFallbackMatrixAndEmptySnapshot/no-members (0.16s)
    --- PASS: TestTableApprovalFallbackMatrixAndEmptySnapshot/disabled-role (0.15s)
    --- PASS: TestTableApprovalFallbackMatrixAndEmptySnapshot/only-applicant (0.16s)
=== RUN   TestTableApprovalScopeConcurrencyAndRejection
2026/09/11 11:25:05 🐳 Creating container for image mysql:8.4
2026/09/11 11:25:05 ✅ Container created: 534ee21c89be
2026/09/11 11:25:05 🐳 Starting container: 534ee21c89be
2026/09/11 11:25:05 ✅ Container started: 534ee21c89be
2026/09/11 11:25:05 ⏳ Waiting for container id 534ee21c89be image: mysql:8.4. Waiting for: all of: [log message "port: 3306  MySQL Community Server"]
2026/09/11 11:25:11 🔔 Container is ready: 534ee21c89be
{"request_id":"rcc-1fd63a9d6bb97060df5361552a4c5c09","method":"GET","path":"/api/v1/auth/csrf","status":200,"duration_ms":5}
{"request_id":"rcc-8f195e566ae1e74d5056219fc9b45b8d","method":"POST","path":"/api/v1/auth/register","status":201,"duration_ms":43}
{"request_id":"rcc-8fa5752df18c207dd94ff4441fc21c98","method":"GET","path":"/api/v1/auth/csrf","status":200,"duration_ms":5}
{"request_id":"rcc-9ef4f5d201cb9b14893df8d0c9b23ab4","method":"POST","path":"/api/v1/auth/login","status":200,"duration_ms":55}
{"request_id":"rcc-f6532f390452f71e74fd7b5cd59c114c","method":"GET","path":"/api/v1/table-policies/:table_name/release-templates","status":200,"duration_ms":8}
{"request_id":"rcc-81a49ecd0614aa5944a673e3b072c949","method":"PUT","path":"/api/v1/table-policies/:table_name/release-templates/:release_type","status":200,"duration_ms":22}
{"request_id":"rcc-22d7dea9da71c0e5326aa358b89f6398","method":"GET","path":"/api/v1/table-policies/:table_name/release-templates","status":200,"duration_ms":2}
{"request_id":"rcc-c52f88bff782225c553817620afba2a6","method":"PUT","path":"/api/v1/table-policies/:table_name/release-templates/:release_type","status":200,"duration_ms":9}
{"request_id":"rcc-777ed0d3ad296afb97fed218a011a246","method":"GET","path":"/api/v1/auth/csrf","status":200,"duration_ms":7}
{"request_id":"rcc-dea8d587ab0e771151385a7de73a74d0","method":"POST","path":"/api/v1/auth/register","status":201,"duration_ms":44}
{"request_id":"rcc-0116fd56ad2a32a901b460ba87a1bbf6","method":"GET","path":"/api/v1/auth/csrf","status":200,"duration_ms":6}
{"request_id":"rcc-6103715857ff54dc980482401569c753","method":"POST","path":"/api/v1/auth/register","status":201,"duration_ms":45}
{"request_id":"rcc-d8d604f1727568da072eaeb066a80049","method":"POST","path":"/api/v1/approval-roles","status":201,"duration_ms":13}
{"request_id":"rcc-06f87615125786c0805962354db0966d","method":"POST","path":"/api/v1/approval-roles","status":201,"duration_ms":19}
{"request_id":"rcc-0d004073af29318729070dac3e0bb906","method":"GET","path":"/api/v1/table-policies/:table_name/approval-roles","status":200,"duration_ms":3}
{"request_id":"rcc-a7f5e77ff30f2dfc84d1e0e7467f5267","method":"PUT","path":"/api/v1/table-policies/:table_name/approval-roles","status":200,"duration_ms":19}
{"request_id":"rcc-0b4e1b1b13705ee50cf7b21e30f12f1f","method":"GET","path":"/api/v1/table-policies/:table_name/approval-roles","status":200,"duration_ms":4}
{"request_id":"rcc-a91f6543e7d6aab14d82f631f802c8ac","method":"PUT","path":"/api/v1/table-policies/:table_name/approval-roles","status":200,"duration_ms":17}
{"request_id":"rcc-61f4f90350667e44d904f6ed2496654c","method":"POST","path":"/api/v1/release-orders","status":201,"duration_ms":54}
{"request_id":"rcc-99c252c7dc1f56572af2aa7d6218717e","method":"POST","path":"/api/v1/release-orders/:id/submit","status":200,"duration_ms":128}
{"request_id":"rcc-5227560383a73e385acd70bc9c503916","method":"GET","path":"/api/v1/release-orders/:id","status":200,"duration_ms":9}
{"request_id":"rcc-05ca4779df99b8c0a2fdd03f4ca7dbe2","method":"PUT","path":"/api/v1/approval-roles/:id","status":200,"duration_ms":21}
{"request_id":"rcc-df98d138b64eaf7f98679435e00107b0","method":"POST","path":"/api/v1/release-orders/:id/approve","status":409,"duration_ms":12}
{"request_id":"rcc-4c72927efeea96f5cc6d9214493981b7","method":"GET","path":"/api/v1/release-orders/:id","status":200,"duration_ms":10}
{"request_id":"rcc-4e79dc8a25b2d96f9b7e41e0f597cdbc","method":"POST","path":"/api/v1/release-orders/:id/approve","status":200,"duration_ms":42}
{"request_id":"rcc-e187c95eae15bcb8b647d4003eef374f","method":"PUT","path":"/api/v1/approval-roles/:id","status":200,"duration_ms":20}
{"request_id":"rcc-b260f1b4f20af0f50f35d05cb89e6bba","method":"POST","path":"/api/v1/release-orders","status":201,"duration_ms":73}
{"request_id":"rcc-94e4d1b513d164db3b535d4d06c5cc40","method":"POST","path":"/api/v1/release-orders/:id/submit","status":200,"duration_ms":209}
{"request_id":"rcc-f1dce4c78389e6563b203b1b3ada22c7","method":"GET","path":"/api/v1/release-orders/:id","status":200,"duration_ms":10}
{"request_id":"rcc-ee3fd636ad83e656d1b1b2a5ef117d52","method":"GET","path":"/api/v1/release-orders/:id","status":200,"duration_ms":10}
{"request_id":"rcc-620d9623c22212a05e9d7fc4a3c6f016","method":"POST","path":"/api/v1/release-orders/:id/approve","status":200,"duration_ms":47}
{"request_id":"rcc-a6394e1b906526c74a7ef071efd73bdf","method":"POST","path":"/api/v1/release-orders/:id/approve","status":409,"duration_ms":48}
{"request_id":"rcc-ea5fb89ea489e97c45e15ad5983c8bbf","method":"GET","path":"/api/v1/release-orders/:id","status":200,"duration_ms":10}
{"request_id":"rcc-58a8e4f1aac8aaddf42180054c1d56f8","method":"POST","path":"/api/v1/release-orders","status":201,"duration_ms":47}
{"request_id":"rcc-5652b14e99ba3eb5396f46658b02d239","method":"POST","path":"/api/v1/release-orders/:id/submit","status":200,"duration_ms":113}
{"request_id":"rcc-e47b803466af7830745838c295faee0f","method":"GET","path":"/api/v1/release-orders/:id","status":200,"duration_ms":9}
{"request_id":"rcc-f2cd9243ffc436ec4932785ca10181f4","method":"GET","path":"/api/v1/release-orders/:id","status":200,"duration_ms":11}
{"request_id":"rcc-e1df7c95b9b6103af6147178b67112c4","method":"POST","path":"/api/v1/release-orders/:id/approve","status":200,"duration_ms":44}
{"request_id":"rcc-aa5b4d62f77f5e56f0eefbd7bef8856d","method":"POST","path":"/api/v1/release-orders/:id/reject","status":409,"duration_ms":49}
{"request_id":"rcc-dbfdbe24fabdf2cc99330c011809fe38","method":"GET","path":"/api/v1/release-orders/:id","status":200,"duration_ms":8}
{"request_id":"rcc-d096007dba4944996691288468b769a5","method":"POST","path":"/api/v1/release-orders","status":201,"duration_ms":53}
{"request_id":"rcc-afa9ea2a325812fdacbee01fbf452fea","method":"POST","path":"/api/v1/release-orders/:id/submit","status":200,"duration_ms":111}
{"request_id":"rcc-a4f446f81a02861f1ce225e23db9afb2","method":"GET","path":"/api/v1/release-orders/:id","status":200,"duration_ms":10}
{"request_id":"rcc-de527f511fdaac8321923edb513cb0fd","method":"GET","path":"/api/v1/release-orders/:id","status":200,"duration_ms":10}
{"request_id":"rcc-dc7d77e59014d073cd9f0c00a1677eb3","method":"POST","path":"/api/v1/release-orders/:id/cancel","status":200,"duration_ms":33}
{"request_id":"rcc-3ee135a896a913e9c4bf3482f78e9ed3","method":"POST","path":"/api/v1/release-orders/:id/approve","status":409,"duration_ms":34}
{"request_id":"rcc-a60beeb8a8461578cc5f69583298f17a","method":"GET","path":"/api/v1/release-orders/:id","status":200,"duration_ms":8}
{"request_id":"rcc-51349a88094e6b80ffe3281d835b82a8","method":"POST","path":"/api/v1/release-orders","status":201,"duration_ms":50}
{"request_id":"rcc-8f98bb704f1b9766a62e02d1436c6b2f","method":"POST","path":"/api/v1/release-orders/:id/submit","status":200,"duration_ms":116}
{"request_id":"rcc-d6e1d0b55b7d21eac29a36d7f0f712e1","method":"GET","path":"/api/v1/release-orders/:id","status":200,"duration_ms":9}
{"request_id":"rcc-a76b50e64e7ea1f6952a132343c4cd7f","method":"POST","path":"/api/v1/release-orders/:id/approve","status":200,"duration_ms":44}
{"request_id":"rcc-0b1643eabfb3ea3f3d8f0f29258ec875","method":"GET","path":"/api/v1/release-orders/:id","status":200,"duration_ms":13}
{"request_id":"rcc-2cdf4acfe09e7dafe649efdad09e946e","method":"POST","path":"/api/v1/release-orders/:id/reject","status":200,"duration_ms":44}
{"request_id":"rcc-6f8ff6c0af6e7e048bb17040040ee430","method":"POST","path":"/api/v1/release-orders","status":201,"duration_ms":31}
2026/09/11 11:25:14 🐳 Stopping container: 534ee21c89be
2026/09/11 11:25:16 ✅ Container stopped: 534ee21c89be
2026/09/11 11:25:16 🐳 Terminating container: 534ee21c89be
2026/09/11 11:25:16 🚫 Container terminated: 534ee21c89be
--- PASS: TestTableApprovalScopeConcurrencyAndRejection (10.80s)
=== RUN   TestTableApprovalAccountAvailabilityAndDurableHistory
2026/09/11 11:25:16 🐳 Creating container for image mysql:8.4
2026/09/11 11:25:16 ✅ Container created: 463a9d65ef49
2026/09/11 11:25:16 🐳 Starting container: 463a9d65ef49
2026/09/11 11:25:16 ✅ Container started: 463a9d65ef49
2026/09/11 11:25:16 ⏳ Waiting for container id 463a9d65ef49 image: mysql:8.4. Waiting for: all of: [log message "port: 3306  MySQL Community Server"]
2026/09/11 11:25:22 🔔 Container is ready: 463a9d65ef49
{"request_id":"rcc-39514d89feb2352ef3720b7bf6885891","method":"GET","path":"/api/v1/auth/csrf","status":200,"duration_ms":5}
{"request_id":"rcc-c3afdd867664643ca43adc1bc7cfdefc","method":"POST","path":"/api/v1/auth/register","status":201,"duration_ms":44}
{"request_id":"rcc-cf1d72af6a593d5a53661c8bfea66cc2","method":"GET","path":"/api/v1/auth/csrf","status":200,"duration_ms":5}
{"request_id":"rcc-39a97c3358c07b206b292ad77e1b0050","method":"POST","path":"/api/v1/auth/login","status":200,"duration_ms":52}
{"request_id":"rcc-c06aab768a01fd5a7b546d655956e353","method":"GET","path":"/api/v1/table-policies/:table_name/release-templates","status":200,"duration_ms":2}
{"request_id":"rcc-f756c4be9fc480aea1db08294bbce39f","method":"PUT","path":"/api/v1/table-policies/:table_name/release-templates/:release_type","status":200,"duration_ms":8}
{"request_id":"rcc-fa73f9ed1edcc6cc1229565ab1fa1562","method":"GET","path":"/api/v1/auth/csrf","status":200,"duration_ms":5}
{"request_id":"rcc-43099b46484288f3de9aa092a13e819d","method":"POST","path":"/api/v1/auth/register","status":201,"duration_ms":43}
{"request_id":"rcc-05fc845a156eb1fba78efbe003bf377c","method":"GET","path":"/api/v1/auth/csrf","status":200,"duration_ms":5}
{"request_id":"rcc-7bef7d5728f4793412edea1152c169b4","method":"POST","path":"/api/v1/auth/register","status":201,"duration_ms":44}
{"request_id":"rcc-ca7d4b6c555f8d963e2e1be2e758b76a","method":"PUT","path":"/api/v1/account-roles/:id","status":200,"duration_ms":9}
{"request_id":"rcc-53213459f7e0fc002ee3515641a2e69e","method":"POST","path":"/api/v1/approval-roles","status":201,"duration_ms":13}
{"request_id":"rcc-ec8a398b7d3996095de68babd4185b09","method":"GET","path":"/api/v1/table-policies/:table_name/approval-roles","status":200,"duration_ms":3}
{"request_id":"rcc-e11d3c94c6f7949f5695b92e9b696634","method":"PUT","path":"/api/v1/table-policies/:table_name/approval-roles","status":200,"duration_ms":14}
{"request_id":"rcc-14ea1075e1edc88ba115786d5eb4a85f","method":"POST","path":"/api/v1/release-orders","status":201,"duration_ms":32}
{"request_id":"rcc-cccee74d311c7465e412fb7167b78153","method":"POST","path":"/api/v1/release-orders/:id/submit","status":200,"duration_ms":66}
{"request_id":"rcc-b6ed85696d6b93b48fa6702621f19f58","method":"GET","path":"/api/v1/release-orders/:id","status":200,"duration_ms":10}
{"request_id":"rcc-95e71f929e74e24322d35561d2784cdb","method":"GET","path":"/api/v1/release-orders/:id","status":200,"duration_ms":8}
{"request_id":"rcc-8da396101ad53d2f413bd114d51f768e","method":"PUT","path":"/api/v1/account-roles/:id","status":200,"duration_ms":9}
{"request_id":"rcc-99a3ae5fb9eac0de3696b7393061d70e","method":"GET","path":"/api/v1/release-orders/:id","status":200,"duration_ms":6}
{"request_id":"rcc-285246bb1b71e12b23cc8100c0c9fe70","method":"POST","path":"/api/v1/release-orders/:id/approve","status":409,"duration_ms":10}
{"request_id":"rcc-412557cd3509be5d9239c0bc40de4984","method":"PUT","path":"/api/v1/account-roles/:id","status":200,"duration_ms":8}
{"request_id":"rcc-45d3f08db66401fcfdb2baeb6d8db13f","method":"GET","path":"/api/v1/release-orders/:id","status":200,"duration_ms":6}
{"request_id":"rcc-d7a442f6546b8e6c41b00be275e53f57","method":"POST","path":"/api/v1/release-orders/:id/approve","status":200,"duration_ms":34}
{"request_id":"rcc-051065ef11ff2acba8d32dbb745e2292","method":"PUT","path":"/api/v1/account-roles/:id","status":200,"duration_ms":38}
{"request_id":"rcc-7f67c770a08fe853aa2a6180200eb0f8","method":"GET","path":"/api/v1/auth/csrf","status":200,"duration_ms":10}
{"request_id":"rcc-09a1692a222c56453bceb55d8a4535f0","method":"POST","path":"/api/v1/auth/login","status":200,"duration_ms":58}
{"request_id":"rcc-84db0955c21e83063290c4ac971ff215","method":"GET","path":"/api/v1/release-orders/:id","status":200,"duration_ms":8}
{"request_id":"rcc-ba7672c1e635025af84d47d5933ed202","method":"POST","path":"/api/v1/release-orders","status":201,"duration_ms":35}
{"request_id":"rcc-1513a67b44aa84d81bc803e63f0de466","method":"POST","path":"/api/v1/release-orders/:id/submit","status":200,"duration_ms":65}
{"request_id":"rcc-24b38131de03bd4f1429a3f6d14ce792","method":"GET","path":"/api/v1/release-orders/:id","status":200,"duration_ms":9}
2026/09/11 11:25:26 🐳 Stopping container: 463a9d65ef49
2026/09/11 11:25:27 ✅ Container stopped: 463a9d65ef49
2026/09/11 11:25:27 🐳 Terminating container: 463a9d65ef49
2026/09/11 11:25:27 🚫 Container terminated: 463a9d65ef49
--- PASS: TestTableApprovalAccountAvailabilityAndDurableHistory (10.85s)
=== RUN   TestTableApprovalReadAndResultFailuresDoNotGrantOrCommit
2026/09/11 11:25:27 🐳 Creating container for image mysql:8.4
2026/09/11 11:25:27 ✅ Container created: a27aebad04da
2026/09/11 11:25:27 🐳 Starting container: a27aebad04da
2026/09/11 11:25:27 ✅ Container started: a27aebad04da
2026/09/11 11:25:27 ⏳ Waiting for container id a27aebad04da image: mysql:8.4. Waiting for: all of: [log message "port: 3306  MySQL Community Server"]
2026/09/11 11:25:33 🔔 Container is ready: a27aebad04da
{"request_id":"rcc-b696633645bc97998fda6f43ba893cdf","method":"GET","path":"/api/v1/auth/csrf","status":200,"duration_ms":5}
{"request_id":"rcc-307ef36d0abb5793cd48af98f6a77ad8","method":"POST","path":"/api/v1/auth/register","status":201,"duration_ms":43}
{"request_id":"rcc-21e443af8897045630b65cb694a041ba","method":"GET","path":"/api/v1/auth/csrf","status":200,"duration_ms":5}
{"request_id":"rcc-5b46c1b0c253d4e5bbd44c5422237166","method":"POST","path":"/api/v1/auth/login","status":200,"duration_ms":50}
{"request_id":"rcc-7999afd37b671927ef87fe369e16eeb3","method":"GET","path":"/api/v1/table-policies/:table_name/release-templates","status":200,"duration_ms":2}
{"request_id":"rcc-e35cae809ad3ab4e16191b2e22d0aeb8","method":"PUT","path":"/api/v1/table-policies/:table_name/release-templates/:release_type","status":200,"duration_ms":7}
{"request_id":"rcc-e20b69a211fb94f7df1c0483899dfd7b","method":"GET","path":"/api/v1/auth/csrf","status":200,"duration_ms":4}
{"request_id":"rcc-6bad0cb5af4c58f494a6d9754c9afd5a","method":"POST","path":"/api/v1/auth/register","status":201,"duration_ms":41}
{"request_id":"rcc-2c270ccee5bff04fbfd6df6a960b2da3","method":"GET","path":"/api/v1/auth/csrf","status":200,"duration_ms":4}
{"request_id":"rcc-47b9dc453124a098d0e74d9fe0f9b8ad","method":"POST","path":"/api/v1/auth/register","status":201,"duration_ms":42}
{"request_id":"rcc-a077c1463a22bae3997ba29ab8e2efda","method":"PUT","path":"/api/v1/account-roles/:id","status":200,"duration_ms":9}
{"request_id":"rcc-b29d53e921798620cd97ed0365f612ab","method":"POST","path":"/api/v1/approval-roles","status":201,"duration_ms":11}
{"request_id":"rcc-bb918eb91fa3ae8b8a281dfb0ca02a34","method":"GET","path":"/api/v1/table-policies/:table_name/approval-roles","status":200,"duration_ms":2}
{"request_id":"rcc-5a5b6b8278e43e3cc2165e28eaaa85d3","method":"PUT","path":"/api/v1/table-policies/:table_name/approval-roles","status":200,"duration_ms":13}
{"request_id":"rcc-c3e08fd66c37b65e2634f95294646f5b","method":"POST","path":"/api/v1/release-orders","status":201,"duration_ms":28}
{"request_id":"rcc-eb92f903626ed257b5cda35d1d534695","method":"POST","path":"/api/v1/release-orders/:id/submit","status":200,"duration_ms":56}
{"request_id":"rcc-2868937c9249cabc889a4e18c676117f","method":"GET","path":"/api/v1/release-orders/:id","status":200,"duration_ms":6}
{"request_id":"rcc-0ca903ddc81cb83cc9236a1fc17fba8f","method":"GET","path":"/api/v1/release-orders/:id","status":200,"duration_ms":6}
{"request_id":"rcc-129479003fe2695fff21053eb2b647c8","method":"POST","path":"/api/v1/release-orders/:id/approve","status":503,"duration_ms":8}
{"request_id":"rcc-393cc4e8af8900c20f84d82c15655d58","method":"POST","path":"/api/v1/release-orders/:id/approve","status":503,"duration_ms":18}
{"request_id":"rcc-407748056220be8e6eb4c6382d75ac62","method":"GET","path":"/api/v1/release-orders/:id","status":200,"duration_ms":6}
{"request_id":"rcc-980fa3414993e7c87552d1dfc4cceec6","method":"POST","path":"/api/v1/release-orders/:id/approve","status":200,"duration_ms":25}
{"request_id":"rcc-ebfbfef9c5de75dca2ab7419a5e869aa","method":"POST","path":"/api/v1/release-orders/:id/approve","status":409,"duration_ms":4}
2026/09/11 11:25:34 🐳 Stopping container: a27aebad04da
2026/09/11 11:25:35 ✅ Container stopped: a27aebad04da
2026/09/11 11:25:35 🐳 Terminating container: a27aebad04da
2026/09/11 11:25:35 🚫 Container terminated: a27aebad04da
--- PASS: TestTableApprovalReadAndResultFailuresDoNotGrantOrCommit (8.67s)
=== RUN   TestTableApprovalQualificationChangesSerializeWithDecisions
2026/09/11 11:25:35 🐳 Creating container for image mysql:8.4
2026/09/11 11:25:36 ✅ Container created: 65025d9f66d1
2026/09/11 11:25:36 🐳 Starting container: 65025d9f66d1
2026/09/11 11:25:36 ✅ Container started: 65025d9f66d1
2026/09/11 11:25:36 ⏳ Waiting for container id 65025d9f66d1 image: mysql:8.4. Waiting for: all of: [log message "port: 3306  MySQL Community Server"]
2026/09/11 11:25:42 🔔 Container is ready: 65025d9f66d1
{"request_id":"rcc-16ceb3922498612a6392048526eef484","method":"GET","path":"/api/v1/auth/csrf","status":200,"duration_ms":5}
{"request_id":"rcc-6e784ea333245550067b3961a25b4747","method":"POST","path":"/api/v1/auth/register","status":201,"duration_ms":45}
{"request_id":"rcc-b5a8824dd2ba57a7ddeab9d96320e62d","method":"GET","path":"/api/v1/auth/csrf","status":200,"duration_ms":4}
{"request_id":"rcc-13182fce188a33a7f3c95662bc909628","method":"POST","path":"/api/v1/auth/login","status":200,"duration_ms":51}
{"request_id":"rcc-75944d71182ed9df9920e4d2eba24e9f","method":"GET","path":"/api/v1/table-policies/:table_name/release-templates","status":200,"duration_ms":2}
{"request_id":"rcc-c80a8bae5440dc96a91f4c2044a48a91","method":"PUT","path":"/api/v1/table-policies/:table_name/release-templates/:release_type","status":200,"duration_ms":8}
{"request_id":"rcc-af9d6d886438c68c908dba8708100444","method":"GET","path":"/api/v1/auth/csrf","status":200,"duration_ms":4}
{"request_id":"rcc-c2015dd5dcf0b7df488052474bd9c909","method":"POST","path":"/api/v1/auth/register","status":201,"duration_ms":41}
{"request_id":"rcc-902dd2b31bca10142b060589b217df71","method":"GET","path":"/api/v1/auth/csrf","status":200,"duration_ms":4}
{"request_id":"rcc-75447b18a21b8a66711009d2322f6071","method":"POST","path":"/api/v1/auth/register","status":201,"duration_ms":44}
{"request_id":"rcc-7b589158ccd45482ea16286abc79c758","method":"PUT","path":"/api/v1/account-roles/:id","status":200,"duration_ms":9}
{"request_id":"rcc-a01daf57f07bf0dd49a1ea9223ee4dfe","method":"POST","path":"/api/v1/approval-roles","status":201,"duration_ms":12}
=== RUN   TestTableApprovalQualificationChangesSerializeWithDecisions/membership
{"request_id":"rcc-4bdc5ca14e765d5f001b5dc4e84f5971","method":"PUT","path":"/api/v1/approval-roles/:id","status":200,"duration_ms":16}
{"request_id":"rcc-5d19cdd9f6fa76ee84977d01cbb1dff7","method":"GET","path":"/api/v1/table-policies/:table_name/approval-roles","status":200,"duration_ms":3}
{"request_id":"rcc-c27751723d803b76313a7e377d99d760","method":"PUT","path":"/api/v1/table-policies/:table_name/approval-roles","status":200,"duration_ms":14}
{"request_id":"rcc-8e7781b9bfd45cf8a60b07fcf6f1863d","method":"POST","path":"/api/v1/release-orders","status":201,"duration_ms":28}
{"request_id":"rcc-b78da3667ab0e87f219f6ed96fcf98ff","method":"POST","path":"/api/v1/release-orders/:id/submit","status":200,"duration_ms":57}
{"request_id":"rcc-41b66aebf84b2e1af8ad72d4507d79e0","method":"GET","path":"/api/v1/release-orders/:id","status":200,"duration_ms":6}
{"request_id":"rcc-df8690885b3af4878aed7119205a1b9a","method":"PUT","path":"/api/v1/approval-roles/:id","status":200,"duration_ms":14}
{"request_id":"rcc-c52c8d03384063e7a731db2a36d1b948","method":"POST","path":"/api/v1/release-orders/:id/approve","status":409,"duration_ms":21}
{"request_id":"rcc-ffe2b55d58422e7c0ee818641aa4ad28","method":"GET","path":"/api/v1/release-orders/:id","status":200,"duration_ms":6}
{"request_id":"rcc-ead76da8f9131ae0862045a2f36496be","method":"GET","path":"/api/v1/approval-roles/:id","status":200,"duration_ms":3}
=== RUN   TestTableApprovalQualificationChangesSerializeWithDecisions/role-disabled
{"request_id":"rcc-5f30a43fc0738edb9e45a1bad13c7a1f","method":"PUT","path":"/api/v1/approval-roles/:id","status":200,"duration_ms":16}
{"request_id":"rcc-7bc817e72e4010d62f16d1fe308339dc","method":"GET","path":"/api/v1/table-policies/:table_name/approval-roles","status":200,"duration_ms":5}
{"request_id":"rcc-352a1788d4558d5c138ade91c9688447","method":"PUT","path":"/api/v1/table-policies/:table_name/approval-roles","status":200,"duration_ms":21}
{"request_id":"rcc-bcf3b7022c444d466eae7842d78ae38b","method":"POST","path":"/api/v1/release-orders","status":201,"duration_ms":29}
{"request_id":"rcc-e29d8ee4dfb35191be458530fb9b2077","method":"POST","path":"/api/v1/release-orders/:id/submit","status":200,"duration_ms":58}
{"request_id":"rcc-2ed3377d644b3d69bc4726b5ba251a62","method":"GET","path":"/api/v1/release-orders/:id","status":200,"duration_ms":8}
{"request_id":"rcc-0bb8362cb818a055b69e6612c0449fb2","method":"POST","path":"/api/v1/release-orders/:id/approve","status":200,"duration_ms":24}
{"request_id":"rcc-a749e7d829969d09ea11fced92cde0d0","method":"PUT","path":"/api/v1/approval-roles/:id","status":200,"duration_ms":30}
{"request_id":"rcc-374bf7a50bef42411d141e110cd77807","method":"GET","path":"/api/v1/release-orders/:id","status":200,"duration_ms":6}
{"request_id":"rcc-c5439570412eb2e8b558a976936aadc4","method":"GET","path":"/api/v1/approval-roles/:id","status":200,"duration_ms":3}
=== RUN   TestTableApprovalQualificationChangesSerializeWithDecisions/account-disabled
{"request_id":"rcc-ebdaec6be9366b7b11c3981d5c97ab25","method":"PUT","path":"/api/v1/approval-roles/:id","status":200,"duration_ms":16}
{"request_id":"rcc-08d73c14bec06cecc7b35d24223a3f37","method":"GET","path":"/api/v1/table-policies/:table_name/approval-roles","status":200,"duration_ms":5}
{"request_id":"rcc-afa7d971be282707f6a3aaaf58ba4343","method":"PUT","path":"/api/v1/table-policies/:table_name/approval-roles","status":200,"duration_ms":22}
{"request_id":"rcc-3f98249ca17614191e05c1262b558311","method":"POST","path":"/api/v1/release-orders","status":201,"duration_ms":35}
{"request_id":"rcc-c20835a00a6a84c293388827687db5ea","method":"POST","path":"/api/v1/release-orders/:id/submit","status":200,"duration_ms":59}
{"request_id":"rcc-b0a1e39ddc9c3ebe1e80a65a39bfec1a","method":"GET","path":"/api/v1/release-orders/:id","status":200,"duration_ms":7}
{"request_id":"rcc-2d39a042ad8af40af4740c642c979537","method":"POST","path":"/api/v1/release-orders/:id/approve","status":200,"duration_ms":26}
{"request_id":"rcc-4342ea7651461722f7ba03eb5ec42aa8","method":"GET","path":"/api/v1/release-orders/:id","status":200,"duration_ms":10}
{"request_id":"rcc-e124d8dfce90f9dd573856c66cd26a47","method":"GET","path":"/api/v1/approval-roles/:id","status":200,"duration_ms":4}
=== RUN   TestTableApprovalQualificationChangesSerializeWithDecisions/admin-revoked
{"request_id":"rcc-5c9d517960516586f3a2761275182e5d","method":"PUT","path":"/api/v1/approval-roles/:id","status":200,"duration_ms":18}
{"request_id":"rcc-5f352c1eba6a846e5b0d670c73a942c2","method":"GET","path":"/api/v1/table-policies/:table_name/approval-roles","status":200,"duration_ms":5}
{"request_id":"rcc-cc8a005b89d177613369de136f2c8ff7","method":"PUT","path":"/api/v1/table-policies/:table_name/approval-roles","status":200,"duration_ms":16}
{"request_id":"rcc-0b1d79206fdb0cc73dc48579eb74ec97","method":"GET","path":"/api/v1/table-policies/:table_name/approval-roles","status":200,"duration_ms":4}
{"request_id":"rcc-1f9e401c4c0e0bb052a41a0ce560123c","method":"PUT","path":"/api/v1/table-policies/:table_name/approval-roles","status":200,"duration_ms":11}
{"request_id":"rcc-f87d545bba016a3885b0effb1fb99e4f","method":"POST","path":"/api/v1/release-orders","status":201,"duration_ms":22}
{"request_id":"rcc-ba94b8d98a2e8ab1e7bb96c4aec67736","method":"POST","path":"/api/v1/release-orders/:id/submit","status":200,"duration_ms":52}
{"request_id":"rcc-f26d39788565467338f0751b3ae95990","method":"GET","path":"/api/v1/release-orders/:id","status":200,"duration_ms":4}
{"request_id":"rcc-6d25fc0f95380a18a8f6189d0f27836b","method":"PUT","path":"/api/v1/account-roles/:id","status":200,"duration_ms":8}
{"request_id":"rcc-6acf4a2798ac4d47c2fbdcd41d4ac4ce","method":"POST","path":"/api/v1/release-orders/:id/approve","status":409,"duration_ms":13}
{"request_id":"rcc-f4ab1c828c52af872a9259c9dff5b517","method":"GET","path":"/api/v1/release-orders/:id","status":200,"duration_ms":6}
2026/09/11 11:25:45 🐳 Stopping container: 65025d9f66d1
2026/09/11 11:25:46 ✅ Container stopped: 65025d9f66d1
2026/09/11 11:25:46 🐳 Terminating container: 65025d9f66d1
2026/09/11 11:25:46 🚫 Container terminated: 65025d9f66d1
--- PASS: TestTableApprovalQualificationChangesSerializeWithDecisions (10.63s)
    --- PASS: TestTableApprovalQualificationChangesSerializeWithDecisions/membership (0.16s)
    --- PASS: TestTableApprovalQualificationChangesSerializeWithDecisions/role-disabled (0.18s)
    --- PASS: TestTableApprovalQualificationChangesSerializeWithDecisions/account-disabled (0.78s)
    --- PASS: TestTableApprovalQualificationChangesSerializeWithDecisions/admin-revoked (0.16s)
FAIL
FAIL	github.com/asherzj/relational-config-center/admin/cmd/admin	357.084s
FAIL
