
> @relational-config-center/web@0.0.0 test:run /private/tmp/rcc-template-notification-integration/web
> vitest run src/api/release-orders.test.ts src/test/UnsavedChanges.test.tsx src/features/managed-data/ManagedDataMutationPage.test.tsx src/features/table-policies/TableReleaseTemplatesDrawer.test.tsx src/features/notifications/NotificationsPage.test.tsx src/features/notifications/ApprovalNotifications.test.tsx src/features/release-templates/ReleaseTemplatesPage.test.tsx src/features/release-orders/ReleaseDiff.test.tsx src/features/release-orders/release-journal.test.ts src/features/release-orders/ReleaseOrdersPage.test.tsx


 RUN  v4.1.11 /private/tmp/rcc-template-notification-integration/web

 ❯ src/features/notifications/NotificationsPage.test.tsx (4 tests | 3 failed) 3753ms
   × 从后续页进入详情，加载与失败期间均能返回原视图和筛选页 1036ms
   × 四类视图和筛选写入 URL，分页沿用筛选且一张多表申请只显示一行 1023ms
   × 刷新失败保留已知列表并说明读取失败，重试成功后恢复结果 1015ms
 ❯ src/features/notifications/ApprovalNotifications.test.tsx (9 tests | 6 failed) 8120ms
   × 前台每 30 秒和返回时刷新，隐藏与会话中断停止受保护读取 1399ms
   × 详情只确认成功展示的通知进度，已读失败不阻断阅读且仅手动重试原进度 1023ms
   × 已读失败后刷新同一详情不会自动重试，成功读取新进度才确认新的序号 1016ms
   × 从详情完成审批动作后立即读取真实待审批数，不等待下一次轮询 1011ms
   × 详情在后台标签加载完成时不标记已读，返回前台实际展示后才确认 1009ms
   × 返回列表后才完成的已读确认仍更新当前账号计数和列表 1009ms

⎯⎯⎯⎯⎯⎯⎯ Failed Tests 9 ⎯⎯⎯⎯⎯⎯⎯

 FAIL  src/features/notifications/ApprovalNotifications.test.tsx > 前台每 30 秒和返回时刷新，隐藏与会话中断停止受保护读取
TestingLibraryElementError: Unable to find role="link" and name "查看详情：计时刷新后的申请"

Ignored nodes: comments, script, style
[36m<body>[39m
  [36m<div>[39m
    [36m<div[39m
      [33maria-hidden[39m=[32m"false"[39m
      [33mclass[39m=[32m"protected-workspace"[39m
      [33mdata-session-status[39m=[32m"ready"[39m
    [36m>[39m
      [36m<div[39m
        [33mclass[39m=[32m"app-shell"[39m
      [36m>[39m
        [36m<header[39m
          [33mclass[39m=[32m"app-header"[39m
        [36m>[39m
          [36m<div[39m
            [33mclass[39m=[32m"brand"[39m
          [36m>[39m
            [36m<button[39m
              [33maria-controls[39m=[32m"primary-navigation"[39m
              [33maria-expanded[39m=[32m"false"[39m
              [33maria-label[39m=[32m"打开导航"[39m
              [33mclass[39m=[32m"inline-flex items-center justify-center gap-2 rounded-md text-sm font-medium whitespace-nowrap transition-all outline-none focus-visible:border-ring focus-visible:ring-[3px] focus-visible:ring-ring/50 disabled:pointer-events-none disabled:opacity-50 aria-invalid:border-destructive aria-invalid:ring-destructive/20 dark:aria-invalid:ring-destructive/40 [&_svg]:pointer-events-none [&_svg]:shrink-0 [&_svg:not([class*='size-'])]:size-4 hover:bg-accent hover:text-accent-foreground dark:hover:bg-accent/50 has-[>svg]:px-3 button size-9 shrink-0 p-0 icon-button mobile-menu"[39m
              [33mdata-size[39m=[32m"default"[39m
              [33mdata-slot[39m=[32m"button"[39m
              [33mdata-variant[39m=[32m"ghost"[39m
            [36m>[39m
              [36m<svg[39m
                [33maria-hidden[39m=[32m"true"[39m
                [33mclass[39m=[32m"lucide lucide-menu"[39m
                [33mfill[39m=[32m"none"[39m
                [33mheight[39m=[32m"20"[39m
                [33mstroke[39m=[32m"currentColor"[39m
                [33mstroke-linecap[39m=[32m"round"[39m
                [33mstroke-linejoin[39m=[32m"round"[39m
                [33mstroke-width[39m=[32m"2"[39m
                [33mviewBox[39m=[32m"0 0 24 24"[39m
                [33mwidth[39m=[32m"20"[39m
                [33mxmlns[39m=[32m"http://www.w3.org/2000/svg"[39m
              [36m>[39m
                [36m<path[39m
                  [33md[39m=[32m"M4 5h16"[39m
                [36m/>[39m
                [36m<path[39m
                  [33md[39m=[32m"M4 12h16"[39m
                [36m/>[39m
                [36m<path[39m
                  [33md[39m=[32m"M4 19h16"[39m
                [36m/>[39m
              [36m</svg>[39m
            [36m</button>[39m
            [36m<span[39m
              [33mclass[39m=[32m"brand-mark"[39m
            [36m>[39m
              [36m<svg[39m
                [33maria-hidden[39m=[32m"true"[39m
                [33mclass[39m=[32m"lucide lucide-database"[39m
                [33mfill[39m=[32m"none"[39m
                [33mheight[39m=[32m"20"[39m
                [33mstroke[39m=[32m"currentColor"[39m
                [33mstroke-linecap[39m=[32m"round"[39m
                [33mstroke-linejoin[39m=[32m"round"[39m
                [33mstroke-width[39m=[32m"1.8"[39m
                [33mviewBox[39m=[32m"0 0 24 24"[39m
                [33mwidth[39m=[32m"20"[39m
                [33mxmlns[39m=[32m"http://www.w3.org/2000/svg"[39m
              [36m>[39m
                [36m<ellipse[39m
                  [33mcx[39m=[32m"12"[39m
                  [33mcy[39m=[32m"5"[39m
                  [33mrx[39m=[32m"9"[39m
                  [33mry[39m=[32m"3"[39m
                [36m/>[39m
                [36m<path[39m
                  [33md[39m=[32m"M3 5V19A9 3 0 0 0 21 19V5"[39m
                [36m/>[39m
                [36m<path[39m
                  [33md[39m=[32m"M3 12A9 3 0 0 0 21 12"[39m
                [36m/>[39m
              [36m</svg>[39m
            [36m</span>[39m
            [36m<strong>[39m
              [0m关系型配置中心[0m
            [36m</strong>[39m
          [36m</div>[39m
          [36m<div[39m
            [33mclass[39m=[32m"header-breadcrumb"[39m
          [36m>[39m
            [36m<span>[39m
              [0m工作空间[0m
            [36m</span>[39m
            [36m<svg[39m
              [33maria-hidden[39m=[32m"true"[39m
              [33mclass[39m=[32m"lucide lucide-chevron-right"[39m
              [33mfill[39m=[32m"none"[39m
              [33mheight[39m=[32m"14"[39m
              [33mstroke[39m=[32m"currentColor"[39m
              [33mstroke-linecap[39m=[32m"round"[39m
              [33mstroke-linejoin[39m=[32m"round"[39m
              [33mstroke-width[39m=[32m"2"[39m
              [33mviewBox[39m=[32m"0 0 24 24"[39m
              [33mwidth[39m=[32m"14"[39m
              [33mxmlns[39m=[32m"http://www.w3.org/2000/svg"[39m
            [36m>[39m
              [36m<path[39m
                [33md[39m=[32m"m9 18 6-6-6-6"[39m
              [36m/>[39m
            [36m</svg>[39m
            [36m<strong>[39m
              [0m配置管理[0m
            [36m</strong>[39m
          [36m</div>[39m
          [36m<span[39m
            [33mclass[39m=[32m"inline-flex w-fit shrink-0 items-center justify-center gap-1 overflow-hidden rounded-full border px-2 py-0.5 text-xs font-medium whitespace-nowrap transition-[color,box-shadow] focus-visible:border-ring focus-visible:ring-[3px] focus-visible:ring-ring/50 aria-invalid:border-destructive aria-invalid:ring-destructive/20 dark:aria-invalid:ring-destructive/40 [&>svg]:pointer-events-none [&>svg]:size-3 border-border text-foreground [a&]:hover:bg-accent [a&]:hover:text-accent-foreground header-status"[39m
            [33mdata-slot[39m=[32m"badge"[39m
            [33mdata-variant[39m=[32m"outline"[39m
          [36m>[39m
            [36m<svg[39m
              [33maria-hidden[39m=[32m"true"[39m
              [33mclass[39m=[32m"lucide lucide-database"[39m
              [33mfill[39m=[32m"none"[39m
              [33mheight[39m=[32m"14"[39m
              [33mstroke[39m=[32m"currentColor"[39m
              [33mstroke-linecap[39m=[32m"round"[39m
              [33mstroke-linejoin[39m=[32m"round"[39m
              [33mstroke-width[39m=[32m"2"[39m
              [33mviewBox[39m=[32m"0 0 24 24"[39m
              [33mwidth[39m=[32m"14"[39m
              [33mxmlns[39m=[32m"http://www.w3.org/2000/svg"[39m
            [36m>[39m
              [36m<ellipse[39m
                [33mcx[39m=[32m"12"[39m
                [33mcy[39m=[32m"5"[39m
                [33mrx[39m=[32m"9"[39m
                [33mry[39m=[32m"3"[39m
              [36m/>[39m
              [36m<path[39m
                [33md[39m=[32m"M3 5V19A9 3 0 0 0 21 19V5"[39m
              [36m/>[39m
              [36m<path[39m
                [33md[39m=[32m"M3 12A9 3 0 0 0 21 12"[39m
              [36m/>[39m
            [36m</svg>[39m
          ...

Ignored nodes: comments, script, style
[36m<body>[39m
  [36m<div>[39m
    [36m<div[39m
      [33maria-hidden[39m=[32m"false"[39m
      [33mclass[39m=[32m"protected-workspace"[39m
      [33mdata-session-status[39m=[32m"ready"[39m
    [36m>[39m
      [36m<div[39m
        [33mclass[39m=[32m"app-shell"[39m
      [36m>[39m
        [36m<header[39m
          [33mclass[39m=[32m"app-header"[39m
        [36m>[39m
          [36m<div[39m
            [33mclass[39m=[32m"brand"[39m
          [36m>[39m
            [36m<button[39m
              [33maria-controls[39m=[32m"primary-navigation"[39m
              [33maria-expanded[39m=[32m"false"[39m
              [33maria-label[39m=[32m"打开导航"[39m
              [33mclass[39m=[32m"inline-flex items-center justify-center gap-2 rounded-md text-sm font-medium whitespace-nowrap transition-all outline-none focus-visible:border-ring focus-visible:ring-[3px] focus-visible:ring-ring/50 disabled:pointer-events-none disabled:opacity-50 aria-invalid:border-destructive aria-invalid:ring-destructive/20 dark:aria-invalid:ring-destructive/40 [&_svg]:pointer-events-none [&_svg]:shrink-0 [&_svg:not([class*='size-'])]:size-4 hover:bg-accent hover:text-accent-foreground dark:hover:bg-accent/50 has-[>svg]:px-3 button size-9 shrink-0 p-0 icon-button mobile-menu"[39m
              [33mdata-size[39m=[32m"default"[39m
              [33mdata-slot[39m=[32m"button"[39m
              [33mdata-variant[39m=[32m"ghost"[39m
            [36m>[39m
              [36m<svg[39m
                [33maria-hidden[39m=[32m"true"[39m
                [33mclass[39m=[32m"lucide lucide-menu"[39m
                [33mfill[39m=[32m"none"[39m
                [33mheight[39m=[32m"20"[39m
                [33mstroke[39m=[32m"currentColor"[39m
                [33mstroke-linecap[39m=[32m"round"[39m
                [33mstroke-linejoin[39m=[32m"round"[39m
                [33mstroke-width[39m=[32m"2"[39m
                [33mviewBox[39m=[32m"0 0 24 24"[39m
                [33mwidth[39m=[32m"20"[39m
                [33mxmlns[39m=[32m"http://www.w3.org/2000/svg"[39m
              [36m>[39m
                [36m<path[39m
                  [33md[39m=[32m"M4 5h16"[39m
                [36m/>[39m
                [36m<path[39m
                  [33md[39m=[32m"M4 12h16"[39m
                [36m/>[39m
                [36m<path[39m
                  [33md[39m=[32m"M4 19h16"[39m
                [36m/>[39m
              [36m</svg>[39m
            [36m</button>[39m
            [36m<span[39m
              [33mclass[39m=[32m"brand-mark"[39m
            [36m>[39m
              [36m<svg[39m
                [33maria-hidden[39m=[32m"true"[39m
                [33mclass[39m=[32m"lucide lucide-database"[39m
                [33mfill[39m=[32m"none"[39m
                [33mheight[39m=[32m"20"[39m
                [33mstroke[39m=[32m"currentColor"[39m
                [33mstroke-linecap[39m=[32m"round"[39m
                [33mstroke-linejoin[39m=[32m"round"[39m
                [33mstroke-width[39m=[32m"1.8"[39m
                [33mviewBox[39m=[32m"0 0 24 24"[39m
                [33mwidth[39m=[32m"20"[39m
                [33mxmlns[39m=[32m"http://www.w3.org/2000/svg"[39m
              [36m>[39m
                [36m<ellipse[39m
                  [33mcx[39m=[32m"12"[39m
                  [33mcy[39m=[32m"5"[39m
                  [33mrx[39m=[32m"9"[39m
                  [33mry[39m=[32m"3"[39m
                [36m/>[39m
                [36m<path[39m
                  [33md[39m=[32m"M3 5V19A9 3 0 0 0 21 19V5"[39m
                [36m/>[39m
                [36m<path[39m
                  [33md[39m=[32m"M3 12A9 3 0 0 0 21 12"[39m
                [36m/>[39m
              [36m</svg>[39m
            [36m</span>[39m
            [36m<strong>[39m
              [0m关系型配置中心[0m
            [36m</strong>[39m
          [36m</div>[39m
          [36m<div[39m
            [33mclass[39m=[32m"header-breadcrumb"[39m
          [36m>[39m
            [36m<span>[39m
              [0m工作空间[0m
            [36m</span>[39m
            [36m<svg[39m
              [33maria-hidden[39m=[32m"true"[39m
              [33mclass[39m=[32m"lucide lucide-chevron-right"[39m
              [33mfill[39m=[32m"none"[39m
              [33mheight[39m=[32m"14"[39m
              [33mstroke[39m=[32m"currentColor"[39m
              [33mstroke-linecap[39m=[32m"round"[39m
              [33mstroke-linejoin[39m=[32m"round"[39m
              [33mstroke-width[39m=[32m"2"[39m
              [33mviewBox[39m=[32m"0 0 24 24"[39m
              [33mwidth[39m=[32m"14"[39m
              [33mxmlns[39m=[32m"http://www.w3.org/2000/svg"[39m
            [36m>[39m
              [36m<path[39m
                [33md[39m=[32m"m9 18 6-6-6-6"[39m
              [36m/>[39m
            [36m</svg>[39m
            [36m<strong>[39m
              [0m配置管理[0m
            [36m</strong>[39m
          [36m</div>[39m
          [36m<span[39m
            [33mclass[39m=[32m"inline-flex w-fit shrink-0 items-center justify-center gap-1 overflow-hidden rounded-full border px-2 py-0.5 text-xs font-medium whitespace-nowrap transition-[color,box-shadow] focus-visible:border-ring focus-visible:ring-[3px] focus-visible:ring-ring/50 aria-invalid:border-destructive aria-invalid:ring-destructive/20 dark:aria-invalid:ring-destructive/40 [&>svg]:pointer-events-none [&>svg]:size-3 border-border text-foreground [a&]:hover:bg-accent [a&]:hover:text-accent-foreground header-status"[39m
            [33mdata-slot[39m=[32m"badge"[39m
            [33mdata-variant[39m=[32m"outline"[39m
          [36m>[39m
            [36m<svg[39m
              [33maria-hidden[39m=[32m"true"[39m
              [33mclass[39m=[32m"lucide lucide-database"[39m
              [33mfill[39m=[32m"none"[39m
              [33mheight[39m=[32m"14"[39m
              [33mstroke[39m=[32m"currentColor"[39m
              [33mstroke-linecap[39m=[32m"round"[39m
              [33mstroke-linejoin[39m=[32m"round"[39m
              [33mstroke-width[39m=[32m"2"[39m
              [33mviewBox[39m=[32m"0 0 24 24"[39m
              [33mwidth[39m=[32m"14"[39m
              [33mxmlns[39m=[32m"http://www.w3.org/2000/svg"[39m
            [36m>[39m
              [36m<ellipse[39m
                [33mcx[39m=[32m"12"[39m
                [33mcy[39m=[32m"5"[39m
                [33mrx[39m=[32m"9"[39m
                [33mry[39m=[32m"3"[39m
              [36m/>[39m
              [36m<path[39m
                [33md[39m=[32m"M3 5V19A9 3 0 0 0 21 19V5"[39m
              [36m/>[39m
              [36m<path[39m
                [33md[39m=[32m"M3 12A9 3 0 0 0 21 12"[39m
              [36m/>[39m
            [36m</svg>[39m
          ...
 ❯ waitForWrapper ../../rcc-issue-103-release-instances/web/node_modules/.pnpm/@testing-library+dom@10.4.1/node_modules/@testing-library/dom/dist/wait-for.js:163:27
 ❯ ../../rcc-issue-103-release-instances/web/node_modules/.pnpm/@testing-library+dom@10.4.1/node_modules/@testing-library/dom/dist/query-helpers.js:86:33
 ❯ src/features/notifications/ApprovalNotifications.test.tsx:59:16
     57|   await act(async () => vi.advanceTimersByTimeAsync(1));
     58|   await screen.findByRole("link", { name: "个人未读 2" });
     59|   await screen.findByRole("link", { name: "查看详情：计时刷新后的申请" });
       |                ^
     60|   vi.spyOn(document, "visibilityState", "get").mockReturnValue("hidden…
     61|   fireEvent(document, new Event("visibilitychange"));

⎯⎯⎯⎯⎯⎯⎯⎯⎯⎯⎯⎯⎯⎯⎯⎯⎯⎯⎯⎯⎯⎯⎯⎯[1/9]⎯

 FAIL  src/features/notifications/ApprovalNotifications.test.tsx > 详情只确认成功展示的通知进度，已读失败不阻断阅读且仅手动重试原进度
TestingLibraryElementError: Unable to find role="heading" and name "已展示的审批进展"

Ignored nodes: comments, script, style
[36m<body>[39m
  [36m<div>[39m
    [36m<div[39m
      [33maria-hidden[39m=[32m"false"[39m
      [33mclass[39m=[32m"protected-workspace"[39m
      [33mdata-session-status[39m=[32m"ready"[39m
    [36m>[39m
      [36m<div[39m
        [33mclass[39m=[32m"app-shell"[39m
      [36m>[39m
        [36m<header[39m
          [33mclass[39m=[32m"app-header"[39m
        [36m>[39m
          [36m<div[39m
            [33mclass[39m=[32m"brand"[39m
          [36m>[39m
            [36m<button[39m
              [33maria-controls[39m=[32m"primary-navigation"[39m
              [33maria-expanded[39m=[32m"false"[39m
              [33maria-label[39m=[32m"打开导航"[39m
              [33mclass[39m=[32m"inline-flex items-center justify-center gap-2 rounded-md text-sm font-medium whitespace-nowrap transition-all outline-none focus-visible:border-ring focus-visible:ring-[3px] focus-visible:ring-ring/50 disabled:pointer-events-none disabled:opacity-50 aria-invalid:border-destructive aria-invalid:ring-destructive/20 dark:aria-invalid:ring-destructive/40 [&_svg]:pointer-events-none [&_svg]:shrink-0 [&_svg:not([class*='size-'])]:size-4 hover:bg-accent hover:text-accent-foreground dark:hover:bg-accent/50 has-[>svg]:px-3 button size-9 shrink-0 p-0 icon-button mobile-menu"[39m
              [33mdata-size[39m=[32m"default"[39m
              [33mdata-slot[39m=[32m"button"[39m
              [33mdata-variant[39m=[32m"ghost"[39m
            [36m>[39m
              [36m<svg[39m
                [33maria-hidden[39m=[32m"true"[39m
                [33mclass[39m=[32m"lucide lucide-menu"[39m
                [33mfill[39m=[32m"none"[39m
                [33mheight[39m=[32m"20"[39m
                [33mstroke[39m=[32m"currentColor"[39m
                [33mstroke-linecap[39m=[32m"round"[39m
                [33mstroke-linejoin[39m=[32m"round"[39m
                [33mstroke-width[39m=[32m"2"[39m
                [33mviewBox[39m=[32m"0 0 24 24"[39m
                [33mwidth[39m=[32m"20"[39m
                [33mxmlns[39m=[32m"http://www.w3.org/2000/svg"[39m
              [36m>[39m
                [36m<path[39m
                  [33md[39m=[32m"M4 5h16"[39m
                [36m/>[39m
                [36m<path[39m
                  [33md[39m=[32m"M4 12h16"[39m
                [36m/>[39m
                [36m<path[39m
                  [33md[39m=[32m"M4 19h16"[39m
                [36m/>[39m
              [36m</svg>[39m
            [36m</button>[39m
            [36m<span[39m
              [33mclass[39m=[32m"brand-mark"[39m
            [36m>[39m
              [36m<svg[39m
                [33maria-hidden[39m=[32m"true"[39m
                [33mclass[39m=[32m"lucide lucide-database"[39m
                [33mfill[39m=[32m"none"[39m
                [33mheight[39m=[32m"20"[39m
                [33mstroke[39m=[32m"currentColor"[39m
                [33mstroke-linecap[39m=[32m"round"[39m
                [33mstroke-linejoin[39m=[32m"round"[39m
                [33mstroke-width[39m=[32m"1.8"[39m
                [33mviewBox[39m=[32m"0 0 24 24"[39m
                [33mwidth[39m=[32m"20"[39m
                [33mxmlns[39m=[32m"http://www.w3.org/2000/svg"[39m
              [36m>[39m
                [36m<ellipse[39m
                  [33mcx[39m=[32m"12"[39m
                  [33mcy[39m=[32m"5"[39m
                  [33mrx[39m=[32m"9"[39m
                  [33mry[39m=[32m"3"[39m
                [36m/>[39m
                [36m<path[39m
                  [33md[39m=[32m"M3 5V19A9 3 0 0 0 21 19V5"[39m
                [36m/>[39m
                [36m<path[39m
                  [33md[39m=[32m"M3 12A9 3 0 0 0 21 12"[39m
                [36m/>[39m
              [36m</svg>[39m
            [36m</span>[39m
            [36m<strong>[39m
              [0m关系型配置中心[0m
            [36m</strong>[39m
          [36m</div>[39m
          [36m<div[39m
            [33mclass[39m=[32m"header-breadcrumb"[39m
          [36m>[39m
            [36m<span>[39m
              [0m工作空间[0m
            [36m</span>[39m
            [36m<svg[39m
              [33maria-hidden[39m=[32m"true"[39m
              [33mclass[39m=[32m"lucide lucide-chevron-right"[39m
              [33mfill[39m=[32m"none"[39m
              [33mheight[39m=[32m"14"[39m
              [33mstroke[39m=[32m"currentColor"[39m
              [33mstroke-linecap[39m=[32m"round"[39m
              [33mstroke-linejoin[39m=[32m"round"[39m
              [33mstroke-width[39m=[32m"2"[39m
              [33mviewBox[39m=[32m"0 0 24 24"[39m
              [33mwidth[39m=[32m"14"[39m
              [33mxmlns[39m=[32m"http://www.w3.org/2000/svg"[39m
            [36m>[39m
              [36m<path[39m
                [33md[39m=[32m"m9 18 6-6-6-6"[39m
              [36m/>[39m
            [36m</svg>[39m
            [36m<strong>[39m
              [0m配置管理[0m
            [36m</strong>[39m
          [36m</div>[39m
          [36m<span[39m
            [33mclass[39m=[32m"inline-flex w-fit shrink-0 items-center justify-center gap-1 overflow-hidden rounded-full border px-2 py-0.5 text-xs font-medium whitespace-nowrap transition-[color,box-shadow] focus-visible:border-ring focus-visible:ring-[3px] focus-visible:ring-ring/50 aria-invalid:border-destructive aria-invalid:ring-destructive/20 dark:aria-invalid:ring-destructive/40 [&>svg]:pointer-events-none [&>svg]:size-3 border-border text-foreground [a&]:hover:bg-accent [a&]:hover:text-accent-foreground header-status"[39m
            [33mdata-slot[39m=[32m"badge"[39m
            [33mdata-variant[39m=[32m"outline"[39m
          [36m>[39m
            [36m<svg[39m
              [33maria-hidden[39m=[32m"true"[39m
              [33mclass[39m=[32m"lucide lucide-database"[39m
              [33mfill[39m=[32m"none"[39m
              [33mheight[39m=[32m"14"[39m
              [33mstroke[39m=[32m"currentColor"[39m
              [33mstroke-linecap[39m=[32m"round"[39m
              [33mstroke-linejoin[39m=[32m"round"[39m
              [33mstroke-width[39m=[32m"2"[39m
              [33mviewBox[39m=[32m"0 0 24 24"[39m
              [33mwidth[39m=[32m"14"[39m
              [33mxmlns[39m=[32m"http://www.w3.org/2000/svg"[39m
            [36m>[39m
              [36m<ellipse[39m
                [33mcx[39m=[32m"12"[39m
                [33mcy[39m=[32m"5"[39m
                [33mrx[39m=[32m"9"[39m
                [33mry[39m=[32m"3"[39m
              [36m/>[39m
              [36m<path[39m
                [33md[39m=[32m"M3 5V19A9 3 0 0 0 21 19V5"[39m
              [36m/>[39m
              [36m<path[39m
                [33md[39m=[32m"M3 12A9 3 0 0 0 21 12"[39m
              [36m/>[39m
            [36m</svg>[39m
          ...

Ignored nodes: comments, script, style
[36m<body>[39m
  [36m<div>[39m
    [36m<div[39m
      [33maria-hidden[39m=[32m"false"[39m
      [33mclass[39m=[32m"protected-workspace"[39m
      [33mdata-session-status[39m=[32m"ready"[39m
    [36m>[39m
      [36m<div[39m
        [33mclass[39m=[32m"app-shell"[39m
      [36m>[39m
        [36m<header[39m
          [33mclass[39m=[32m"app-header"[39m
        [36m>[39m
          [36m<div[39m
            [33mclass[39m=[32m"brand"[39m
          [36m>[39m
            [36m<button[39m
              [33maria-controls[39m=[32m"primary-navigation"[39m
              [33maria-expanded[39m=[32m"false"[39m
              [33maria-label[39m=[32m"打开导航"[39m
              [33mclass[39m=[32m"inline-flex items-center justify-center gap-2 rounded-md text-sm font-medium whitespace-nowrap transition-all outline-none focus-visible:border-ring focus-visible:ring-[3px] focus-visible:ring-ring/50 disabled:pointer-events-none disabled:opacity-50 aria-invalid:border-destructive aria-invalid:ring-destructive/20 dark:aria-invalid:ring-destructive/40 [&_svg]:pointer-events-none [&_svg]:shrink-0 [&_svg:not([class*='size-'])]:size-4 hover:bg-accent hover:text-accent-foreground dark:hover:bg-accent/50 has-[>svg]:px-3 button size-9 shrink-0 p-0 icon-button mobile-menu"[39m
              [33mdata-size[39m=[32m"default"[39m
              [33mdata-slot[39m=[32m"button"[39m
              [33mdata-variant[39m=[32m"ghost"[39m
            [36m>[39m
              [36m<svg[39m
                [33maria-hidden[39m=[32m"true"[39m
                [33mclass[39m=[32m"lucide lucide-menu"[39m
                [33mfill[39m=[32m"none"[39m
                [33mheight[39m=[32m"20"[39m
                [33mstroke[39m=[32m"currentColor"[39m
                [33mstroke-linecap[39m=[32m"round"[39m
                [33mstroke-linejoin[39m=[32m"round"[39m
                [33mstroke-width[39m=[32m"2"[39m
                [33mviewBox[39m=[32m"0 0 24 24"[39m
                [33mwidth[39m=[32m"20"[39m
                [33mxmlns[39m=[32m"http://www.w3.org/2000/svg"[39m
              [36m>[39m
                [36m<path[39m
                  [33md[39m=[32m"M4 5h16"[39m
                [36m/>[39m
                [36m<path[39m
                  [33md[39m=[32m"M4 12h16"[39m
                [36m/>[39m
                [36m<path[39m
                  [33md[39m=[32m"M4 19h16"[39m
                [36m/>[39m
              [36m</svg>[39m
            [36m</button>[39m
            [36m<span[39m
              [33mclass[39m=[32m"brand-mark"[39m
            [36m>[39m
              [36m<svg[39m
                [33maria-hidden[39m=[32m"true"[39m
                [33mclass[39m=[32m"lucide lucide-database"[39m
                [33mfill[39m=[32m"none"[39m
                [33mheight[39m=[32m"20"[39m
                [33mstroke[39m=[32m"currentColor"[39m
                [33mstroke-linecap[39m=[32m"round"[39m
                [33mstroke-linejoin[39m=[32m"round"[39m
                [33mstroke-width[39m=[32m"1.8"[39m
                [33mviewBox[39m=[32m"0 0 24 24"[39m
                [33mwidth[39m=[32m"20"[39m
                [33mxmlns[39m=[32m"http://www.w3.org/2000/svg"[39m
              [36m>[39m
                [36m<ellipse[39m
                  [33mcx[39m=[32m"12"[39m
                  [33mcy[39m=[32m"5"[39m
                  [33mrx[39m=[32m"9"[39m
                  [33mry[39m=[32m"3"[39m
                [36m/>[39m
                [36m<path[39m
                  [33md[39m=[32m"M3 5V19A9 3 0 0 0 21 19V5"[39m
                [36m/>[39m
                [36m<path[39m
                  [33md[39m=[32m"M3 12A9 3 0 0 0 21 12"[39m
                [36m/>[39m
              [36m</svg>[39m
            [36m</span>[39m
            [36m<strong>[39m
              [0m关系型配置中心[0m
            [36m</strong>[39m
          [36m</div>[39m
          [36m<div[39m
            [33mclass[39m=[32m"header-breadcrumb"[39m
          [36m>[39m
            [36m<span>[39m
              [0m工作空间[0m
            [36m</span>[39m
            [36m<svg[39m
              [33maria-hidden[39m=[32m"true"[39m
              [33mclass[39m=[32m"lucide lucide-chevron-right"[39m
              [33mfill[39m=[32m"none"[39m
              [33mheight[39m=[32m"14"[39m
              [33mstroke[39m=[32m"currentColor"[39m
              [33mstroke-linecap[39m=[32m"round"[39m
              [33mstroke-linejoin[39m=[32m"round"[39m
              [33mstroke-width[39m=[32m"2"[39m
              [33mviewBox[39m=[32m"0 0 24 24"[39m
              [33mwidth[39m=[32m"14"[39m
              [33mxmlns[39m=[32m"http://www.w3.org/2000/svg"[39m
            [36m>[39m
              [36m<path[39m
                [33md[39m=[32m"m9 18 6-6-6-6"[39m
              [36m/>[39m
            [36m</svg>[39m
            [36m<strong>[39m
              [0m配置管理[0m
            [36m</strong>[39m
          [36m</div>[39m
          [36m<span[39m
            [33mclass[39m=[32m"inline-flex w-fit shrink-0 items-center justify-center gap-1 overflow-hidden rounded-full border px-2 py-0.5 text-xs font-medium whitespace-nowrap transition-[color,box-shadow] focus-visible:border-ring focus-visible:ring-[3px] focus-visible:ring-ring/50 aria-invalid:border-destructive aria-invalid:ring-destructive/20 dark:aria-invalid:ring-destructive/40 [&>svg]:pointer-events-none [&>svg]:size-3 border-border text-foreground [a&]:hover:bg-accent [a&]:hover:text-accent-foreground header-status"[39m
            [33mdata-slot[39m=[32m"badge"[39m
            [33mdata-variant[39m=[32m"outline"[39m
          [36m>[39m
            [36m<svg[39m
              [33maria-hidden[39m=[32m"true"[39m
              [33mclass[39m=[32m"lucide lucide-database"[39m
              [33mfill[39m=[32m"none"[39m
              [33mheight[39m=[32m"14"[39m
              [33mstroke[39m=[32m"currentColor"[39m
              [33mstroke-linecap[39m=[32m"round"[39m
              [33mstroke-linejoin[39m=[32m"round"[39m
              [33mstroke-width[39m=[32m"2"[39m
              [33mviewBox[39m=[32m"0 0 24 24"[39m
              [33mwidth[39m=[32m"14"[39m
              [33mxmlns[39m=[32m"http://www.w3.org/2000/svg"[39m
            [36m>[39m
              [36m<ellipse[39m
                [33mcx[39m=[32m"12"[39m
                [33mcy[39m=[32m"5"[39m
                [33mrx[39m=[32m"9"[39m
                [33mry[39m=[32m"3"[39m
              [36m/>[39m
              [36m<path[39m
                [33md[39m=[32m"M3 5V19A9 3 0 0 0 21 19V5"[39m
              [36m/>[39m
              [36m<path[39m
                [33md[39m=[32m"M3 12A9 3 0 0 0 21 12"[39m
              [36m/>[39m
            [36m</svg>[39m
          ...
 ❯ waitForWrapper ../../rcc-issue-103-release-instances/web/node_modules/.pnpm/@testing-library+dom@10.4.1/node_modules/@testing-library/dom/dist/wait-for.js:163:27
 ❯ ../../rcc-issue-103-release-instances/web/node_modules/.pnpm/@testing-library+dom@10.4.1/node_modules/@testing-library/dom/dist/query-helpers.js:86:33
 ❯ src/features/notifications/ApprovalNotifications.test.tsx:102:23
    100|   }));
    101|   const user = userEvent.setup(); mount(`/configuration/notifications/…
    102|   expect(await screen.findByRole("heading", { name: header.title })).t…
       |                       ^
    103|   expect(await screen.findByText("标记已读失败，未读提醒已保留；详情仍可继续查看。")).toBeVisi…
    104|   expect(screen.getByRole("alert")).toHaveTextContent("read-failure");

⎯⎯⎯⎯⎯⎯⎯⎯⎯⎯⎯⎯⎯⎯⎯⎯⎯⎯⎯⎯⎯⎯⎯⎯[2/9]⎯

 FAIL  src/features/notifications/ApprovalNotifications.test.tsx > 已读失败后刷新同一详情不会自动重试，成功读取新进度才确认新的序号
TestingLibraryElementError: Unable to find an element with the text: 标记已读失败，未读提醒已保留；详情仍可继续查看。. This could be because the text is broken up by multiple elements. In this case, you can provide a function for your text matcher to make your matcher more flexible.

Ignored nodes: comments, script, style
[36m<body>[39m
  [36m<div>[39m
    [36m<div[39m
      [33maria-hidden[39m=[32m"false"[39m
      [33mclass[39m=[32m"protected-workspace"[39m
      [33mdata-session-status[39m=[32m"ready"[39m
    [36m>[39m
      [36m<div[39m
        [33mclass[39m=[32m"app-shell"[39m
      [36m>[39m
        [36m<header[39m
          [33mclass[39m=[32m"app-header"[39m
        [36m>[39m
          [36m<div[39m
            [33mclass[39m=[32m"brand"[39m
          [36m>[39m
            [36m<button[39m
              [33maria-controls[39m=[32m"primary-navigation"[39m
              [33maria-expanded[39m=[32m"false"[39m
              [33maria-label[39m=[32m"打开导航"[39m
              [33mclass[39m=[32m"inline-flex items-center justify-center gap-2 rounded-md text-sm font-medium whitespace-nowrap transition-all outline-none focus-visible:border-ring focus-visible:ring-[3px] focus-visible:ring-ring/50 disabled:pointer-events-none disabled:opacity-50 aria-invalid:border-destructive aria-invalid:ring-destructive/20 dark:aria-invalid:ring-destructive/40 [&_svg]:pointer-events-none [&_svg]:shrink-0 [&_svg:not([class*='size-'])]:size-4 hover:bg-accent hover:text-accent-foreground dark:hover:bg-accent/50 has-[>svg]:px-3 button size-9 shrink-0 p-0 icon-button mobile-menu"[39m
              [33mdata-size[39m=[32m"default"[39m
              [33mdata-slot[39m=[32m"button"[39m
              [33mdata-variant[39m=[32m"ghost"[39m
            [36m>[39m
              [36m<svg[39m
                [33maria-hidden[39m=[32m"true"[39m
                [33mclass[39m=[32m"lucide lucide-menu"[39m
                [33mfill[39m=[32m"none"[39m
                [33mheight[39m=[32m"20"[39m
                [33mstroke[39m=[32m"currentColor"[39m
                [33mstroke-linecap[39m=[32m"round"[39m
                [33mstroke-linejoin[39m=[32m"round"[39m
                [33mstroke-width[39m=[32m"2"[39m
                [33mviewBox[39m=[32m"0 0 24 24"[39m
                [33mwidth[39m=[32m"20"[39m
                [33mxmlns[39m=[32m"http://www.w3.org/2000/svg"[39m
              [36m>[39m
                [36m<path[39m
                  [33md[39m=[32m"M4 5h16"[39m
                [36m/>[39m
                [36m<path[39m
                  [33md[39m=[32m"M4 12h16"[39m
                [36m/>[39m
                [36m<path[39m
                  [33md[39m=[32m"M4 19h16"[39m
                [36m/>[39m
              [36m</svg>[39m
            [36m</button>[39m
            [36m<span[39m
              [33mclass[39m=[32m"brand-mark"[39m
            [36m>[39m
              [36m<svg[39m
                [33maria-hidden[39m=[32m"true"[39m
                [33mclass[39m=[32m"lucide lucide-database"[39m
                [33mfill[39m=[32m"none"[39m
                [33mheight[39m=[32m"20"[39m
                [33mstroke[39m=[32m"currentColor"[39m
                [33mstroke-linecap[39m=[32m"round"[39m
                [33mstroke-linejoin[39m=[32m"round"[39m
                [33mstroke-width[39m=[32m"1.8"[39m
                [33mviewBox[39m=[32m"0 0 24 24"[39m
                [33mwidth[39m=[32m"20"[39m
                [33mxmlns[39m=[32m"http://www.w3.org/2000/svg"[39m
              [36m>[39m
                [36m<ellipse[39m
                  [33mcx[39m=[32m"12"[39m
                  [33mcy[39m=[32m"5"[39m
                  [33mrx[39m=[32m"9"[39m
                  [33mry[39m=[32m"3"[39m
                [36m/>[39m
                [36m<path[39m
                  [33md[39m=[32m"M3 5V19A9 3 0 0 0 21 19V5"[39m
                [36m/>[39m
                [36m<path[39m
                  [33md[39m=[32m"M3 12A9 3 0 0 0 21 12"[39m
                [36m/>[39m
              [36m</svg>[39m
            [36m</span>[39m
            [36m<strong>[39m
              [0m关系型配置中心[0m
            [36m</strong>[39m
          [36m</div>[39m
          [36m<div[39m
            [33mclass[39m=[32m"header-breadcrumb"[39m
          [36m>[39m
            [36m<span>[39m
              [0m工作空间[0m
            [36m</span>[39m
            [36m<svg[39m
              [33maria-hidden[39m=[32m"true"[39m
              [33mclass[39m=[32m"lucide lucide-chevron-right"[39m
              [33mfill[39m=[32m"none"[39m
              [33mheight[39m=[32m"14"[39m
              [33mstroke[39m=[32m"currentColor"[39m
              [33mstroke-linecap[39m=[32m"round"[39m
              [33mstroke-linejoin[39m=[32m"round"[39m
              [33mstroke-width[39m=[32m"2"[39m
              [33mviewBox[39m=[32m"0 0 24 24"[39m
              [33mwidth[39m=[32m"14"[39m
              [33mxmlns[39m=[32m"http://www.w3.org/2000/svg"[39m
            [36m>[39m
              [36m<path[39m
                [33md[39m=[32m"m9 18 6-6-6-6"[39m
              [36m/>[39m
            [36m</svg>[39m
            [36m<strong>[39m
              [0m配置管理[0m
            [36m</strong>[39m
          [36m</div>[39m
          [36m<span[39m
            [33mclass[39m=[32m"inline-flex w-fit shrink-0 items-center justify-center gap-1 overflow-hidden rounded-full border px-2 py-0.5 text-xs font-medium whitespace-nowrap transition-[color,box-shadow] focus-visible:border-ring focus-visible:ring-[3px] focus-visible:ring-ring/50 aria-invalid:border-destructive aria-invalid:ring-destructive/20 dark:aria-invalid:ring-destructive/40 [&>svg]:pointer-events-none [&>svg]:size-3 border-border text-foreground [a&]:hover:bg-accent [a&]:hover:text-accent-foreground header-status"[39m
            [33mdata-slot[39m=[32m"badge"[39m
            [33mdata-variant[39m=[32m"outline"[39m
          [36m>[39m
            [36m<svg[39m
              [33maria-hidden[39m=[32m"true"[39m
              [33mclass[39m=[32m"lucide lucide-database"[39m
              [33mfill[39m=[32m"none"[39m
              [33mheight[39m=[32m"14"[39m
              [33mstroke[39m=[32m"currentColor"[39m
              [33mstroke-linecap[39m=[32m"round"[39m
              [33mstroke-linejoin[39m=[32m"round"[39m
              [33mstroke-width[39m=[32m"2"[39m
              [33mviewBox[39m=[32m"0 0 24 24"[39m
              [33mwidth[39m=[32m"14"[39m
              [33mxmlns[39m=[32m"http://www.w3.org/2000/svg"[39m
            [36m>[39m
              [36m<ellipse[39m
                [33mcx[39m=[32m"12"[39m
                [33mcy[39m=[32m"5"[39m
                [33mrx[39m=[32m"9"[39m
                [33mry[39m=[32m"3"[39m
              [36m/>[39m
              [36m<path[39m
                [33md[39m=[32m"M3 5V19A9 3 0 0 0 21 19V5"[39m
              [36m/>[39m
              [36m<path[39m
                [33md[39m=[32m"M3 12A9 3 0 0 0 21 12"[39m
              [36m/>[39m
            [36m</svg>[39m
          ...

Ignored nodes: comments, script, style
[36m<body>[39m
  [36m<div>[39m
    [36m<div[39m
      [33maria-hidden[39m=[32m"false"[39m
      [33mclass[39m=[32m"protected-workspace"[39m
      [33mdata-session-status[39m=[32m"ready"[39m
    [36m>[39m
      [36m<div[39m
        [33mclass[39m=[32m"app-shell"[39m
      [36m>[39m
        [36m<header[39m
          [33mclass[39m=[32m"app-header"[39m
        [36m>[39m
          [36m<div[39m
            [33mclass[39m=[32m"brand"[39m
          [36m>[39m
            [36m<button[39m
              [33maria-controls[39m=[32m"primary-navigation"[39m
              [33maria-expanded[39m=[32m"false"[39m
              [33maria-label[39m=[32m"打开导航"[39m
              [33mclass[39m=[32m"inline-flex items-center justify-center gap-2 rounded-md text-sm font-medium whitespace-nowrap transition-all outline-none focus-visible:border-ring focus-visible:ring-[3px] focus-visible:ring-ring/50 disabled:pointer-events-none disabled:opacity-50 aria-invalid:border-destructive aria-invalid:ring-destructive/20 dark:aria-invalid:ring-destructive/40 [&_svg]:pointer-events-none [&_svg]:shrink-0 [&_svg:not([class*='size-'])]:size-4 hover:bg-accent hover:text-accent-foreground dark:hover:bg-accent/50 has-[>svg]:px-3 button size-9 shrink-0 p-0 icon-button mobile-menu"[39m
              [33mdata-size[39m=[32m"default"[39m
              [33mdata-slot[39m=[32m"button"[39m
              [33mdata-variant[39m=[32m"ghost"[39m
            [36m>[39m
              [36m<svg[39m
                [33maria-hidden[39m=[32m"true"[39m
                [33mclass[39m=[32m"lucide lucide-menu"[39m
                [33mfill[39m=[32m"none"[39m
                [33mheight[39m=[32m"20"[39m
                [33mstroke[39m=[32m"currentColor"[39m
                [33mstroke-linecap[39m=[32m"round"[39m
                [33mstroke-linejoin[39m=[32m"round"[39m
                [33mstroke-width[39m=[32m"2"[39m
                [33mviewBox[39m=[32m"0 0 24 24"[39m
                [33mwidth[39m=[32m"20"[39m
                [33mxmlns[39m=[32m"http://www.w3.org/2000/svg"[39m
              [36m>[39m
                [36m<path[39m
                  [33md[39m=[32m"M4 5h16"[39m
                [36m/>[39m
                [36m<path[39m
                  [33md[39m=[32m"M4 12h16"[39m
                [36m/>[39m
                [36m<path[39m
                  [33md[39m=[32m"M4 19h16"[39m
                [36m/>[39m
              [36m</svg>[39m
            [36m</button>[39m
            [36m<span[39m
              [33mclass[39m=[32m"brand-mark"[39m
            [36m>[39m
              [36m<svg[39m
                [33maria-hidden[39m=[32m"true"[39m
                [33mclass[39m=[32m"lucide lucide-database"[39m
                [33mfill[39m=[32m"none"[39m
                [33mheight[39m=[32m"20"[39m
                [33mstroke[39m=[32m"currentColor"[39m
                [33mstroke-linecap[39m=[32m"round"[39m
                [33mstroke-linejoin[39m=[32m"round"[39m
                [33mstroke-width[39m=[32m"1.8"[39m
                [33mviewBox[39m=[32m"0 0 24 24"[39m
                [33mwidth[39m=[32m"20"[39m
                [33mxmlns[39m=[32m"http://www.w3.org/2000/svg"[39m
              [36m>[39m
                [36m<ellipse[39m
                  [33mcx[39m=[32m"12"[39m
                  [33mcy[39m=[32m"5"[39m
                  [33mrx[39m=[32m"9"[39m
                  [33mry[39m=[32m"3"[39m
                [36m/>[39m
                [36m<path[39m
                  [33md[39m=[32m"M3 5V19A9 3 0 0 0 21 19V5"[39m
                [36m/>[39m
                [36m<path[39m
                  [33md[39m=[32m"M3 12A9 3 0 0 0 21 12"[39m
                [36m/>[39m
              [36m</svg>[39m
            [36m</span>[39m
            [36m<strong>[39m
              [0m关系型配置中心[0m
            [36m</strong>[39m
          [36m</div>[39m
          [36m<div[39m
            [33mclass[39m=[32m"header-breadcrumb"[39m
          [36m>[39m
            [36m<span>[39m
              [0m工作空间[0m
            [36m</span>[39m
            [36m<svg[39m
              [33maria-hidden[39m=[32m"true"[39m
              [33mclass[39m=[32m"lucide lucide-chevron-right"[39m
              [33mfill[39m=[32m"none"[39m
              [33mheight[39m=[32m"14"[39m
              [33mstroke[39m=[32m"currentColor"[39m
              [33mstroke-linecap[39m=[32m"round"[39m
              [33mstroke-linejoin[39m=[32m"round"[39m
              [33mstroke-width[39m=[32m"2"[39m
              [33mviewBox[39m=[32m"0 0 24 24"[39m
              [33mwidth[39m=[32m"14"[39m
              [33mxmlns[39m=[32m"http://www.w3.org/2000/svg"[39m
            [36m>[39m
              [36m<path[39m
                [33md[39m=[32m"m9 18 6-6-6-6"[39m
              [36m/>[39m
            [36m</svg>[39m
            [36m<strong>[39m
              [0m配置管理[0m
            [36m</strong>[39m
          [36m</div>[39m
          [36m<span[39m
            [33mclass[39m=[32m"inline-flex w-fit shrink-0 items-center justify-center gap-1 overflow-hidden rounded-full border px-2 py-0.5 text-xs font-medium whitespace-nowrap transition-[color,box-shadow] focus-visible:border-ring focus-visible:ring-[3px] focus-visible:ring-ring/50 aria-invalid:border-destructive aria-invalid:ring-destructive/20 dark:aria-invalid:ring-destructive/40 [&>svg]:pointer-events-none [&>svg]:size-3 border-border text-foreground [a&]:hover:bg-accent [a&]:hover:text-accent-foreground header-status"[39m
            [33mdata-slot[39m=[32m"badge"[39m
            [33mdata-variant[39m=[32m"outline"[39m
          [36m>[39m
            [36m<svg[39m
              [33maria-hidden[39m=[32m"true"[39m
              [33mclass[39m=[32m"lucide lucide-database"[39m
              [33mfill[39m=[32m"none"[39m
              [33mheight[39m=[32m"14"[39m
              [33mstroke[39m=[32m"currentColor"[39m
              [33mstroke-linecap[39m=[32m"round"[39m
              [33mstroke-linejoin[39m=[32m"round"[39m
              [33mstroke-width[39m=[32m"2"[39m
              [33mviewBox[39m=[32m"0 0 24 24"[39m
              [33mwidth[39m=[32m"14"[39m
              [33mxmlns[39m=[32m"http://www.w3.org/2000/svg"[39m
            [36m>[39m
              [36m<ellipse[39m
                [33mcx[39m=[32m"12"[39m
                [33mcy[39m=[32m"5"[39m
                [33mrx[39m=[32m"9"[39m
                [33mry[39m=[32m"3"[39m
              [36m/>[39m
              [36m<path[39m
                [33md[39m=[32m"M3 5V19A9 3 0 0 0 21 19V5"[39m
              [36m/>[39m
              [36m<path[39m
                [33md[39m=[32m"M3 12A9 3 0 0 0 21 12"[39m
              [36m/>[39m
            [36m</svg>[39m
          ...
 ❯ waitForWrapper ../../rcc-issue-103-release-instances/web/node_modules/.pnpm/@testing-library+dom@10.4.1/node_modules/@testing-library/dom/dist/wait-for.js:163:27
 ❯ ../../rcc-issue-103-release-instances/web/node_modules/.pnpm/@testing-library+dom@10.4.1/node_modules/@testing-library/dom/dist/query-helpers.js:86:33
 ❯ src/features/notifications/ApprovalNotifications.test.tsx:131:16
    129|   }));
    130|   const { client } = mount(`/configuration/release-orders/${header.id}…
    131|   await screen.findByText("标记已读失败，未读提醒已保留；详情仍可继续查看。");
       |                ^
    132|   act(() => { void client.invalidateQueries({ queryKey: ["release-orde…
    133|   await waitFor(() => expect(readCount).toBe(2));

⎯⎯⎯⎯⎯⎯⎯⎯⎯⎯⎯⎯⎯⎯⎯⎯⎯⎯⎯⎯⎯⎯⎯⎯[3/9]⎯

 FAIL  src/features/notifications/ApprovalNotifications.test.tsx > 从详情完成审批动作后立即读取真实待审批数，不等待下一次轮询
TestingLibraryElementError: Unable to find role="button" and name "取消发布单"

Ignored nodes: comments, script, style
[36m<body>[39m
  [36m<div>[39m
    [36m<div[39m
      [33maria-hidden[39m=[32m"false"[39m
      [33mclass[39m=[32m"protected-workspace"[39m
      [33mdata-session-status[39m=[32m"ready"[39m
    [36m>[39m
      [36m<div[39m
        [33mclass[39m=[32m"app-shell"[39m
      [36m>[39m
        [36m<header[39m
          [33mclass[39m=[32m"app-header"[39m
        [36m>[39m
          [36m<div[39m
            [33mclass[39m=[32m"brand"[39m
          [36m>[39m
            [36m<button[39m
              [33maria-controls[39m=[32m"primary-navigation"[39m
              [33maria-expanded[39m=[32m"false"[39m
              [33maria-label[39m=[32m"打开导航"[39m
              [33mclass[39m=[32m"inline-flex items-center justify-center gap-2 rounded-md text-sm font-medium whitespace-nowrap transition-all outline-none focus-visible:border-ring focus-visible:ring-[3px] focus-visible:ring-ring/50 disabled:pointer-events-none disabled:opacity-50 aria-invalid:border-destructive aria-invalid:ring-destructive/20 dark:aria-invalid:ring-destructive/40 [&_svg]:pointer-events-none [&_svg]:shrink-0 [&_svg:not([class*='size-'])]:size-4 hover:bg-accent hover:text-accent-foreground dark:hover:bg-accent/50 has-[>svg]:px-3 button size-9 shrink-0 p-0 icon-button mobile-menu"[39m
              [33mdata-size[39m=[32m"default"[39m
              [33mdata-slot[39m=[32m"button"[39m
              [33mdata-variant[39m=[32m"ghost"[39m
            [36m>[39m
              [36m<svg[39m
                [33maria-hidden[39m=[32m"true"[39m
                [33mclass[39m=[32m"lucide lucide-menu"[39m
                [33mfill[39m=[32m"none"[39m
                [33mheight[39m=[32m"20"[39m
                [33mstroke[39m=[32m"currentColor"[39m
                [33mstroke-linecap[39m=[32m"round"[39m
                [33mstroke-linejoin[39m=[32m"round"[39m
                [33mstroke-width[39m=[32m"2"[39m
                [33mviewBox[39m=[32m"0 0 24 24"[39m
                [33mwidth[39m=[32m"20"[39m
                [33mxmlns[39m=[32m"http://www.w3.org/2000/svg"[39m
              [36m>[39m
                [36m<path[39m
                  [33md[39m=[32m"M4 5h16"[39m
                [36m/>[39m
                [36m<path[39m
                  [33md[39m=[32m"M4 12h16"[39m
                [36m/>[39m
                [36m<path[39m
                  [33md[39m=[32m"M4 19h16"[39m
                [36m/>[39m
              [36m</svg>[39m
            [36m</button>[39m
            [36m<span[39m
              [33mclass[39m=[32m"brand-mark"[39m
            [36m>[39m
              [36m<svg[39m
                [33maria-hidden[39m=[32m"true"[39m
                [33mclass[39m=[32m"lucide lucide-database"[39m
                [33mfill[39m=[32m"none"[39m
                [33mheight[39m=[32m"20"[39m
                [33mstroke[39m=[32m"currentColor"[39m
                [33mstroke-linecap[39m=[32m"round"[39m
                [33mstroke-linejoin[39m=[32m"round"[39m
                [33mstroke-width[39m=[32m"1.8"[39m
                [33mviewBox[39m=[32m"0 0 24 24"[39m
                [33mwidth[39m=[32m"20"[39m
                [33mxmlns[39m=[32m"http://www.w3.org/2000/svg"[39m
              [36m>[39m
                [36m<ellipse[39m
                  [33mcx[39m=[32m"12"[39m
                  [33mcy[39m=[32m"5"[39m
                  [33mrx[39m=[32m"9"[39m
                  [33mry[39m=[32m"3"[39m
                [36m/>[39m
                [36m<path[39m
                  [33md[39m=[32m"M3 5V19A9 3 0 0 0 21 19V5"[39m
                [36m/>[39m
                [36m<path[39m
                  [33md[39m=[32m"M3 12A9 3 0 0 0 21 12"[39m
                [36m/>[39m
              [36m</svg>[39m
            [36m</span>[39m
            [36m<strong>[39m
              [0m关系型配置中心[0m
            [36m</strong>[39m
          [36m</div>[39m
          [36m<div[39m
            [33mclass[39m=[32m"header-breadcrumb"[39m
          [36m>[39m
            [36m<span>[39m
              [0m工作空间[0m
            [36m</span>[39m
            [36m<svg[39m
              [33maria-hidden[39m=[32m"true"[39m
              [33mclass[39m=[32m"lucide lucide-chevron-right"[39m
              [33mfill[39m=[32m"none"[39m
              [33mheight[39m=[32m"14"[39m
              [33mstroke[39m=[32m"currentColor"[39m
              [33mstroke-linecap[39m=[32m"round"[39m
              [33mstroke-linejoin[39m=[32m"round"[39m
              [33mstroke-width[39m=[32m"2"[39m
              [33mviewBox[39m=[32m"0 0 24 24"[39m
              [33mwidth[39m=[32m"14"[39m
              [33mxmlns[39m=[32m"http://www.w3.org/2000/svg"[39m
            [36m>[39m
              [36m<path[39m
                [33md[39m=[32m"m9 18 6-6-6-6"[39m
              [36m/>[39m
            [36m</svg>[39m
            [36m<strong>[39m
              [0m配置管理[0m
            [36m</strong>[39m
          [36m</div>[39m
          [36m<span[39m
            [33mclass[39m=[32m"inline-flex w-fit shrink-0 items-center justify-center gap-1 overflow-hidden rounded-full border px-2 py-0.5 text-xs font-medium whitespace-nowrap transition-[color,box-shadow] focus-visible:border-ring focus-visible:ring-[3px] focus-visible:ring-ring/50 aria-invalid:border-destructive aria-invalid:ring-destructive/20 dark:aria-invalid:ring-destructive/40 [&>svg]:pointer-events-none [&>svg]:size-3 border-border text-foreground [a&]:hover:bg-accent [a&]:hover:text-accent-foreground header-status"[39m
            [33mdata-slot[39m=[32m"badge"[39m
            [33mdata-variant[39m=[32m"outline"[39m
          [36m>[39m
            [36m<svg[39m
              [33maria-hidden[39m=[32m"true"[39m
              [33mclass[39m=[32m"lucide lucide-database"[39m
              [33mfill[39m=[32m"none"[39m
              [33mheight[39m=[32m"14"[39m
              [33mstroke[39m=[32m"currentColor"[39m
              [33mstroke-linecap[39m=[32m"round"[39m
              [33mstroke-linejoin[39m=[32m"round"[39m
              [33mstroke-width[39m=[32m"2"[39m
              [33mviewBox[39m=[32m"0 0 24 24"[39m
              [33mwidth[39m=[32m"14"[39m
              [33mxmlns[39m=[32m"http://www.w3.org/2000/svg"[39m
            [36m>[39m
              [36m<ellipse[39m
                [33mcx[39m=[32m"12"[39m
                [33mcy[39m=[32m"5"[39m
                [33mrx[39m=[32m"9"[39m
                [33mry[39m=[32m"3"[39m
              [36m/>[39m
              [36m<path[39m
                [33md[39m=[32m"M3 5V19A9 3 0 0 0 21 19V5"[39m
              [36m/>[39m
              [36m<path[39m
                [33md[39m=[32m"M3 12A9 3 0 0 0 21 12"[39m
              [36m/>[39m
            [36m</svg>[39m
          ...

Ignored nodes: comments, script, style
[36m<body>[39m
  [36m<div>[39m
    [36m<div[39m
      [33maria-hidden[39m=[32m"false"[39m
      [33mclass[39m=[32m"protected-workspace"[39m
      [33mdata-session-status[39m=[32m"ready"[39m
    [36m>[39m
      [36m<div[39m
        [33mclass[39m=[32m"app-shell"[39m
      [36m>[39m
        [36m<header[39m
          [33mclass[39m=[32m"app-header"[39m
        [36m>[39m
          [36m<div[39m
            [33mclass[39m=[32m"brand"[39m
          [36m>[39m
            [36m<button[39m
              [33maria-controls[39m=[32m"primary-navigation"[39m
              [33maria-expanded[39m=[32m"false"[39m
              [33maria-label[39m=[32m"打开导航"[39m
              [33mclass[39m=[32m"inline-flex items-center justify-center gap-2 rounded-md text-sm font-medium whitespace-nowrap transition-all outline-none focus-visible:border-ring focus-visible:ring-[3px] focus-visible:ring-ring/50 disabled:pointer-events-none disabled:opacity-50 aria-invalid:border-destructive aria-invalid:ring-destructive/20 dark:aria-invalid:ring-destructive/40 [&_svg]:pointer-events-none [&_svg]:shrink-0 [&_svg:not([class*='size-'])]:size-4 hover:bg-accent hover:text-accent-foreground dark:hover:bg-accent/50 has-[>svg]:px-3 button size-9 shrink-0 p-0 icon-button mobile-menu"[39m
              [33mdata-size[39m=[32m"default"[39m
              [33mdata-slot[39m=[32m"button"[39m
              [33mdata-variant[39m=[32m"ghost"[39m
            [36m>[39m
              [36m<svg[39m
                [33maria-hidden[39m=[32m"true"[39m
                [33mclass[39m=[32m"lucide lucide-menu"[39m
                [33mfill[39m=[32m"none"[39m
                [33mheight[39m=[32m"20"[39m
                [33mstroke[39m=[32m"currentColor"[39m
                [33mstroke-linecap[39m=[32m"round"[39m
                [33mstroke-linejoin[39m=[32m"round"[39m
                [33mstroke-width[39m=[32m"2"[39m
                [33mviewBox[39m=[32m"0 0 24 24"[39m
                [33mwidth[39m=[32m"20"[39m
                [33mxmlns[39m=[32m"http://www.w3.org/2000/svg"[39m
              [36m>[39m
                [36m<path[39m
                  [33md[39m=[32m"M4 5h16"[39m
                [36m/>[39m
                [36m<path[39m
                  [33md[39m=[32m"M4 12h16"[39m
                [36m/>[39m
                [36m<path[39m
                  [33md[39m=[32m"M4 19h16"[39m
                [36m/>[39m
              [36m</svg>[39m
            [36m</button>[39m
            [36m<span[39m
              [33mclass[39m=[32m"brand-mark"[39m
            [36m>[39m
              [36m<svg[39m
                [33maria-hidden[39m=[32m"true"[39m
                [33mclass[39m=[32m"lucide lucide-database"[39m
                [33mfill[39m=[32m"none"[39m
                [33mheight[39m=[32m"20"[39m
                [33mstroke[39m=[32m"currentColor"[39m
                [33mstroke-linecap[39m=[32m"round"[39m
                [33mstroke-linejoin[39m=[32m"round"[39m
                [33mstroke-width[39m=[32m"1.8"[39m
                [33mviewBox[39m=[32m"0 0 24 24"[39m
                [33mwidth[39m=[32m"20"[39m
                [33mxmlns[39m=[32m"http://www.w3.org/2000/svg"[39m
              [36m>[39m
                [36m<ellipse[39m
                  [33mcx[39m=[32m"12"[39m
                  [33mcy[39m=[32m"5"[39m
                  [33mrx[39m=[32m"9"[39m
                  [33mry[39m=[32m"3"[39m
                [36m/>[39m
                [36m<path[39m
                  [33md[39m=[32m"M3 5V19A9 3 0 0 0 21 19V5"[39m
                [36m/>[39m
                [36m<path[39m
                  [33md[39m=[32m"M3 12A9 3 0 0 0 21 12"[39m
                [36m/>[39m
              [36m</svg>[39m
            [36m</span>[39m
            [36m<strong>[39m
              [0m关系型配置中心[0m
            [36m</strong>[39m
          [36m</div>[39m
          [36m<div[39m
            [33mclass[39m=[32m"header-breadcrumb"[39m
          [36m>[39m
            [36m<span>[39m
              [0m工作空间[0m
            [36m</span>[39m
            [36m<svg[39m
              [33maria-hidden[39m=[32m"true"[39m
              [33mclass[39m=[32m"lucide lucide-chevron-right"[39m
              [33mfill[39m=[32m"none"[39m
              [33mheight[39m=[32m"14"[39m
              [33mstroke[39m=[32m"currentColor"[39m
              [33mstroke-linecap[39m=[32m"round"[39m
              [33mstroke-linejoin[39m=[32m"round"[39m
              [33mstroke-width[39m=[32m"2"[39m
              [33mviewBox[39m=[32m"0 0 24 24"[39m
              [33mwidth[39m=[32m"14"[39m
              [33mxmlns[39m=[32m"http://www.w3.org/2000/svg"[39m
            [36m>[39m
              [36m<path[39m
                [33md[39m=[32m"m9 18 6-6-6-6"[39m
              [36m/>[39m
            [36m</svg>[39m
            [36m<strong>[39m
              [0m配置管理[0m
            [36m</strong>[39m
          [36m</div>[39m
          [36m<span[39m
            [33mclass[39m=[32m"inline-flex w-fit shrink-0 items-center justify-center gap-1 overflow-hidden rounded-full border px-2 py-0.5 text-xs font-medium whitespace-nowrap transition-[color,box-shadow] focus-visible:border-ring focus-visible:ring-[3px] focus-visible:ring-ring/50 aria-invalid:border-destructive aria-invalid:ring-destructive/20 dark:aria-invalid:ring-destructive/40 [&>svg]:pointer-events-none [&>svg]:size-3 border-border text-foreground [a&]:hover:bg-accent [a&]:hover:text-accent-foreground header-status"[39m
            [33mdata-slot[39m=[32m"badge"[39m
            [33mdata-variant[39m=[32m"outline"[39m
          [36m>[39m
            [36m<svg[39m
              [33maria-hidden[39m=[32m"true"[39m
              [33mclass[39m=[32m"lucide lucide-database"[39m
              [33mfill[39m=[32m"none"[39m
              [33mheight[39m=[32m"14"[39m
              [33mstroke[39m=[32m"currentColor"[39m
              [33mstroke-linecap[39m=[32m"round"[39m
              [33mstroke-linejoin[39m=[32m"round"[39m
              [33mstroke-width[39m=[32m"2"[39m
              [33mviewBox[39m=[32m"0 0 24 24"[39m
              [33mwidth[39m=[32m"14"[39m
              [33mxmlns[39m=[32m"http://www.w3.org/2000/svg"[39m
            [36m>[39m
              [36m<ellipse[39m
                [33mcx[39m=[32m"12"[39m
                [33mcy[39m=[32m"5"[39m
                [33mrx[39m=[32m"9"[39m
                [33mry[39m=[32m"3"[39m
              [36m/>[39m
              [36m<path[39m
                [33md[39m=[32m"M3 5V19A9 3 0 0 0 21 19V5"[39m
              [36m/>[39m
              [36m<path[39m
                [33md[39m=[32m"M3 12A9 3 0 0 0 21 12"[39m
              [36m/>[39m
            [36m</svg>[39m
          ...
 ❯ waitForWrapper ../../rcc-issue-103-release-instances/web/node_modules/.pnpm/@testing-library+dom@10.4.1/node_modules/@testing-library/dom/dist/wait-for.js:163:27
 ❯ ../../rcc-issue-103-release-instances/web/node_modules/.pnpm/@testing-library+dom@10.4.1/node_modules/@testing-library/dom/dist/query-helpers.js:86:33
 ❯ src/features/notifications/ApprovalNotifications.test.tsx:194:16
    192|   });
    193|   const user = userEvent.setup(); mount(`/configuration/notifications/…
    194|   await screen.findByRole("button", { name: "取消发布单" });
       |                ^
    195|   expect(screen.getByLabelText("个人待审批数")).toHaveTextContent("待审批 1");
    196|   await user.click(screen.getByRole("button", { name: "取消发布单" }));

⎯⎯⎯⎯⎯⎯⎯⎯⎯⎯⎯⎯⎯⎯⎯⎯⎯⎯⎯⎯⎯⎯⎯⎯[4/9]⎯

 FAIL  src/features/notifications/ApprovalNotifications.test.tsx > 详情在后台标签加载完成时不标记已读，返回前台实际展示后才确认
TestingLibraryElementError: Unable to find role="heading" and name "已展示的审批进展"

Ignored nodes: comments, script, style
[36m<body>[39m
  [36m<div>[39m
    [36m<div[39m
      [33maria-hidden[39m=[32m"false"[39m
      [33mclass[39m=[32m"protected-workspace"[39m
      [33mdata-session-status[39m=[32m"ready"[39m
    [36m>[39m
      [36m<div[39m
        [33mclass[39m=[32m"app-shell"[39m
      [36m>[39m
        [36m<header[39m
          [33mclass[39m=[32m"app-header"[39m
        [36m>[39m
          [36m<div[39m
            [33mclass[39m=[32m"brand"[39m
          [36m>[39m
            [36m<button[39m
              [33maria-controls[39m=[32m"primary-navigation"[39m
              [33maria-expanded[39m=[32m"false"[39m
              [33maria-label[39m=[32m"打开导航"[39m
              [33mclass[39m=[32m"inline-flex items-center justify-center gap-2 rounded-md text-sm font-medium whitespace-nowrap transition-all outline-none focus-visible:border-ring focus-visible:ring-[3px] focus-visible:ring-ring/50 disabled:pointer-events-none disabled:opacity-50 aria-invalid:border-destructive aria-invalid:ring-destructive/20 dark:aria-invalid:ring-destructive/40 [&_svg]:pointer-events-none [&_svg]:shrink-0 [&_svg:not([class*='size-'])]:size-4 hover:bg-accent hover:text-accent-foreground dark:hover:bg-accent/50 has-[>svg]:px-3 button size-9 shrink-0 p-0 icon-button mobile-menu"[39m
              [33mdata-size[39m=[32m"default"[39m
              [33mdata-slot[39m=[32m"button"[39m
              [33mdata-variant[39m=[32m"ghost"[39m
            [36m>[39m
              [36m<svg[39m
                [33maria-hidden[39m=[32m"true"[39m
                [33mclass[39m=[32m"lucide lucide-menu"[39m
                [33mfill[39m=[32m"none"[39m
                [33mheight[39m=[32m"20"[39m
                [33mstroke[39m=[32m"currentColor"[39m
                [33mstroke-linecap[39m=[32m"round"[39m
                [33mstroke-linejoin[39m=[32m"round"[39m
                [33mstroke-width[39m=[32m"2"[39m
                [33mviewBox[39m=[32m"0 0 24 24"[39m
                [33mwidth[39m=[32m"20"[39m
                [33mxmlns[39m=[32m"http://www.w3.org/2000/svg"[39m
              [36m>[39m
                [36m<path[39m
                  [33md[39m=[32m"M4 5h16"[39m
                [36m/>[39m
                [36m<path[39m
                  [33md[39m=[32m"M4 12h16"[39m
                [36m/>[39m
                [36m<path[39m
                  [33md[39m=[32m"M4 19h16"[39m
                [36m/>[39m
              [36m</svg>[39m
            [36m</button>[39m
            [36m<span[39m
              [33mclass[39m=[32m"brand-mark"[39m
            [36m>[39m
              [36m<svg[39m
                [33maria-hidden[39m=[32m"true"[39m
                [33mclass[39m=[32m"lucide lucide-database"[39m
                [33mfill[39m=[32m"none"[39m
                [33mheight[39m=[32m"20"[39m
                [33mstroke[39m=[32m"currentColor"[39m
                [33mstroke-linecap[39m=[32m"round"[39m
                [33mstroke-linejoin[39m=[32m"round"[39m
                [33mstroke-width[39m=[32m"1.8"[39m
                [33mviewBox[39m=[32m"0 0 24 24"[39m
                [33mwidth[39m=[32m"20"[39m
                [33mxmlns[39m=[32m"http://www.w3.org/2000/svg"[39m
              [36m>[39m
                [36m<ellipse[39m
                  [33mcx[39m=[32m"12"[39m
                  [33mcy[39m=[32m"5"[39m
                  [33mrx[39m=[32m"9"[39m
                  [33mry[39m=[32m"3"[39m
                [36m/>[39m
                [36m<path[39m
                  [33md[39m=[32m"M3 5V19A9 3 0 0 0 21 19V5"[39m
                [36m/>[39m
                [36m<path[39m
                  [33md[39m=[32m"M3 12A9 3 0 0 0 21 12"[39m
                [36m/>[39m
              [36m</svg>[39m
            [36m</span>[39m
            [36m<strong>[39m
              [0m关系型配置中心[0m
            [36m</strong>[39m
          [36m</div>[39m
          [36m<div[39m
            [33mclass[39m=[32m"header-breadcrumb"[39m
          [36m>[39m
            [36m<span>[39m
              [0m工作空间[0m
            [36m</span>[39m
            [36m<svg[39m
              [33maria-hidden[39m=[32m"true"[39m
              [33mclass[39m=[32m"lucide lucide-chevron-right"[39m
              [33mfill[39m=[32m"none"[39m
              [33mheight[39m=[32m"14"[39m
              [33mstroke[39m=[32m"currentColor"[39m
              [33mstroke-linecap[39m=[32m"round"[39m
              [33mstroke-linejoin[39m=[32m"round"[39m
              [33mstroke-width[39m=[32m"2"[39m
              [33mviewBox[39m=[32m"0 0 24 24"[39m
              [33mwidth[39m=[32m"14"[39m
              [33mxmlns[39m=[32m"http://www.w3.org/2000/svg"[39m
            [36m>[39m
              [36m<path[39m
                [33md[39m=[32m"m9 18 6-6-6-6"[39m
              [36m/>[39m
            [36m</svg>[39m
            [36m<strong>[39m
              [0m配置管理[0m
            [36m</strong>[39m
          [36m</div>[39m
          [36m<span[39m
            [33mclass[39m=[32m"inline-flex w-fit shrink-0 items-center justify-center gap-1 overflow-hidden rounded-full border px-2 py-0.5 text-xs font-medium whitespace-nowrap transition-[color,box-shadow] focus-visible:border-ring focus-visible:ring-[3px] focus-visible:ring-ring/50 aria-invalid:border-destructive aria-invalid:ring-destructive/20 dark:aria-invalid:ring-destructive/40 [&>svg]:pointer-events-none [&>svg]:size-3 border-border text-foreground [a&]:hover:bg-accent [a&]:hover:text-accent-foreground header-status"[39m
            [33mdata-slot[39m=[32m"badge"[39m
            [33mdata-variant[39m=[32m"outline"[39m
          [36m>[39m
            [36m<svg[39m
              [33maria-hidden[39m=[32m"true"[39m
              [33mclass[39m=[32m"lucide lucide-database"[39m
              [33mfill[39m=[32m"none"[39m
              [33mheight[39m=[32m"14"[39m
              [33mstroke[39m=[32m"currentColor"[39m
              [33mstroke-linecap[39m=[32m"round"[39m
              [33mstroke-linejoin[39m=[32m"round"[39m
              [33mstroke-width[39m=[32m"2"[39m
              [33mviewBox[39m=[32m"0 0 24 24"[39m
              [33mwidth[39m=[32m"14"[39m
              [33mxmlns[39m=[32m"http://www.w3.org/2000/svg"[39m
            [36m>[39m
              [36m<ellipse[39m
                [33mcx[39m=[32m"12"[39m
                [33mcy[39m=[32m"5"[39m
                [33mrx[39m=[32m"9"[39m
                [33mry[39m=[32m"3"[39m
              [36m/>[39m
              [36m<path[39m
                [33md[39m=[32m"M3 5V19A9 3 0 0 0 21 19V5"[39m
              [36m/>[39m
              [36m<path[39m
                [33md[39m=[32m"M3 12A9 3 0 0 0 21 12"[39m
              [36m/>[39m
            [36m</svg>[39m
          ...

Ignored nodes: comments, script, style
[36m<body>[39m
  [36m<div>[39m
    [36m<div[39m
      [33maria-hidden[39m=[32m"false"[39m
      [33mclass[39m=[32m"protected-workspace"[39m
      [33mdata-session-status[39m=[32m"ready"[39m
    [36m>[39m
      [36m<div[39m
        [33mclass[39m=[32m"app-shell"[39m
      [36m>[39m
        [36m<header[39m
          [33mclass[39m=[32m"app-header"[39m
        [36m>[39m
          [36m<div[39m
            [33mclass[39m=[32m"brand"[39m
          [36m>[39m
            [36m<button[39m
              [33maria-controls[39m=[32m"primary-navigation"[39m
              [33maria-expanded[39m=[32m"false"[39m
              [33maria-label[39m=[32m"打开导航"[39m
              [33mclass[39m=[32m"inline-flex items-center justify-center gap-2 rounded-md text-sm font-medium whitespace-nowrap transition-all outline-none focus-visible:border-ring focus-visible:ring-[3px] focus-visible:ring-ring/50 disabled:pointer-events-none disabled:opacity-50 aria-invalid:border-destructive aria-invalid:ring-destructive/20 dark:aria-invalid:ring-destructive/40 [&_svg]:pointer-events-none [&_svg]:shrink-0 [&_svg:not([class*='size-'])]:size-4 hover:bg-accent hover:text-accent-foreground dark:hover:bg-accent/50 has-[>svg]:px-3 button size-9 shrink-0 p-0 icon-button mobile-menu"[39m
              [33mdata-size[39m=[32m"default"[39m
              [33mdata-slot[39m=[32m"button"[39m
              [33mdata-variant[39m=[32m"ghost"[39m
            [36m>[39m
              [36m<svg[39m
                [33maria-hidden[39m=[32m"true"[39m
                [33mclass[39m=[32m"lucide lucide-menu"[39m
                [33mfill[39m=[32m"none"[39m
                [33mheight[39m=[32m"20"[39m
                [33mstroke[39m=[32m"currentColor"[39m
                [33mstroke-linecap[39m=[32m"round"[39m
                [33mstroke-linejoin[39m=[32m"round"[39m
                [33mstroke-width[39m=[32m"2"[39m
                [33mviewBox[39m=[32m"0 0 24 24"[39m
                [33mwidth[39m=[32m"20"[39m
                [33mxmlns[39m=[32m"http://www.w3.org/2000/svg"[39m
              [36m>[39m
                [36m<path[39m
                  [33md[39m=[32m"M4 5h16"[39m
                [36m/>[39m
                [36m<path[39m
                  [33md[39m=[32m"M4 12h16"[39m
                [36m/>[39m
                [36m<path[39m
                  [33md[39m=[32m"M4 19h16"[39m
                [36m/>[39m
              [36m</svg>[39m
            [36m</button>[39m
            [36m<span[39m
              [33mclass[39m=[32m"brand-mark"[39m
            [36m>[39m
              [36m<svg[39m
                [33maria-hidden[39m=[32m"true"[39m
                [33mclass[39m=[32m"lucide lucide-database"[39m
                [33mfill[39m=[32m"none"[39m
                [33mheight[39m=[32m"20"[39m
                [33mstroke[39m=[32m"currentColor"[39m
                [33mstroke-linecap[39m=[32m"round"[39m
                [33mstroke-linejoin[39m=[32m"round"[39m
                [33mstroke-width[39m=[32m"1.8"[39m
                [33mviewBox[39m=[32m"0 0 24 24"[39m
                [33mwidth[39m=[32m"20"[39m
                [33mxmlns[39m=[32m"http://www.w3.org/2000/svg"[39m
              [36m>[39m
                [36m<ellipse[39m
                  [33mcx[39m=[32m"12"[39m
                  [33mcy[39m=[32m"5"[39m
                  [33mrx[39m=[32m"9"[39m
                  [33mry[39m=[32m"3"[39m
                [36m/>[39m
                [36m<path[39m
                  [33md[39m=[32m"M3 5V19A9 3 0 0 0 21 19V5"[39m
                [36m/>[39m
                [36m<path[39m
                  [33md[39m=[32m"M3 12A9 3 0 0 0 21 12"[39m
                [36m/>[39m
              [36m</svg>[39m
            [36m</span>[39m
            [36m<strong>[39m
              [0m关系型配置中心[0m
            [36m</strong>[39m
          [36m</div>[39m
          [36m<div[39m
            [33mclass[39m=[32m"header-breadcrumb"[39m
          [36m>[39m
            [36m<span>[39m
              [0m工作空间[0m
            [36m</span>[39m
            [36m<svg[39m
              [33maria-hidden[39m=[32m"true"[39m
              [33mclass[39m=[32m"lucide lucide-chevron-right"[39m
              [33mfill[39m=[32m"none"[39m
              [33mheight[39m=[32m"14"[39m
              [33mstroke[39m=[32m"currentColor"[39m
              [33mstroke-linecap[39m=[32m"round"[39m
              [33mstroke-linejoin[39m=[32m"round"[39m
              [33mstroke-width[39m=[32m"2"[39m
              [33mviewBox[39m=[32m"0 0 24 24"[39m
              [33mwidth[39m=[32m"14"[39m
              [33mxmlns[39m=[32m"http://www.w3.org/2000/svg"[39m
            [36m>[39m
              [36m<path[39m
                [33md[39m=[32m"m9 18 6-6-6-6"[39m
              [36m/>[39m
            [36m</svg>[39m
            [36m<strong>[39m
              [0m配置管理[0m
            [36m</strong>[39m
          [36m</div>[39m
          [36m<span[39m
            [33mclass[39m=[32m"inline-flex w-fit shrink-0 items-center justify-center gap-1 overflow-hidden rounded-full border px-2 py-0.5 text-xs font-medium whitespace-nowrap transition-[color,box-shadow] focus-visible:border-ring focus-visible:ring-[3px] focus-visible:ring-ring/50 aria-invalid:border-destructive aria-invalid:ring-destructive/20 dark:aria-invalid:ring-destructive/40 [&>svg]:pointer-events-none [&>svg]:size-3 border-border text-foreground [a&]:hover:bg-accent [a&]:hover:text-accent-foreground header-status"[39m
            [33mdata-slot[39m=[32m"badge"[39m
            [33mdata-variant[39m=[32m"outline"[39m
          [36m>[39m
            [36m<svg[39m
              [33maria-hidden[39m=[32m"true"[39m
              [33mclass[39m=[32m"lucide lucide-database"[39m
              [33mfill[39m=[32m"none"[39m
              [33mheight[39m=[32m"14"[39m
              [33mstroke[39m=[32m"currentColor"[39m
              [33mstroke-linecap[39m=[32m"round"[39m
              [33mstroke-linejoin[39m=[32m"round"[39m
              [33mstroke-width[39m=[32m"2"[39m
              [33mviewBox[39m=[32m"0 0 24 24"[39m
              [33mwidth[39m=[32m"14"[39m
              [33mxmlns[39m=[32m"http://www.w3.org/2000/svg"[39m
            [36m>[39m
              [36m<ellipse[39m
                [33mcx[39m=[32m"12"[39m
                [33mcy[39m=[32m"5"[39m
                [33mrx[39m=[32m"9"[39m
                [33mry[39m=[32m"3"[39m
              [36m/>[39m
              [36m<path[39m
                [33md[39m=[32m"M3 5V19A9 3 0 0 0 21 19V5"[39m
              [36m/>[39m
              [36m<path[39m
                [33md[39m=[32m"M3 12A9 3 0 0 0 21 12"[39m
              [36m/>[39m
            [36m</svg>[39m
          ...
 ❯ waitForWrapper ../../rcc-issue-103-release-instances/web/node_modules/.pnpm/@testing-library+dom@10.4.1/node_modules/@testing-library/dom/dist/wait-for.js:163:27
 ❯ ../../rcc-issue-103-release-instances/web/node_modules/.pnpm/@testing-library+dom@10.4.1/node_modules/@testing-library/dom/dist/query-helpers.js:86:33
 ❯ src/features/notifications/ApprovalNotifications.test.tsx:214:16
    212|   }));
    213|   mount(`/configuration/notifications/${header.id}`);
    214|   await screen.findByRole("heading", { name: header.title });
       |                ^
    215|   await act(async () => Promise.resolve());
    216|   expect(acknowledgements).toBe(0);

⎯⎯⎯⎯⎯⎯⎯⎯⎯⎯⎯⎯⎯⎯⎯⎯⎯⎯⎯⎯⎯⎯⎯⎯[5/9]⎯

 FAIL  src/features/notifications/ApprovalNotifications.test.tsx > 返回列表后才完成的已读确认仍更新当前账号计数和列表
TestingLibraryElementError: Unable to find an element with the text: 正在标记已展示的进展为已读…. This could be because the text is broken up by multiple elements. In this case, you can provide a function for your text matcher to make your matcher more flexible.

Ignored nodes: comments, script, style
[36m<body>[39m
  [36m<div>[39m
    [36m<div[39m
      [33maria-hidden[39m=[32m"false"[39m
      [33mclass[39m=[32m"protected-workspace"[39m
      [33mdata-session-status[39m=[32m"ready"[39m
    [36m>[39m
      [36m<div[39m
        [33mclass[39m=[32m"app-shell"[39m
      [36m>[39m
        [36m<header[39m
          [33mclass[39m=[32m"app-header"[39m
        [36m>[39m
          [36m<div[39m
            [33mclass[39m=[32m"brand"[39m
          [36m>[39m
            [36m<button[39m
              [33maria-controls[39m=[32m"primary-navigation"[39m
              [33maria-expanded[39m=[32m"false"[39m
              [33maria-label[39m=[32m"打开导航"[39m
              [33mclass[39m=[32m"inline-flex items-center justify-center gap-2 rounded-md text-sm font-medium whitespace-nowrap transition-all outline-none focus-visible:border-ring focus-visible:ring-[3px] focus-visible:ring-ring/50 disabled:pointer-events-none disabled:opacity-50 aria-invalid:border-destructive aria-invalid:ring-destructive/20 dark:aria-invalid:ring-destructive/40 [&_svg]:pointer-events-none [&_svg]:shrink-0 [&_svg:not([class*='size-'])]:size-4 hover:bg-accent hover:text-accent-foreground dark:hover:bg-accent/50 has-[>svg]:px-3 button size-9 shrink-0 p-0 icon-button mobile-menu"[39m
              [33mdata-size[39m=[32m"default"[39m
              [33mdata-slot[39m=[32m"button"[39m
              [33mdata-variant[39m=[32m"ghost"[39m
            [36m>[39m
              [36m<svg[39m
                [33maria-hidden[39m=[32m"true"[39m
                [33mclass[39m=[32m"lucide lucide-menu"[39m
                [33mfill[39m=[32m"none"[39m
                [33mheight[39m=[32m"20"[39m
                [33mstroke[39m=[32m"currentColor"[39m
                [33mstroke-linecap[39m=[32m"round"[39m
                [33mstroke-linejoin[39m=[32m"round"[39m
                [33mstroke-width[39m=[32m"2"[39m
                [33mviewBox[39m=[32m"0 0 24 24"[39m
                [33mwidth[39m=[32m"20"[39m
                [33mxmlns[39m=[32m"http://www.w3.org/2000/svg"[39m
              [36m>[39m
                [36m<path[39m
                  [33md[39m=[32m"M4 5h16"[39m
                [36m/>[39m
                [36m<path[39m
                  [33md[39m=[32m"M4 12h16"[39m
                [36m/>[39m
                [36m<path[39m
                  [33md[39m=[32m"M4 19h16"[39m
                [36m/>[39m
              [36m</svg>[39m
            [36m</button>[39m
            [36m<span[39m
              [33mclass[39m=[32m"brand-mark"[39m
            [36m>[39m
              [36m<svg[39m
                [33maria-hidden[39m=[32m"true"[39m
                [33mclass[39m=[32m"lucide lucide-database"[39m
                [33mfill[39m=[32m"none"[39m
                [33mheight[39m=[32m"20"[39m
                [33mstroke[39m=[32m"currentColor"[39m
                [33mstroke-linecap[39m=[32m"round"[39m
                [33mstroke-linejoin[39m=[32m"round"[39m
                [33mstroke-width[39m=[32m"1.8"[39m
                [33mviewBox[39m=[32m"0 0 24 24"[39m
                [33mwidth[39m=[32m"20"[39m
                [33mxmlns[39m=[32m"http://www.w3.org/2000/svg"[39m
              [36m>[39m
                [36m<ellipse[39m
                  [33mcx[39m=[32m"12"[39m
                  [33mcy[39m=[32m"5"[39m
                  [33mrx[39m=[32m"9"[39m
                  [33mry[39m=[32m"3"[39m
                [36m/>[39m
                [36m<path[39m
                  [33md[39m=[32m"M3 5V19A9 3 0 0 0 21 19V5"[39m
                [36m/>[39m
                [36m<path[39m
                  [33md[39m=[32m"M3 12A9 3 0 0 0 21 12"[39m
                [36m/>[39m
              [36m</svg>[39m
            [36m</span>[39m
            [36m<strong>[39m
              [0m关系型配置中心[0m
            [36m</strong>[39m
          [36m</div>[39m
          [36m<div[39m
            [33mclass[39m=[32m"header-breadcrumb"[39m
          [36m>[39m
            [36m<span>[39m
              [0m工作空间[0m
            [36m</span>[39m
            [36m<svg[39m
              [33maria-hidden[39m=[32m"true"[39m
              [33mclass[39m=[32m"lucide lucide-chevron-right"[39m
              [33mfill[39m=[32m"none"[39m
              [33mheight[39m=[32m"14"[39m
              [33mstroke[39m=[32m"currentColor"[39m
              [33mstroke-linecap[39m=[32m"round"[39m
              [33mstroke-linejoin[39m=[32m"round"[39m
              [33mstroke-width[39m=[32m"2"[39m
              [33mviewBox[39m=[32m"0 0 24 24"[39m
              [33mwidth[39m=[32m"14"[39m
              [33mxmlns[39m=[32m"http://www.w3.org/2000/svg"[39m
            [36m>[39m
              [36m<path[39m
                [33md[39m=[32m"m9 18 6-6-6-6"[39m
              [36m/>[39m
            [36m</svg>[39m
            [36m<strong>[39m
              [0m配置管理[0m
            [36m</strong>[39m
          [36m</div>[39m
          [36m<span[39m
            [33mclass[39m=[32m"inline-flex w-fit shrink-0 items-center justify-center gap-1 overflow-hidden rounded-full border px-2 py-0.5 text-xs font-medium whitespace-nowrap transition-[color,box-shadow] focus-visible:border-ring focus-visible:ring-[3px] focus-visible:ring-ring/50 aria-invalid:border-destructive aria-invalid:ring-destructive/20 dark:aria-invalid:ring-destructive/40 [&>svg]:pointer-events-none [&>svg]:size-3 border-border text-foreground [a&]:hover:bg-accent [a&]:hover:text-accent-foreground header-status"[39m
            [33mdata-slot[39m=[32m"badge"[39m
            [33mdata-variant[39m=[32m"outline"[39m
          [36m>[39m
            [36m<svg[39m
              [33maria-hidden[39m=[32m"true"[39m
              [33mclass[39m=[32m"lucide lucide-database"[39m
              [33mfill[39m=[32m"none"[39m
              [33mheight[39m=[32m"14"[39m
              [33mstroke[39m=[32m"currentColor"[39m
              [33mstroke-linecap[39m=[32m"round"[39m
              [33mstroke-linejoin[39m=[32m"round"[39m
              [33mstroke-width[39m=[32m"2"[39m
              [33mviewBox[39m=[32m"0 0 24 24"[39m
              [33mwidth[39m=[32m"14"[39m
              [33mxmlns[39m=[32m"http://www.w3.org/2000/svg"[39m
            [36m>[39m
              [36m<ellipse[39m
                [33mcx[39m=[32m"12"[39m
                [33mcy[39m=[32m"5"[39m
                [33mrx[39m=[32m"9"[39m
                [33mry[39m=[32m"3"[39m
              [36m/>[39m
              [36m<path[39m
                [33md[39m=[32m"M3 5V19A9 3 0 0 0 21 19V5"[39m
              [36m/>[39m
              [36m<path[39m
                [33md[39m=[32m"M3 12A9 3 0 0 0 21 12"[39m
              [36m/>[39m
            [36m</svg>[39m
          ...

Ignored nodes: comments, script, style
[36m<body>[39m
  [36m<div>[39m
    [36m<div[39m
      [33maria-hidden[39m=[32m"false"[39m
      [33mclass[39m=[32m"protected-workspace"[39m
      [33mdata-session-status[39m=[32m"ready"[39m
    [36m>[39m
      [36m<div[39m
        [33mclass[39m=[32m"app-shell"[39m
      [36m>[39m
        [36m<header[39m
          [33mclass[39m=[32m"app-header"[39m
        [36m>[39m
          [36m<div[39m
            [33mclass[39m=[32m"brand"[39m
          [36m>[39m
            [36m<button[39m
              [33maria-controls[39m=[32m"primary-navigation"[39m
              [33maria-expanded[39m=[32m"false"[39m
              [33maria-label[39m=[32m"打开导航"[39m
              [33mclass[39m=[32m"inline-flex items-center justify-center gap-2 rounded-md text-sm font-medium whitespace-nowrap transition-all outline-none focus-visible:border-ring focus-visible:ring-[3px] focus-visible:ring-ring/50 disabled:pointer-events-none disabled:opacity-50 aria-invalid:border-destructive aria-invalid:ring-destructive/20 dark:aria-invalid:ring-destructive/40 [&_svg]:pointer-events-none [&_svg]:shrink-0 [&_svg:not([class*='size-'])]:size-4 hover:bg-accent hover:text-accent-foreground dark:hover:bg-accent/50 has-[>svg]:px-3 button size-9 shrink-0 p-0 icon-button mobile-menu"[39m
              [33mdata-size[39m=[32m"default"[39m
              [33mdata-slot[39m=[32m"button"[39m
              [33mdata-variant[39m=[32m"ghost"[39m
            [36m>[39m
              [36m<svg[39m
                [33maria-hidden[39m=[32m"true"[39m
                [33mclass[39m=[32m"lucide lucide-menu"[39m
                [33mfill[39m=[32m"none"[39m
                [33mheight[39m=[32m"20"[39m
                [33mstroke[39m=[32m"currentColor"[39m
                [33mstroke-linecap[39m=[32m"round"[39m
                [33mstroke-linejoin[39m=[32m"round"[39m
                [33mstroke-width[39m=[32m"2"[39m
                [33mviewBox[39m=[32m"0 0 24 24"[39m
                [33mwidth[39m=[32m"20"[39m
                [33mxmlns[39m=[32m"http://www.w3.org/2000/svg"[39m
              [36m>[39m
                [36m<path[39m
                  [33md[39m=[32m"M4 5h16"[39m
                [36m/>[39m
                [36m<path[39m
                  [33md[39m=[32m"M4 12h16"[39m
                [36m/>[39m
                [36m<path[39m
                  [33md[39m=[32m"M4 19h16"[39m
                [36m/>[39m
              [36m</svg>[39m
            [36m</button>[39m
            [36m<span[39m
              [33mclass[39m=[32m"brand-mark"[39m
            [36m>[39m
              [36m<svg[39m
                [33maria-hidden[39m=[32m"true"[39m
                [33mclass[39m=[32m"lucide lucide-database"[39m
                [33mfill[39m=[32m"none"[39m
                [33mheight[39m=[32m"20"[39m
                [33mstroke[39m=[32m"currentColor"[39m
                [33mstroke-linecap[39m=[32m"round"[39m
                [33mstroke-linejoin[39m=[32m"round"[39m
                [33mstroke-width[39m=[32m"1.8"[39m
                [33mviewBox[39m=[32m"0 0 24 24"[39m
                [33mwidth[39m=[32m"20"[39m
                [33mxmlns[39m=[32m"http://www.w3.org/2000/svg"[39m
              [36m>[39m
                [36m<ellipse[39m
                  [33mcx[39m=[32m"12"[39m
                  [33mcy[39m=[32m"5"[39m
                  [33mrx[39m=[32m"9"[39m
                  [33mry[39m=[32m"3"[39m
                [36m/>[39m
                [36m<path[39m
                  [33md[39m=[32m"M3 5V19A9 3 0 0 0 21 19V5"[39m
                [36m/>[39m
                [36m<path[39m
                  [33md[39m=[32m"M3 12A9 3 0 0 0 21 12"[39m
                [36m/>[39m
              [36m</svg>[39m
            [36m</span>[39m
            [36m<strong>[39m
              [0m关系型配置中心[0m
            [36m</strong>[39m
          [36m</div>[39m
          [36m<div[39m
            [33mclass[39m=[32m"header-breadcrumb"[39m
          [36m>[39m
            [36m<span>[39m
              [0m工作空间[0m
            [36m</span>[39m
            [36m<svg[39m
              [33maria-hidden[39m=[32m"true"[39m
              [33mclass[39m=[32m"lucide lucide-chevron-right"[39m
              [33mfill[39m=[32m"none"[39m
              [33mheight[39m=[32m"14"[39m
              [33mstroke[39m=[32m"currentColor"[39m
              [33mstroke-linecap[39m=[32m"round"[39m
              [33mstroke-linejoin[39m=[32m"round"[39m
              [33mstroke-width[39m=[32m"2"[39m
              [33mviewBox[39m=[32m"0 0 24 24"[39m
              [33mwidth[39m=[32m"14"[39m
              [33mxmlns[39m=[32m"http://www.w3.org/2000/svg"[39m
            [36m>[39m
              [36m<path[39m
                [33md[39m=[32m"m9 18 6-6-6-6"[39m
              [36m/>[39m
            [36m</svg>[39m
            [36m<strong>[39m
              [0m配置管理[0m
            [36m</strong>[39m
          [36m</div>[39m
          [36m<span[39m
            [33mclass[39m=[32m"inline-flex w-fit shrink-0 items-center justify-center gap-1 overflow-hidden rounded-full border px-2 py-0.5 text-xs font-medium whitespace-nowrap transition-[color,box-shadow] focus-visible:border-ring focus-visible:ring-[3px] focus-visible:ring-ring/50 aria-invalid:border-destructive aria-invalid:ring-destructive/20 dark:aria-invalid:ring-destructive/40 [&>svg]:pointer-events-none [&>svg]:size-3 border-border text-foreground [a&]:hover:bg-accent [a&]:hover:text-accent-foreground header-status"[39m
            [33mdata-slot[39m=[32m"badge"[39m
            [33mdata-variant[39m=[32m"outline"[39m
          [36m>[39m
            [36m<svg[39m
              [33maria-hidden[39m=[32m"true"[39m
              [33mclass[39m=[32m"lucide lucide-database"[39m
              [33mfill[39m=[32m"none"[39m
              [33mheight[39m=[32m"14"[39m
              [33mstroke[39m=[32m"currentColor"[39m
              [33mstroke-linecap[39m=[32m"round"[39m
              [33mstroke-linejoin[39m=[32m"round"[39m
              [33mstroke-width[39m=[32m"2"[39m
              [33mviewBox[39m=[32m"0 0 24 24"[39m
              [33mwidth[39m=[32m"14"[39m
              [33mxmlns[39m=[32m"http://www.w3.org/2000/svg"[39m
            [36m>[39m
              [36m<ellipse[39m
                [33mcx[39m=[32m"12"[39m
                [33mcy[39m=[32m"5"[39m
                [33mrx[39m=[32m"9"[39m
                [33mry[39m=[32m"3"[39m
              [36m/>[39m
              [36m<path[39m
                [33md[39m=[32m"M3 5V19A9 3 0 0 0 21 19V5"[39m
              [36m/>[39m
              [36m<path[39m
                [33md[39m=[32m"M3 12A9 3 0 0 0 21 12"[39m
              [36m/>[39m
            [36m</svg>[39m
          ...
 ❯ waitForWrapper ../../rcc-issue-103-release-instances/web/node_modules/.pnpm/@testing-library+dom@10.4.1/node_modules/@testing-library/dom/dist/wait-for.js:163:27
 ❯ ../../rcc-issue-103-release-instances/web/node_modules/.pnpm/@testing-library+dom@10.4.1/node_modules/@testing-library/dom/dist/query-helpers.js:86:33
 ❯ src/features/notifications/ApprovalNotifications.test.tsx:235:16
    233|   }));
    234|   const user = userEvent.setup(); mount(`/configuration/notifications/…
    235|   await screen.findByText("正在标记已展示的进展为已读…");
       |                ^
    236|   await user.click(screen.getByRole("link", { name: "返回通知中心列表" }));
    237|   await screen.findByRole("link", { name: `查看详情：${header.title}` });

⎯⎯⎯⎯⎯⎯⎯⎯⎯⎯⎯⎯⎯⎯⎯⎯⎯⎯⎯⎯⎯⎯⎯⎯[6/9]⎯

 FAIL  src/features/notifications/NotificationsPage.test.tsx > 从后续页进入详情，加载与失败期间均能返回原视图和筛选页
TestingLibraryElementError: Unable to find role="link" and name "查看详情：运营与财务共同核对的多表申请"

Ignored nodes: comments, script, style
[36m<body>[39m
  [36m<div>[39m
    [36m<div[39m
      [33maria-hidden[39m=[32m"false"[39m
      [33mclass[39m=[32m"protected-workspace"[39m
      [33mdata-session-status[39m=[32m"ready"[39m
    [36m>[39m
      [36m<div[39m
        [33mclass[39m=[32m"app-shell"[39m
      [36m>[39m
        [36m<header[39m
          [33mclass[39m=[32m"app-header"[39m
        [36m>[39m
          [36m<div[39m
            [33mclass[39m=[32m"brand"[39m
          [36m>[39m
            [36m<button[39m
              [33maria-controls[39m=[32m"primary-navigation"[39m
              [33maria-expanded[39m=[32m"false"[39m
              [33maria-label[39m=[32m"打开导航"[39m
              [33mclass[39m=[32m"inline-flex items-center justify-center gap-2 rounded-md text-sm font-medium whitespace-nowrap transition-all outline-none focus-visible:border-ring focus-visible:ring-[3px] focus-visible:ring-ring/50 disabled:pointer-events-none disabled:opacity-50 aria-invalid:border-destructive aria-invalid:ring-destructive/20 dark:aria-invalid:ring-destructive/40 [&_svg]:pointer-events-none [&_svg]:shrink-0 [&_svg:not([class*='size-'])]:size-4 hover:bg-accent hover:text-accent-foreground dark:hover:bg-accent/50 has-[>svg]:px-3 button size-9 shrink-0 p-0 icon-button mobile-menu"[39m
              [33mdata-size[39m=[32m"default"[39m
              [33mdata-slot[39m=[32m"button"[39m
              [33mdata-variant[39m=[32m"ghost"[39m
            [36m>[39m
              [36m<svg[39m
                [33maria-hidden[39m=[32m"true"[39m
                [33mclass[39m=[32m"lucide lucide-menu"[39m
                [33mfill[39m=[32m"none"[39m
                [33mheight[39m=[32m"20"[39m
                [33mstroke[39m=[32m"currentColor"[39m
                [33mstroke-linecap[39m=[32m"round"[39m
                [33mstroke-linejoin[39m=[32m"round"[39m
                [33mstroke-width[39m=[32m"2"[39m
                [33mviewBox[39m=[32m"0 0 24 24"[39m
                [33mwidth[39m=[32m"20"[39m
                [33mxmlns[39m=[32m"http://www.w3.org/2000/svg"[39m
              [36m>[39m
                [36m<path[39m
                  [33md[39m=[32m"M4 5h16"[39m
                [36m/>[39m
                [36m<path[39m
                  [33md[39m=[32m"M4 12h16"[39m
                [36m/>[39m
                [36m<path[39m
                  [33md[39m=[32m"M4 19h16"[39m
                [36m/>[39m
              [36m</svg>[39m
            [36m</button>[39m
            [36m<span[39m
              [33mclass[39m=[32m"brand-mark"[39m
            [36m>[39m
              [36m<svg[39m
                [33maria-hidden[39m=[32m"true"[39m
                [33mclass[39m=[32m"lucide lucide-database"[39m
                [33mfill[39m=[32m"none"[39m
                [33mheight[39m=[32m"20"[39m
                [33mstroke[39m=[32m"currentColor"[39m
                [33mstroke-linecap[39m=[32m"round"[39m
                [33mstroke-linejoin[39m=[32m"round"[39m
                [33mstroke-width[39m=[32m"1.8"[39m
                [33mviewBox[39m=[32m"0 0 24 24"[39m
                [33mwidth[39m=[32m"20"[39m
                [33mxmlns[39m=[32m"http://www.w3.org/2000/svg"[39m
              [36m>[39m
                [36m<ellipse[39m
                  [33mcx[39m=[32m"12"[39m
                  [33mcy[39m=[32m"5"[39m
                  [33mrx[39m=[32m"9"[39m
                  [33mry[39m=[32m"3"[39m
                [36m/>[39m
                [36m<path[39m
                  [33md[39m=[32m"M3 5V19A9 3 0 0 0 21 19V5"[39m
                [36m/>[39m
                [36m<path[39m
                  [33md[39m=[32m"M3 12A9 3 0 0 0 21 12"[39m
                [36m/>[39m
              [36m</svg>[39m
            [36m</span>[39m
            [36m<strong>[39m
              [0m关系型配置中心[0m
            [36m</strong>[39m
          [36m</div>[39m
          [36m<div[39m
            [33mclass[39m=[32m"header-breadcrumb"[39m
          [36m>[39m
            [36m<span>[39m
              [0m工作空间[0m
            [36m</span>[39m
            [36m<svg[39m
              [33maria-hidden[39m=[32m"true"[39m
              [33mclass[39m=[32m"lucide lucide-chevron-right"[39m
              [33mfill[39m=[32m"none"[39m
              [33mheight[39m=[32m"14"[39m
              [33mstroke[39m=[32m"currentColor"[39m
              [33mstroke-linecap[39m=[32m"round"[39m
              [33mstroke-linejoin[39m=[32m"round"[39m
              [33mstroke-width[39m=[32m"2"[39m
              [33mviewBox[39m=[32m"0 0 24 24"[39m
              [33mwidth[39m=[32m"14"[39m
              [33mxmlns[39m=[32m"http://www.w3.org/2000/svg"[39m
            [36m>[39m
              [36m<path[39m
                [33md[39m=[32m"m9 18 6-6-6-6"[39m
              [36m/>[39m
            [36m</svg>[39m
            [36m<strong>[39m
              [0m配置管理[0m
            [36m</strong>[39m
          [36m</div>[39m
          [36m<span[39m
            [33mclass[39m=[32m"inline-flex w-fit shrink-0 items-center justify-center gap-1 overflow-hidden rounded-full border px-2 py-0.5 text-xs font-medium whitespace-nowrap transition-[color,box-shadow] focus-visible:border-ring focus-visible:ring-[3px] focus-visible:ring-ring/50 aria-invalid:border-destructive aria-invalid:ring-destructive/20 dark:aria-invalid:ring-destructive/40 [&>svg]:pointer-events-none [&>svg]:size-3 border-border text-foreground [a&]:hover:bg-accent [a&]:hover:text-accent-foreground header-status"[39m
            [33mdata-slot[39m=[32m"badge"[39m
            [33mdata-variant[39m=[32m"outline"[39m
          [36m>[39m
            [36m<svg[39m
              [33maria-hidden[39m=[32m"true"[39m
              [33mclass[39m=[32m"lucide lucide-database"[39m
              [33mfill[39m=[32m"none"[39m
              [33mheight[39m=[32m"14"[39m
              [33mstroke[39m=[32m"currentColor"[39m
              [33mstroke-linecap[39m=[32m"round"[39m
              [33mstroke-linejoin[39m=[32m"round"[39m
              [33mstroke-width[39m=[32m"2"[39m
              [33mviewBox[39m=[32m"0 0 24 24"[39m
              [33mwidth[39m=[32m"14"[39m
              [33mxmlns[39m=[32m"http://www.w3.org/2000/svg"[39m
            [36m>[39m
              [36m<ellipse[39m
                [33mcx[39m=[32m"12"[39m
                [33mcy[39m=[32m"5"[39m
                [33mrx[39m=[32m"9"[39m
                [33mry[39m=[32m"3"[39m
              [36m/>[39m
              [36m<path[39m
                [33md[39m=[32m"M3 5V19A9 3 0 0 0 21 19V5"[39m
              [36m/>[39m
              [36m<path[39m
                [33md[39m=[32m"M3 12A9 3 0 0 0 21 12"[39m
              [36m/>[39m
            [36m</svg>[39m
          ...

Ignored nodes: comments, script, style
[36m<body>[39m
  [36m<div>[39m
    [36m<div[39m
      [33maria-hidden[39m=[32m"false"[39m
      [33mclass[39m=[32m"protected-workspace"[39m
      [33mdata-session-status[39m=[32m"ready"[39m
    [36m>[39m
      [36m<div[39m
        [33mclass[39m=[32m"app-shell"[39m
      [36m>[39m
        [36m<header[39m
          [33mclass[39m=[32m"app-header"[39m
        [36m>[39m
          [36m<div[39m
            [33mclass[39m=[32m"brand"[39m
          [36m>[39m
            [36m<button[39m
              [33maria-controls[39m=[32m"primary-navigation"[39m
              [33maria-expanded[39m=[32m"false"[39m
              [33maria-label[39m=[32m"打开导航"[39m
              [33mclass[39m=[32m"inline-flex items-center justify-center gap-2 rounded-md text-sm font-medium whitespace-nowrap transition-all outline-none focus-visible:border-ring focus-visible:ring-[3px] focus-visible:ring-ring/50 disabled:pointer-events-none disabled:opacity-50 aria-invalid:border-destructive aria-invalid:ring-destructive/20 dark:aria-invalid:ring-destructive/40 [&_svg]:pointer-events-none [&_svg]:shrink-0 [&_svg:not([class*='size-'])]:size-4 hover:bg-accent hover:text-accent-foreground dark:hover:bg-accent/50 has-[>svg]:px-3 button size-9 shrink-0 p-0 icon-button mobile-menu"[39m
              [33mdata-size[39m=[32m"default"[39m
              [33mdata-slot[39m=[32m"button"[39m
              [33mdata-variant[39m=[32m"ghost"[39m
            [36m>[39m
              [36m<svg[39m
                [33maria-hidden[39m=[32m"true"[39m
                [33mclass[39m=[32m"lucide lucide-menu"[39m
                [33mfill[39m=[32m"none"[39m
                [33mheight[39m=[32m"20"[39m
                [33mstroke[39m=[32m"currentColor"[39m
                [33mstroke-linecap[39m=[32m"round"[39m
                [33mstroke-linejoin[39m=[32m"round"[39m
                [33mstroke-width[39m=[32m"2"[39m
                [33mviewBox[39m=[32m"0 0 24 24"[39m
                [33mwidth[39m=[32m"20"[39m
                [33mxmlns[39m=[32m"http://www.w3.org/2000/svg"[39m
              [36m>[39m
                [36m<path[39m
                  [33md[39m=[32m"M4 5h16"[39m
                [36m/>[39m
                [36m<path[39m
                  [33md[39m=[32m"M4 12h16"[39m
                [36m/>[39m
                [36m<path[39m
                  [33md[39m=[32m"M4 19h16"[39m
                [36m/>[39m
              [36m</svg>[39m
            [36m</button>[39m
            [36m<span[39m
              [33mclass[39m=[32m"brand-mark"[39m
            [36m>[39m
              [36m<svg[39m
                [33maria-hidden[39m=[32m"true"[39m
                [33mclass[39m=[32m"lucide lucide-database"[39m
                [33mfill[39m=[32m"none"[39m
                [33mheight[39m=[32m"20"[39m
                [33mstroke[39m=[32m"currentColor"[39m
                [33mstroke-linecap[39m=[32m"round"[39m
                [33mstroke-linejoin[39m=[32m"round"[39m
                [33mstroke-width[39m=[32m"1.8"[39m
                [33mviewBox[39m=[32m"0 0 24 24"[39m
                [33mwidth[39m=[32m"20"[39m
                [33mxmlns[39m=[32m"http://www.w3.org/2000/svg"[39m
              [36m>[39m
                [36m<ellipse[39m
                  [33mcx[39m=[32m"12"[39m
                  [33mcy[39m=[32m"5"[39m
                  [33mrx[39m=[32m"9"[39m
                  [33mry[39m=[32m"3"[39m
                [36m/>[39m
                [36m<path[39m
                  [33md[39m=[32m"M3 5V19A9 3 0 0 0 21 19V5"[39m
                [36m/>[39m
                [36m<path[39m
                  [33md[39m=[32m"M3 12A9 3 0 0 0 21 12"[39m
                [36m/>[39m
              [36m</svg>[39m
            [36m</span>[39m
            [36m<strong>[39m
              [0m关系型配置中心[0m
            [36m</strong>[39m
          [36m</div>[39m
          [36m<div[39m
            [33mclass[39m=[32m"header-breadcrumb"[39m
          [36m>[39m
            [36m<span>[39m
              [0m工作空间[0m
            [36m</span>[39m
            [36m<svg[39m
              [33maria-hidden[39m=[32m"true"[39m
              [33mclass[39m=[32m"lucide lucide-chevron-right"[39m
              [33mfill[39m=[32m"none"[39m
              [33mheight[39m=[32m"14"[39m
              [33mstroke[39m=[32m"currentColor"[39m
              [33mstroke-linecap[39m=[32m"round"[39m
              [33mstroke-linejoin[39m=[32m"round"[39m
              [33mstroke-width[39m=[32m"2"[39m
              [33mviewBox[39m=[32m"0 0 24 24"[39m
              [33mwidth[39m=[32m"14"[39m
              [33mxmlns[39m=[32m"http://www.w3.org/2000/svg"[39m
            [36m>[39m
              [36m<path[39m
                [33md[39m=[32m"m9 18 6-6-6-6"[39m
              [36m/>[39m
            [36m</svg>[39m
            [36m<strong>[39m
              [0m配置管理[0m
            [36m</strong>[39m
          [36m</div>[39m
          [36m<span[39m
            [33mclass[39m=[32m"inline-flex w-fit shrink-0 items-center justify-center gap-1 overflow-hidden rounded-full border px-2 py-0.5 text-xs font-medium whitespace-nowrap transition-[color,box-shadow] focus-visible:border-ring focus-visible:ring-[3px] focus-visible:ring-ring/50 aria-invalid:border-destructive aria-invalid:ring-destructive/20 dark:aria-invalid:ring-destructive/40 [&>svg]:pointer-events-none [&>svg]:size-3 border-border text-foreground [a&]:hover:bg-accent [a&]:hover:text-accent-foreground header-status"[39m
            [33mdata-slot[39m=[32m"badge"[39m
            [33mdata-variant[39m=[32m"outline"[39m
          [36m>[39m
            [36m<svg[39m
              [33maria-hidden[39m=[32m"true"[39m
              [33mclass[39m=[32m"lucide lucide-database"[39m
              [33mfill[39m=[32m"none"[39m
              [33mheight[39m=[32m"14"[39m
              [33mstroke[39m=[32m"currentColor"[39m
              [33mstroke-linecap[39m=[32m"round"[39m
              [33mstroke-linejoin[39m=[32m"round"[39m
              [33mstroke-width[39m=[32m"2"[39m
              [33mviewBox[39m=[32m"0 0 24 24"[39m
              [33mwidth[39m=[32m"14"[39m
              [33mxmlns[39m=[32m"http://www.w3.org/2000/svg"[39m
            [36m>[39m
              [36m<ellipse[39m
                [33mcx[39m=[32m"12"[39m
                [33mcy[39m=[32m"5"[39m
                [33mrx[39m=[32m"9"[39m
                [33mry[39m=[32m"3"[39m
              [36m/>[39m
              [36m<path[39m
                [33md[39m=[32m"M3 5V19A9 3 0 0 0 21 19V5"[39m
              [36m/>[39m
              [36m<path[39m
                [33md[39m=[32m"M3 12A9 3 0 0 0 21 12"[39m
              [36m/>[39m
            [36m</svg>[39m
          ...
 ❯ waitForWrapper ../../rcc-issue-103-release-instances/web/node_modules/.pnpm/@testing-library+dom@10.4.1/node_modules/@testing-library/dom/dist/wait-for.js:163:27
 ❯ ../../rcc-issue-103-release-instances/web/node_modules/.pnpm/@testing-library+dom@10.4.1/node_modules/@testing-library/dom/dist/query-helpers.js:86:33
 ❯ src/features/notifications/NotificationsPage.test.tsx:49:33
     47|   const user = userEvent.setup();
     48|   mount("/configuration/notifications?view=handled&table_name=items&st…
     49|   await user.click(await screen.findByRole("link", { name: `查看详情：${sum…
       |                                 ^
     50|   const back = await screen.findByRole("link", { name: "返回通知中心列表" });
     51|   expect(within(screen.getByRole("main")).getByRole("status")).toHaveT…

⎯⎯⎯⎯⎯⎯⎯⎯⎯⎯⎯⎯⎯⎯⎯⎯⎯⎯⎯⎯⎯⎯⎯⎯[7/9]⎯

 FAIL  src/features/notifications/NotificationsPage.test.tsx > 四类视图和筛选写入 URL，分页沿用筛选且一张多表申请只显示一行
TestingLibraryElementError: Unable to find role="link" and name "查看详情：运营与财务共同核对的多表申请"

Ignored nodes: comments, script, style
[36m<body>[39m
  [36m<div>[39m
    [36m<div[39m
      [33maria-hidden[39m=[32m"false"[39m
      [33mclass[39m=[32m"protected-workspace"[39m
      [33mdata-session-status[39m=[32m"ready"[39m
    [36m>[39m
      [36m<div[39m
        [33mclass[39m=[32m"app-shell"[39m
      [36m>[39m
        [36m<header[39m
          [33mclass[39m=[32m"app-header"[39m
        [36m>[39m
          [36m<div[39m
            [33mclass[39m=[32m"brand"[39m
          [36m>[39m
            [36m<button[39m
              [33maria-controls[39m=[32m"primary-navigation"[39m
              [33maria-expanded[39m=[32m"false"[39m
              [33maria-label[39m=[32m"打开导航"[39m
              [33mclass[39m=[32m"inline-flex items-center justify-center gap-2 rounded-md text-sm font-medium whitespace-nowrap transition-all outline-none focus-visible:border-ring focus-visible:ring-[3px] focus-visible:ring-ring/50 disabled:pointer-events-none disabled:opacity-50 aria-invalid:border-destructive aria-invalid:ring-destructive/20 dark:aria-invalid:ring-destructive/40 [&_svg]:pointer-events-none [&_svg]:shrink-0 [&_svg:not([class*='size-'])]:size-4 hover:bg-accent hover:text-accent-foreground dark:hover:bg-accent/50 has-[>svg]:px-3 button size-9 shrink-0 p-0 icon-button mobile-menu"[39m
              [33mdata-size[39m=[32m"default"[39m
              [33mdata-slot[39m=[32m"button"[39m
              [33mdata-variant[39m=[32m"ghost"[39m
            [36m>[39m
              [36m<svg[39m
                [33maria-hidden[39m=[32m"true"[39m
                [33mclass[39m=[32m"lucide lucide-menu"[39m
                [33mfill[39m=[32m"none"[39m
                [33mheight[39m=[32m"20"[39m
                [33mstroke[39m=[32m"currentColor"[39m
                [33mstroke-linecap[39m=[32m"round"[39m
                [33mstroke-linejoin[39m=[32m"round"[39m
                [33mstroke-width[39m=[32m"2"[39m
                [33mviewBox[39m=[32m"0 0 24 24"[39m
                [33mwidth[39m=[32m"20"[39m
                [33mxmlns[39m=[32m"http://www.w3.org/2000/svg"[39m
              [36m>[39m
                [36m<path[39m
                  [33md[39m=[32m"M4 5h16"[39m
                [36m/>[39m
                [36m<path[39m
                  [33md[39m=[32m"M4 12h16"[39m
                [36m/>[39m
                [36m<path[39m
                  [33md[39m=[32m"M4 19h16"[39m
                [36m/>[39m
              [36m</svg>[39m
            [36m</button>[39m
            [36m<span[39m
              [33mclass[39m=[32m"brand-mark"[39m
            [36m>[39m
              [36m<svg[39m
                [33maria-hidden[39m=[32m"true"[39m
                [33mclass[39m=[32m"lucide lucide-database"[39m
                [33mfill[39m=[32m"none"[39m
                [33mheight[39m=[32m"20"[39m
                [33mstroke[39m=[32m"currentColor"[39m
                [33mstroke-linecap[39m=[32m"round"[39m
                [33mstroke-linejoin[39m=[32m"round"[39m
                [33mstroke-width[39m=[32m"1.8"[39m
                [33mviewBox[39m=[32m"0 0 24 24"[39m
                [33mwidth[39m=[32m"20"[39m
                [33mxmlns[39m=[32m"http://www.w3.org/2000/svg"[39m
              [36m>[39m
                [36m<ellipse[39m
                  [33mcx[39m=[32m"12"[39m
                  [33mcy[39m=[32m"5"[39m
                  [33mrx[39m=[32m"9"[39m
                  [33mry[39m=[32m"3"[39m
                [36m/>[39m
                [36m<path[39m
                  [33md[39m=[32m"M3 5V19A9 3 0 0 0 21 19V5"[39m
                [36m/>[39m
                [36m<path[39m
                  [33md[39m=[32m"M3 12A9 3 0 0 0 21 12"[39m
                [36m/>[39m
              [36m</svg>[39m
            [36m</span>[39m
            [36m<strong>[39m
              [0m关系型配置中心[0m
            [36m</strong>[39m
          [36m</div>[39m
          [36m<div[39m
            [33mclass[39m=[32m"header-breadcrumb"[39m
          [36m>[39m
            [36m<span>[39m
              [0m工作空间[0m
            [36m</span>[39m
            [36m<svg[39m
              [33maria-hidden[39m=[32m"true"[39m
              [33mclass[39m=[32m"lucide lucide-chevron-right"[39m
              [33mfill[39m=[32m"none"[39m
              [33mheight[39m=[32m"14"[39m
              [33mstroke[39m=[32m"currentColor"[39m
              [33mstroke-linecap[39m=[32m"round"[39m
              [33mstroke-linejoin[39m=[32m"round"[39m
              [33mstroke-width[39m=[32m"2"[39m
              [33mviewBox[39m=[32m"0 0 24 24"[39m
              [33mwidth[39m=[32m"14"[39m
              [33mxmlns[39m=[32m"http://www.w3.org/2000/svg"[39m
            [36m>[39m
              [36m<path[39m
                [33md[39m=[32m"m9 18 6-6-6-6"[39m
              [36m/>[39m
            [36m</svg>[39m
            [36m<strong>[39m
              [0m配置管理[0m
            [36m</strong>[39m
          [36m</div>[39m
          [36m<span[39m
            [33mclass[39m=[32m"inline-flex w-fit shrink-0 items-center justify-center gap-1 overflow-hidden rounded-full border px-2 py-0.5 text-xs font-medium whitespace-nowrap transition-[color,box-shadow] focus-visible:border-ring focus-visible:ring-[3px] focus-visible:ring-ring/50 aria-invalid:border-destructive aria-invalid:ring-destructive/20 dark:aria-invalid:ring-destructive/40 [&>svg]:pointer-events-none [&>svg]:size-3 border-border text-foreground [a&]:hover:bg-accent [a&]:hover:text-accent-foreground header-status"[39m
            [33mdata-slot[39m=[32m"badge"[39m
            [33mdata-variant[39m=[32m"outline"[39m
          [36m>[39m
            [36m<svg[39m
              [33maria-hidden[39m=[32m"true"[39m
              [33mclass[39m=[32m"lucide lucide-database"[39m
              [33mfill[39m=[32m"none"[39m
              [33mheight[39m=[32m"14"[39m
              [33mstroke[39m=[32m"currentColor"[39m
              [33mstroke-linecap[39m=[32m"round"[39m
              [33mstroke-linejoin[39m=[32m"round"[39m
              [33mstroke-width[39m=[32m"2"[39m
              [33mviewBox[39m=[32m"0 0 24 24"[39m
              [33mwidth[39m=[32m"14"[39m
              [33mxmlns[39m=[32m"http://www.w3.org/2000/svg"[39m
            [36m>[39m
              [36m<ellipse[39m
                [33mcx[39m=[32m"12"[39m
                [33mcy[39m=[32m"5"[39m
                [33mrx[39m=[32m"9"[39m
                [33mry[39m=[32m"3"[39m
              [36m/>[39m
              [36m<path[39m
                [33md[39m=[32m"M3 5V19A9 3 0 0 0 21 19V5"[39m
              [36m/>[39m
              [36m<path[39m
                [33md[39m=[32m"M3 12A9 3 0 0 0 21 12"[39m
              [36m/>[39m
            [36m</svg>[39m
          ...

Ignored nodes: comments, script, style
[36m<body>[39m
  [36m<div>[39m
    [36m<div[39m
      [33maria-hidden[39m=[32m"false"[39m
      [33mclass[39m=[32m"protected-workspace"[39m
      [33mdata-session-status[39m=[32m"ready"[39m
    [36m>[39m
      [36m<div[39m
        [33mclass[39m=[32m"app-shell"[39m
      [36m>[39m
        [36m<header[39m
          [33mclass[39m=[32m"app-header"[39m
        [36m>[39m
          [36m<div[39m
            [33mclass[39m=[32m"brand"[39m
          [36m>[39m
            [36m<button[39m
              [33maria-controls[39m=[32m"primary-navigation"[39m
              [33maria-expanded[39m=[32m"false"[39m
              [33maria-label[39m=[32m"打开导航"[39m
              [33mclass[39m=[32m"inline-flex items-center justify-center gap-2 rounded-md text-sm font-medium whitespace-nowrap transition-all outline-none focus-visible:border-ring focus-visible:ring-[3px] focus-visible:ring-ring/50 disabled:pointer-events-none disabled:opacity-50 aria-invalid:border-destructive aria-invalid:ring-destructive/20 dark:aria-invalid:ring-destructive/40 [&_svg]:pointer-events-none [&_svg]:shrink-0 [&_svg:not([class*='size-'])]:size-4 hover:bg-accent hover:text-accent-foreground dark:hover:bg-accent/50 has-[>svg]:px-3 button size-9 shrink-0 p-0 icon-button mobile-menu"[39m
              [33mdata-size[39m=[32m"default"[39m
              [33mdata-slot[39m=[32m"button"[39m
              [33mdata-variant[39m=[32m"ghost"[39m
            [36m>[39m
              [36m<svg[39m
                [33maria-hidden[39m=[32m"true"[39m
                [33mclass[39m=[32m"lucide lucide-menu"[39m
                [33mfill[39m=[32m"none"[39m
                [33mheight[39m=[32m"20"[39m
                [33mstroke[39m=[32m"currentColor"[39m
                [33mstroke-linecap[39m=[32m"round"[39m
                [33mstroke-linejoin[39m=[32m"round"[39m
                [33mstroke-width[39m=[32m"2"[39m
                [33mviewBox[39m=[32m"0 0 24 24"[39m
                [33mwidth[39m=[32m"20"[39m
                [33mxmlns[39m=[32m"http://www.w3.org/2000/svg"[39m
              [36m>[39m
                [36m<path[39m
                  [33md[39m=[32m"M4 5h16"[39m
                [36m/>[39m
                [36m<path[39m
                  [33md[39m=[32m"M4 12h16"[39m
                [36m/>[39m
                [36m<path[39m
                  [33md[39m=[32m"M4 19h16"[39m
                [36m/>[39m
              [36m</svg>[39m
            [36m</button>[39m
            [36m<span[39m
              [33mclass[39m=[32m"brand-mark"[39m
            [36m>[39m
              [36m<svg[39m
                [33maria-hidden[39m=[32m"true"[39m
                [33mclass[39m=[32m"lucide lucide-database"[39m
                [33mfill[39m=[32m"none"[39m
                [33mheight[39m=[32m"20"[39m
                [33mstroke[39m=[32m"currentColor"[39m
                [33mstroke-linecap[39m=[32m"round"[39m
                [33mstroke-linejoin[39m=[32m"round"[39m
                [33mstroke-width[39m=[32m"1.8"[39m
                [33mviewBox[39m=[32m"0 0 24 24"[39m
                [33mwidth[39m=[32m"20"[39m
                [33mxmlns[39m=[32m"http://www.w3.org/2000/svg"[39m
              [36m>[39m
                [36m<ellipse[39m
                  [33mcx[39m=[32m"12"[39m
                  [33mcy[39m=[32m"5"[39m
                  [33mrx[39m=[32m"9"[39m
                  [33mry[39m=[32m"3"[39m
                [36m/>[39m
                [36m<path[39m
                  [33md[39m=[32m"M3 5V19A9 3 0 0 0 21 19V5"[39m
                [36m/>[39m
                [36m<path[39m
                  [33md[39m=[32m"M3 12A9 3 0 0 0 21 12"[39m
                [36m/>[39m
              [36m</svg>[39m
            [36m</span>[39m
            [36m<strong>[39m
              [0m关系型配置中心[0m
            [36m</strong>[39m
          [36m</div>[39m
          [36m<div[39m
            [33mclass[39m=[32m"header-breadcrumb"[39m
          [36m>[39m
            [36m<span>[39m
              [0m工作空间[0m
            [36m</span>[39m
            [36m<svg[39m
              [33maria-hidden[39m=[32m"true"[39m
              [33mclass[39m=[32m"lucide lucide-chevron-right"[39m
              [33mfill[39m=[32m"none"[39m
              [33mheight[39m=[32m"14"[39m
              [33mstroke[39m=[32m"currentColor"[39m
              [33mstroke-linecap[39m=[32m"round"[39m
              [33mstroke-linejoin[39m=[32m"round"[39m
              [33mstroke-width[39m=[32m"2"[39m
              [33mviewBox[39m=[32m"0 0 24 24"[39m
              [33mwidth[39m=[32m"14"[39m
              [33mxmlns[39m=[32m"http://www.w3.org/2000/svg"[39m
            [36m>[39m
              [36m<path[39m
                [33md[39m=[32m"m9 18 6-6-6-6"[39m
              [36m/>[39m
            [36m</svg>[39m
            [36m<strong>[39m
              [0m配置管理[0m
            [36m</strong>[39m
          [36m</div>[39m
          [36m<span[39m
            [33mclass[39m=[32m"inline-flex w-fit shrink-0 items-center justify-center gap-1 overflow-hidden rounded-full border px-2 py-0.5 text-xs font-medium whitespace-nowrap transition-[color,box-shadow] focus-visible:border-ring focus-visible:ring-[3px] focus-visible:ring-ring/50 aria-invalid:border-destructive aria-invalid:ring-destructive/20 dark:aria-invalid:ring-destructive/40 [&>svg]:pointer-events-none [&>svg]:size-3 border-border text-foreground [a&]:hover:bg-accent [a&]:hover:text-accent-foreground header-status"[39m
            [33mdata-slot[39m=[32m"badge"[39m
            [33mdata-variant[39m=[32m"outline"[39m
          [36m>[39m
            [36m<svg[39m
              [33maria-hidden[39m=[32m"true"[39m
              [33mclass[39m=[32m"lucide lucide-database"[39m
              [33mfill[39m=[32m"none"[39m
              [33mheight[39m=[32m"14"[39m
              [33mstroke[39m=[32m"currentColor"[39m
              [33mstroke-linecap[39m=[32m"round"[39m
              [33mstroke-linejoin[39m=[32m"round"[39m
              [33mstroke-width[39m=[32m"2"[39m
              [33mviewBox[39m=[32m"0 0 24 24"[39m
              [33mwidth[39m=[32m"14"[39m
              [33mxmlns[39m=[32m"http://www.w3.org/2000/svg"[39m
            [36m>[39m
              [36m<ellipse[39m
                [33mcx[39m=[32m"12"[39m
                [33mcy[39m=[32m"5"[39m
                [33mrx[39m=[32m"9"[39m
                [33mry[39m=[32m"3"[39m
              [36m/>[39m
              [36m<path[39m
                [33md[39m=[32m"M3 5V19A9 3 0 0 0 21 19V5"[39m
              [36m/>[39m
              [36m<path[39m
                [33md[39m=[32m"M3 12A9 3 0 0 0 21 12"[39m
              [36m/>[39m
            [36m</svg>[39m
          ...
 ❯ waitForWrapper ../../rcc-issue-103-release-instances/web/node_modules/.pnpm/@testing-library+dom@10.4.1/node_modules/@testing-library/dom/dist/wait-for.js:163:27
 ❯ ../../rcc-issue-103-release-instances/web/node_modules/.pnpm/@testing-library+dom@10.4.1/node_modules/@testing-library/dom/dist/query-helpers.js:86:33
 ❯ src/features/notifications/NotificationsPage.test.tsx:84:16
     82|   const user = userEvent.setup();
     83|   mount();
     84|   await screen.findByRole("link", { name: `查看详情：${summary.title}` });
       |                ^
     85|   expect(screen.getByRole("row", { name: new RegExp(summary.title) }))…
     86|   expect(screen.getAllByRole("row")).toHaveLength(2);

⎯⎯⎯⎯⎯⎯⎯⎯⎯⎯⎯⎯⎯⎯⎯⎯⎯⎯⎯⎯⎯⎯⎯⎯[8/9]⎯

 FAIL  src/features/notifications/NotificationsPage.test.tsx > 刷新失败保留已知列表并说明读取失败，重试成功后恢复结果
TestingLibraryElementError: Unable to find role="link" and name "查看详情：运营与财务共同核对的多表申请"

Ignored nodes: comments, script, style
[36m<body>[39m
  [36m<div>[39m
    [36m<div[39m
      [33maria-hidden[39m=[32m"false"[39m
      [33mclass[39m=[32m"protected-workspace"[39m
      [33mdata-session-status[39m=[32m"ready"[39m
    [36m>[39m
      [36m<div[39m
        [33mclass[39m=[32m"app-shell"[39m
      [36m>[39m
        [36m<header[39m
          [33mclass[39m=[32m"app-header"[39m
        [36m>[39m
          [36m<div[39m
            [33mclass[39m=[32m"brand"[39m
          [36m>[39m
            [36m<button[39m
              [33maria-controls[39m=[32m"primary-navigation"[39m
              [33maria-expanded[39m=[32m"false"[39m
              [33maria-label[39m=[32m"打开导航"[39m
              [33mclass[39m=[32m"inline-flex items-center justify-center gap-2 rounded-md text-sm font-medium whitespace-nowrap transition-all outline-none focus-visible:border-ring focus-visible:ring-[3px] focus-visible:ring-ring/50 disabled:pointer-events-none disabled:opacity-50 aria-invalid:border-destructive aria-invalid:ring-destructive/20 dark:aria-invalid:ring-destructive/40 [&_svg]:pointer-events-none [&_svg]:shrink-0 [&_svg:not([class*='size-'])]:size-4 hover:bg-accent hover:text-accent-foreground dark:hover:bg-accent/50 has-[>svg]:px-3 button size-9 shrink-0 p-0 icon-button mobile-menu"[39m
              [33mdata-size[39m=[32m"default"[39m
              [33mdata-slot[39m=[32m"button"[39m
              [33mdata-variant[39m=[32m"ghost"[39m
            [36m>[39m
              [36m<svg[39m
                [33maria-hidden[39m=[32m"true"[39m
                [33mclass[39m=[32m"lucide lucide-menu"[39m
                [33mfill[39m=[32m"none"[39m
                [33mheight[39m=[32m"20"[39m
                [33mstroke[39m=[32m"currentColor"[39m
                [33mstroke-linecap[39m=[32m"round"[39m
                [33mstroke-linejoin[39m=[32m"round"[39m
                [33mstroke-width[39m=[32m"2"[39m
                [33mviewBox[39m=[32m"0 0 24 24"[39m
                [33mwidth[39m=[32m"20"[39m
                [33mxmlns[39m=[32m"http://www.w3.org/2000/svg"[39m
              [36m>[39m
                [36m<path[39m
                  [33md[39m=[32m"M4 5h16"[39m
                [36m/>[39m
                [36m<path[39m
                  [33md[39m=[32m"M4 12h16"[39m
                [36m/>[39m
                [36m<path[39m
                  [33md[39m=[32m"M4 19h16"[39m
                [36m/>[39m
              [36m</svg>[39m
            [36m</button>[39m
            [36m<span[39m
              [33mclass[39m=[32m"brand-mark"[39m
            [36m>[39m
              [36m<svg[39m
                [33maria-hidden[39m=[32m"true"[39m
                [33mclass[39m=[32m"lucide lucide-database"[39m
                [33mfill[39m=[32m"none"[39m
                [33mheight[39m=[32m"20"[39m
                [33mstroke[39m=[32m"currentColor"[39m
                [33mstroke-linecap[39m=[32m"round"[39m
                [33mstroke-linejoin[39m=[32m"round"[39m
                [33mstroke-width[39m=[32m"1.8"[39m
                [33mviewBox[39m=[32m"0 0 24 24"[39m
                [33mwidth[39m=[32m"20"[39m
                [33mxmlns[39m=[32m"http://www.w3.org/2000/svg"[39m
              [36m>[39m
                [36m<ellipse[39m
                  [33mcx[39m=[32m"12"[39m
                  [33mcy[39m=[32m"5"[39m
                  [33mrx[39m=[32m"9"[39m
                  [33mry[39m=[32m"3"[39m
                [36m/>[39m
                [36m<path[39m
                  [33md[39m=[32m"M3 5V19A9 3 0 0 0 21 19V5"[39m
                [36m/>[39m
                [36m<path[39m
                  [33md[39m=[32m"M3 12A9 3 0 0 0 21 12"[39m
                [36m/>[39m
              [36m</svg>[39m
            [36m</span>[39m
            [36m<strong>[39m
              [0m关系型配置中心[0m
            [36m</strong>[39m
          [36m</div>[39m
          [36m<div[39m
            [33mclass[39m=[32m"header-breadcrumb"[39m
          [36m>[39m
            [36m<span>[39m
              [0m工作空间[0m
            [36m</span>[39m
            [36m<svg[39m
              [33maria-hidden[39m=[32m"true"[39m
              [33mclass[39m=[32m"lucide lucide-chevron-right"[39m
              [33mfill[39m=[32m"none"[39m
              [33mheight[39m=[32m"14"[39m
              [33mstroke[39m=[32m"currentColor"[39m
              [33mstroke-linecap[39m=[32m"round"[39m
              [33mstroke-linejoin[39m=[32m"round"[39m
              [33mstroke-width[39m=[32m"2"[39m
              [33mviewBox[39m=[32m"0 0 24 24"[39m
              [33mwidth[39m=[32m"14"[39m
              [33mxmlns[39m=[32m"http://www.w3.org/2000/svg"[39m
            [36m>[39m
              [36m<path[39m
                [33md[39m=[32m"m9 18 6-6-6-6"[39m
              [36m/>[39m
            [36m</svg>[39m
            [36m<strong>[39m
              [0m配置管理[0m
            [36m</strong>[39m
          [36m</div>[39m
          [36m<span[39m
            [33mclass[39m=[32m"inline-flex w-fit shrink-0 items-center justify-center gap-1 overflow-hidden rounded-full border px-2 py-0.5 text-xs font-medium whitespace-nowrap transition-[color,box-shadow] focus-visible:border-ring focus-visible:ring-[3px] focus-visible:ring-ring/50 aria-invalid:border-destructive aria-invalid:ring-destructive/20 dark:aria-invalid:ring-destructive/40 [&>svg]:pointer-events-none [&>svg]:size-3 border-border text-foreground [a&]:hover:bg-accent [a&]:hover:text-accent-foreground header-status"[39m
            [33mdata-slot[39m=[32m"badge"[39m
            [33mdata-variant[39m=[32m"outline"[39m
          [36m>[39m
            [36m<svg[39m
              [33maria-hidden[39m=[32m"true"[39m
              [33mclass[39m=[32m"lucide lucide-database"[39m
              [33mfill[39m=[32m"none"[39m
              [33mheight[39m=[32m"14"[39m
              [33mstroke[39m=[32m"currentColor"[39m
              [33mstroke-linecap[39m=[32m"round"[39m
              [33mstroke-linejoin[39m=[32m"round"[39m
              [33mstroke-width[39m=[32m"2"[39m
              [33mviewBox[39m=[32m"0 0 24 24"[39m
              [33mwidth[39m=[32m"14"[39m
              [33mxmlns[39m=[32m"http://www.w3.org/2000/svg"[39m
            [36m>[39m
              [36m<ellipse[39m
                [33mcx[39m=[32m"12"[39m
                [33mcy[39m=[32m"5"[39m
                [33mrx[39m=[32m"9"[39m
                [33mry[39m=[32m"3"[39m
              [36m/>[39m
              [36m<path[39m
                [33md[39m=[32m"M3 5V19A9 3 0 0 0 21 19V5"[39m
              [36m/>[39m
              [36m<path[39m
                [33md[39m=[32m"M3 12A9 3 0 0 0 21 12"[39m
              [36m/>[39m
            [36m</svg>[39m
          ...

Ignored nodes: comments, script, style
[36m<body>[39m
  [36m<div>[39m
    [36m<div[39m
      [33maria-hidden[39m=[32m"false"[39m
      [33mclass[39m=[32m"protected-workspace"[39m
      [33mdata-session-status[39m=[32m"ready"[39m
    [36m>[39m
      [36m<div[39m
        [33mclass[39m=[32m"app-shell"[39m
      [36m>[39m
        [36m<header[39m
          [33mclass[39m=[32m"app-header"[39m
        [36m>[39m
          [36m<div[39m
            [33mclass[39m=[32m"brand"[39m
          [36m>[39m
            [36m<button[39m
              [33maria-controls[39m=[32m"primary-navigation"[39m
              [33maria-expanded[39m=[32m"false"[39m
              [33maria-label[39m=[32m"打开导航"[39m
              [33mclass[39m=[32m"inline-flex items-center justify-center gap-2 rounded-md text-sm font-medium whitespace-nowrap transition-all outline-none focus-visible:border-ring focus-visible:ring-[3px] focus-visible:ring-ring/50 disabled:pointer-events-none disabled:opacity-50 aria-invalid:border-destructive aria-invalid:ring-destructive/20 dark:aria-invalid:ring-destructive/40 [&_svg]:pointer-events-none [&_svg]:shrink-0 [&_svg:not([class*='size-'])]:size-4 hover:bg-accent hover:text-accent-foreground dark:hover:bg-accent/50 has-[>svg]:px-3 button size-9 shrink-0 p-0 icon-button mobile-menu"[39m
              [33mdata-size[39m=[32m"default"[39m
              [33mdata-slot[39m=[32m"button"[39m
              [33mdata-variant[39m=[32m"ghost"[39m
            [36m>[39m
              [36m<svg[39m
                [33maria-hidden[39m=[32m"true"[39m
                [33mclass[39m=[32m"lucide lucide-menu"[39m
                [33mfill[39m=[32m"none"[39m
                [33mheight[39m=[32m"20"[39m
                [33mstroke[39m=[32m"currentColor"[39m
                [33mstroke-linecap[39m=[32m"round"[39m
                [33mstroke-linejoin[39m=[32m"round"[39m
                [33mstroke-width[39m=[32m"2"[39m
                [33mviewBox[39m=[32m"0 0 24 24"[39m
                [33mwidth[39m=[32m"20"[39m
                [33mxmlns[39m=[32m"http://www.w3.org/2000/svg"[39m
              [36m>[39m
                [36m<path[39m
                  [33md[39m=[32m"M4 5h16"[39m
                [36m/>[39m
                [36m<path[39m
                  [33md[39m=[32m"M4 12h16"[39m
                [36m/>[39m
                [36m<path[39m
                  [33md[39m=[32m"M4 19h16"[39m
                [36m/>[39m
              [36m</svg>[39m
            [36m</button>[39m
            [36m<span[39m
              [33mclass[39m=[32m"brand-mark"[39m
            [36m>[39m
              [36m<svg[39m
                [33maria-hidden[39m=[32m"true"[39m
                [33mclass[39m=[32m"lucide lucide-database"[39m
                [33mfill[39m=[32m"none"[39m
                [33mheight[39m=[32m"20"[39m
                [33mstroke[39m=[32m"currentColor"[39m
                [33mstroke-linecap[39m=[32m"round"[39m
                [33mstroke-linejoin[39m=[32m"round"[39m
                [33mstroke-width[39m=[32m"1.8"[39m
                [33mviewBox[39m=[32m"0 0 24 24"[39m
                [33mwidth[39m=[32m"20"[39m
                [33mxmlns[39m=[32m"http://www.w3.org/2000/svg"[39m
              [36m>[39m
                [36m<ellipse[39m
                  [33mcx[39m=[32m"12"[39m
                  [33mcy[39m=[32m"5"[39m
                  [33mrx[39m=[32m"9"[39m
                  [33mry[39m=[32m"3"[39m
                [36m/>[39m
                [36m<path[39m
                  [33md[39m=[32m"M3 5V19A9 3 0 0 0 21 19V5"[39m
                [36m/>[39m
                [36m<path[39m
                  [33md[39m=[32m"M3 12A9 3 0 0 0 21 12"[39m
                [36m/>[39m
              [36m</svg>[39m
            [36m</span>[39m
            [36m<strong>[39m
              [0m关系型配置中心[0m
            [36m</strong>[39m
          [36m</div>[39m
          [36m<div[39m
            [33mclass[39m=[32m"header-breadcrumb"[39m
          [36m>[39m
            [36m<span>[39m
              [0m工作空间[0m
            [36m</span>[39m
            [36m<svg[39m
              [33maria-hidden[39m=[32m"true"[39m
              [33mclass[39m=[32m"lucide lucide-chevron-right"[39m
              [33mfill[39m=[32m"none"[39m
              [33mheight[39m=[32m"14"[39m
              [33mstroke[39m=[32m"currentColor"[39m
              [33mstroke-linecap[39m=[32m"round"[39m
              [33mstroke-linejoin[39m=[32m"round"[39m
              [33mstroke-width[39m=[32m"2"[39m
              [33mviewBox[39m=[32m"0 0 24 24"[39m
              [33mwidth[39m=[32m"14"[39m
              [33mxmlns[39m=[32m"http://www.w3.org/2000/svg"[39m
            [36m>[39m
              [36m<path[39m
                [33md[39m=[32m"m9 18 6-6-6-6"[39m
              [36m/>[39m
            [36m</svg>[39m
            [36m<strong>[39m
              [0m配置管理[0m
            [36m</strong>[39m
          [36m</div>[39m
          [36m<span[39m
            [33mclass[39m=[32m"inline-flex w-fit shrink-0 items-center justify-center gap-1 overflow-hidden rounded-full border px-2 py-0.5 text-xs font-medium whitespace-nowrap transition-[color,box-shadow] focus-visible:border-ring focus-visible:ring-[3px] focus-visible:ring-ring/50 aria-invalid:border-destructive aria-invalid:ring-destructive/20 dark:aria-invalid:ring-destructive/40 [&>svg]:pointer-events-none [&>svg]:size-3 border-border text-foreground [a&]:hover:bg-accent [a&]:hover:text-accent-foreground header-status"[39m
            [33mdata-slot[39m=[32m"badge"[39m
            [33mdata-variant[39m=[32m"outline"[39m
          [36m>[39m
            [36m<svg[39m
              [33maria-hidden[39m=[32m"true"[39m
              [33mclass[39m=[32m"lucide lucide-database"[39m
              [33mfill[39m=[32m"none"[39m
              [33mheight[39m=[32m"14"[39m
              [33mstroke[39m=[32m"currentColor"[39m
              [33mstroke-linecap[39m=[32m"round"[39m
              [33mstroke-linejoin[39m=[32m"round"[39m
              [33mstroke-width[39m=[32m"2"[39m
              [33mviewBox[39m=[32m"0 0 24 24"[39m
              [33mwidth[39m=[32m"14"[39m
              [33mxmlns[39m=[32m"http://www.w3.org/2000/svg"[39m
            [36m>[39m
              [36m<ellipse[39m
                [33mcx[39m=[32m"12"[39m
                [33mcy[39m=[32m"5"[39m
                [33mrx[39m=[32m"9"[39m
                [33mry[39m=[32m"3"[39m
              [36m/>[39m
              [36m<path[39m
                [33md[39m=[32m"M3 5V19A9 3 0 0 0 21 19V5"[39m
              [36m/>[39m
              [36m<path[39m
                [33md[39m=[32m"M3 12A9 3 0 0 0 21 12"[39m
              [36m/>[39m
            [36m</svg>[39m
          ...
 ❯ waitForWrapper ../../rcc-issue-103-release-instances/web/node_modules/.pnpm/@testing-library+dom@10.4.1/node_modules/@testing-library/dom/dist/wait-for.js:163:27
 ❯ ../../rcc-issue-103-release-instances/web/node_modules/.pnpm/@testing-library+dom@10.4.1/node_modules/@testing-library/dom/dist/query-helpers.js:86:33
 ❯ src/features/notifications/NotificationsPage.test.tsx:126:16
    124|   const user = userEvent.setup();
    125|   mount();
    126|   await screen.findByRole("link", { name: `查看详情：${summary.title}` });
       |                ^
    127|   await user.click(screen.getByRole("button", { name: "刷新列表" }));
    128|   expect(await screen.findByRole("alert")).toHaveTextContent("notifica…

⎯⎯⎯⎯⎯⎯⎯⎯⎯⎯⎯⎯⎯⎯⎯⎯⎯⎯⎯⎯⎯⎯⎯⎯[9/9]⎯


 Test Files  2 failed | 8 passed (10)
      Tests  9 failed | 166 passed (175)
   Start at  11:33:34
   Duration  27.51s (transform 6.13s, setup 4.05s, import 11.77s, tests 73.50s, environment 7.72s)

 ELIFECYCLE  Command failed with exit code 1.
