2026-09-12T06:48:07.8843878Z Current runner version: '2.337.0'
2026-09-12T06:48:07.8878140Z ##[group]Runner Image Provisioner
2026-09-12T06:48:07.8879508Z Hosted Compute Agent
2026-09-12T06:48:07.8880472Z Version: 20260828.587
2026-09-12T06:48:07.8881546Z Commit: abac92662cab4cc7352de4f9f9d2e2419aad9c29
2026-09-12T06:48:07.8882884Z Build Date: 2026-08-28T16:44:25Z
2026-09-12T06:48:07.8884056Z Worker ID: {50ba8cdc-f4df-42ec-9e4f-393ac9370267}
2026-09-12T06:48:07.8885319Z Azure Region: eastus
2026-09-12T06:48:07.8886534Z ##[endgroup]
2026-09-12T06:48:07.8888825Z ##[group]Operating System
2026-09-12T06:48:07.8889948Z Ubuntu
2026-09-12T06:48:07.8890769Z 24.04.5
2026-09-12T06:48:07.8891650Z LTS
2026-09-12T06:48:07.8892444Z ##[endgroup]
2026-09-12T06:48:07.8893461Z ##[group]Runner Image
2026-09-12T06:48:07.8894569Z Image: ubuntu-24.04
2026-09-12T06:48:07.8895428Z Version: 20260907.300.1
2026-09-12T06:48:07.8897814Z Included Software: https://github.com/actions/runner-images/blob/ubuntu24/20260907.300/images/ubuntu/Ubuntu2404-Readme.md
2026-09-12T06:48:07.8900601Z Image Release: https://github.com/actions/runner-images/releases/tag/ubuntu24%2F20260907.300
2026-09-12T06:48:07.8902329Z ##[endgroup]
2026-09-12T06:48:07.8904164Z ##[group]GITHUB_TOKEN Permissions
2026-09-12T06:48:07.8906987Z Contents: read
2026-09-12T06:48:07.8908061Z Metadata: read
2026-09-12T06:48:07.8908976Z ##[endgroup]
2026-09-12T06:48:07.8911908Z Secret source: Actions
2026-09-12T06:48:07.8913494Z Cache mode: write
2026-09-12T06:48:07.8914694Z Prepare workflow directory
2026-09-12T06:48:07.9384769Z Prepare all required actions
2026-09-12T06:48:07.9455720Z Getting action download info
2026-09-12T06:48:08.1991696Z Download action repository 'actions/checkout@v7' (SHA:3d3c42e5aac5ba805825da76410c181273ba90b1)
2026-09-12T06:48:08.3235822Z Download action repository 'pnpm/action-setup@v6' (SHA:0977fd99725f1db4007ccb2928dbb4e90d06cc86)
2026-09-12T06:48:08.4625062Z Download action repository 'actions/setup-node@v7' (SHA:820762786026740c76f36085b0efc47a31fe5020)
2026-09-12T06:48:08.5434813Z Download action repository 'actions/setup-go@v7' (SHA:b7ad1dad31e06c5925ef5d2fc7ad053ef454303e)
2026-09-12T06:48:08.7079943Z Download action repository 'actions/upload-artifact@v6' (SHA:b7c566a772e6b6bfb58ed0dc250532a479d7789f)
2026-09-12T06:48:08.9835062Z Complete job name: Browser acceptance
2026-09-12T06:48:09.0797233Z ##[group]Run actions/checkout@v7
2026-09-12T06:48:09.0798791Z with:
2026-09-12T06:48:09.0799797Z   repository: asherzj/relational-config-center
2026-09-12T06:48:09.0808637Z   token: ***
2026-09-12T06:48:09.0809531Z   ssh-strict: true
2026-09-12T06:48:09.0810457Z   ssh-user: git
2026-09-12T06:48:09.0811391Z   persist-credentials: true
2026-09-12T06:48:09.0812422Z   clean: true
2026-09-12T06:48:09.0813353Z   sparse-checkout-cone-mode: true
2026-09-12T06:48:09.0814466Z   fetch-depth: 1
2026-09-12T06:48:09.0815369Z   fetch-tags: false
2026-09-12T06:48:09.0816495Z   show-progress: true
2026-09-12T06:48:09.0817434Z   lfs: false
2026-09-12T06:48:09.0818325Z   submodules: false
2026-09-12T06:48:09.0819315Z   set-safe-directory: true
2026-09-12T06:48:09.0820370Z   allow-unsafe-pr-checkout: false
2026-09-12T06:48:09.0821770Z ##[endgroup]
2026-09-12T06:48:09.1894859Z Syncing repository: asherzj/relational-config-center
2026-09-12T06:48:09.1898588Z ##[group]Getting Git version info
2026-09-12T06:48:09.1900514Z Working directory is '/home/runner/work/relational-config-center/relational-config-center'
2026-09-12T06:48:09.1903665Z [command]/usr/bin/git version
2026-09-12T06:48:09.1998401Z git version 2.55.0
2026-09-12T06:48:09.2023642Z ##[endgroup]
2026-09-12T06:48:09.2116604Z Temporarily overriding HOME='/home/runner/work/_temp/4d563c5a-ecfd-476d-828a-f8e3c8ecb5f9' before making global git config changes
2026-09-12T06:48:09.2122127Z Adding repository directory to the temporary git global config as a safe directory
2026-09-12T06:48:09.2127246Z [command]/usr/bin/git config --global --add safe.directory /home/runner/work/relational-config-center/relational-config-center
2026-09-12T06:48:09.2134134Z Deleting the contents of '/home/runner/work/relational-config-center/relational-config-center'
2026-09-12T06:48:09.2138491Z ##[group]Determining repository object format
2026-09-12T06:48:09.2141029Z ##[endgroup]
2026-09-12T06:48:09.2142946Z ##[group]Initializing the repository
2026-09-12T06:48:09.2145920Z [command]/usr/bin/git init /home/runner/work/relational-config-center/relational-config-center
2026-09-12T06:48:09.2276752Z hint: Using 'master' as the name for the initial branch. This default branch name
2026-09-12T06:48:09.2279119Z hint: will change to "main" in Git 3.0. To configure the initial branch name
2026-09-12T06:48:09.2281293Z hint: to use in all of your new repositories, which will suppress this warning,
2026-09-12T06:48:09.2283170Z hint: call:
2026-09-12T06:48:09.2284604Z hint:
2026-09-12T06:48:09.2286457Z hint: 	git config --global init.defaultBranch <name>
2026-09-12T06:48:09.2288716Z hint:
2026-09-12T06:48:09.2290730Z hint: Names commonly chosen instead of 'master' are 'main', 'trunk' and
2026-09-12T06:48:09.2294097Z hint: 'development'. The just-created branch can be renamed via this command:
2026-09-12T06:48:09.2299636Z hint:
2026-09-12T06:48:09.2301111Z hint: 	git branch -m <name>
2026-09-12T06:48:09.2302676Z hint:
2026-09-12T06:48:09.2305178Z hint: Disable this message with "git config set advice.defaultBranchName false"
2026-09-12T06:48:09.2310771Z Initialized empty Git repository in /home/runner/work/relational-config-center/relational-config-center/.git/
2026-09-12T06:48:09.2318315Z [command]/usr/bin/git remote add origin https://github.com/asherzj/relational-config-center
2026-09-12T06:48:09.2326412Z ##[endgroup]
2026-09-12T06:48:09.2328950Z ##[group]Disabling automatic garbage collection
2026-09-12T06:48:09.2331378Z [command]/usr/bin/git config --local gc.auto 0
2026-09-12T06:48:09.2382021Z ##[endgroup]
2026-09-12T06:48:09.2384597Z ##[group]Setting up auth
2026-09-12T06:48:09.2386529Z Removing SSH command configuration
2026-09-12T06:48:09.2389381Z [command]/usr/bin/git config --local --name-only --get-regexp core\.sshCommand
2026-09-12T06:48:09.2424901Z [command]/usr/bin/git submodule foreach --recursive sh -c "git config --local --name-only --get-regexp 'core\.sshCommand' && git config --local --unset-all 'core.sshCommand' || :"
2026-09-12T06:48:09.2842951Z Removing HTTP extra header
2026-09-12T06:48:09.2848585Z [command]/usr/bin/git config --local --name-only --get-regexp http\.https\:\/\/github\.com\/\.extraheader
2026-09-12T06:48:09.2887735Z [command]/usr/bin/git submodule foreach --recursive sh -c "git config --local --name-only --get-regexp 'http\.https\:\/\/github\.com\/\.extraheader' && git config --local --unset-all 'http.https://github.com/.extraheader' || :"
2026-09-12T06:48:09.3105646Z Removing includeIf entries pointing to credentials config files
2026-09-12T06:48:09.3111049Z [command]/usr/bin/git config --local --name-only --get-regexp ^includeIf\.gitdir:
2026-09-12T06:48:09.3147235Z [command]/usr/bin/git submodule foreach --recursive git config --local --show-origin --name-only --get-regexp remote.origin.url
2026-09-12T06:48:09.3377115Z [command]/usr/bin/git config --file /home/runner/work/_temp/git-credentials-497719ec-7b5e-4bd0-89d3-f8f1ee99aaf3.config http.https://github.com/.extraheader AUTHORIZATION: basic ***
2026-09-12T06:48:09.3418202Z [command]/usr/bin/git config --local includeIf.gitdir:/home/runner/work/relational-config-center/relational-config-center/.git.path /home/runner/work/_temp/git-credentials-497719ec-7b5e-4bd0-89d3-f8f1ee99aaf3.config
2026-09-12T06:48:09.3453194Z [command]/usr/bin/git config --local includeIf.gitdir:/home/runner/work/relational-config-center/relational-config-center/.git/worktrees/*.path /home/runner/work/_temp/git-credentials-497719ec-7b5e-4bd0-89d3-f8f1ee99aaf3.config
2026-09-12T06:48:09.3491123Z [command]/usr/bin/git config --local includeIf.gitdir:/github/workspace/.git.path /github/runner_temp/git-credentials-497719ec-7b5e-4bd0-89d3-f8f1ee99aaf3.config
2026-09-12T06:48:09.3527028Z [command]/usr/bin/git config --local includeIf.gitdir:/github/workspace/.git/worktrees/*.path /github/runner_temp/git-credentials-497719ec-7b5e-4bd0-89d3-f8f1ee99aaf3.config
2026-09-12T06:48:09.3559627Z ##[endgroup]
2026-09-12T06:48:09.3561297Z ##[group]Fetching the repository
2026-09-12T06:48:09.3565332Z [command]/usr/bin/git -c protocol.version=2 fetch --no-tags --prune --no-recurse-submodules --depth=1 origin +bbc2de564ba97c570f7496516e94c6f989c0ab8c:refs/remotes/pull/111/merge
2026-09-12T06:48:21.1712358Z From https://github.com/asherzj/relational-config-center
2026-09-12T06:48:21.1713131Z  * [new ref]         bbc2de564ba97c570f7496516e94c6f989c0ab8c -> pull/111/merge
2026-09-12T06:48:21.1717186Z ##[endgroup]
2026-09-12T06:48:21.1717870Z ##[group]Determining the checkout info
2026-09-12T06:48:21.1718856Z ##[endgroup]
2026-09-12T06:48:21.1748626Z [command]/usr/bin/git sparse-checkout disable
2026-09-12T06:48:21.1812419Z [command]/usr/bin/git config --local --unset-all extensions.worktreeConfig
2026-09-12T06:48:21.1851749Z ##[group]Checking out the ref
2026-09-12T06:48:21.1857970Z [command]/usr/bin/git checkout --progress --force refs/remotes/pull/111/merge
2026-09-12T06:48:22.2072276Z Updating files:  71% (2988/4185)
2026-09-12T06:48:22.2095704Z Updating files:  72% (3014/4185)
2026-09-12T06:48:22.2141567Z Updating files:  73% (3056/4185)
2026-09-12T06:48:22.2275945Z Updating files:  74% (3097/4185)
2026-09-12T06:48:22.2312575Z Updating files:  75% (3139/4185)
2026-09-12T06:48:22.2540324Z Updating files:  76% (3181/4185)
2026-09-12T06:48:22.2761621Z Updating files:  77% (3223/4185)
2026-09-12T06:48:22.2983434Z Updating files:  78% (3265/4185)
2026-09-12T06:48:22.3057802Z Updating files:  79% (3307/4185)
2026-09-12T06:48:22.3086315Z Updating files:  80% (3348/4185)
2026-09-12T06:48:22.3129261Z Updating files:  81% (3390/4185)
2026-09-12T06:48:22.3168537Z Updating files:  82% (3432/4185)
2026-09-12T06:48:22.3187962Z Updating files:  83% (3474/4185)
2026-09-12T06:48:22.3269373Z Updating files:  84% (3516/4185)
2026-09-12T06:48:22.3325623Z Updating files:  85% (3558/4185)
2026-09-12T06:48:22.3396864Z Updating files:  86% (3600/4185)
2026-09-12T06:48:22.3541875Z Updating files:  87% (3641/4185)
2026-09-12T06:48:22.3648883Z Updating files:  88% (3683/4185)
2026-09-12T06:48:22.3725845Z Updating files:  89% (3725/4185)
2026-09-12T06:48:22.3845200Z Updating files:  90% (3767/4185)
2026-09-12T06:48:22.3970038Z Updating files:  91% (3809/4185)
2026-09-12T06:48:22.4067420Z Updating files:  92% (3851/4185)
2026-09-12T06:48:22.4139829Z Updating files:  93% (3893/4185)
2026-09-12T06:48:22.4170269Z Updating files:  94% (3934/4185)
2026-09-12T06:48:22.4210247Z Updating files:  95% (3976/4185)
2026-09-12T06:48:22.4230437Z Updating files:  96% (4018/4185)
2026-09-12T06:48:22.4262793Z Updating files:  97% (4060/4185)
2026-09-12T06:48:22.4292077Z Updating files:  98% (4102/4185)
2026-09-12T06:48:22.4317293Z Updating files:  99% (4144/4185)
2026-09-12T06:48:22.4318138Z Updating files: 100% (4185/4185)
2026-09-12T06:48:22.4318705Z Updating files: 100% (4185/4185), done.
2026-09-12T06:48:22.4368188Z Note: switching to 'refs/remotes/pull/111/merge'.
2026-09-12T06:48:22.4368670Z 
2026-09-12T06:48:22.4369020Z You are in 'detached HEAD' state. You can look around, make experimental
2026-09-12T06:48:22.4369529Z changes and commit them, and you can discard any commits you make in this
2026-09-12T06:48:22.4370567Z state without impacting any branches by switching back to a branch.
2026-09-12T06:48:22.4371078Z 
2026-09-12T06:48:22.4371415Z If you want to create a new branch to retain commits you create, you may
2026-09-12T06:48:22.4372201Z do so (now or later) by using -c with the switch command. Example:
2026-09-12T06:48:22.4372672Z 
2026-09-12T06:48:22.4372855Z   git switch -c <new-branch-name>
2026-09-12T06:48:22.4373166Z 
2026-09-12T06:48:22.4373328Z Or undo this operation with:
2026-09-12T06:48:22.4373599Z 
2026-09-12T06:48:22.4373743Z   git switch -
2026-09-12T06:48:22.4373982Z 
2026-09-12T06:48:22.4374348Z Turn off this advice by setting config variable advice.detachedHead to false
2026-09-12T06:48:22.4375074Z 
2026-09-12T06:48:22.4375655Z HEAD is now at bbc2de5 Merge d4f12028732086769006cf7b55d7c19a2b0e036b into a306c94f484a5a4796f727bc4a37c192d9538bef
2026-09-12T06:48:22.4426844Z ##[endgroup]
2026-09-12T06:48:22.4475758Z [command]/usr/bin/git log -1 --format=%H
2026-09-12T06:48:22.4504968Z bbc2de564ba97c570f7496516e94c6f989c0ab8c
2026-09-12T06:48:22.4745168Z ##[group]Run pnpm/action-setup@v6
2026-09-12T06:48:22.4745470Z with:
2026-09-12T06:48:22.4745664Z   version: 10.28.2
2026-09-12T06:48:22.4745871Z   dest: ~/setup-pnpm
2026-09-12T06:48:22.4746307Z   run_install: null
2026-09-12T06:48:22.4746517Z   cache: false
2026-09-12T06:48:22.4746744Z   cache_dependency_path: pnpm-lock.yaml
2026-09-12T06:48:22.4747034Z   package_json_file: package.json
2026-09-12T06:48:22.4747279Z   standalone: false
2026-09-12T06:48:22.4747480Z ##[endgroup]
2026-09-12T06:48:22.6207994Z ##[group]Running self-installer...
2026-09-12T06:48:24.4525552Z 
2026-09-12T06:48:24.4526561Z added 1 package, and audited 2 packages in 2s
2026-09-12T06:48:24.4527111Z 
2026-09-12T06:48:24.4527299Z 1 package is looking for funding
2026-09-12T06:48:24.4527757Z   run `npm fund` for details
2026-09-12T06:48:24.4534449Z 
2026-09-12T06:48:24.4534667Z found 0 vulnerabilities
2026-09-12T06:48:25.0730802Z Checking for updates...
2026-09-12T06:48:25.3510928Z Switching pnpm from v11.19.0 to v10.28.2...
2026-09-12T06:48:25.7870016Z .../v11/914-1a0945fdd0f-9c34762dea11d759 | Progress: resolved 1, reused 0, downloaded 0, added 0
2026-09-12T06:48:25.7891150Z .../v11/914-1a0945fdd0f-9c34762dea11d759 |   +1 +
2026-09-12T06:48:26.0358800Z .../v11/914-1a0945fdd0f-9c34762dea11d759 | Progress: resolved 1, reused 0, downloaded 1, added 1, done
2026-09-12T06:48:26.4258388Z [WARN] Detected a pnpm v10 installation layout at PNPM_HOME. The pnpm shims at PNPM_HOME have been refreshed so the new version is active, but pnpm v11 expects bins in PNPM_HOME/bin. Run "pnpm setup" to migrate your PATH to the v11 layout.
2026-09-12T06:48:26.4284635Z Successfully updated pnpm to v10.28.2
2026-09-12T06:48:26.4562105Z ##[endgroup]
2026-09-12T06:48:26.4562459Z Installation Completed!
2026-09-12T06:48:26.4746422Z ##[group]Run actions/setup-node@v7
2026-09-12T06:48:26.4746713Z with:
2026-09-12T06:48:26.4746911Z   node-version: 24.19.0
2026-09-12T06:48:26.4747126Z   cache: pnpm
2026-09-12T06:48:26.4747357Z   cache-dependency-path: web/pnpm-lock.yaml
2026-09-12T06:48:26.4747653Z   check-latest: false
2026-09-12T06:48:26.4749995Z   token: ***
2026-09-12T06:48:26.4750217Z   package-manager-cache: true
2026-09-12T06:48:26.4750459Z env:
2026-09-12T06:48:26.4750695Z   PNPM_HOME: /home/runner/setup-pnpm/node_modules/.bin
2026-09-12T06:48:26.4750996Z ##[endgroup]
2026-09-12T06:48:26.6022193Z Attempting to download 24.19.0...
2026-09-12T06:48:27.0761250Z Acquiring 24.19.0 - x64 from https://github.com/actions/node-versions/releases/download/24.19.0-30872449280/node-24.19.0-linux-x64.tar.gz
2026-09-12T06:48:27.5532920Z Extracting ...
2026-09-12T06:48:27.5661327Z [command]/usr/bin/tar xz --strip 1 --warning=no-unknown-keyword --overwrite -C /home/runner/work/_temp/5d13c70f-756c-411d-81aa-4a1ec589e2cd -f /home/runner/work/_temp/23f1f272-4718-4b7e-8ef8-32067e04b0ea
2026-09-12T06:48:28.7618553Z Adding to the cache ...
2026-09-12T06:48:30.7555637Z ##[group]Environment details
2026-09-12T06:48:30.9887580Z node: v24.19.0
2026-09-12T06:48:30.9887969Z npm: 11.17.0
2026-09-12T06:48:30.9888283Z yarn: 1.22.22
2026-09-12T06:48:30.9889031Z ##[endgroup]
2026-09-12T06:48:30.9910641Z [command]/home/runner/setup-pnpm/node_modules/.bin/bin/pnpm store path --silent
2026-09-12T06:48:31.3546356Z /home/runner/setup-pnpm/node_modules/.bin/store/v10
2026-09-12T06:48:31.4327300Z Cache hit for: node-cache-Linux-x64-pnpm-0ab8ff3d1d460f6a16e7d5c9dff4cf8b460afcb8675b0a731f32a832b23d8354
2026-09-12T06:48:31.8227397Z Received 49020671 of 49020671 (100.0%), 143.4 MBs/sec
2026-09-12T06:48:31.8228966Z Cache Size: ~47 MB (49020671 B)
2026-09-12T06:48:31.8334614Z [command]/usr/bin/tar -xf /home/runner/work/_temp/87ef719a-3e51-4e6b-9cfd-9da66093e3c3/cache.tzst -P -C /home/runner/work/relational-config-center/relational-config-center --use-compress-program unzstd
2026-09-12T06:48:32.5220920Z Cache restored successfully
2026-09-12T06:48:32.5252445Z Cache restored from key: node-cache-Linux-x64-pnpm-0ab8ff3d1d460f6a16e7d5c9dff4cf8b460afcb8675b0a731f32a832b23d8354
2026-09-12T06:48:32.5454622Z ##[group]Run actions/setup-go@v7
2026-09-12T06:48:32.5454910Z with:
2026-09-12T06:48:32.5455113Z   go-version-file: go.work
2026-09-12T06:48:32.5455411Z   cache-dependency-path: go.work.sum
admin/go.sum

2026-09-12T06:48:32.5455724Z   check-latest: false
2026-09-12T06:48:32.5458353Z   token: ***
2026-09-12T06:48:32.5458567Z   cache: true
2026-09-12T06:48:32.5458758Z env:
2026-09-12T06:48:32.5459003Z   PNPM_HOME: /home/runner/setup-pnpm/node_modules/.bin
2026-09-12T06:48:32.5459315Z ##[endgroup]
2026-09-12T06:48:32.6668813Z Setup go version spec 1.27.0
2026-09-12T06:48:32.6670992Z Attempting to download 1.27.0...
2026-09-12T06:48:33.1007105Z matching 1.27.0...
2026-09-12T06:48:33.1015675Z Acquiring 1.27.0 from https://github.com/actions/go-versions/releases/download/1.27.0-32325163857/go-1.27.0-linux-x64.tar.gz
2026-09-12T06:48:33.6170581Z Extracting Go...
2026-09-12T06:48:33.6290945Z [command]/usr/bin/tar xz --warning=no-unknown-keyword --overwrite -C /home/runner/work/_temp/3c18c145-2ea6-48f9-b666-e5fe7b46c770 -f /home/runner/work/_temp/a0da743b-d541-4c5d-810d-b77274a8882e
2026-09-12T06:48:35.3393936Z Successfully extracted go to /home/runner/work/_temp/3c18c145-2ea6-48f9-b666-e5fe7b46c770
2026-09-12T06:48:35.3395144Z Adding to the cache ...
2026-09-12T06:48:41.0940783Z Successfully cached go to /opt/hostedtoolcache/go/1.27.0/x64
2026-09-12T06:48:41.0943630Z Added go to the path
2026-09-12T06:48:41.0945811Z Successfully set up Go version 1.27.0
2026-09-12T06:48:41.1159868Z [command]/opt/hostedtoolcache/go/1.27.0/x64/bin/go env GOMODCACHE
2026-09-12T06:48:41.1197472Z [command]/opt/hostedtoolcache/go/1.27.0/x64/bin/go env GOCACHE
2026-09-12T06:48:41.1246973Z /home/runner/go/pkg/mod
2026-09-12T06:48:41.1258457Z /home/runner/.cache/go-build
2026-09-12T06:48:41.1895672Z Cache hit for: setup-go-Linux-x64-ubuntu24-go-1.27.0-a4c974d25c2ff2b488ec7c31b3913c3d40db1acfb66ede9ea1799465bdebed65
2026-09-12T06:48:41.7984591Z Received 109330780 of 109330780 (100.0%), 189.6 MBs/sec
2026-09-12T06:48:41.7985808Z Cache Size: ~104 MB (109330780 B)
2026-09-12T06:48:41.8020986Z [command]/usr/bin/tar -xf /home/runner/work/_temp/0d5aab6e-c8e3-4268-9963-91ac1bf7e100/cache.tzst -P -C /home/runner/work/relational-config-center/relational-config-center --use-compress-program unzstd
2026-09-12T06:48:42.9792639Z Cache restored successfully
2026-09-12T06:48:42.9848080Z Cache restored from key: setup-go-Linux-x64-ubuntu24-go-1.27.0-a4c974d25c2ff2b488ec7c31b3913c3d40db1acfb66ede9ea1799465bdebed65
2026-09-12T06:48:42.9852653Z go version go1.27.0 linux/amd64
2026-09-12T06:48:42.9852862Z 
2026-09-12T06:48:42.9853179Z ##[group]go env
2026-09-12T06:48:43.1209906Z AR='ar'
2026-09-12T06:48:43.1210754Z CC='gcc'
2026-09-12T06:48:43.1211575Z CGO_CFLAGS='-O2 -g'
2026-09-12T06:48:43.1217381Z CGO_CPPFLAGS=''
2026-09-12T06:48:43.1218021Z CGO_CXXFLAGS='-O2 -g'
2026-09-12T06:48:43.1218643Z CGO_ENABLED='1'
2026-09-12T06:48:43.1219182Z CGO_FFLAGS='-O2 -g'
2026-09-12T06:48:43.1219781Z CGO_LDFLAGS='-O2 -g'
2026-09-12T06:48:43.1220311Z CXX='g++'
2026-09-12T06:48:43.1220927Z GCCGO='gccgo'
2026-09-12T06:48:43.1221432Z GO111MODULE=''
2026-09-12T06:48:43.1221965Z GOAMD64='v1'
2026-09-12T06:48:43.1222459Z GOARCH='amd64'
2026-09-12T06:48:43.1222997Z GOAUTH='netrc'
2026-09-12T06:48:43.1223556Z GOBIN='/home/runner/go/bin'
2026-09-12T06:48:43.1224283Z GOCACHE='/home/runner/.cache/go-build'
2026-09-12T06:48:43.1224907Z GOCACHEPROG=''
2026-09-12T06:48:43.1225433Z GODEBUG=''
2026-09-12T06:48:43.1226019Z GOENV='/home/runner/.config/go/env'
2026-09-12T06:48:43.1226910Z GOEXE=''
2026-09-12T06:48:43.1227389Z GOEXPERIMENT=''
2026-09-12T06:48:43.1227952Z GOFIPS140='off'
2026-09-12T06:48:43.1228418Z GOFLAGS=''
2026-09-12T06:48:43.1229620Z GOGCCFLAGS='-fPIC -m64 -pthread -Wl,--no-gc-sections -fmessage-length=0 -ffile-prefix-map=/tmp/go-build4095488776=/tmp/go-build -gno-record-gcc-switches'
2026-09-12T06:48:43.1230737Z GOHOSTARCH='amd64'
2026-09-12T06:48:43.1231111Z GOHOSTOS='linux'
2026-09-12T06:48:43.1231414Z GOINSECURE=''
2026-09-12T06:48:43.1231945Z GOMOD='/dev/null'
2026-09-12T06:48:43.1232349Z GOMODCACHE='/home/runner/go/pkg/mod'
2026-09-12T06:48:43.1232748Z GONOPROXY=''
2026-09-12T06:48:43.1233039Z GONOSUMDB=''
2026-09-12T06:48:43.1233374Z GOOS='linux'
2026-09-12T06:48:43.1233723Z GOPACKAGESDRIVER=''
2026-09-12T06:48:43.1234101Z GOPATH='/home/runner/go'
2026-09-12T06:48:43.1234419Z GOPRIVATE=''
2026-09-12T06:48:43.1234850Z GOPROXY='https://proxy.golang.org,direct'
2026-09-12T06:48:43.1235330Z GOROOT='/opt/hostedtoolcache/go/1.27.0/x64'
2026-09-12T06:48:43.1235773Z GOSUMDB='sum.golang.org'
2026-09-12T06:48:43.1236429Z GOTELEMETRY='local'
2026-09-12T06:48:43.1236959Z GOTELEMETRYDIR='/home/runner/.config/go/telemetry'
2026-09-12T06:48:43.1237283Z GOTMPDIR=''
2026-09-12T06:48:43.1237525Z GOTOOLCHAIN='local'
2026-09-12T06:48:43.1237938Z GOTOOLDIR='/opt/hostedtoolcache/go/1.27.0/x64/pkg/tool/linux_amd64'
2026-09-12T06:48:43.1238312Z GOVCS=''
2026-09-12T06:48:43.1238535Z GOVERSION='go1.27.0'
2026-09-12T06:48:43.1239078Z GOWORK='/home/runner/work/relational-config-center/relational-config-center/go.work'
2026-09-12T06:48:43.1239576Z PKG_CONFIG='pkg-config'
2026-09-12T06:48:43.1239736Z 
2026-09-12T06:48:43.1240113Z ##[endgroup]
2026-09-12T06:48:43.1420597Z ##[group]Run docker info
2026-09-12T06:48:43.1420934Z [36;1mdocker info[0m
2026-09-12T06:48:43.1462751Z shell: /usr/bin/bash -e {0}
2026-09-12T06:48:43.1463033Z env:
2026-09-12T06:48:43.1463301Z   PNPM_HOME: /home/runner/setup-pnpm/node_modules/.bin
2026-09-12T06:48:43.1463643Z   GOTOOLCHAIN: local
2026-09-12T06:48:43.1463882Z ##[endgroup]
2026-09-12T06:48:46.6424700Z Client: Docker Engine - Community
2026-09-12T06:48:46.6425360Z  Version:    28.0.4
2026-09-12T06:48:46.6425675Z  Context:    default
2026-09-12T06:48:46.6435118Z  Debug Mode: false
2026-09-12T06:48:46.6435395Z  Plugins:
2026-09-12T06:48:46.6435693Z   buildx: Docker Buildx (Docker Inc.)
2026-09-12T06:48:46.6436319Z     Version:  v0.37.0
2026-09-12T06:48:46.6436746Z     Path:     /usr/libexec/docker/cli-plugins/docker-buildx
2026-09-12T06:48:46.6437568Z   compose: Docker Compose (Docker Inc.)
2026-09-12T06:48:46.6437920Z     Version:  v2.38.2
2026-09-12T06:48:46.6438439Z     Path:     /usr/libexec/docker/cli-plugins/docker-compose
2026-09-12T06:48:46.6438790Z 
2026-09-12T06:48:46.6438887Z Server:
2026-09-12T06:48:46.6439103Z  Containers: 0
2026-09-12T06:48:46.6439325Z   Running: 0
2026-09-12T06:48:46.6439628Z   Paused: 0
2026-09-12T06:48:46.6439934Z   Stopped: 0
2026-09-12T06:48:46.6440148Z  Images: 6
2026-09-12T06:48:46.6440407Z  Server Version: 28.0.4
2026-09-12T06:48:46.6440667Z  Storage Driver: overlay2
2026-09-12T06:48:46.6441127Z   Backing Filesystem: extfs
2026-09-12T06:48:46.6441538Z   Supports d_type: true
2026-09-12T06:48:46.6441963Z   Using metacopy: false
2026-09-12T06:48:46.6442364Z   Native Overlay Diff: false
2026-09-12T06:48:46.6442728Z   userxattr: false
2026-09-12T06:48:46.6442973Z  Logging Driver: json-file
2026-09-12T06:48:46.6443242Z  Cgroup Driver: systemd
2026-09-12T06:48:46.6443490Z  Cgroup Version: 2
2026-09-12T06:48:46.6443741Z  Plugins:
2026-09-12T06:48:46.6443977Z   Volume: local
2026-09-12T06:48:46.6444397Z   Network: bridge host ipvlan macvlan null overlay
2026-09-12T06:48:46.6445529Z   Log: awslogs fluentd gcplogs gelf journald json-file local splunk syslog
2026-09-12T06:48:46.6446399Z  Swarm: inactive
2026-09-12T06:48:46.6446696Z  Runtimes: io.containerd.runc.v2 runc
2026-09-12T06:48:46.6447019Z  Default Runtime: runc
2026-09-12T06:48:46.6447986Z  Init Binary: docker-init
2026-09-12T06:48:46.6448604Z  containerd version: db8809540e1a7a9da5d518876894933ff55692ab
2026-09-12T06:48:46.6449143Z  runc version: v1.5.1-0-g8f2685a4
2026-09-12T06:48:46.6449464Z  init version: de40ad0
2026-09-12T06:48:46.6449715Z  Security Options:
2026-09-12T06:48:46.6450321Z   apparmor
2026-09-12T06:48:46.6450529Z   seccomp
2026-09-12T06:48:46.6450760Z    Profile: builtin
2026-09-12T06:48:46.6451007Z   cgroupns
2026-09-12T06:48:46.6451264Z  Kernel Version: 6.17.0-1022-azure
2026-09-12T06:48:46.6451599Z  Operating System: Ubuntu 24.04.5 LTS
2026-09-12T06:48:46.6451894Z  OSType: linux
2026-09-12T06:48:46.6452129Z  Architecture: x86_64
2026-09-12T06:48:46.6452364Z  CPUs: 4
2026-09-12T06:48:46.6452582Z  Total Memory: 15.61GiB
2026-09-12T06:48:46.6452822Z  Name: runnervmlun5p
2026-09-12T06:48:46.6453113Z  ID: a4efb8b6-20f9-46f4-b827-91ac0547be3a
2026-09-12T06:48:46.6453451Z  Docker Root Dir: /var/lib/docker
2026-09-12T06:48:46.6453737Z  Debug Mode: false
2026-09-12T06:48:46.6453977Z  Username: githubactions
2026-09-12T06:48:46.6454236Z  Experimental: false
2026-09-12T06:48:46.6454476Z  Insecure Registries:
2026-09-12T06:48:46.6454746Z   ::1/128
2026-09-12T06:48:46.6454960Z   127.0.0.0/8
2026-09-12T06:48:46.6455191Z  Live Restore Enabled: false
2026-09-12T06:48:46.6455368Z 
2026-09-12T06:48:46.6512026Z ##[group]Run make test-browser-acceptance
2026-09-12T06:48:46.6512400Z [36;1mmake test-browser-acceptance[0m
2026-09-12T06:48:46.6549508Z shell: /usr/bin/bash -e {0}
2026-09-12T06:48:46.6549767Z env:
2026-09-12T06:48:46.6550034Z   PNPM_HOME: /home/runner/setup-pnpm/node_modules/.bin
2026-09-12T06:48:46.6550367Z   GOTOOLCHAIN: local
2026-09-12T06:48:46.6550693Z   RCC_E2E_ARTIFACTS: /home/runner/work/_temp/rcc-browser-acceptance
2026-09-12T06:48:46.6551077Z   RCC_E2E_ENGINES: chromium,firefox,webkit
2026-09-12T06:48:46.6551356Z ##[endgroup]
2026-09-12T06:48:47.0410802Z Installing pinned Web dependencies and required Playwright browsers...
2026-09-12T06:48:48.0718794Z Lockfile is up to date, resolution step is skipped
2026-09-12T06:48:48.0719655Z Progress: resolved 1, reused 0, downloaded 0, added 0
2026-09-12T06:48:48.0720243Z Packages: +222
2026-09-12T06:48:48.0720894Z ++++++++++++++++++++++++++++++++++++++++++++++++++++++++++++++++++++++++++++++++
2026-09-12T06:48:48.0721998Z Progress: resolved 222, reused 222, downloaded 0, added 222, done
2026-09-12T06:48:48.0722341Z 
2026-09-12T06:48:48.0722460Z dependencies:
2026-09-12T06:48:48.0722761Z + @tanstack/react-query 5.102.3
2026-09-12T06:48:48.0723181Z + class-variance-authority 0.7.1
2026-09-12T06:48:48.0723825Z + cn 0.2.6
2026-09-12T06:48:48.0724262Z + lucide-react 1.34.0
2026-09-12T06:48:48.0724657Z + radix-ui 1.6.7
2026-09-12T06:48:48.0725039Z + react 19.2.8
2026-09-12T06:48:48.0725437Z + react-dom 19.2.8
2026-09-12T06:48:48.0725851Z + react-router-dom 7.18.2
2026-09-12T06:48:48.0726527Z + sonner 2.0.8
2026-09-12T06:48:48.0726914Z + zod 4.4.3
2026-09-12T06:48:48.0727157Z 
2026-09-12T06:48:48.0727390Z devDependencies:
2026-09-12T06:48:48.0727829Z + @tailwindcss/vite 4.3.3
2026-09-12T06:48:48.0728434Z + @testing-library/jest-dom 7.0.1
2026-09-12T06:48:48.0728844Z + @testing-library/react 16.3.2
2026-09-12T06:48:48.0729243Z + @testing-library/user-event 14.6.6
2026-09-12T06:48:48.0729600Z + @types/node 26.3.0
2026-09-12T06:48:48.0729925Z + @types/react 19.2.18
2026-09-12T06:48:48.0730223Z + @types/react-dom 19.2.5
2026-09-12T06:48:48.0730556Z + @vitejs/plugin-react 6.1.0
2026-09-12T06:48:48.0730887Z + fake-indexeddb 6.2.5
2026-09-12T06:48:48.0731157Z + jsdom 30.0.1
2026-09-12T06:48:48.0731431Z + playwright 1.62.1
2026-09-12T06:48:48.0731713Z + tailwindcss 4.3.3
2026-09-12T06:48:48.0731998Z + tw-animate-css 1.4.0
2026-09-12T06:48:48.0732291Z + typescript 7.0.2
2026-09-12T06:48:48.0732555Z + vite 8.2.2
2026-09-12T06:48:48.0732795Z + vitest 4.1.11
2026-09-12T06:48:48.0732947Z 
2026-09-12T06:48:48.0733123Z Done in 958ms using pnpm v10.28.2
2026-09-12T06:49:35.7673132Z Installing dependencies...
2026-09-12T06:49:35.7673995Z Switching to root user to install dependencies...
2026-09-12T06:49:35.7674816Z Get:1 file:/etc/apt/apt-mirrors.txt Mirrorlist [144 B]
2026-09-12T06:49:35.7675842Z Get:6 https://packages.microsoft.com/ubuntu/24.04/prod noble InRelease [3600 B]
2026-09-12T06:49:35.7677284Z Get:7 https://dl.google.com/linux/chrome-stable/deb stable InRelease [2548 B]
2026-09-12T06:49:35.7678656Z Hit:2 http://azure.archive.ubuntu.com/ubuntu noble InRelease
2026-09-12T06:49:35.7679719Z Get:3 http://azure.archive.ubuntu.com/ubuntu noble-updates InRelease [126 kB]
2026-09-12T06:49:35.7680921Z Get:4 http://azure.archive.ubuntu.com/ubuntu noble-backports InRelease [126 kB]
2026-09-12T06:49:35.7682102Z Get:5 http://azure.archive.ubuntu.com/ubuntu noble-security InRelease [126 kB]
2026-09-12T06:49:35.7683303Z Get:8 https://dl.google.com/linux/chrome-stable/deb stable/main amd64 Packages [1413 B]
2026-09-12T06:49:35.7684579Z Get:9 http://azure.archive.ubuntu.com/ubuntu noble-updates/main amd64 Packages [1263 kB]
2026-09-12T06:49:35.7685875Z Get:17 https://packages.microsoft.com/ubuntu/24.04/prod noble/main amd64 Packages [463 kB]
2026-09-12T06:49:35.7687416Z Get:10 http://azure.archive.ubuntu.com/ubuntu noble-updates/main Translation-en [292 kB]
2026-09-12T06:49:35.7689011Z Get:11 http://azure.archive.ubuntu.com/ubuntu noble-updates/main amd64 Components [180 kB]
2026-09-12T06:49:35.7690326Z Get:18 https://packages.microsoft.com/ubuntu/24.04/prod noble/main arm64 Packages [414 kB]
2026-09-12T06:49:35.7691662Z Get:12 http://azure.archive.ubuntu.com/ubuntu noble-updates/universe amd64 Packages [1690 kB]
2026-09-12T06:49:35.7693021Z Get:13 http://azure.archive.ubuntu.com/ubuntu noble-updates/universe amd64 Components [387 kB]
2026-09-12T06:49:35.7694393Z Get:14 http://azure.archive.ubuntu.com/ubuntu noble-updates/restricted amd64 Packages [1544 kB]
2026-09-12T06:49:35.7695763Z Get:15 http://azure.archive.ubuntu.com/ubuntu noble-updates/restricted Translation-en [354 kB]
2026-09-12T06:49:35.7699343Z Get:16 http://azure.archive.ubuntu.com/ubuntu noble-updates/multiverse amd64 Components [940 B]
2026-09-12T06:49:35.7700733Z Get:19 http://azure.archive.ubuntu.com/ubuntu noble-backports/main amd64 Components [5748 B]
2026-09-12T06:49:35.7702129Z Get:20 http://azure.archive.ubuntu.com/ubuntu noble-backports/universe amd64 Components [12.6 kB]
2026-09-12T06:49:35.7703493Z Get:21 http://azure.archive.ubuntu.com/ubuntu noble-security/main amd64 Packages [1006 kB]
2026-09-12T06:49:35.7704805Z Get:22 http://azure.archive.ubuntu.com/ubuntu noble-security/main Translation-en [213 kB]
2026-09-12T06:49:35.7706321Z Get:23 http://azure.archive.ubuntu.com/ubuntu noble-security/main amd64 Components [46.5 kB]
2026-09-12T06:49:35.7707685Z Get:24 http://azure.archive.ubuntu.com/ubuntu noble-security/universe amd64 Packages [1206 kB]
2026-09-12T06:49:35.7709056Z Get:25 http://azure.archive.ubuntu.com/ubuntu noble-security/universe amd64 Components [76.3 kB]
2026-09-12T06:49:35.7710452Z Get:26 http://azure.archive.ubuntu.com/ubuntu noble-security/restricted amd64 Packages [1445 kB]
2026-09-12T06:49:35.7711823Z Get:27 http://azure.archive.ubuntu.com/ubuntu noble-security/restricted Translation-en [336 kB]
2026-09-12T06:49:35.7712747Z Fetched 11.3 MB in 1s (7576 kB/s)
2026-09-12T06:49:35.7713246Z Reading package lists...
2026-09-12T06:49:35.7713708Z Reading package lists...
2026-09-12T06:49:35.7714181Z Building dependency tree...
2026-09-12T06:49:35.7714667Z Reading state information...
2026-09-12T06:49:35.7715406Z libasound2t64 is already the newest version (1.2.11-1ubuntu0.3).
2026-09-12T06:49:35.7716365Z libasound2t64 set to manually installed.
2026-09-12T06:49:35.7717215Z libatk-bridge2.0-0t64 is already the newest version (2.52.0-1build1).
2026-09-12T06:49:35.7718051Z libatk-bridge2.0-0t64 set to manually installed.
2026-09-12T06:49:35.7718867Z libatk1.0-0t64 is already the newest version (2.52.0-1build1).
2026-09-12T06:49:35.7719589Z libatk1.0-0t64 set to manually installed.
2026-09-12T06:49:35.7720381Z libatspi2.0-0t64 is already the newest version (2.52.0-1build1).
2026-09-12T06:49:35.7721129Z libatspi2.0-0t64 set to manually installed.
2026-09-12T06:49:35.7721880Z libcairo2 is already the newest version (1.18.0-3build1).
2026-09-12T06:49:35.7722565Z libcairo2 set to manually installed.
2026-09-12T06:49:35.7723340Z libcups2t64 is already the newest version (2.4.7-1.2ubuntu7.14).
2026-09-12T06:49:35.7724281Z libcups2t64 set to manually installed.
2026-09-12T06:49:35.7725047Z libdbus-1-3 is already the newest version (1.14.10-4ubuntu4.1).
2026-09-12T06:49:35.7725772Z libdbus-1-3 set to manually installed.
2026-09-12T06:49:35.7726821Z libdrm2 is already the newest version (2.4.125-1ubuntu0.1~24.04.2).
2026-09-12T06:49:35.7727566Z libdrm2 set to manually installed.
2026-09-12T06:49:35.7728314Z libgbm1 is already the newest version (25.2.8-0ubuntu0.24.04.2).
2026-09-12T06:49:35.7729027Z libgbm1 set to manually installed.
2026-09-12T06:49:35.7729793Z libglib2.0-0t64 is already the newest version (2.80.0-6ubuntu3.8).
2026-09-12T06:49:35.7730567Z libglib2.0-0t64 set to manually installed.
2026-09-12T06:49:35.7731327Z libnspr4 is already the newest version (2:4.35-1.1build1).
2026-09-12T06:49:35.7732026Z libnspr4 set to manually installed.
2026-09-12T06:49:35.7732741Z libnss3 is already the newest version (2:3.98-1ubuntu0.2).
2026-09-12T06:49:35.7733425Z libnss3 set to manually installed.
2026-09-12T06:49:35.7734361Z libpango-1.0-0 is already the newest version (1.52.1+ds-1build1).
2026-09-12T06:49:35.7735131Z libpango-1.0-0 set to manually installed.
2026-09-12T06:49:35.7735865Z libx11-6 is already the newest version (2:1.8.7-1build1).
2026-09-12T06:49:35.7736719Z libx11-6 set to manually installed.
2026-09-12T06:49:35.7737404Z libxcb1 is already the newest version (1.15-1ubuntu2).
2026-09-12T06:49:35.7738057Z libxcb1 set to manually installed.
2026-09-12T06:49:35.7738823Z libxcomposite1 is already the newest version (1:0.4.5-1build3).
2026-09-12T06:49:35.7739583Z libxcomposite1 set to manually installed.
2026-09-12T06:49:35.7740357Z libxdamage1 is already the newest version (1:1.1.6-1build1).
2026-09-12T06:49:35.7741073Z libxdamage1 set to manually installed.
2026-09-12T06:49:35.7741798Z libxext6 is already the newest version (2:1.3.4-1build2).
2026-09-12T06:49:35.7742477Z libxext6 set to manually installed.
2026-09-12T06:49:35.7743206Z libxfixes3 is already the newest version (1:6.0.0-2build1).
2026-09-12T06:49:35.7743915Z libxfixes3 set to manually installed.
2026-09-12T06:49:35.7744656Z libxkbcommon0 is already the newest version (1.6.0-1build1).
2026-09-12T06:49:35.7745390Z libxkbcommon0 set to manually installed.
2026-09-12T06:49:35.7746801Z libxrandr2 is already the newest version (2:1.5.2-2build1).
2026-09-12T06:49:35.7747551Z libxrandr2 set to manually installed.
2026-09-12T06:49:35.7748285Z xvfb is already the newest version (2:21.1.12-1ubuntu1.6).
2026-09-12T06:49:35.7749303Z fonts-noto-color-emoji is already the newest version (2.047-0ubuntu0.24.04.1).
2026-09-12T06:49:35.7750353Z libfontconfig1 is already the newest version (2.15.0-1.1ubuntu2).
2026-09-12T06:49:35.7751160Z libfontconfig1 set to manually installed.
2026-09-12T06:49:35.7751992Z libfreetype6 is already the newest version (2.13.2+dfsg-1ubuntu0.1).
2026-09-12T06:49:35.7752776Z libfreetype6 set to manually installed.
2026-09-12T06:49:35.7753537Z fonts-liberation is already the newest version (1:2.1.5-3).
2026-09-12T06:49:35.7754302Z fonts-liberation set to manually installed.
2026-09-12T06:49:35.7755135Z libcairo-gobject2 is already the newest version (1.18.0-3build1).
2026-09-12T06:49:35.7755933Z libcairo-gobject2 set to manually installed.
2026-09-12T06:49:35.7757039Z libgdk-pixbuf-2.0-0 is already the newest version (2.42.10+dfsg-3ubuntu3.3).
2026-09-12T06:49:35.7757912Z libgdk-pixbuf-2.0-0 set to manually installed.
2026-09-12T06:49:35.7758748Z libgtk-3-0t64 is already the newest version (3.24.41-4ubuntu1.3).
2026-09-12T06:49:35.7759493Z libgtk-3-0t64 set to manually installed.
2026-09-12T06:49:35.7760332Z libpangocairo-1.0-0 is already the newest version (1.52.1+ds-1build1).
2026-09-12T06:49:35.7761158Z libpangocairo-1.0-0 set to manually installed.
2026-09-12T06:49:35.7761951Z libx11-xcb1 is already the newest version (2:1.8.7-1build1).
2026-09-12T06:49:35.7762661Z libx11-xcb1 set to manually installed.
2026-09-12T06:49:35.7763394Z libxcb-shm0 is already the newest version (1.15-1ubuntu2).
2026-09-12T06:49:35.7764094Z libxcb-shm0 set to manually installed.
2026-09-12T06:49:35.7765142Z libxcursor1 is already the newest version (1:1.2.1-1build1).
2026-09-12T06:49:35.7765859Z libxcursor1 set to manually installed.
2026-09-12T06:49:35.7766745Z libxi6 is already the newest version (2:1.8.1-1build1).
2026-09-12T06:49:35.7767476Z libxi6 set to manually installed.
2026-09-12T06:49:35.7768230Z libxrender1 is already the newest version (1:0.9.10-1.1build1).
2026-09-12T06:49:35.7768968Z libxrender1 set to manually installed.
2026-09-12T06:49:35.7769685Z libicu74 is already the newest version (74.2-1ubuntu3.1).
2026-09-12T06:49:35.7770581Z libatomic1 is already the newest version (14.2.0-4ubuntu2~24.04.1).
2026-09-12T06:49:35.7771339Z libatomic1 set to manually installed.
2026-09-12T06:49:35.7772093Z libenchant-2-2 is already the newest version (2.3.3-2build2).
2026-09-12T06:49:35.7772830Z libenchant-2-2 set to manually installed.
2026-09-12T06:49:35.7773567Z libepoxy0 is already the newest version (1.5.10-1build1).
2026-09-12T06:49:35.7774410Z libepoxy0 set to manually installed.
2026-09-12T06:49:35.7775214Z libgstreamer1.0-0 is already the newest version (1.24.2-1ubuntu0.1).
2026-09-12T06:49:35.7776224Z libgstreamer1.0-0 set to manually installed.
2026-09-12T06:49:35.7777027Z libharfbuzz0b is already the newest version (8.3.0-2build2).
2026-09-12T06:49:35.7777760Z libharfbuzz0b set to manually installed.
2026-09-12T06:49:35.7778548Z libjpeg-turbo8 is already the newest version (2.1.5-2ubuntu2).
2026-09-12T06:49:35.7779300Z libjpeg-turbo8 set to manually installed.
2026-09-12T06:49:35.7780056Z liblcms2-2 is already the newest version (2.14-2ubuntu0.1).
2026-09-12T06:49:35.7780762Z liblcms2-2 set to manually installed.
2026-09-12T06:49:35.7781531Z libpng16-16t64 is already the newest version (1.6.43-5ubuntu0.6).
2026-09-12T06:49:35.7782279Z libpng16-16t64 set to manually installed.
2026-09-12T06:49:35.7783095Z libwayland-client0 is already the newest version (1.22.0-2.1build1).
2026-09-12T06:49:35.7783922Z libwayland-client0 set to manually installed.
2026-09-12T06:49:35.7784754Z libwayland-egl1 is already the newest version (1.22.0-2.1build1).
2026-09-12T06:49:35.7785514Z libwayland-egl1 set to manually installed.
2026-09-12T06:49:35.7786465Z libwebp7 is already the newest version (1.3.2-0.4build3).
2026-09-12T06:49:35.7787152Z libwebp7 set to manually installed.
2026-09-12T06:49:35.7787913Z libwebpdemux2 is already the newest version (1.3.2-0.4build3).
2026-09-12T06:49:35.7788656Z libwebpdemux2 set to manually installed.
2026-09-12T06:49:35.7789445Z libxml2 is already the newest version (2.9.14+dfsg-1.3ubuntu3.8).
2026-09-12T06:49:35.7790161Z libxml2 set to manually installed.
2026-09-12T06:49:35.7791003Z libxslt1.1 is already the newest version (1.1.39-0exp1ubuntu0.24.04.3).
2026-09-12T06:49:35.7791869Z libxslt1.1 set to manually installed.
2026-09-12T06:49:35.7792562Z The following additional packages will be installed:
2026-09-12T06:49:35.7793462Z   glib-networking glib-networking-common glib-networking-services
2026-09-12T06:49:35.7794502Z   gsettings-desktop-schemas libaa1 libabsl20220623t64 libass9 libasyncns0
2026-09-12T06:49:35.7795555Z   libavc1394-0 libavfilter9 libavformat60 libavtp0 libavutil58 libblas3
2026-09-12T06:49:35.7796807Z   libbluray2 libbs2b0 libcaca0 libcairo-script-interpreter2 libcdparanoia0
2026-09-12T06:49:35.7797887Z   libchromaprint1 libcjson1 libcodec2-1.2 libdav1d7 libdc1394-25 libdca0
2026-09-12T06:49:35.7798869Z   libde265-0 libdecor-0-0 libdirectfb-1.7-7t64 libdv4t64 libdvdnav4
2026-09-12T06:49:35.7800020Z   libdvdread8t64 libegl-mesa0 libegl1 libfaad2 libflac12t64 libfluidsynth3
2026-09-12T06:49:35.7801212Z   libfreeaptx0 libgav1-1 libgme0 libgraphene-1.0-0 libgsm1 libgssdp-1.6-0
2026-09-12T06:49:35.7802338Z   libgstreamer-plugins-good1.0-0 libgtk-4-common libgupnp-1.6-0
2026-09-12T06:49:35.7803570Z   libgupnp-igd-1.6-0 libhwy1t64 libiec61883-0 libimath-3-1-29t64
2026-09-12T06:49:35.7804678Z   libinstpatch-1.0-2 libjack-jackd2-0 libjxl0.7 liblapack3 liblc3-1
2026-09-12T06:49:35.7805920Z   libldacbt-enc2 liblilv-0-0 liblrdf0 libltc11 libmbedcrypto7t64 libmfx1
2026-09-12T06:49:35.7807503Z   libmjpegutils-2.1-0t64 libmodplug1 libmp3lame0 libmpcdec6
2026-09-12T06:49:35.7808706Z   libmpeg2encpp-2.1-0t64 libmpg123-0t64 libmplex2-2.1-0t64 libmysofa1
2026-09-12T06:49:35.7809875Z   libneon27t64 libnice10 libopenal-data libopenal1 libopenexr-3-1-30
2026-09-12T06:49:35.7811000Z   libopenh264-7 libopenmpt0t64 libopenni2-0 liborc-0.4-0t64
2026-09-12T06:49:35.7812064Z   libpipewire-0.3-0t64 libplacebo338 libpocketsphinx3 libpostproc57
2026-09-12T06:49:35.7813218Z   libproxy1v5 libpulse0 libqrencode4 libraptor2-0 librav1e0 libraw1394-11
2026-09-12T06:49:35.7814443Z   librist4 librsvg2-2 librubberband2 libsamplerate0 libsbc1 libsdl2-2.0-0
2026-09-12T06:49:35.7832124Z   libsecret-common libserd-0-0 libshine3 libshout3 libsndfile1 libsndio7.0
2026-09-12T06:49:35.7833255Z   libsord-0-0 libsoundtouch1 libsoup-3.0-0 libsoup-3.0-common libsoxr0
2026-09-12T06:49:35.7834554Z   libspa-0.2-modules libspandsp2t64 libspeex1 libsphinxbase3t64 libsratom-0-0
2026-09-12T06:49:35.7835680Z   libsrt1.5-gnutls libsrtp2-1 libssh-gcrypt-4 libsvtav1enc1d1 libswresample4
2026-09-12T06:49:35.7837019Z   libswscale7 libtag1v5 libtag1v5-vanilla libtheora0 libtwolame0 libudfread0
2026-09-12T06:49:35.7838105Z   libunibreak5 libv4l-0t64 libv4lconvert0t64 libva-drm2 libva-x11-2 libva2
2026-09-12T06:49:35.7839155Z   libvdpau1 libvidstab1.1 libvisual-0.4-0 libvo-aacenc0 libvo-amrwbenc0
2026-09-12T06:49:35.7840237Z   libvorbisenc2 libvpl2 libwavpack1 libwebrtc-audio-processing1 libwildmidi2
2026-09-12T06:49:35.7841356Z   libx265-199 libxcb-xkb1 libxkbcommon-x11-0 libxvidcore4 libyuv0 libzbar0t64
2026-09-12T06:49:35.7842449Z   libzimg2 libzix-0-0 libzvbi-common libzvbi0t64 libzxing3 ocl-icd-libopencl1
2026-09-12T06:49:35.7843520Z   session-migration timgm6mb-soundfont xfonts-encodings xfonts-utils
2026-09-12T06:49:35.7844246Z Suggested packages:
2026-09-12T06:49:35.7845016Z   frei0r-plugins gvfs libcuda1 libnvcuvid1 libnvidia-encode1 libbluray-bdj
2026-09-12T06:49:35.7846284Z   libdirectfb-extra libdv-bin oss-compat libdvdcss2 libvisual-0.4-plugins
2026-09-12T06:49:35.7847319Z   jackd2 liblrdf0-dev libportaudio2 opus-tools pipewire pulseaudio
2026-09-12T06:49:35.7848299Z   raptor2-utils libraw1394-doc librsvg2-bin serdi sndiod sordi speex
2026-09-12T06:49:35.7849151Z   libwildmidi-config opencl-icd fluid-soundfont-gm
2026-09-12T06:49:35.7849758Z Recommended packages:
2026-09-12T06:49:35.7850449Z   fonts-ipafont-mincho fonts-tlwg-loma gstreamer1.0-x libaacs0
2026-09-12T06:49:35.7851423Z   default-libdecor-0-plugin-1 | libdecor-0-plugin-1 gstreamer1.0-gl
2026-09-12T06:49:35.7852508Z   libgtk-4-bin librsvg2-common libgtk-4-media-gstreamer libpipewire-0.3-common
2026-09-12T06:49:35.7853652Z   pocketsphinx-en-us va-driver-all | va-driver vdpau-driver-all | vdpau-driver
2026-09-12T06:49:35.7854431Z   libmagickcore-6.q16-7-extra
2026-09-12T06:49:35.7855049Z The following NEW packages will be installed:
2026-09-12T06:49:35.7855976Z   fonts-freefont-ttf fonts-ipafont-gothic fonts-tlwg-loma-otf fonts-unifont
2026-09-12T06:49:35.7857126Z   fonts-wqy-zenhei glib-networking glib-networking-common
2026-09-12T06:49:35.7858092Z   glib-networking-services gsettings-desktop-schemas gstreamer1.0-libav
2026-09-12T06:49:35.7859224Z   gstreamer1.0-plugins-bad gstreamer1.0-plugins-base gstreamer1.0-plugins-good
2026-09-12T06:49:35.7860318Z   libaa1 libabsl20220623t64 libass9 libasyncns0 libavc1394-0 libavcodec60
2026-09-12T06:49:35.7861329Z   libavfilter9 libavformat60 libavif16 libavtp0 libavutil58 libblas3
2026-09-12T06:49:35.7862361Z   libbluray2 libbs2b0 libcaca0 libcairo-script-interpreter2 libcdparanoia0
2026-09-12T06:49:35.7863427Z   libchromaprint1 libcjson1 libcodec2-1.2 libdav1d7 libdc1394-25 libdca0
2026-09-12T06:49:35.7864405Z   libde265-0 libdecor-0-0 libdirectfb-1.7-7t64 libdv4t64 libdvdnav4
2026-09-12T06:49:35.7865432Z   libdvdread8t64 libegl-mesa0 libegl1 libevent-2.1-7t64 libfaad2 libflac12t64
2026-09-12T06:49:35.7866615Z   libflite1 libfluidsynth3 libfreeaptx0 libgav1-1 libgles2 libgme0
2026-09-12T06:49:35.7867865Z   libgraphene-1.0-0 libgsm1 libgssdp-1.6-0 libgstreamer-gl1.0-0
2026-09-12T06:49:35.7868798Z   libgstreamer-plugins-bad1.0-0 libgstreamer-plugins-base1.0-0
2026-09-12T06:49:35.7869836Z   libgstreamer-plugins-good1.0-0 libgtk-4-1 libgtk-4-common libgupnp-1.6-0
2026-09-12T06:49:35.7870912Z   libgupnp-igd-1.6-0 libharfbuzz-icu0 libhwy1t64 libhyphen0 libiec61883-0
2026-09-12T06:49:35.7871999Z   libimath-3-1-29t64 libinstpatch-1.0-2 libjack-jackd2-0 libjxl0.7 liblapack3
2026-09-12T06:49:35.7873056Z   liblc3-1 libldacbt-enc2 liblilv-0-0 liblrdf0 libltc11 libmanette-0.2-0
2026-09-12T06:49:35.7874111Z   libmbedcrypto7t64 libmfx1 libmjpegutils-2.1-0t64 libmodplug1 libmp3lame0
2026-09-12T06:49:35.7875145Z   libmpcdec6 libmpeg2encpp-2.1-0t64 libmpg123-0t64 libmplex2-2.1-0t64
2026-09-12T06:49:35.7876278Z   libmysofa1 libneon27t64 libnice10 libopenal-data libopenal1
2026-09-12T06:49:35.7877227Z   libopenexr-3-1-30 libopenh264-7 libopenmpt0t64 libopenni2-0 libopus0
2026-09-12T06:49:35.7878386Z   liborc-0.4-0t64 libpipewire-0.3-0t64 libplacebo338 libpocketsphinx3
2026-09-12T06:49:35.7879406Z   libpostproc57 libproxy1v5 libpulse0 libqrencode4 libraptor2-0 librav1e0
2026-09-12T06:49:35.7880454Z   libraw1394-11 librist4 librsvg2-2 librubberband2 libsamplerate0 libsbc1
2026-09-12T06:49:35.7881514Z   libsdl2-2.0-0 libsecret-1-0 libsecret-common libserd-0-0 libshine3 libshout3
2026-09-12T06:49:35.7882536Z   libsndfile1 libsndio7.0 libsord-0-0 libsoundtouch1 libsoup-3.0-0
2026-09-12T06:49:35.7883528Z   libsoup-3.0-common libsoxr0 libspa-0.2-modules libspandsp2t64 libspeex1
2026-09-12T06:49:35.7884611Z   libsphinxbase3t64 libsratom-0-0 libsrt1.5-gnutls libsrtp2-1 libssh-gcrypt-4
2026-09-12T06:49:35.7885678Z   libsvtav1enc1d1 libswresample4 libswscale7 libtag1v5 libtag1v5-vanilla
2026-09-12T06:49:35.7886803Z   libtheora0 libtwolame0 libudfread0 libunibreak5 libv4l-0t64
2026-09-12T06:49:35.7887783Z   libv4lconvert0t64 libva-drm2 libva-x11-2 libva2 libvdpau1 libvidstab1.1
2026-09-12T06:49:35.7888865Z   libvisual-0.4-0 libvo-aacenc0 libvo-amrwbenc0 libvorbisenc2 libvpl2 libvpx9
2026-09-12T06:49:35.7889954Z   libwavpack1 libwayland-server0 libwebrtc-audio-processing1 libwildmidi2
2026-09-12T06:49:35.7891052Z   libwoff1 libx264-164 libx265-199 libxcb-xkb1 libxkbcommon-x11-0 libxvidcore4
2026-09-12T06:49:35.7892146Z   libyuv0 libzbar0t64 libzimg2 libzix-0-0 libzvbi-common libzvbi0t64 libzxing3
2026-09-12T06:49:35.7893246Z   ocl-icd-libopencl1 session-migration timgm6mb-soundfont xfonts-cyrillic
2026-09-12T06:49:35.7894107Z   xfonts-encodings xfonts-scalable xfonts-utils
2026-09-12T06:49:35.7894931Z 0 upgraded, 181 newly installed, 0 to remove and 50 not upgraded.
2026-09-12T06:49:35.7895645Z Need to get 114 MB of archives.
2026-09-12T06:49:35.7896569Z After this operation, 364 MB of additional disk space will be used.
2026-09-12T06:49:35.7897445Z Get:1 file:/etc/apt/apt-mirrors.txt Mirrorlist [144 B]
2026-09-12T06:49:35.7898751Z Get:2 http://azure.archive.ubuntu.com/ubuntu noble/universe amd64 fonts-ipafont-gothic all 00303-21ubuntu1 [3513 kB]
2026-09-12T06:49:35.7900412Z Get:3 http://azure.archive.ubuntu.com/ubuntu noble/main amd64 fonts-freefont-ttf all 20211204+svn4273-2 [5641 kB]
2026-09-12T06:49:35.7901983Z Get:4 http://azure.archive.ubuntu.com/ubuntu noble/universe amd64 fonts-tlwg-loma-otf all 1:0.7.3-1 [107 kB]
2026-09-12T06:49:35.7903588Z Get:5 http://azure.archive.ubuntu.com/ubuntu noble/universe amd64 fonts-unifont all 1:15.1.01-1build1 [2993 kB]
2026-09-12T06:49:35.7905120Z Get:6 http://azure.archive.ubuntu.com/ubuntu noble/universe amd64 fonts-wqy-zenhei all 0.9.45-8 [7472 kB]
2026-09-12T06:49:35.7906766Z Get:7 http://azure.archive.ubuntu.com/ubuntu noble/main amd64 libproxy1v5 amd64 0.5.4-4build1 [26.5 kB]
2026-09-12T06:49:35.7908307Z Get:8 http://azure.archive.ubuntu.com/ubuntu noble/main amd64 glib-networking-common all 2.80.0-1build1 [6702 B]
2026-09-12T06:49:35.7909962Z Get:9 http://azure.archive.ubuntu.com/ubuntu noble/main amd64 glib-networking-services amd64 2.80.0-1build1 [12.8 kB]
2026-09-12T06:49:35.7911761Z Get:10 http://azure.archive.ubuntu.com/ubuntu noble/main amd64 session-migration amd64 0.3.9build1 [9034 B]
2026-09-12T06:49:35.7913465Z Get:11 http://azure.archive.ubuntu.com/ubuntu noble-updates/main amd64 gsettings-desktop-schemas all 46.1-0ubuntu1 [35.6 kB]
2026-09-12T06:49:35.7915127Z Get:12 http://azure.archive.ubuntu.com/ubuntu noble/main amd64 glib-networking amd64 2.80.0-1build1 [64.1 kB]
2026-09-12T06:49:35.7916971Z Get:13 http://azure.archive.ubuntu.com/ubuntu noble-updates/universe amd64 libva2 amd64 2.20.0-2ubuntu0.2 [66.4 kB]
2026-09-12T06:49:35.7918652Z Get:14 http://azure.archive.ubuntu.com/ubuntu noble-updates/universe amd64 libva-drm2 amd64 2.20.0-2ubuntu0.2 [7124 B]
2026-09-12T06:49:35.7920367Z Get:15 http://azure.archive.ubuntu.com/ubuntu noble-updates/universe amd64 libva-x11-2 amd64 2.20.0-2ubuntu0.2 [12.0 kB]
2026-09-12T06:49:35.7921899Z Get:16 http://azure.archive.ubuntu.com/ubuntu noble/main amd64 libvdpau1 amd64 1.5-2build1 [27.8 kB]
2026-09-12T06:49:35.7923543Z Get:17 http://azure.archive.ubuntu.com/ubuntu noble/universe amd64 libvpl2 amd64 2023.3.0-1build1 [99.8 kB]
2026-09-12T06:49:35.7925141Z Get:18 http://azure.archive.ubuntu.com/ubuntu noble/universe amd64 ocl-icd-libopencl1 amd64 2.3.2-1build1 [38.5 kB]
2026-09-12T06:49:35.7926925Z Get:19 http://azure.archive.ubuntu.com/ubuntu noble/universe amd64 libavutil58 amd64 7:6.1.1-3ubuntu5 [401 kB]
2026-09-12T06:49:35.7928490Z Get:20 http://azure.archive.ubuntu.com/ubuntu noble/universe amd64 libcodec2-1.2 amd64 1.2.0-2build1 [8998 kB]
2026-09-12T06:49:35.7930016Z Get:21 http://azure.archive.ubuntu.com/ubuntu noble/universe amd64 libdav1d7 amd64 1.4.1-1build1 [604 kB]
2026-09-12T06:49:35.7931493Z Get:22 http://azure.archive.ubuntu.com/ubuntu noble/universe amd64 libgsm1 amd64 1.0.22-1build1 [27.8 kB]
2026-09-12T06:49:35.7933003Z Get:23 http://azure.archive.ubuntu.com/ubuntu noble/universe amd64 libhwy1t64 amd64 1.0.7-8.1build1 [584 kB]
2026-09-12T06:49:35.7934643Z Get:24 http://azure.archive.ubuntu.com/ubuntu noble-updates/universe amd64 libjxl0.7 amd64 0.7.0-10.2ubuntu6.1 [1001 kB]
2026-09-12T06:49:35.7936388Z Get:25 http://azure.archive.ubuntu.com/ubuntu noble/main amd64 libmp3lame0 amd64 3.100-6build1 [142 kB]
2026-09-12T06:49:35.7937805Z Get:26 http://azure.archive.ubuntu.com/ubuntu noble/main amd64 libopus0 amd64 1.4-1build1 [208 kB]
2026-09-12T06:49:35.7939200Z Get:27 http://azure.archive.ubuntu.com/ubuntu noble/universe amd64 librav1e0 amd64 0.7.1-2 [1022 kB]
2026-09-12T06:49:35.7940680Z Get:28 http://azure.archive.ubuntu.com/ubuntu noble/main amd64 librsvg2-2 amd64 2.58.0+dfsg-1build1 [2135 kB]
2026-09-12T06:49:35.7942201Z Get:29 http://azure.archive.ubuntu.com/ubuntu noble/universe amd64 libshine3 amd64 3.1.1-2build1 [23.2 kB]
2026-09-12T06:49:35.7943811Z Get:30 http://azure.archive.ubuntu.com/ubuntu noble-updates/main amd64 libspeex1 amd64 1.2.1-2ubuntu2.24.04.1 [59.6 kB]
2026-09-12T06:49:35.7945496Z Get:31 http://azure.archive.ubuntu.com/ubuntu noble/universe amd64 libsvtav1enc1d1 amd64 1.7.0+dfsg-2build1 [2425 kB]
2026-09-12T06:49:35.7947294Z Get:32 http://azure.archive.ubuntu.com/ubuntu noble/universe amd64 libsoxr0 amd64 0.1.3-4build3 [80.0 kB]
2026-09-12T06:49:35.7948871Z Get:33 http://azure.archive.ubuntu.com/ubuntu noble/universe amd64 libswresample4 amd64 7:6.1.1-3ubuntu5 [63.8 kB]
2026-09-12T06:49:35.7950462Z Get:34 http://azure.archive.ubuntu.com/ubuntu noble/main amd64 libtheora0 amd64 1.1.1+dfsg.1-16.1build3 [211 kB]
2026-09-12T06:49:35.7951974Z Get:35 http://azure.archive.ubuntu.com/ubuntu noble/main amd64 libtwolame0 amd64 0.4.0-2build3 [52.3 kB]
2026-09-12T06:49:35.7953461Z Get:36 http://azure.archive.ubuntu.com/ubuntu noble/main amd64 libvorbisenc2 amd64 1.3.7-1build3 [80.8 kB]
2026-09-12T06:49:35.7955013Z Get:37 http://azure.archive.ubuntu.com/ubuntu noble-updates/main amd64 libvpx9 amd64 1.14.0-1ubuntu2.3 [1143 kB]
2026-09-12T06:49:35.7956821Z Get:38 http://azure.archive.ubuntu.com/ubuntu noble/universe amd64 libx264-164 amd64 2:0.164.3108+git31e19f9-1 [604 kB]
2026-09-12T06:49:35.7958410Z Get:39 http://azure.archive.ubuntu.com/ubuntu noble/universe amd64 libx265-199 amd64 3.5-2build1 [1226 kB]
2026-09-12T06:49:35.7960106Z Get:40 http://azure.archive.ubuntu.com/ubuntu noble/universe amd64 libxvidcore4 amd64 2:1.3.7-1build1 [219 kB]
2026-09-12T06:49:35.7961619Z Get:41 http://azure.archive.ubuntu.com/ubuntu noble/universe amd64 libzvbi-common all 0.2.42-2 [42.4 kB]
2026-09-12T06:49:35.7963063Z Get:42 http://azure.archive.ubuntu.com/ubuntu noble/universe amd64 libzvbi0t64 amd64 0.2.42-2 [261 kB]
2026-09-12T06:49:35.7964590Z Get:43 http://azure.archive.ubuntu.com/ubuntu noble/universe amd64 libavcodec60 amd64 7:6.1.1-3ubuntu5 [5851 kB]
2026-09-12T06:49:35.7966286Z Get:44 http://azure.archive.ubuntu.com/ubuntu noble/universe amd64 libunibreak5 amd64 5.1-2build1 [25.0 kB]
2026-09-12T06:49:35.7967861Z Get:45 http://azure.archive.ubuntu.com/ubuntu noble/universe amd64 libass9 amd64 1:0.17.1-2build1 [104 kB]
2026-09-12T06:49:35.7969508Z Get:46 http://azure.archive.ubuntu.com/ubuntu noble/universe amd64 libudfread0 amd64 1.1.2-1build1 [19.0 kB]
2026-09-12T06:49:35.7971052Z Get:47 http://azure.archive.ubuntu.com/ubuntu noble/universe amd64 libbluray2 amd64 1:1.3.4-1build1 [159 kB]
2026-09-12T06:49:35.7972571Z Get:48 http://azure.archive.ubuntu.com/ubuntu noble/universe amd64 libchromaprint1 amd64 1.5.1-5 [30.5 kB]
2026-09-12T06:49:35.7974048Z Get:49 http://azure.archive.ubuntu.com/ubuntu noble/universe amd64 libgme0 amd64 0.6.3-7build1 [134 kB]
2026-09-12T06:49:35.7975630Z Get:50 http://azure.archive.ubuntu.com/ubuntu noble-updates/main amd64 libmpg123-0t64 amd64 1.32.5-1ubuntu1.1 [169 kB]
2026-09-12T06:49:35.7977442Z Get:51 http://azure.archive.ubuntu.com/ubuntu noble/universe amd64 libopenmpt0t64 amd64 0.7.3-1.1build3 [647 kB]
2026-09-12T06:49:35.7978937Z Get:52 http://azure.archive.ubuntu.com/ubuntu noble/universe amd64 libcjson1 amd64 1.7.17-1 [24.8 kB]
2026-09-12T06:49:35.7980439Z Get:53 http://azure.archive.ubuntu.com/ubuntu noble/universe amd64 libmbedcrypto7t64 amd64 2.28.8-1 [209 kB]
2026-09-12T06:49:35.7981953Z Get:54 http://azure.archive.ubuntu.com/ubuntu noble/universe amd64 librist4 amd64 0.2.10+dfsg-2 [74.9 kB]
2026-09-12T06:49:35.7983507Z Get:55 http://azure.archive.ubuntu.com/ubuntu noble/universe amd64 libsrt1.5-gnutls amd64 1.5.3-1build2 [316 kB]
2026-09-12T06:49:35.7985157Z Get:56 http://azure.archive.ubuntu.com/ubuntu noble-updates/main amd64 libssh-gcrypt-4 amd64 0.10.6-2ubuntu0.5 [226 kB]
2026-09-12T06:49:35.7986976Z Get:57 http://azure.archive.ubuntu.com/ubuntu noble/universe amd64 libavformat60 amd64 7:6.1.1-3ubuntu5 [1153 kB]
2026-09-12T06:49:35.7988560Z Get:58 http://azure.archive.ubuntu.com/ubuntu noble/universe amd64 libbs2b0 amd64 3.1.0+dfsg-7build1 [10.6 kB]
2026-09-12T06:49:35.7990083Z Get:59 http://azure.archive.ubuntu.com/ubuntu noble/universe amd64 libflite1 amd64 2.2-6build3 [13.6 MB]
2026-09-12T06:49:35.7991538Z Get:60 http://azure.archive.ubuntu.com/ubuntu noble/universe amd64 libserd-0-0 amd64 0.32.2-1 [43.6 kB]
2026-09-12T06:49:35.7993036Z Get:61 http://azure.archive.ubuntu.com/ubuntu noble/universe amd64 libzix-0-0 amd64 0.4.2-2build1 [23.6 kB]
2026-09-12T06:49:35.7994580Z Get:62 http://azure.archive.ubuntu.com/ubuntu noble/universe amd64 libsord-0-0 amd64 0.16.16-2build1 [15.8 kB]
2026-09-12T06:49:35.7996306Z Get:63 http://azure.archive.ubuntu.com/ubuntu noble/universe amd64 libsratom-0-0 amd64 0.6.16-1build1 [17.3 kB]
2026-09-12T06:49:35.7997864Z Get:64 http://azure.archive.ubuntu.com/ubuntu noble/universe amd64 liblilv-0-0 amd64 0.24.22-1build1 [41.0 kB]
2026-09-12T06:49:35.7999446Z Get:65 http://azure.archive.ubuntu.com/ubuntu noble/universe amd64 libmysofa1 amd64 1.3.2+dfsg-2ubuntu2 [1158 kB]
2026-09-12T06:49:35.8001045Z Get:66 http://azure.archive.ubuntu.com/ubuntu noble/universe amd64 libplacebo338 amd64 6.338.2-2build1 [2654 kB]
2026-09-12T06:49:35.8002644Z Get:67 http://azure.archive.ubuntu.com/ubuntu noble-updates/main amd64 libblas3 amd64 3.12.0-3build1.1 [238 kB]
2026-09-12T06:49:35.8004250Z Get:68 http://azure.archive.ubuntu.com/ubuntu noble-updates/main amd64 liblapack3 amd64 3.12.0-3build1.1 [2646 kB]
2026-09-12T06:49:35.8005939Z Get:69 http://azure.archive.ubuntu.com/ubuntu noble/main amd64 libasyncns0 amd64 0.8-6build4 [11.3 kB]
2026-09-12T06:49:35.8007629Z Get:70 http://azure.archive.ubuntu.com/ubuntu noble/main amd64 libflac12t64 amd64 1.4.3+ds-2.1ubuntu2 [197 kB]
2026-09-12T06:49:35.8009288Z Get:71 http://azure.archive.ubuntu.com/ubuntu noble-updates/main amd64 libsndfile1 amd64 1.2.2-1ubuntu5.24.04.1 [209 kB]
2026-09-12T06:49:35.8011005Z Get:72 http://azure.archive.ubuntu.com/ubuntu noble-updates/main amd64 libpulse0 amd64 1:16.1+dfsg1-2ubuntu10.1 [292 kB]
2026-09-12T06:49:35.8012781Z Get:73 http://azure.archive.ubuntu.com/ubuntu noble/universe amd64 libsphinxbase3t64 amd64 0.8+5prealpha+1-17build2 [126 kB]
2026-09-12T06:49:35.8014640Z Get:74 http://azure.archive.ubuntu.com/ubuntu noble/universe amd64 libpocketsphinx3 amd64 0.8.0+real5prealpha+1-15ubuntu5 [133 kB]
2026-09-12T06:49:35.8016691Z Get:75 http://azure.archive.ubuntu.com/ubuntu noble/universe amd64 libpostproc57 amd64 7:6.1.1-3ubuntu5 [49.9 kB]
2026-09-12T06:49:35.8018274Z Get:76 http://azure.archive.ubuntu.com/ubuntu noble/main amd64 libsamplerate0 amd64 0.2.2-4build1 [1344 kB]
2026-09-12T06:49:35.8019903Z Get:77 http://azure.archive.ubuntu.com/ubuntu noble/universe amd64 librubberband2 amd64 3.3.0+dfsg-2build1 [130 kB]
2026-09-12T06:49:35.8021516Z Get:78 http://azure.archive.ubuntu.com/ubuntu noble/universe amd64 libswscale7 amd64 7:6.1.1-3ubuntu5 [193 kB]
2026-09-12T06:49:35.8023091Z Get:79 http://azure.archive.ubuntu.com/ubuntu noble/universe amd64 libvidstab1.1 amd64 1.1.0-2build1 [38.5 kB]
2026-09-12T06:49:35.8024644Z Get:80 http://azure.archive.ubuntu.com/ubuntu noble/universe amd64 libzimg2 amd64 3.0.5+ds1-1build1 [254 kB]
2026-09-12T06:49:35.8026399Z Get:81 http://azure.archive.ubuntu.com/ubuntu noble/universe amd64 libavfilter9 amd64 7:6.1.1-3ubuntu5 [4235 kB]
2026-09-12T06:49:35.8028101Z Get:82 http://azure.archive.ubuntu.com/ubuntu noble-updates/main amd64 liborc-0.4-0t64 amd64 1:0.4.38-1ubuntu0.1 [207 kB]
2026-09-12T06:49:35.8029983Z Get:83 http://azure.archive.ubuntu.com/ubuntu noble-updates/main amd64 libgstreamer-plugins-base1.0-0 amd64 1.24.2-1ubuntu0.4 [862 kB]
2026-09-12T06:49:35.8031776Z Get:84 http://azure.archive.ubuntu.com/ubuntu noble/universe amd64 gstreamer1.0-libav amd64 1.24.1-1build1 [103 kB]
2026-09-12T06:49:35.8033442Z Get:85 http://azure.archive.ubuntu.com/ubuntu noble/main amd64 libcdparanoia0 amd64 3.10.2+debian-14build3 [48.5 kB]
2026-09-12T06:49:35.8035012Z Get:86 http://azure.archive.ubuntu.com/ubuntu noble/main amd64 libvisual-0.4-0 amd64 0.4.2-2build1 [115 kB]
2026-09-12T06:49:35.8036856Z Get:87 http://azure.archive.ubuntu.com/ubuntu noble-updates/main amd64 gstreamer1.0-plugins-base amd64 1.24.2-1ubuntu0.4 [721 kB]
2026-09-12T06:49:35.8038444Z Get:88 http://azure.archive.ubuntu.com/ubuntu noble/main amd64 libaa1 amd64 1.4p5-51.1 [49.9 kB]
2026-09-12T06:49:35.8039874Z Get:89 http://azure.archive.ubuntu.com/ubuntu noble/main amd64 libraw1394-11 amd64 2.1.2-2build3 [26.2 kB]
2026-09-12T06:49:35.8041361Z Get:90 http://azure.archive.ubuntu.com/ubuntu noble/main amd64 libavc1394-0 amd64 0.5.4-5build3 [15.4 kB]
2026-09-12T06:49:35.8042949Z Get:91 http://azure.archive.ubuntu.com/ubuntu noble-updates/main amd64 libcaca0 amd64 0.99.beta20-4ubuntu0.2 [209 kB]
2026-09-12T06:49:35.8044492Z Get:92 http://azure.archive.ubuntu.com/ubuntu noble/main amd64 libdv4t64 amd64 1.0.0-17.1build1 [63.2 kB]
2026-09-12T06:49:35.8046419Z Get:93 http://azure.archive.ubuntu.com/ubuntu noble-updates/main amd64 libgstreamer-plugins-good1.0-0 amd64 1.24.2-1ubuntu1.5 [33.5 kB]
2026-09-12T06:49:35.8048123Z Get:94 http://azure.archive.ubuntu.com/ubuntu noble/main amd64 libiec61883-0 amd64 1.2.0-6build1 [24.5 kB]
2026-09-12T06:49:35.8049581Z Get:95 http://azure.archive.ubuntu.com/ubuntu noble/main amd64 libshout3 amd64 2.4.6-1build2 [50.3 kB]
2026-09-12T06:49:35.8051083Z Get:96 http://azure.archive.ubuntu.com/ubuntu noble/main amd64 libtag1v5-vanilla amd64 1.13.1-1build1 [326 kB]
2026-09-12T06:49:35.8052586Z Get:97 http://azure.archive.ubuntu.com/ubuntu noble/main amd64 libtag1v5 amd64 1.13.1-1build1 [11.7 kB]
2026-09-12T06:49:35.8054262Z Get:98 http://azure.archive.ubuntu.com/ubuntu noble/main amd64 libv4lconvert0t64 amd64 1.26.1-4build3 [87.6 kB]
2026-09-12T06:49:35.8055776Z Get:99 http://azure.archive.ubuntu.com/ubuntu noble/main amd64 libv4l-0t64 amd64 1.26.1-4build3 [46.9 kB]
2026-09-12T06:49:35.8057897Z Get:100 http://azure.archive.ubuntu.com/ubuntu noble/main amd64 libwavpack1 amd64 5.6.0-1build1 [84.6 kB]
2026-09-12T06:49:35.8059729Z Get:101 http://azure.archive.ubuntu.com/ubuntu noble-updates/main amd64 libsoup-3.0-common all 3.4.4-5ubuntu0.7 [11.6 kB]
2026-09-12T06:49:35.8061466Z Get:102 http://azure.archive.ubuntu.com/ubuntu noble-updates/main amd64 libsoup-3.0-0 amd64 3.4.4-5ubuntu0.7 [292 kB]
2026-09-12T06:49:35.8063284Z Get:103 http://azure.archive.ubuntu.com/ubuntu noble-updates/main amd64 gstreamer1.0-plugins-good amd64 1.24.2-1ubuntu1.5 [2236 kB]
2026-09-12T06:49:35.8065322Z Get:104 http://azure.archive.ubuntu.com/ubuntu noble-updates/main amd64 libabsl20220623t64 amd64 20220623.1-3.1ubuntu3.2 [423 kB]
2026-09-12T06:49:35.8067192Z Get:105 http://azure.archive.ubuntu.com/ubuntu noble/universe amd64 libgav1-1 amd64 0.18.0-1build3 [357 kB]
2026-09-12T06:49:35.8068844Z Get:106 http://azure.archive.ubuntu.com/ubuntu noble/universe amd64 libyuv0 amd64 0.0~git202401110.af6ac82-1 [178 kB]
2026-09-12T06:49:35.8070441Z Get:107 http://azure.archive.ubuntu.com/ubuntu noble/universe amd64 libavif16 amd64 1.0.4-1ubuntu3 [91.2 kB]
2026-09-12T06:49:35.8071938Z Get:108 http://azure.archive.ubuntu.com/ubuntu noble/universe amd64 libavtp0 amd64 0.2.0-1build1 [6414 B]
2026-09-12T06:49:35.8073627Z Get:109 http://azure.archive.ubuntu.com/ubuntu noble/main amd64 libcairo-script-interpreter2 amd64 1.18.0-3build1 [60.3 kB]
2026-09-12T06:49:35.8075286Z Get:110 http://azure.archive.ubuntu.com/ubuntu noble/universe amd64 libdc1394-25 amd64 2.2.6-4build1 [90.1 kB]
2026-09-12T06:49:35.8077084Z Get:111 http://azure.archive.ubuntu.com/ubuntu noble-updates/main amd64 libde265-0 amd64 1.0.15-1ubuntu0.1 [167 kB]
2026-09-12T06:49:35.8078679Z Get:112 http://azure.archive.ubuntu.com/ubuntu noble/main amd64 libdecor-0-0 amd64 0.2.2-1build2 [16.5 kB]
2026-09-12T06:49:35.8080154Z Get:113 http://azure.archive.ubuntu.com/ubuntu noble/main amd64 libgles2 amd64 1.7.0-1build1 [17.1 kB]
2026-09-12T06:49:35.8081784Z Get:114 http://azure.archive.ubuntu.com/ubuntu noble/universe amd64 libdirectfb-1.7-7t64 amd64 1.7.7-11.1ubuntu2 [1035 kB]
2026-09-12T06:49:35.8083469Z Get:115 http://azure.archive.ubuntu.com/ubuntu noble/universe amd64 libdvdread8t64 amd64 6.1.3-1.1build1 [54.7 kB]
2026-09-12T06:49:35.8085039Z Get:116 http://azure.archive.ubuntu.com/ubuntu noble/universe amd64 libdvdnav4 amd64 6.1.1-3build1 [39.5 kB]
2026-09-12T06:49:35.8086894Z Get:117 http://azure.archive.ubuntu.com/ubuntu noble-updates/main amd64 libegl-mesa0 amd64 25.2.8-0ubuntu0.24.04.2 [117 kB]
2026-09-12T06:49:35.8088737Z Get:118 http://azure.archive.ubuntu.com/ubuntu noble-updates/main amd64 libevent-2.1-7t64 amd64 2.1.12-stable-9ubuntu2.1 [146 kB]
2026-09-12T06:49:35.8090432Z Get:119 http://azure.archive.ubuntu.com/ubuntu noble/universe amd64 libfaad2 amd64 2.11.1-1build1 [207 kB]
2026-09-12T06:49:35.8092017Z Get:120 http://azure.archive.ubuntu.com/ubuntu noble/universe amd64 libinstpatch-1.0-2 amd64 1.1.6-1build2 [251 kB]
2026-09-12T06:49:35.8093682Z Get:121 http://azure.archive.ubuntu.com/ubuntu noble/main amd64 libjack-jackd2-0 amd64 1.9.21~dfsg-3ubuntu3 [289 kB]
2026-09-12T06:49:35.8095395Z Get:122 http://azure.archive.ubuntu.com/ubuntu noble/main amd64 libwebrtc-audio-processing1 amd64 0.3.1-0ubuntu6 [290 kB]
2026-09-12T06:49:35.8097447Z Get:123 http://azure.archive.ubuntu.com/ubuntu noble-updates/main amd64 libspa-0.2-modules amd64 1.0.5-1ubuntu3.3 [628 kB]
2026-09-12T06:49:35.8099231Z Get:124 http://azure.archive.ubuntu.com/ubuntu noble-updates/main amd64 libpipewire-0.3-0t64 amd64 1.0.5-1ubuntu3.3 [252 kB]
2026-09-12T06:49:35.8101025Z Get:125 http://azure.archive.ubuntu.com/ubuntu noble-updates/main amd64 libsdl2-2.0-0 amd64 2.30.0+dfsg-1ubuntu3.1 [686 kB]
2026-09-12T06:49:35.8102830Z Get:126 http://azure.archive.ubuntu.com/ubuntu noble/universe amd64 timgm6mb-soundfont all 1.3-5 [5427 kB]
2026-09-12T06:49:35.8104400Z Get:127 http://azure.archive.ubuntu.com/ubuntu noble/universe amd64 libfluidsynth3 amd64 2.3.4-1build3 [249 kB]
2026-09-12T06:49:35.8105935Z Get:128 http://azure.archive.ubuntu.com/ubuntu noble/main amd64 libfreeaptx0 amd64 0.1.1-2build1 [13.5 kB]
2026-09-12T06:49:35.8107676Z Get:129 http://azure.archive.ubuntu.com/ubuntu noble/main amd64 libgraphene-1.0-0 amd64 1.10.8-3build2 [46.2 kB]
2026-09-12T06:49:35.8109228Z Get:130 http://azure.archive.ubuntu.com/ubuntu noble/main amd64 libgssdp-1.6-0 amd64 1.6.3-1build3 [40.4 kB]
2026-09-12T06:49:35.8110692Z Get:131 http://azure.archive.ubuntu.com/ubuntu noble/main amd64 libegl1 amd64 1.7.0-1build1 [28.7 kB]
2026-09-12T06:49:35.8112483Z Get:132 http://azure.archive.ubuntu.com/ubuntu noble-updates/main amd64 libgstreamer-gl1.0-0 amd64 1.24.2-1ubuntu0.4 [214 kB]
2026-09-12T06:49:35.8114282Z Get:133 http://azure.archive.ubuntu.com/ubuntu noble-updates/main amd64 libgtk-4-common all 4.14.5+ds-0ubuntu0.10 [1497 kB]
2026-09-12T06:49:35.8116184Z Get:134 http://azure.archive.ubuntu.com/ubuntu noble-updates/main amd64 libgtk-4-1 amd64 4.14.5+ds-0ubuntu0.10 [3295 kB]
2026-09-12T06:49:35.8117814Z Get:135 http://azure.archive.ubuntu.com/ubuntu noble/main amd64 libgupnp-1.6-0 amd64 1.6.6-1build3 [92.7 kB]
2026-09-12T06:49:35.8119418Z Get:136 http://azure.archive.ubuntu.com/ubuntu noble/universe amd64 libgupnp-igd-1.6-0 amd64 1.6.0-3build3 [16.5 kB]
2026-09-12T06:49:35.8121019Z Get:137 http://azure.archive.ubuntu.com/ubuntu noble/main amd64 libharfbuzz-icu0 amd64 8.3.0-2build2 [13.3 kB]
2026-09-12T06:49:35.8122527Z Get:138 http://azure.archive.ubuntu.com/ubuntu noble/main amd64 libhyphen0 amd64 2.8.8-7build3 [26.5 kB]
2026-09-12T06:49:35.8124135Z Get:139 http://azure.archive.ubuntu.com/ubuntu noble/universe amd64 libimath-3-1-29t64 amd64 3.1.9-3.1ubuntu2 [72.2 kB]
2026-09-12T06:49:35.8125695Z Get:140 http://azure.archive.ubuntu.com/ubuntu noble/main amd64 liblc3-1 amd64 1.0.4-3build1 [69.7 kB]
2026-09-12T06:49:35.8127606Z Get:141 http://azure.archive.ubuntu.com/ubuntu noble/main amd64 libldacbt-enc2 amd64 2.0.2.3+git20200429+ed310a0-4ubuntu2 [27.1 kB]
2026-09-12T06:49:35.8129367Z Get:142 http://azure.archive.ubuntu.com/ubuntu noble-updates/main amd64 libraptor2-0 amd64 2.0.16-3ubuntu0.1 [165 kB]
2026-09-12T06:49:35.8130996Z Get:143 http://azure.archive.ubuntu.com/ubuntu noble/universe amd64 liblrdf0 amd64 0.6.1-4build1 [18.5 kB]
2026-09-12T06:49:35.8132503Z Get:144 http://azure.archive.ubuntu.com/ubuntu noble/universe amd64 libltc11 amd64 1.3.2-1build1 [13.0 kB]
2026-09-12T06:49:35.8134034Z Get:145 http://azure.archive.ubuntu.com/ubuntu noble/main amd64 libmanette-0.2-0 amd64 0.2.7-1build2 [30.6 kB]
2026-09-12T06:49:35.8135506Z Get:146 http://azure.archive.ubuntu.com/ubuntu noble/universe amd64 libmfx1 amd64 22.5.4-1 [3124 kB]
2026-09-12T06:49:35.8137384Z Get:147 http://azure.archive.ubuntu.com/ubuntu noble/universe amd64 libmjpegutils-2.1-0t64 amd64 1:2.1.0+debian-8.1build1 [25.5 kB]
2026-09-12T06:49:35.8139133Z Get:148 http://azure.archive.ubuntu.com/ubuntu noble/universe amd64 libmodplug1 amd64 1:0.8.9.0-3build1 [166 kB]
2026-09-12T06:49:35.8140743Z Get:149 http://azure.archive.ubuntu.com/ubuntu noble/universe amd64 libmpcdec6 amd64 2:0.1~r495-2build1 [32.7 kB]
2026-09-12T06:49:35.8142505Z Get:150 http://azure.archive.ubuntu.com/ubuntu noble/universe amd64 libmpeg2encpp-2.1-0t64 amd64 1:2.1.0+debian-8.1build1 [75.6 kB]
2026-09-12T06:49:35.8144408Z Get:151 http://azure.archive.ubuntu.com/ubuntu noble/universe amd64 libmplex2-2.1-0t64 amd64 1:2.1.0+debian-8.1build1 [46.1 kB]
2026-09-12T06:49:35.8146261Z Get:152 http://azure.archive.ubuntu.com/ubuntu noble/universe amd64 libneon27t64 amd64 0.33.0-1.1build3 [102 kB]
2026-09-12T06:49:35.8147828Z Get:153 http://azure.archive.ubuntu.com/ubuntu noble/universe amd64 libnice10 amd64 0.1.21-2build3 [157 kB]
2026-09-12T06:49:35.8149584Z Get:154 http://azure.archive.ubuntu.com/ubuntu noble/universe amd64 libopenal-data all 1:1.23.1-4build1 [161 kB]
2026-09-12T06:49:35.8151227Z Get:155 http://azure.archive.ubuntu.com/ubuntu noble/universe amd64 libopenexr-3-1-30 amd64 3.1.5-5.1build3 [1004 kB]
2026-09-12T06:49:35.8152821Z Get:156 http://azure.archive.ubuntu.com/ubuntu noble/universe amd64 libopenh264-7 amd64 2.4.1+dfsg-1 [409 kB]
2026-09-12T06:49:35.8154400Z Get:157 http://azure.archive.ubuntu.com/ubuntu noble/universe amd64 libopenni2-0 amd64 2.2.0.33+dfsg-18 [370 kB]
2026-09-12T06:49:35.8155973Z Get:158 http://azure.archive.ubuntu.com/ubuntu noble/universe amd64 libqrencode4 amd64 4.1.1-1build2 [25.0 kB]
2026-09-12T06:49:35.8157701Z Get:159 http://azure.archive.ubuntu.com/ubuntu noble/main amd64 libsecret-common all 0.21.4-1build3 [4962 B]
2026-09-12T06:49:35.8159226Z Get:160 http://azure.archive.ubuntu.com/ubuntu noble/main amd64 libsecret-1-0 amd64 0.21.4-1build3 [116 kB]
2026-09-12T06:49:35.8160927Z Get:161 http://azure.archive.ubuntu.com/ubuntu noble/universe amd64 libsndio7.0 amd64 1.9.0-0.3build3 [29.6 kB]
2026-09-12T06:49:35.8162564Z Get:162 http://azure.archive.ubuntu.com/ubuntu noble/universe amd64 libsoundtouch1 amd64 2.3.2+ds1-1build1 [60.5 kB]
2026-09-12T06:49:35.8164253Z Get:163 http://azure.archive.ubuntu.com/ubuntu noble/universe amd64 libspandsp2t64 amd64 0.0.6+dfsg-2.1build1 [311 kB]
2026-09-12T06:49:35.8165842Z Get:164 http://azure.archive.ubuntu.com/ubuntu noble/universe amd64 libsrtp2-1 amd64 2.5.0-3build1 [41.9 kB]
2026-09-12T06:49:35.8167657Z Get:165 http://azure.archive.ubuntu.com/ubuntu noble/main amd64 libwayland-server0 amd64 1.22.0-2.1build1 [33.9 kB]
2026-09-12T06:49:35.8169244Z Get:166 http://azure.archive.ubuntu.com/ubuntu noble/universe amd64 libwildmidi2 amd64 0.4.3-1build3 [68.5 kB]
2026-09-12T06:49:35.8170745Z Get:167 http://azure.archive.ubuntu.com/ubuntu noble/main amd64 libwoff1 amd64 1.0.2-2build1 [45.3 kB]
2026-09-12T06:49:35.8172226Z Get:168 http://azure.archive.ubuntu.com/ubuntu noble/main amd64 libxcb-xkb1 amd64 1.15-1ubuntu2 [32.3 kB]
2026-09-12T06:49:35.8173780Z Get:169 http://azure.archive.ubuntu.com/ubuntu noble/main amd64 libxkbcommon-x11-0 amd64 1.6.0-1build1 [14.5 kB]
2026-09-12T06:49:35.8175349Z Get:170 http://azure.archive.ubuntu.com/ubuntu noble/universe amd64 libzbar0t64 amd64 0.23.93-4build3 [123 kB]
2026-09-12T06:49:35.8177081Z Get:171 http://azure.archive.ubuntu.com/ubuntu noble/universe amd64 libzxing3 amd64 2.2.1-3 [583 kB]
2026-09-12T06:49:35.8178812Z Get:172 http://azure.archive.ubuntu.com/ubuntu noble/main amd64 xfonts-encodings all 1:1.0.5-0ubuntu2 [578 kB]
2026-09-12T06:49:35.8180344Z Get:173 http://azure.archive.ubuntu.com/ubuntu noble/main amd64 xfonts-utils amd64 1:7.7+6build3 [94.4 kB]
2026-09-12T06:49:35.8181871Z Get:174 http://azure.archive.ubuntu.com/ubuntu noble/universe amd64 xfonts-cyrillic all 1:1.0.5+nmu1 [384 kB]
2026-09-12T06:49:35.8183385Z Get:175 http://azure.archive.ubuntu.com/ubuntu noble/main amd64 xfonts-scalable all 1:1.0.3-1.3 [304 kB]
2026-09-12T06:49:35.8185093Z Get:176 http://azure.archive.ubuntu.com/ubuntu noble/universe amd64 libgstreamer-plugins-bad1.0-0 amd64 1.24.2-1ubuntu4 [797 kB]
2026-09-12T06:49:35.8186933Z Get:177 http://azure.archive.ubuntu.com/ubuntu noble/universe amd64 libdca0 amd64 0.0.7-2build1 [93.8 kB]
2026-09-12T06:49:35.8188478Z Get:178 http://azure.archive.ubuntu.com/ubuntu noble/universe amd64 libopenal1 amd64 1:1.23.1-4build1 [540 kB]
2026-09-12T06:49:35.8189952Z Get:179 http://azure.archive.ubuntu.com/ubuntu noble/main amd64 libsbc1 amd64 2.0-1build1 [33.9 kB]
2026-09-12T06:49:35.8191493Z Get:180 http://azure.archive.ubuntu.com/ubuntu noble/universe amd64 libvo-aacenc0 amd64 0.1.3-2build1 [67.8 kB]
2026-09-12T06:49:35.8193103Z Get:181 http://azure.archive.ubuntu.com/ubuntu noble/universe amd64 libvo-amrwbenc0 amd64 0.1.3-2build1 [76.7 kB]
2026-09-12T06:49:35.8194823Z Get:182 http://azure.archive.ubuntu.com/ubuntu noble/universe amd64 gstreamer1.0-plugins-bad amd64 1.24.2-1ubuntu4 [3081 kB]
2026-09-12T06:49:35.8195926Z Fetched 114 MB in 3s (33.2 MB/s)
2026-09-12T06:49:35.8197045Z Selecting previously unselected package fonts-ipafont-gothic.
2026-09-12T06:49:35.8197728Z (Reading database ... 
2026-09-12T06:49:35.8198169Z (Reading database ... 5%
2026-09-12T06:49:35.8198632Z (Reading database ... 10%
2026-09-12T06:49:35.8199089Z (Reading database ... 15%
2026-09-12T06:49:35.8199539Z (Reading database ... 20%
2026-09-12T06:49:35.8199989Z (Reading database ... 25%
2026-09-12T06:49:35.8200452Z (Reading database ... 30%
2026-09-12T06:49:35.8200903Z (Reading database ... 35%
2026-09-12T06:49:35.8201352Z (Reading database ... 40%
2026-09-12T06:49:35.8201802Z (Reading database ... 45%
2026-09-12T06:49:35.8202250Z (Reading database ... 50%
2026-09-12T06:49:35.8202704Z (Reading database ... 55%
2026-09-12T06:49:35.8203147Z (Reading database ... 60%
2026-09-12T06:49:35.8203594Z (Reading database ... 65%
2026-09-12T06:49:35.8204042Z (Reading database ... 70%
2026-09-12T06:49:35.8204486Z (Reading database ... 75%
2026-09-12T06:49:35.8205130Z (Reading database ... 80%
2026-09-12T06:49:35.8205596Z (Reading database ... 85%
2026-09-12T06:49:35.8206226Z (Reading database ... 90%
2026-09-12T06:49:35.8206676Z (Reading database ... 95%
2026-09-12T06:49:35.8207141Z (Reading database ... 100%
2026-09-12T06:49:35.8207920Z (Reading database ... 201818 files and directories currently installed.)
2026-09-12T06:49:35.8208978Z Preparing to unpack .../000-fonts-ipafont-gothic_00303-21ubuntu1_all.deb ...
2026-09-12T06:49:35.8209882Z Unpacking fonts-ipafont-gothic (00303-21ubuntu1) ...
2026-09-12T06:49:35.8210726Z Selecting previously unselected package fonts-freefont-ttf.
2026-09-12T06:49:35.8211718Z Preparing to unpack .../001-fonts-freefont-ttf_20211204+svn4273-2_all.deb ...
2026-09-12T06:49:35.8212618Z Unpacking fonts-freefont-ttf (20211204+svn4273-2) ...
2026-09-12T06:49:35.8213453Z Selecting previously unselected package fonts-tlwg-loma-otf.
2026-09-12T06:49:35.8214412Z Preparing to unpack .../002-fonts-tlwg-loma-otf_1%3a0.7.3-1_all.deb ...
2026-09-12T06:49:35.8215237Z Unpacking fonts-tlwg-loma-otf (1:0.7.3-1) ...
2026-09-12T06:49:35.8215989Z Selecting previously unselected package fonts-unifont.
2026-09-12T06:49:35.8217076Z Preparing to unpack .../003-fonts-unifont_1%3a15.1.01-1build1_all.deb ...
2026-09-12T06:49:35.8217923Z Unpacking fonts-unifont (1:15.1.01-1build1) ...
2026-09-12T06:49:35.8218698Z Selecting previously unselected package fonts-wqy-zenhei.
2026-09-12T06:49:35.8219587Z Preparing to unpack .../004-fonts-wqy-zenhei_0.9.45-8_all.deb ...
2026-09-12T06:49:35.8220341Z Unpacking fonts-wqy-zenhei (0.9.45-8) ...
2026-09-12T06:49:35.8221093Z Selecting previously unselected package libproxy1v5:amd64.
2026-09-12T06:49:35.8222005Z Preparing to unpack .../005-libproxy1v5_0.5.4-4build1_amd64.deb ...
2026-09-12T06:49:35.8222793Z Unpacking libproxy1v5:amd64 (0.5.4-4build1) ...
2026-09-12T06:49:35.8223632Z Selecting previously unselected package glib-networking-common.
2026-09-12T06:49:35.8224671Z Preparing to unpack .../006-glib-networking-common_2.80.0-1build1_all.deb ...
2026-09-12T06:49:35.8225589Z Unpacking glib-networking-common (2.80.0-1build1) ...
2026-09-12T06:49:35.8226643Z Selecting previously unselected package glib-networking-services.
2026-09-12T06:49:35.8227716Z Preparing to unpack .../007-glib-networking-services_2.80.0-1build1_amd64.deb ...
2026-09-12T06:49:35.8228673Z Unpacking glib-networking-services (2.80.0-1build1) ...
2026-09-12T06:49:35.8229511Z Selecting previously unselected package session-migration.
2026-09-12T06:49:35.8230452Z Preparing to unpack .../008-session-migration_0.3.9build1_amd64.deb ...
2026-09-12T06:49:35.8231313Z Unpacking session-migration (0.3.9build1) ...
2026-09-12T06:49:35.8232215Z Selecting previously unselected package gsettings-desktop-schemas.
2026-09-12T06:49:35.8233283Z Preparing to unpack .../009-gsettings-desktop-schemas_46.1-0ubuntu1_all.deb ...
2026-09-12T06:49:35.8234230Z Unpacking gsettings-desktop-schemas (46.1-0ubuntu1) ...
2026-09-12T06:49:35.8235105Z Selecting previously unselected package glib-networking:amd64.
2026-09-12T06:49:35.8236486Z Preparing to unpack .../010-glib-networking_2.80.0-1build1_amd64.deb ...
2026-09-12T06:49:35.8237363Z Unpacking glib-networking:amd64 (2.80.0-1build1) ...
2026-09-12T06:49:35.8238138Z Selecting previously unselected package libva2:amd64.
2026-09-12T06:49:35.8238991Z Preparing to unpack .../011-libva2_2.20.0-2ubuntu0.2_amd64.deb ...
2026-09-12T06:49:35.8239766Z Unpacking libva2:amd64 (2.20.0-2ubuntu0.2) ...
2026-09-12T06:49:35.8240542Z Selecting previously unselected package libva-drm2:amd64.
2026-09-12T06:49:35.8241465Z Preparing to unpack .../012-libva-drm2_2.20.0-2ubuntu0.2_amd64.deb ...
2026-09-12T06:49:35.8242293Z Unpacking libva-drm2:amd64 (2.20.0-2ubuntu0.2) ...
2026-09-12T06:49:35.8243095Z Selecting previously unselected package libva-x11-2:amd64.
2026-09-12T06:49:35.8244022Z Preparing to unpack .../013-libva-x11-2_2.20.0-2ubuntu0.2_amd64.deb ...
2026-09-12T06:49:35.8244904Z Unpacking libva-x11-2:amd64 (2.20.0-2ubuntu0.2) ...
2026-09-12T06:49:35.8245856Z Selecting previously unselected package libvdpau1:amd64.
2026-09-12T06:49:35.8246927Z Preparing to unpack .../014-libvdpau1_1.5-2build1_amd64.deb ...
2026-09-12T06:49:35.8247686Z Unpacking libvdpau1:amd64 (1.5-2build1) ...
2026-09-12T06:49:35.8248371Z Selecting previously unselected package libvpl2.
2026-09-12T06:49:35.8249211Z Preparing to unpack .../015-libvpl2_2023.3.0-1build1_amd64.deb ...
2026-09-12T06:49:35.8249954Z Unpacking libvpl2 (2023.3.0-1build1) ...
2026-09-12T06:49:35.8250765Z Selecting previously unselected package ocl-icd-libopencl1:amd64.
2026-09-12T06:49:35.8251764Z Preparing to unpack .../016-ocl-icd-libopencl1_2.3.2-1build1_amd64.deb ...
2026-09-12T06:49:35.8252663Z Unpacking ocl-icd-libopencl1:amd64 (2.3.2-1build1) ...
2026-09-12T06:49:35.8253478Z Selecting previously unselected package libavutil58:amd64.
2026-09-12T06:49:35.8254412Z Preparing to unpack .../017-libavutil58_7%3a6.1.1-3ubuntu5_amd64.deb ...
2026-09-12T06:49:35.8255247Z Unpacking libavutil58:amd64 (7:6.1.1-3ubuntu5) ...
2026-09-12T06:49:35.8256254Z Selecting previously unselected package libcodec2-1.2:amd64.
2026-09-12T06:49:35.8257189Z Preparing to unpack .../018-libcodec2-1.2_1.2.0-2build1_amd64.deb ...
2026-09-12T06:49:35.8258006Z Unpacking libcodec2-1.2:amd64 (1.2.0-2build1) ...
2026-09-12T06:49:35.8258781Z Selecting previously unselected package libdav1d7:amd64.
2026-09-12T06:49:35.8259686Z Preparing to unpack .../019-libdav1d7_1.4.1-1build1_amd64.deb ...
2026-09-12T06:49:35.8260455Z Unpacking libdav1d7:amd64 (1.4.1-1build1) ...
2026-09-12T06:49:35.8261188Z Selecting previously unselected package libgsm1:amd64.
2026-09-12T06:49:35.8262039Z Preparing to unpack .../020-libgsm1_1.0.22-1build1_amd64.deb ...
2026-09-12T06:49:35.8262789Z Unpacking libgsm1:amd64 (1.0.22-1build1) ...
2026-09-12T06:49:35.8263549Z Selecting previously unselected package libhwy1t64:amd64.
2026-09-12T06:49:35.8264447Z Preparing to unpack .../021-libhwy1t64_1.0.7-8.1build1_amd64.deb ...
2026-09-12T06:49:35.8265245Z Unpacking libhwy1t64:amd64 (1.0.7-8.1build1) ...
2026-09-12T06:49:35.8266223Z Selecting previously unselected package libjxl0.7:amd64.
2026-09-12T06:49:35.8267152Z Preparing to unpack .../022-libjxl0.7_0.7.0-10.2ubuntu6.1_amd64.deb ...
2026-09-12T06:49:35.8268050Z Unpacking libjxl0.7:amd64 (0.7.0-10.2ubuntu6.1) ...
2026-09-12T06:49:35.8268844Z Selecting previously unselected package libmp3lame0:amd64.
2026-09-12T06:49:35.8269767Z Preparing to unpack .../023-libmp3lame0_3.100-6build1_amd64.deb ...
2026-09-12T06:49:35.8270554Z Unpacking libmp3lame0:amd64 (3.100-6build1) ...
2026-09-12T06:49:35.8271325Z Selecting previously unselected package libopus0:amd64.
2026-09-12T06:49:35.8272165Z Preparing to unpack .../024-libopus0_1.4-1build1_amd64.deb ...
2026-09-12T06:49:35.8272936Z Unpacking libopus0:amd64 (1.4-1build1) ...
2026-09-12T06:49:35.8273679Z Selecting previously unselected package librav1e0:amd64.
2026-09-12T06:49:35.8274508Z Preparing to unpack .../025-librav1e0_0.7.1-2_amd64.deb ...
2026-09-12T06:49:35.8275203Z Unpacking librav1e0:amd64 (0.7.1-2) ...
2026-09-12T06:49:35.8276286Z Selecting previously unselected package librsvg2-2:amd64.
2026-09-12T06:49:35.8277210Z Preparing to unpack .../026-librsvg2-2_2.58.0+dfsg-1build1_amd64.deb ...
2026-09-12T06:49:35.8278059Z Unpacking librsvg2-2:amd64 (2.58.0+dfsg-1build1) ...
2026-09-12T06:49:35.8278842Z Selecting previously unselected package libshine3:amd64.
2026-09-12T06:49:35.8279697Z Preparing to unpack .../027-libshine3_3.1.1-2build1_amd64.deb ...
2026-09-12T06:49:35.8280451Z Unpacking libshine3:amd64 (3.1.1-2build1) ...
2026-09-12T06:49:35.8281186Z Selecting previously unselected package libspeex1:amd64.
2026-09-12T06:49:35.8282108Z Preparing to unpack .../028-libspeex1_1.2.1-2ubuntu2.24.04.1_amd64.deb ...
2026-09-12T06:49:35.8282967Z Unpacking libspeex1:amd64 (1.2.1-2ubuntu2.24.04.1) ...
2026-09-12T06:49:35.8283797Z Selecting previously unselected package libsvtav1enc1d1:amd64.
2026-09-12T06:49:35.8284778Z Preparing to unpack .../029-libsvtav1enc1d1_1.7.0+dfsg-2build1_amd64.deb ...
2026-09-12T06:49:35.8285832Z Unpacking libsvtav1enc1d1:amd64 (1.7.0+dfsg-2build1) ...
2026-09-12T06:49:35.8286812Z Selecting previously unselected package libsoxr0:amd64.
2026-09-12T06:49:35.8287670Z Preparing to unpack .../030-libsoxr0_0.1.3-4build3_amd64.deb ...
2026-09-12T06:49:35.8288415Z Unpacking libsoxr0:amd64 (0.1.3-4build3) ...
2026-09-12T06:49:35.8289203Z Selecting previously unselected package libswresample4:amd64.
2026-09-12T06:49:35.8290168Z Preparing to unpack .../031-libswresample4_7%3a6.1.1-3ubuntu5_amd64.deb ...
2026-09-12T06:49:35.8291050Z Unpacking libswresample4:amd64 (7:6.1.1-3ubuntu5) ...
2026-09-12T06:49:35.8291837Z Selecting previously unselected package libtheora0:amd64.
2026-09-12T06:49:35.8292776Z Preparing to unpack .../032-libtheora0_1.1.1+dfsg.1-16.1build3_amd64.deb ...
2026-09-12T06:49:35.8293671Z Unpacking libtheora0:amd64 (1.1.1+dfsg.1-16.1build3) ...
2026-09-12T06:49:35.8294483Z Selecting previously unselected package libtwolame0:amd64.
2026-09-12T06:49:35.8295374Z Preparing to unpack .../033-libtwolame0_0.4.0-2build3_amd64.deb ...
2026-09-12T06:49:35.8296323Z Unpacking libtwolame0:amd64 (0.4.0-2build3) ...
2026-09-12T06:49:35.8297116Z Selecting previously unselected package libvorbisenc2:amd64.
2026-09-12T06:49:35.8298048Z Preparing to unpack .../034-libvorbisenc2_1.3.7-1build3_amd64.deb ...
2026-09-12T06:49:35.8298861Z Unpacking libvorbisenc2:amd64 (1.3.7-1build3) ...
2026-09-12T06:49:35.8299605Z Selecting previously unselected package libvpx9:amd64.
2026-09-12T06:49:35.8300465Z Preparing to unpack .../035-libvpx9_1.14.0-1ubuntu2.3_amd64.deb ...
2026-09-12T06:49:35.8301235Z Unpacking libvpx9:amd64 (1.14.0-1ubuntu2.3) ...
2026-09-12T06:49:35.8302002Z Selecting previously unselected package libx264-164:amd64.
2026-09-12T06:49:35.8302969Z Preparing to unpack .../036-libx264-164_2%3a0.164.3108+git31e19f9-1_amd64.deb ...
2026-09-12T06:49:35.8303906Z Unpacking libx264-164:amd64 (2:0.164.3108+git31e19f9-1) ...
2026-09-12T06:49:35.8304725Z Selecting previously unselected package libx265-199:amd64.
2026-09-12T06:49:35.8305596Z Preparing to unpack .../037-libx265-199_3.5-2build1_amd64.deb ...
2026-09-12T06:49:35.8306522Z Unpacking libx265-199:amd64 (3.5-2build1) ...
2026-09-12T06:49:35.8307287Z Selecting previously unselected package libxvidcore4:amd64.
2026-09-12T06:49:35.8308226Z Preparing to unpack .../038-libxvidcore4_2%3a1.3.7-1build1_amd64.deb ...
2026-09-12T06:49:35.8309053Z Unpacking libxvidcore4:amd64 (2:1.3.7-1build1) ...
2026-09-12T06:49:35.8309818Z Selecting previously unselected package libzvbi-common.
2026-09-12T06:49:35.8310657Z Preparing to unpack .../039-libzvbi-common_0.2.42-2_all.deb ...
2026-09-12T06:49:35.8311372Z Unpacking libzvbi-common (0.2.42-2) ...
2026-09-12T06:49:35.8312099Z Selecting previously unselected package libzvbi0t64:amd64.
2026-09-12T06:49:35.8312947Z Preparing to unpack .../040-libzvbi0t64_0.2.42-2_amd64.deb ...
2026-09-12T06:49:35.8313660Z Unpacking libzvbi0t64:amd64 (0.2.42-2) ...
2026-09-12T06:49:35.8314407Z Selecting previously unselected package libavcodec60:amd64.
2026-09-12T06:49:35.8315501Z Preparing to unpack .../041-libavcodec60_7%3a6.1.1-3ubuntu5_amd64.deb ...
2026-09-12T06:49:35.8316544Z Unpacking libavcodec60:amd64 (7:6.1.1-3ubuntu5) ...
2026-09-12T06:49:35.8317364Z Selecting previously unselected package libunibreak5:amd64.
2026-09-12T06:49:35.8318262Z Preparing to unpack .../042-libunibreak5_5.1-2build1_amd64.deb ...
2026-09-12T06:49:35.8319040Z Unpacking libunibreak5:amd64 (5.1-2build1) ...
2026-09-12T06:49:35.8319773Z Selecting previously unselected package libass9:amd64.
2026-09-12T06:49:35.8320647Z Preparing to unpack .../043-libass9_1%3a0.17.1-2build1_amd64.deb ...
2026-09-12T06:49:35.8321421Z Unpacking libass9:amd64 (1:0.17.1-2build1) ...
2026-09-12T06:49:35.8322188Z Selecting previously unselected package libudfread0:amd64.
2026-09-12T06:49:35.8323073Z Preparing to unpack .../044-libudfread0_1.1.2-1build1_amd64.deb ...
2026-09-12T06:49:35.8323849Z Unpacking libudfread0:amd64 (1.1.2-1build1) ...
2026-09-12T06:49:35.8324754Z Selecting previously unselected package libbluray2:amd64.
2026-09-12T06:49:35.8325674Z Preparing to unpack .../045-libbluray2_1%3a1.3.4-1build1_amd64.deb ...
2026-09-12T06:49:35.8326708Z Unpacking libbluray2:amd64 (1:1.3.4-1build1) ...
2026-09-12T06:49:35.8327517Z Selecting previously unselected package libchromaprint1:amd64.
2026-09-12T06:49:35.8328432Z Preparing to unpack .../046-libchromaprint1_1.5.1-5_amd64.deb ...
2026-09-12T06:49:35.8329191Z Unpacking libchromaprint1:amd64 (1.5.1-5) ...
2026-09-12T06:49:35.8329921Z Selecting previously unselected package libgme0:amd64.
2026-09-12T06:49:35.8330749Z Preparing to unpack .../047-libgme0_0.6.3-7build1_amd64.deb ...
2026-09-12T06:49:35.8331476Z Unpacking libgme0:amd64 (0.6.3-7build1) ...
2026-09-12T06:49:35.8332238Z Selecting previously unselected package libmpg123-0t64:amd64.
2026-09-12T06:49:35.8333185Z Preparing to unpack .../048-libmpg123-0t64_1.32.5-1ubuntu1.1_amd64.deb ...
2026-09-12T06:49:35.8334069Z Unpacking libmpg123-0t64:amd64 (1.32.5-1ubuntu1.1) ...
2026-09-12T06:49:35.8334898Z Selecting previously unselected package libopenmpt0t64:amd64.
2026-09-12T06:49:35.8335841Z Preparing to unpack .../049-libopenmpt0t64_0.7.3-1.1build3_amd64.deb ...
2026-09-12T06:49:35.8336857Z Unpacking libopenmpt0t64:amd64 (0.7.3-1.1build3) ...
2026-09-12T06:49:35.8337632Z Selecting previously unselected package libcjson1:amd64.
2026-09-12T06:49:35.8338457Z Preparing to unpack .../050-libcjson1_1.7.17-1_amd64.deb ...
2026-09-12T06:49:35.8339145Z Unpacking libcjson1:amd64 (1.7.17-1) ...
2026-09-12T06:49:35.8339923Z Selecting previously unselected package libmbedcrypto7t64:amd64.
2026-09-12T06:49:35.8340861Z Preparing to unpack .../051-libmbedcrypto7t64_2.28.8-1_amd64.deb ...
2026-09-12T06:49:35.8341654Z Unpacking libmbedcrypto7t64:amd64 (2.28.8-1) ...
2026-09-12T06:49:35.8342404Z Selecting previously unselected package librist4:amd64.
2026-09-12T06:49:35.8343240Z Preparing to unpack .../052-librist4_0.2.10+dfsg-2_amd64.deb ...
2026-09-12T06:49:35.8343981Z Unpacking librist4:amd64 (0.2.10+dfsg-2) ...
2026-09-12T06:49:35.8344782Z Selecting previously unselected package libsrt1.5-gnutls:amd64.
2026-09-12T06:49:35.8345744Z Preparing to unpack .../053-libsrt1.5-gnutls_1.5.3-1build2_amd64.deb ...
2026-09-12T06:49:35.8346747Z Unpacking libsrt1.5-gnutls:amd64 (1.5.3-1build2) ...
2026-09-12T06:49:35.8347582Z Selecting previously unselected package libssh-gcrypt-4:amd64.
2026-09-12T06:49:35.8348590Z Preparing to unpack .../054-libssh-gcrypt-4_0.10.6-2ubuntu0.5_amd64.deb ...
2026-09-12T06:49:35.8349488Z Unpacking libssh-gcrypt-4:amd64 (0.10.6-2ubuntu0.5) ...
2026-09-12T06:49:35.8350312Z Selecting previously unselected package libavformat60:amd64.
2026-09-12T06:49:35.8351257Z Preparing to unpack .../055-libavformat60_7%3a6.1.1-3ubuntu5_amd64.deb ...
2026-09-12T06:49:35.8352112Z Unpacking libavformat60:amd64 (7:6.1.1-3ubuntu5) ...
2026-09-12T06:49:35.8352871Z Selecting previously unselected package libbs2b0:amd64.
2026-09-12T06:49:35.8353750Z Preparing to unpack .../056-libbs2b0_3.1.0+dfsg-7build1_amd64.deb ...
2026-09-12T06:49:35.8354728Z Unpacking libbs2b0:amd64 (3.1.0+dfsg-7build1) ...
2026-09-12T06:49:35.8355498Z Selecting previously unselected package libflite1:amd64.
2026-09-12T06:49:35.8356514Z Preparing to unpack .../057-libflite1_2.2-6build3_amd64.deb ...
2026-09-12T06:49:35.8357250Z Unpacking libflite1:amd64 (2.2-6build3) ...
2026-09-12T06:49:35.8358007Z Selecting previously unselected package libserd-0-0:amd64.
2026-09-12T06:49:35.8358868Z Preparing to unpack .../058-libserd-0-0_0.32.2-1_amd64.deb ...
2026-09-12T06:49:35.8359584Z Unpacking libserd-0-0:amd64 (0.32.2-1) ...
2026-09-12T06:49:35.8360319Z Selecting previously unselected package libzix-0-0:amd64.
2026-09-12T06:49:35.8361191Z Preparing to unpack .../059-libzix-0-0_0.4.2-2build1_amd64.deb ...
2026-09-12T06:49:35.8361961Z Unpacking libzix-0-0:amd64 (0.4.2-2build1) ...
2026-09-12T06:49:35.8362719Z Selecting previously unselected package libsord-0-0:amd64.
2026-09-12T06:49:35.8363613Z Preparing to unpack .../060-libsord-0-0_0.16.16-2build1_amd64.deb ...
2026-09-12T06:49:35.8364580Z Unpacking libsord-0-0:amd64 (0.16.16-2build1) ...
2026-09-12T06:49:35.8365379Z Selecting previously unselected package libsratom-0-0:amd64.
2026-09-12T06:49:35.8366486Z Preparing to unpack .../061-libsratom-0-0_0.6.16-1build1_amd64.deb ...
2026-09-12T06:49:35.8367299Z Unpacking libsratom-0-0:amd64 (0.6.16-1build1) ...
2026-09-12T06:49:35.8368152Z Selecting previously unselected package liblilv-0-0:amd64.
2026-09-12T06:49:35.8369045Z Preparing to unpack .../062-liblilv-0-0_0.24.22-1build1_amd64.deb ...
2026-09-12T06:49:35.8369845Z Unpacking liblilv-0-0:amd64 (0.24.22-1build1) ...
2026-09-12T06:49:35.8370611Z Selecting previously unselected package libmysofa1:amd64.
2026-09-12T06:49:35.8371542Z Preparing to unpack .../063-libmysofa1_1.3.2+dfsg-2ubuntu2_amd64.deb ...
2026-09-12T06:49:35.8372402Z Unpacking libmysofa1:amd64 (1.3.2+dfsg-2ubuntu2) ...
2026-09-12T06:49:35.8373217Z Selecting previously unselected package libplacebo338:amd64.
2026-09-12T06:49:35.8374147Z Preparing to unpack .../064-libplacebo338_6.338.2-2build1_amd64.deb ...
2026-09-12T06:49:35.8374970Z Unpacking libplacebo338:amd64 (6.338.2-2build1) ...
2026-09-12T06:49:35.8375730Z Selecting previously unselected package libblas3:amd64.
2026-09-12T06:49:35.8376761Z Preparing to unpack .../065-libblas3_3.12.0-3build1.1_amd64.deb ...
2026-09-12T06:49:35.8377548Z Unpacking libblas3:amd64 (3.12.0-3build1.1) ...
2026-09-12T06:49:35.8378308Z Selecting previously unselected package liblapack3:amd64.
2026-09-12T06:49:35.8379209Z Preparing to unpack .../066-liblapack3_3.12.0-3build1.1_amd64.deb ...
2026-09-12T06:49:35.8380003Z Unpacking liblapack3:amd64 (3.12.0-3build1.1) ...
2026-09-12T06:49:35.8380781Z Selecting previously unselected package libasyncns0:amd64.
2026-09-12T06:49:35.8381650Z Preparing to unpack .../067-libasyncns0_0.8-6build4_amd64.deb ...
2026-09-12T06:49:35.8382410Z Unpacking libasyncns0:amd64 (0.8-6build4) ...
2026-09-12T06:49:35.8383180Z Selecting previously unselected package libflac12t64:amd64.
2026-09-12T06:49:35.8384125Z Preparing to unpack .../068-libflac12t64_1.4.3+ds-2.1ubuntu2_amd64.deb ...
2026-09-12T06:49:35.8384995Z Unpacking libflac12t64:amd64 (1.4.3+ds-2.1ubuntu2) ...
2026-09-12T06:49:35.8385796Z Selecting previously unselected package libsndfile1:amd64.
2026-09-12T06:49:35.8386931Z Preparing to unpack .../069-libsndfile1_1.2.2-1ubuntu5.24.04.1_amd64.deb ...
2026-09-12T06:49:35.8387837Z Unpacking libsndfile1:amd64 (1.2.2-1ubuntu5.24.04.1) ...
2026-09-12T06:49:35.8388641Z Selecting previously unselected package libpulse0:amd64.
2026-09-12T06:49:35.8389586Z Preparing to unpack .../070-libpulse0_1%3a16.1+dfsg1-2ubuntu10.1_amd64.deb ...
2026-09-12T06:49:35.8390498Z Unpacking libpulse0:amd64 (1:16.1+dfsg1-2ubuntu10.1) ...
2026-09-12T06:49:35.8391363Z Selecting previously unselected package libsphinxbase3t64:amd64.
2026-09-12T06:49:35.8392436Z Preparing to unpack .../071-libsphinxbase3t64_0.8+5prealpha+1-17build2_amd64.deb ...
2026-09-12T06:49:35.8393466Z Unpacking libsphinxbase3t64:amd64 (0.8+5prealpha+1-17build2) ...
2026-09-12T06:49:35.8394563Z Selecting previously unselected package libpocketsphinx3:amd64.
2026-09-12T06:49:35.8395690Z Preparing to unpack .../072-libpocketsphinx3_0.8.0+real5prealpha+1-15ubuntu5_amd64.deb ...
2026-09-12T06:49:35.8397023Z Unpacking libpocketsphinx3:amd64 (0.8.0+real5prealpha+1-15ubuntu5) ...
2026-09-12T06:49:35.8397972Z Selecting previously unselected package libpostproc57:amd64.
2026-09-12T06:49:35.8398933Z Preparing to unpack .../073-libpostproc57_7%3a6.1.1-3ubuntu5_amd64.deb ...
2026-09-12T06:49:35.8399787Z Unpacking libpostproc57:amd64 (7:6.1.1-3ubuntu5) ...
2026-09-12T06:49:35.8400608Z Selecting previously unselected package libsamplerate0:amd64.
2026-09-12T06:49:35.8401541Z Preparing to unpack .../074-libsamplerate0_0.2.2-4build1_amd64.deb ...
2026-09-12T06:49:35.8402360Z Unpacking libsamplerate0:amd64 (0.2.2-4build1) ...
2026-09-12T06:49:35.8403171Z Selecting previously unselected package librubberband2:amd64.
2026-09-12T06:49:35.8404282Z Preparing to unpack .../075-librubberband2_3.3.0+dfsg-2build1_amd64.deb ...
2026-09-12T06:49:35.8405188Z Unpacking librubberband2:amd64 (3.3.0+dfsg-2build1) ...
2026-09-12T06:49:35.8406000Z Selecting previously unselected package libswscale7:amd64.
2026-09-12T06:49:35.8407119Z Preparing to unpack .../076-libswscale7_7%3a6.1.1-3ubuntu5_amd64.deb ...
2026-09-12T06:49:35.8407953Z Unpacking libswscale7:amd64 (7:6.1.1-3ubuntu5) ...
2026-09-12T06:49:35.8408756Z Selecting previously unselected package libvidstab1.1:amd64.
2026-09-12T06:49:35.8409679Z Preparing to unpack .../077-libvidstab1.1_1.1.0-2build1_amd64.deb ...
2026-09-12T06:49:35.8410489Z Unpacking libvidstab1.1:amd64 (1.1.0-2build1) ...
2026-09-12T06:49:35.8411235Z Selecting previously unselected package libzimg2:amd64.
2026-09-12T06:49:35.8412106Z Preparing to unpack .../078-libzimg2_3.0.5+ds1-1build1_amd64.deb ...
2026-09-12T06:49:35.8412896Z Unpacking libzimg2:amd64 (3.0.5+ds1-1build1) ...
2026-09-12T06:49:35.8413687Z Selecting previously unselected package libavfilter9:amd64.
2026-09-12T06:49:35.8414626Z Preparing to unpack .../079-libavfilter9_7%3a6.1.1-3ubuntu5_amd64.deb ...
2026-09-12T06:49:35.8415475Z Unpacking libavfilter9:amd64 (7:6.1.1-3ubuntu5) ...
2026-09-12T06:49:35.8416539Z Selecting previously unselected package liborc-0.4-0t64:amd64.
2026-09-12T06:49:35.8417541Z Preparing to unpack .../080-liborc-0.4-0t64_1%3a0.4.38-1ubuntu0.1_amd64.deb ...
2026-09-12T06:49:35.8418469Z Unpacking liborc-0.4-0t64:amd64 (1:0.4.38-1ubuntu0.1) ...
2026-09-12T06:49:35.8419462Z Selecting previously unselected package libgstreamer-plugins-base1.0-0:amd64.
2026-09-12T06:49:35.8420689Z Preparing to unpack .../081-libgstreamer-plugins-base1.0-0_1.24.2-1ubuntu0.4_amd64.deb ...
2026-09-12T06:49:35.8421829Z Unpacking libgstreamer-plugins-base1.0-0:amd64 (1.24.2-1ubuntu0.4) ...
2026-09-12T06:49:35.8422821Z Selecting previously unselected package gstreamer1.0-libav:amd64.
2026-09-12T06:49:35.8423812Z Preparing to unpack .../082-gstreamer1.0-libav_1.24.1-1build1_amd64.deb ...
2026-09-12T06:49:35.8424705Z Unpacking gstreamer1.0-libav:amd64 (1.24.1-1build1) ...
2026-09-12T06:49:35.8425549Z Selecting previously unselected package libcdparanoia0:amd64.
2026-09-12T06:49:35.8426714Z Preparing to unpack .../083-libcdparanoia0_3.10.2+debian-14build3_amd64.deb ...
2026-09-12T06:49:35.8427658Z Unpacking libcdparanoia0:amd64 (3.10.2+debian-14build3) ...
2026-09-12T06:49:35.8428542Z Selecting previously unselected package libvisual-0.4-0:amd64.
2026-09-12T06:49:35.8429479Z Preparing to unpack .../084-libvisual-0.4-0_0.4.2-2build1_amd64.deb ...
2026-09-12T06:49:35.8430312Z Unpacking libvisual-0.4-0:amd64 (0.4.2-2build1) ...
2026-09-12T06:49:35.8431214Z Selecting previously unselected package gstreamer1.0-plugins-base:amd64.
2026-09-12T06:49:35.8432343Z Preparing to unpack .../085-gstreamer1.0-plugins-base_1.24.2-1ubuntu0.4_amd64.deb ...
2026-09-12T06:49:35.8433390Z Unpacking gstreamer1.0-plugins-base:amd64 (1.24.2-1ubuntu0.4) ...
2026-09-12T06:49:35.8434229Z Selecting previously unselected package libaa1:amd64.
2026-09-12T06:49:35.8435031Z Preparing to unpack .../086-libaa1_1.4p5-51.1_amd64.deb ...
2026-09-12T06:49:35.8435882Z Unpacking libaa1:amd64 (1.4p5-51.1) ...
2026-09-12T06:49:35.8436799Z Selecting previously unselected package libraw1394-11:amd64.
2026-09-12T06:49:35.8437711Z Preparing to unpack .../087-libraw1394-11_2.1.2-2build3_amd64.deb ...
2026-09-12T06:49:35.8438513Z Unpacking libraw1394-11:amd64 (2.1.2-2build3) ...
2026-09-12T06:49:35.8439294Z Selecting previously unselected package libavc1394-0:amd64.
2026-09-12T06:49:35.8440193Z Preparing to unpack .../088-libavc1394-0_0.5.4-5build3_amd64.deb ...
2026-09-12T06:49:35.8440975Z Unpacking libavc1394-0:amd64 (0.5.4-5build3) ...
2026-09-12T06:49:35.8441717Z Selecting previously unselected package libcaca0:amd64.
2026-09-12T06:49:35.8442613Z Preparing to unpack .../089-libcaca0_0.99.beta20-4ubuntu0.2_amd64.deb ...
2026-09-12T06:49:35.8443470Z Unpacking libcaca0:amd64 (0.99.beta20-4ubuntu0.2) ...
2026-09-12T06:49:35.8444246Z Selecting previously unselected package libdv4t64:amd64.
2026-09-12T06:49:35.8445272Z Preparing to unpack .../090-libdv4t64_1.0.0-17.1build1_amd64.deb ...
2026-09-12T06:49:35.8446217Z Unpacking libdv4t64:amd64 (1.0.0-17.1build1) ...
2026-09-12T06:49:35.8447174Z Selecting previously unselected package libgstreamer-plugins-good1.0-0:amd64.
2026-09-12T06:49:35.8448406Z Preparing to unpack .../091-libgstreamer-plugins-good1.0-0_1.24.2-1ubuntu1.5_amd64.deb ...
2026-09-12T06:49:35.8449543Z Unpacking libgstreamer-plugins-good1.0-0:amd64 (1.24.2-1ubuntu1.5) ...
2026-09-12T06:49:35.8450482Z Selecting previously unselected package libiec61883-0:amd64.
2026-09-12T06:49:35.8451386Z Preparing to unpack .../092-libiec61883-0_1.2.0-6build1_amd64.deb ...
2026-09-12T06:49:35.8452182Z Unpacking libiec61883-0:amd64 (1.2.0-6build1) ...
2026-09-12T06:49:35.8452937Z Selecting previously unselected package libshout3:amd64.
2026-09-12T06:49:35.8453800Z Preparing to unpack .../093-libshout3_2.4.6-1build2_amd64.deb ...
2026-09-12T06:49:35.8454552Z Unpacking libshout3:amd64 (2.4.6-1build2) ...
2026-09-12T06:49:35.8455381Z Selecting previously unselected package libtag1v5-vanilla:amd64.
2026-09-12T06:49:35.8456515Z Preparing to unpack .../094-libtag1v5-vanilla_1.13.1-1build1_amd64.deb ...
2026-09-12T06:49:35.8457402Z Unpacking libtag1v5-vanilla:amd64 (1.13.1-1build1) ...
2026-09-12T06:49:35.8458185Z Selecting previously unselected package libtag1v5:amd64.
2026-09-12T06:49:35.8459046Z Preparing to unpack .../095-libtag1v5_1.13.1-1build1_amd64.deb ...
2026-09-12T06:49:35.8459817Z Unpacking libtag1v5:amd64 (1.13.1-1build1) ...
2026-09-12T06:49:35.8460624Z Selecting previously unselected package libv4lconvert0t64:amd64.
2026-09-12T06:49:35.8461603Z Preparing to unpack .../096-libv4lconvert0t64_1.26.1-4build3_amd64.deb ...
2026-09-12T06:49:35.8462468Z Unpacking libv4lconvert0t64:amd64 (1.26.1-4build3) ...
2026-09-12T06:49:35.8463271Z Selecting previously unselected package libv4l-0t64:amd64.
2026-09-12T06:49:35.8464157Z Preparing to unpack .../097-libv4l-0t64_1.26.1-4build3_amd64.deb ...
2026-09-12T06:49:35.8464965Z Unpacking libv4l-0t64:amd64 (1.26.1-4build3) ...
2026-09-12T06:49:35.8465728Z Selecting previously unselected package libwavpack1:amd64.
2026-09-12T06:49:35.8466790Z Preparing to unpack .../098-libwavpack1_5.6.0-1build1_amd64.deb ...
2026-09-12T06:49:35.8467640Z Unpacking libwavpack1:amd64 (5.6.0-1build1) ...
2026-09-12T06:49:35.8468426Z Selecting previously unselected package libsoup-3.0-common.
2026-09-12T06:49:35.8469380Z Preparing to unpack .../099-libsoup-3.0-common_3.4.4-5ubuntu0.7_all.deb ...
2026-09-12T06:49:35.8470238Z Unpacking libsoup-3.0-common (3.4.4-5ubuntu0.7) ...
2026-09-12T06:49:35.8471041Z Selecting previously unselected package libsoup-3.0-0:amd64.
2026-09-12T06:49:35.8471969Z Preparing to unpack .../100-libsoup-3.0-0_3.4.4-5ubuntu0.7_amd64.deb ...
2026-09-12T06:49:35.8472808Z Unpacking libsoup-3.0-0:amd64 (3.4.4-5ubuntu0.7) ...
2026-09-12T06:49:35.8473708Z Selecting previously unselected package gstreamer1.0-plugins-good:amd64.
2026-09-12T06:49:35.8474844Z Preparing to unpack .../101-gstreamer1.0-plugins-good_1.24.2-1ubuntu1.5_amd64.deb ...
2026-09-12T06:49:35.8476206Z Unpacking gstreamer1.0-plugins-good:amd64 (1.24.2-1ubuntu1.5) ...
2026-09-12T06:49:35.8477407Z Selecting previously unselected package libabsl20220623t64:amd64.
2026-09-12T06:49:35.8478759Z Preparing to unpack .../102-libabsl20220623t64_20220623.1-3.1ubuntu3.2_amd64.deb ...
2026-09-12T06:49:35.8479885Z Unpacking libabsl20220623t64:amd64 (20220623.1-3.1ubuntu3.2) ...
2026-09-12T06:49:35.8480933Z Selecting previously unselected package libgav1-1:amd64.
2026-09-12T06:49:35.8481976Z Preparing to unpack .../103-libgav1-1_0.18.0-1build3_amd64.deb ...
2026-09-12T06:49:35.8482873Z Unpacking libgav1-1:amd64 (0.18.0-1build3) ...
2026-09-12T06:49:35.8483801Z Selecting previously unselected package libyuv0:amd64.
2026-09-12T06:49:35.8484967Z Preparing to unpack .../104-libyuv0_0.0~git202401110.af6ac82-1_amd64.deb ...
2026-09-12T06:49:35.8486251Z Unpacking libyuv0:amd64 (0.0~git202401110.af6ac82-1) ...
2026-09-12T06:49:35.8487427Z Selecting previously unselected package libavif16:amd64.
2026-09-12T06:49:35.8503759Z Preparing to unpack .../105-libavif16_1.0.4-1ubuntu3_amd64.deb ...
2026-09-12T06:49:35.8504583Z Unpacking libavif16:amd64 (1.0.4-1ubuntu3) ...
2026-09-12T06:49:35.8505356Z Selecting previously unselected package libavtp0:amd64.
2026-09-12T06:49:35.8506433Z Preparing to unpack .../106-libavtp0_0.2.0-1build1_amd64.deb ...
2026-09-12T06:49:35.8507194Z Unpacking libavtp0:amd64 (0.2.0-1build1) ...
2026-09-12T06:49:35.8508129Z Selecting previously unselected package libcairo-script-interpreter2:amd64.
2026-09-12T06:49:35.8509305Z Preparing to unpack .../107-libcairo-script-interpreter2_1.18.0-3build1_amd64.deb ...
2026-09-12T06:49:35.8510380Z Unpacking libcairo-script-interpreter2:amd64 (1.18.0-3build1) ...
2026-09-12T06:49:35.8511276Z Selecting previously unselected package libdc1394-25:amd64.
2026-09-12T06:49:35.8512183Z Preparing to unpack .../108-libdc1394-25_2.2.6-4build1_amd64.deb ...
2026-09-12T06:49:35.8512980Z Unpacking libdc1394-25:amd64 (2.2.6-4build1) ...
2026-09-12T06:49:35.8513761Z Selecting previously unselected package libde265-0:amd64.
2026-09-12T06:49:35.8514663Z Preparing to unpack .../109-libde265-0_1.0.15-1ubuntu0.1_amd64.deb ...
2026-09-12T06:49:35.8515479Z Unpacking libde265-0:amd64 (1.0.15-1ubuntu0.1) ...
2026-09-12T06:49:35.8516443Z Selecting previously unselected package libdecor-0-0:amd64.
2026-09-12T06:49:35.8517359Z Preparing to unpack .../110-libdecor-0-0_0.2.2-1build2_amd64.deb ...
2026-09-12T06:49:35.8518168Z Unpacking libdecor-0-0:amd64 (0.2.2-1build2) ...
2026-09-12T06:49:35.8518929Z Selecting previously unselected package libgles2:amd64.
2026-09-12T06:49:35.8519778Z Preparing to unpack .../111-libgles2_1.7.0-1build1_amd64.deb ...
2026-09-12T06:49:35.8520525Z Unpacking libgles2:amd64 (1.7.0-1build1) ...
2026-09-12T06:49:35.8521360Z Selecting previously unselected package libdirectfb-1.7-7t64:amd64.
2026-09-12T06:49:35.8522408Z Preparing to unpack .../112-libdirectfb-1.7-7t64_1.7.7-11.1ubuntu2_amd64.deb ...
2026-09-12T06:49:35.8523387Z Unpacking libdirectfb-1.7-7t64:amd64 (1.7.7-11.1ubuntu2) ...
2026-09-12T06:49:35.8524263Z Selecting previously unselected package libdvdread8t64:amd64.
2026-09-12T06:49:35.8525213Z Preparing to unpack .../113-libdvdread8t64_6.1.3-1.1build1_amd64.deb ...
2026-09-12T06:49:35.8526274Z Unpacking libdvdread8t64:amd64 (6.1.3-1.1build1) ...
2026-09-12T06:49:35.8527107Z Selecting previously unselected package libdvdnav4:amd64.
2026-09-12T06:49:35.8528022Z Preparing to unpack .../114-libdvdnav4_6.1.1-3build1_amd64.deb ...
2026-09-12T06:49:35.8528826Z Unpacking libdvdnav4:amd64 (6.1.1-3build1) ...
2026-09-12T06:49:35.8529602Z Selecting previously unselected package libegl-mesa0:amd64.
2026-09-12T06:49:35.8530578Z Preparing to unpack .../115-libegl-mesa0_25.2.8-0ubuntu0.24.04.2_amd64.deb ...
2026-09-12T06:49:35.8531502Z Unpacking libegl-mesa0:amd64 (25.2.8-0ubuntu0.24.04.2) ...
2026-09-12T06:49:35.8532385Z Selecting previously unselected package libevent-2.1-7t64:amd64.
2026-09-12T06:49:35.8533660Z Preparing to unpack .../116-libevent-2.1-7t64_2.1.12-stable-9ubuntu2.1_amd64.deb ...
2026-09-12T06:49:35.8534684Z Unpacking libevent-2.1-7t64:amd64 (2.1.12-stable-9ubuntu2.1) ...
2026-09-12T06:49:35.8535535Z Selecting previously unselected package libfaad2:amd64.
2026-09-12T06:49:35.8536583Z Preparing to unpack .../117-libfaad2_2.11.1-1build1_amd64.deb ...
2026-09-12T06:49:35.8537344Z Unpacking libfaad2:amd64 (2.11.1-1build1) ...
2026-09-12T06:49:35.8538165Z Selecting previously unselected package libinstpatch-1.0-2:amd64.
2026-09-12T06:49:35.8539156Z Preparing to unpack .../118-libinstpatch-1.0-2_1.1.6-1build2_amd64.deb ...
2026-09-12T06:49:35.8540030Z Unpacking libinstpatch-1.0-2:amd64 (1.1.6-1build2) ...
2026-09-12T06:49:35.8540885Z Selecting previously unselected package libjack-jackd2-0:amd64.
2026-09-12T06:49:35.8541894Z Preparing to unpack .../119-libjack-jackd2-0_1.9.21~dfsg-3ubuntu3_amd64.deb ...
2026-09-12T06:49:35.8542848Z Unpacking libjack-jackd2-0:amd64 (1.9.21~dfsg-3ubuntu3) ...
2026-09-12T06:49:35.8543991Z Selecting previously unselected package libwebrtc-audio-processing1:amd64.
2026-09-12T06:49:35.8545160Z Preparing to unpack .../120-libwebrtc-audio-processing1_0.3.1-0ubuntu6_amd64.deb ...
2026-09-12T06:49:35.8546358Z Unpacking libwebrtc-audio-processing1:amd64 (0.3.1-0ubuntu6) ...
2026-09-12T06:49:35.8547305Z Selecting previously unselected package libspa-0.2-modules:amd64.
2026-09-12T06:49:35.8548319Z Preparing to unpack .../121-libspa-0.2-modules_1.0.5-1ubuntu3.3_amd64.deb ...
2026-09-12T06:49:35.8549247Z Unpacking libspa-0.2-modules:amd64 (1.0.5-1ubuntu3.3) ...
2026-09-12T06:49:35.8550150Z Selecting previously unselected package libpipewire-0.3-0t64:amd64.
2026-09-12T06:49:35.8551184Z Preparing to unpack .../122-libpipewire-0.3-0t64_1.0.5-1ubuntu3.3_amd64.deb ...
2026-09-12T06:49:35.8552128Z Unpacking libpipewire-0.3-0t64:amd64 (1.0.5-1ubuntu3.3) ...
2026-09-12T06:49:35.8552985Z Selecting previously unselected package libsdl2-2.0-0:amd64.
2026-09-12T06:49:35.8553975Z Preparing to unpack .../123-libsdl2-2.0-0_2.30.0+dfsg-1ubuntu3.1_amd64.deb ...
2026-09-12T06:49:35.8554903Z Unpacking libsdl2-2.0-0:amd64 (2.30.0+dfsg-1ubuntu3.1) ...
2026-09-12T06:49:35.8555743Z Selecting previously unselected package timgm6mb-soundfont.
2026-09-12T06:49:35.8556782Z Preparing to unpack .../124-timgm6mb-soundfont_1.3-5_all.deb ...
2026-09-12T06:49:35.8557523Z Unpacking timgm6mb-soundfont (1.3-5) ...
2026-09-12T06:49:35.8558289Z Selecting previously unselected package libfluidsynth3:amd64.
2026-09-12T06:49:35.8559231Z Preparing to unpack .../125-libfluidsynth3_2.3.4-1build3_amd64.deb ...
2026-09-12T06:49:35.8560052Z Unpacking libfluidsynth3:amd64 (2.3.4-1build3) ...
2026-09-12T06:49:35.8560871Z Selecting previously unselected package libfreeaptx0:amd64.
2026-09-12T06:49:35.8561785Z Preparing to unpack .../126-libfreeaptx0_0.1.1-2build1_amd64.deb ...
2026-09-12T06:49:35.8562594Z Unpacking libfreeaptx0:amd64 (0.1.1-2build1) ...
2026-09-12T06:49:35.8563420Z Selecting previously unselected package libgraphene-1.0-0:amd64.
2026-09-12T06:49:35.8564405Z Preparing to unpack .../127-libgraphene-1.0-0_1.10.8-3build2_amd64.deb ...
2026-09-12T06:49:35.8565281Z Unpacking libgraphene-1.0-0:amd64 (1.10.8-3build2) ...
2026-09-12T06:49:35.8566281Z Selecting previously unselected package libgssdp-1.6-0:amd64.
2026-09-12T06:49:35.8567222Z Preparing to unpack .../128-libgssdp-1.6-0_1.6.3-1build3_amd64.deb ...
2026-09-12T06:49:35.8568097Z Unpacking libgssdp-1.6-0:amd64 (1.6.3-1build3) ...
2026-09-12T06:49:35.8568853Z Selecting previously unselected package libegl1:amd64.
2026-09-12T06:49:35.8569679Z Preparing to unpack .../129-libegl1_1.7.0-1build1_amd64.deb ...
2026-09-12T06:49:35.8570419Z Unpacking libegl1:amd64 (1.7.0-1build1) ...
2026-09-12T06:49:35.8571255Z Selecting previously unselected package libgstreamer-gl1.0-0:amd64.
2026-09-12T06:49:35.8572296Z Preparing to unpack .../130-libgstreamer-gl1.0-0_1.24.2-1ubuntu0.4_amd64.deb ...
2026-09-12T06:49:35.8573260Z Unpacking libgstreamer-gl1.0-0:amd64 (1.24.2-1ubuntu0.4) ...
2026-09-12T06:49:35.8574265Z Selecting previously unselected package libgtk-4-common.
2026-09-12T06:49:35.8575219Z Preparing to unpack .../131-libgtk-4-common_4.14.5+ds-0ubuntu0.10_all.deb ...
2026-09-12T06:49:35.8576283Z Unpacking libgtk-4-common (4.14.5+ds-0ubuntu0.10) ...
2026-09-12T06:49:35.8577096Z Selecting previously unselected package libgtk-4-1:amd64.
2026-09-12T06:49:35.8578020Z Preparing to unpack .../132-libgtk-4-1_4.14.5+ds-0ubuntu0.10_amd64.deb ...
2026-09-12T06:49:35.8578887Z Unpacking libgtk-4-1:amd64 (4.14.5+ds-0ubuntu0.10) ...
2026-09-12T06:49:35.8579699Z Selecting previously unselected package libgupnp-1.6-0:amd64.
2026-09-12T06:49:35.8580626Z Preparing to unpack .../133-libgupnp-1.6-0_1.6.6-1build3_amd64.deb ...
2026-09-12T06:49:35.8581438Z Unpacking libgupnp-1.6-0:amd64 (1.6.6-1build3) ...
2026-09-12T06:49:35.8582280Z Selecting previously unselected package libgupnp-igd-1.6-0:amd64.
2026-09-12T06:49:35.8583255Z Preparing to unpack .../134-libgupnp-igd-1.6-0_1.6.0-3build3_amd64.deb ...
2026-09-12T06:49:35.8584280Z Unpacking libgupnp-igd-1.6-0:amd64 (1.6.0-3build3) ...
2026-09-12T06:49:35.8585135Z Selecting previously unselected package libharfbuzz-icu0:amd64.
2026-09-12T06:49:35.8586243Z Preparing to unpack .../135-libharfbuzz-icu0_8.3.0-2build2_amd64.deb ...
2026-09-12T06:49:35.8587105Z Unpacking libharfbuzz-icu0:amd64 (8.3.0-2build2) ...
2026-09-12T06:49:35.8587896Z Selecting previously unselected package libhyphen0:amd64.
2026-09-12T06:49:35.8588783Z Preparing to unpack .../136-libhyphen0_2.8.8-7build3_amd64.deb ...
2026-09-12T06:49:35.8589549Z Unpacking libhyphen0:amd64 (2.8.8-7build3) ...
2026-09-12T06:49:35.8590376Z Selecting previously unselected package libimath-3-1-29t64:amd64.
2026-09-12T06:49:35.8591373Z Preparing to unpack .../137-libimath-3-1-29t64_3.1.9-3.1ubuntu2_amd64.deb ...
2026-09-12T06:49:35.8592283Z Unpacking libimath-3-1-29t64:amd64 (3.1.9-3.1ubuntu2) ...
2026-09-12T06:49:35.8593070Z Selecting previously unselected package liblc3-1:amd64.
2026-09-12T06:49:35.8593915Z Preparing to unpack .../138-liblc3-1_1.0.4-3build1_amd64.deb ...
2026-09-12T06:49:35.8594656Z Unpacking liblc3-1:amd64 (1.0.4-3build1) ...
2026-09-12T06:49:35.8595433Z Selecting previously unselected package libldacbt-enc2:amd64.
2026-09-12T06:49:35.8596723Z Preparing to unpack .../139-libldacbt-enc2_2.0.2.3+git20200429+ed310a0-4ubuntu2_amd64.deb ...
2026-09-12T06:49:35.8597862Z Unpacking libldacbt-enc2:amd64 (2.0.2.3+git20200429+ed310a0-4ubuntu2) ...
2026-09-12T06:49:35.8598802Z Selecting previously unselected package libraptor2-0:amd64.
2026-09-12T06:49:35.8599758Z Preparing to unpack .../140-libraptor2-0_2.0.16-3ubuntu0.1_amd64.deb ...
2026-09-12T06:49:35.8600606Z Unpacking libraptor2-0:amd64 (2.0.16-3ubuntu0.1) ...
2026-09-12T06:49:35.8601390Z Selecting previously unselected package liblrdf0:amd64.
2026-09-12T06:49:35.8602241Z Preparing to unpack .../141-liblrdf0_0.6.1-4build1_amd64.deb ...
2026-09-12T06:49:35.8602991Z Unpacking liblrdf0:amd64 (0.6.1-4build1) ...
2026-09-12T06:49:35.8603726Z Selecting previously unselected package libltc11:amd64.
2026-09-12T06:49:35.8604564Z Preparing to unpack .../142-libltc11_1.3.2-1build1_amd64.deb ...
2026-09-12T06:49:35.8605297Z Unpacking libltc11:amd64 (1.3.2-1build1) ...
2026-09-12T06:49:35.8606250Z Selecting previously unselected package libmanette-0.2-0:amd64.
2026-09-12T06:49:35.8607205Z Preparing to unpack .../143-libmanette-0.2-0_0.2.7-1build2_amd64.deb ...
2026-09-12T06:49:35.8608036Z Unpacking libmanette-0.2-0:amd64 (0.2.7-1build2) ...
2026-09-12T06:49:35.8608797Z Selecting previously unselected package libmfx1:amd64.
2026-09-12T06:49:35.8609586Z Preparing to unpack .../144-libmfx1_22.5.4-1_amd64.deb ...
2026-09-12T06:49:35.8610261Z Unpacking libmfx1:amd64 (22.5.4-1) ...
2026-09-12T06:49:35.8611080Z Selecting previously unselected package libmjpegutils-2.1-0t64:amd64.
2026-09-12T06:49:35.8612237Z Preparing to unpack .../145-libmjpegutils-2.1-0t64_1%3a2.1.0+debian-8.1build1_amd64.deb ...
2026-09-12T06:49:35.8613360Z Unpacking libmjpegutils-2.1-0t64:amd64 (1:2.1.0+debian-8.1build1) ...
2026-09-12T06:49:35.8614439Z Selecting previously unselected package libmodplug1:amd64.
2026-09-12T06:49:35.8615371Z Preparing to unpack .../146-libmodplug1_1%3a0.8.9.0-3build1_amd64.deb ...
2026-09-12T06:49:35.8616415Z Unpacking libmodplug1:amd64 (1:0.8.9.0-3build1) ...
2026-09-12T06:49:35.8617216Z Selecting previously unselected package libmpcdec6:amd64.
2026-09-12T06:49:35.8618137Z Preparing to unpack .../147-libmpcdec6_2%3a0.1~r495-2build1_amd64.deb ...
2026-09-12T06:49:35.8618975Z Unpacking libmpcdec6:amd64 (2:0.1~r495-2build1) ...
2026-09-12T06:49:35.8619848Z Selecting previously unselected package libmpeg2encpp-2.1-0t64:amd64.
2026-09-12T06:49:35.8621009Z Preparing to unpack .../148-libmpeg2encpp-2.1-0t64_1%3a2.1.0+debian-8.1build1_amd64.deb ...
2026-09-12T06:49:35.8622121Z Unpacking libmpeg2encpp-2.1-0t64:amd64 (1:2.1.0+debian-8.1build1) ...
2026-09-12T06:49:35.8623087Z Selecting previously unselected package libmplex2-2.1-0t64:amd64.
2026-09-12T06:49:35.8624305Z Preparing to unpack .../149-libmplex2-2.1-0t64_1%3a2.1.0+debian-8.1build1_amd64.deb ...
2026-09-12T06:49:35.8625364Z Unpacking libmplex2-2.1-0t64:amd64 (1:2.1.0+debian-8.1build1) ...
2026-09-12T06:49:35.8626414Z Selecting previously unselected package libneon27t64:amd64.
2026-09-12T06:49:35.8627331Z Preparing to unpack .../150-libneon27t64_0.33.0-1.1build3_amd64.deb ...
2026-09-12T06:49:35.8628159Z Unpacking libneon27t64:amd64 (0.33.0-1.1build3) ...
2026-09-12T06:49:35.8628930Z Selecting previously unselected package libnice10:amd64.
2026-09-12T06:49:35.8629806Z Preparing to unpack .../151-libnice10_0.1.21-2build3_amd64.deb ...
2026-09-12T06:49:35.8630568Z Unpacking libnice10:amd64 (0.1.21-2build3) ...
2026-09-12T06:49:35.8631317Z Selecting previously unselected package libopenal-data.
2026-09-12T06:49:35.8632228Z Preparing to unpack .../152-libopenal-data_1%3a1.23.1-4build1_all.deb ...
2026-09-12T06:49:35.8633053Z Unpacking libopenal-data (1:1.23.1-4build1) ...
2026-09-12T06:49:35.8633882Z Selecting previously unselected package libopenexr-3-1-30:amd64.
2026-09-12T06:49:35.8634875Z Preparing to unpack .../153-libopenexr-3-1-30_3.1.5-5.1build3_amd64.deb ...
2026-09-12T06:49:35.8635746Z Unpacking libopenexr-3-1-30:amd64 (3.1.5-5.1build3) ...
2026-09-12T06:49:35.8636742Z Selecting previously unselected package libopenh264-7:amd64.
2026-09-12T06:49:35.8637645Z Preparing to unpack .../154-libopenh264-7_2.4.1+dfsg-1_amd64.deb ...
2026-09-12T06:49:35.8638438Z Unpacking libopenh264-7:amd64 (2.4.1+dfsg-1) ...
2026-09-12T06:49:35.8639224Z Selecting previously unselected package libopenni2-0:amd64.
2026-09-12T06:49:35.8640140Z Preparing to unpack .../155-libopenni2-0_2.2.0.33+dfsg-18_amd64.deb ...
2026-09-12T06:49:35.8640959Z Unpacking libopenni2-0:amd64 (2.2.0.33+dfsg-18) ...
2026-09-12T06:49:35.8641749Z Selecting previously unselected package libqrencode4:amd64.
2026-09-12T06:49:35.8642650Z Preparing to unpack .../156-libqrencode4_4.1.1-1build2_amd64.deb ...
2026-09-12T06:49:35.8643436Z Unpacking libqrencode4:amd64 (4.1.1-1build2) ...
2026-09-12T06:49:35.8644223Z Selecting previously unselected package libsecret-common.
2026-09-12T06:49:35.8645139Z Preparing to unpack .../157-libsecret-common_0.21.4-1build3_all.deb ...
2026-09-12T06:49:35.8645948Z Unpacking libsecret-common (0.21.4-1build3) ...
2026-09-12T06:49:35.8646899Z Selecting previously unselected package libsecret-1-0:amd64.
2026-09-12T06:49:35.8647823Z Preparing to unpack .../158-libsecret-1-0_0.21.4-1build3_amd64.deb ...
2026-09-12T06:49:35.8648629Z Unpacking libsecret-1-0:amd64 (0.21.4-1build3) ...
2026-09-12T06:49:35.8649519Z Selecting previously unselected package libsndio7.0:amd64.
2026-09-12T06:49:35.8650411Z Preparing to unpack .../159-libsndio7.0_1.9.0-0.3build3_amd64.deb ...
2026-09-12T06:49:35.8651207Z Unpacking libsndio7.0:amd64 (1.9.0-0.3build3) ...
2026-09-12T06:49:35.8652017Z Selecting previously unselected package libsoundtouch1:amd64.
2026-09-12T06:49:35.8652973Z Preparing to unpack .../160-libsoundtouch1_2.3.2+ds1-1build1_amd64.deb ...
2026-09-12T06:49:35.8653851Z Unpacking libsoundtouch1:amd64 (2.3.2+ds1-1build1) ...
2026-09-12T06:49:35.8654836Z Selecting previously unselected package libspandsp2t64:amd64.
2026-09-12T06:49:35.8655809Z Preparing to unpack .../161-libspandsp2t64_0.0.6+dfsg-2.1build1_amd64.deb ...
2026-09-12T06:49:35.8656914Z Unpacking libspandsp2t64:amd64 (0.0.6+dfsg-2.1build1) ...
2026-09-12T06:49:35.8657741Z Selecting previously unselected package libsrtp2-1:amd64.
2026-09-12T06:49:35.8658619Z Preparing to unpack .../162-libsrtp2-1_2.5.0-3build1_amd64.deb ...
2026-09-12T06:49:35.8659390Z Unpacking libsrtp2-1:amd64 (2.5.0-3build1) ...
2026-09-12T06:49:35.8660211Z Selecting previously unselected package libwayland-server0:amd64.
2026-09-12T06:49:35.8661638Z Preparing to unpack .../163-libwayland-server0_1.22.0-2.1build1_amd64.deb ...
2026-09-12T06:49:35.8662697Z Unpacking libwayland-server0:amd64 (1.22.0-2.1build1) ...
2026-09-12T06:49:35.8663552Z Selecting previously unselected package libwildmidi2:amd64.
2026-09-12T06:49:35.8664617Z Preparing to unpack .../164-libwildmidi2_0.4.3-1build3_amd64.deb ...
2026-09-12T06:49:35.8665426Z Unpacking libwildmidi2:amd64 (0.4.3-1build3) ...
2026-09-12T06:49:35.8666373Z Selecting previously unselected package libwoff1:amd64.
2026-09-12T06:49:35.8667219Z Preparing to unpack .../165-libwoff1_1.0.2-2build1_amd64.deb ...
2026-09-12T06:49:35.8668024Z Unpacking libwoff1:amd64 (1.0.2-2build1) ...
2026-09-12T06:49:35.8668780Z Selecting previously unselected package libxcb-xkb1:amd64.
2026-09-12T06:49:35.8669674Z Preparing to unpack .../166-libxcb-xkb1_1.15-1ubuntu2_amd64.deb ...
2026-09-12T06:49:35.8670447Z Unpacking libxcb-xkb1:amd64 (1.15-1ubuntu2) ...
2026-09-12T06:49:35.8671277Z Selecting previously unselected package libxkbcommon-x11-0:amd64.
2026-09-12T06:49:35.8672257Z Preparing to unpack .../167-libxkbcommon-x11-0_1.6.0-1build1_amd64.deb ...
2026-09-12T06:49:35.8673128Z Unpacking libxkbcommon-x11-0:amd64 (1.6.0-1build1) ...
2026-09-12T06:49:35.8673925Z Selecting previously unselected package libzbar0t64:amd64.
2026-09-12T06:49:35.8674841Z Preparing to unpack .../168-libzbar0t64_0.23.93-4build3_amd64.deb ...
2026-09-12T06:49:35.8675634Z Unpacking libzbar0t64:amd64 (0.23.93-4build3) ...
2026-09-12T06:49:35.8676642Z Selecting previously unselected package libzxing3:amd64.
2026-09-12T06:49:35.8677486Z Preparing to unpack .../169-libzxing3_2.2.1-3_amd64.deb ...
2026-09-12T06:49:35.8678174Z Unpacking libzxing3:amd64 (2.2.1-3) ...
2026-09-12T06:49:35.8678902Z Selecting previously unselected package xfonts-encodings.
2026-09-12T06:49:35.8679843Z Preparing to unpack .../170-xfonts-encodings_1%3a1.0.5-0ubuntu2_all.deb ...
2026-09-12T06:49:35.8680705Z Unpacking xfonts-encodings (1:1.0.5-0ubuntu2) ...
2026-09-12T06:49:35.8681488Z Selecting previously unselected package xfonts-utils.
2026-09-12T06:49:35.8682367Z Preparing to unpack .../171-xfonts-utils_1%3a7.7+6build3_amd64.deb ...
2026-09-12T06:49:35.8683146Z Unpacking xfonts-utils (1:7.7+6build3) ...
2026-09-12T06:49:35.8683874Z Selecting previously unselected package xfonts-cyrillic.
2026-09-12T06:49:35.8684780Z Preparing to unpack .../172-xfonts-cyrillic_1%3a1.0.5+nmu1_all.deb ...
2026-09-12T06:49:35.8685571Z Unpacking xfonts-cyrillic (1:1.0.5+nmu1) ...
2026-09-12T06:49:35.8686606Z Selecting previously unselected package xfonts-scalable.
2026-09-12T06:49:35.8687509Z Preparing to unpack .../173-xfonts-scalable_1%3a1.0.3-1.3_all.deb ...
2026-09-12T06:49:35.8688275Z Unpacking xfonts-scalable (1:1.0.3-1.3) ...
2026-09-12T06:49:35.8689189Z Selecting previously unselected package libgstreamer-plugins-bad1.0-0:amd64.
2026-09-12T06:49:35.8690377Z Preparing to unpack .../174-libgstreamer-plugins-bad1.0-0_1.24.2-1ubuntu4_amd64.deb ...
2026-09-12T06:49:35.8691475Z Unpacking libgstreamer-plugins-bad1.0-0:amd64 (1.24.2-1ubuntu4) ...
2026-09-12T06:49:35.8692343Z Selecting previously unselected package libdca0:amd64.
2026-09-12T06:49:35.8693182Z Preparing to unpack .../175-libdca0_0.0.7-2build1_amd64.deb ...
2026-09-12T06:49:35.8693909Z Unpacking libdca0:amd64 (0.0.7-2build1) ...
2026-09-12T06:49:35.8694655Z Selecting previously unselected package libopenal1:amd64.
2026-09-12T06:49:35.8695729Z Preparing to unpack .../176-libopenal1_1%3a1.23.1-4build1_amd64.deb ...
2026-09-12T06:49:35.8696736Z Unpacking libopenal1:amd64 (1:1.23.1-4build1) ...
2026-09-12T06:49:35.8697482Z Selecting previously unselected package libsbc1:amd64.
2026-09-12T06:49:35.8698301Z Preparing to unpack .../177-libsbc1_2.0-1build1_amd64.deb ...
2026-09-12T06:49:35.8699014Z Unpacking libsbc1:amd64 (2.0-1build1) ...
2026-09-12T06:49:35.8699766Z Selecting previously unselected package libvo-aacenc0:amd64.
2026-09-12T06:49:35.8700686Z Preparing to unpack .../178-libvo-aacenc0_0.1.3-2build1_amd64.deb ...
2026-09-12T06:49:35.8701485Z Unpacking libvo-aacenc0:amd64 (0.1.3-2build1) ...
2026-09-12T06:49:35.8702300Z Selecting previously unselected package libvo-amrwbenc0:amd64.
2026-09-12T06:49:35.8703243Z Preparing to unpack .../179-libvo-amrwbenc0_0.1.3-2build1_amd64.deb ...
2026-09-12T06:49:35.8704072Z Unpacking libvo-amrwbenc0:amd64 (0.1.3-2build1) ...
2026-09-12T06:49:35.8705125Z Selecting previously unselected package gstreamer1.0-plugins-bad:amd64.
2026-09-12T06:49:35.8706408Z Preparing to unpack .../180-gstreamer1.0-plugins-bad_1.24.2-1ubuntu4_amd64.deb ...
2026-09-12T06:49:35.8707400Z Unpacking gstreamer1.0-plugins-bad:amd64 (1.24.2-1ubuntu4) ...
2026-09-12T06:49:35.8708150Z Setting up libgme0:amd64 (0.6.3-7build1) ...
2026-09-12T06:49:35.8708810Z Setting up libchromaprint1:amd64 (1.5.1-5) ...
2026-09-12T06:49:35.8709549Z Setting up libssh-gcrypt-4:amd64 (0.10.6-2ubuntu0.5) ...
2026-09-12T06:49:35.8710273Z Setting up libhwy1t64:amd64 (1.0.7-8.1build1) ...
2026-09-12T06:49:35.8711104Z Setting up libcairo-script-interpreter2:amd64 (1.18.0-3build1) ...
2026-09-12T06:49:35.8711915Z Setting up libfreeaptx0:amd64 (0.1.1-2build1) ...
2026-09-12T06:49:35.8712629Z Setting up libdvdread8t64:amd64 (6.1.3-1.1build1) ...
2026-09-12T06:49:35.8713331Z Setting up libudfread0:amd64 (1.1.2-1build1) ...
2026-09-12T06:49:35.8714038Z Setting up libmodplug1:amd64 (1:0.8.9.0-3build1) ...
2026-09-12T06:49:35.8714837Z Setting up libcdparanoia0:amd64 (3.10.2+debian-14build3) ...
2026-09-12T06:49:35.8715658Z Setting up libwayland-server0:amd64 (1.22.0-2.1build1) ...
2026-09-12T06:49:35.8716620Z Setting up libvo-amrwbenc0:amd64 (0.1.3-2build1) ...
2026-09-12T06:49:35.8717309Z Setting up session-migration (0.3.9build1) ...
2026-09-12T06:49:35.8719259Z Created symlink /etc/systemd/user/graphical-session-pre.target.wants/session-migration.service → /usr/lib/systemd/user/session-migration.service.
2026-09-12T06:49:35.8720300Z 
2026-09-12T06:49:35.8720645Z Setting up libraw1394-11:amd64 (2.1.2-2build3) ...
2026-09-12T06:49:35.8721307Z Setting up libsbc1:amd64 (2.0-1build1) ...
2026-09-12T06:49:35.8721954Z Setting up libproxy1v5:amd64 (0.5.4-4build1) ...
2026-09-12T06:49:35.8722660Z Setting up libneon27t64:amd64 (0.33.0-1.1build3) ...
2026-09-12T06:49:35.8723401Z Setting up libtag1v5-vanilla:amd64 (1.13.1-1build1) ...
2026-09-12T06:49:35.8724150Z Setting up libharfbuzz-icu0:amd64 (8.3.0-2build2) ...
2026-09-12T06:49:35.8724900Z Setting up libopenni2-0:amd64 (2.2.0.33+dfsg-18) ...
2026-09-12T06:49:35.8725636Z Setting up libspeex1:amd64 (1.2.1-2ubuntu2.24.04.1) ...
2026-09-12T06:49:35.8726552Z Setting up libshine3:amd64 (3.1.1-2build1) ...
2026-09-12T06:49:35.8727268Z Setting up libcaca0:amd64 (0.99.beta20-4ubuntu0.2) ...
2026-09-12T06:49:35.8727936Z Setting up libvpl2 (2023.3.0-1build1) ...
2026-09-12T06:49:35.8728632Z Setting up libv4lconvert0t64:amd64 (1.26.1-4build3) ...
2026-09-12T06:49:35.8729429Z Setting up libx264-164:amd64 (2:0.164.3108+git31e19f9-1) ...
2026-09-12T06:49:35.8730159Z Setting up libtwolame0:amd64 (0.4.0-2build3) ...
2026-09-12T06:49:35.8730852Z Setting up libmbedcrypto7t64:amd64 (2.28.8-1) ...
2026-09-12T06:49:35.8731521Z Setting up libwoff1:amd64 (1.0.2-2build1) ...
2026-09-12T06:49:35.8732157Z Setting up liblc3-1:amd64 (1.0.4-3build1) ...
2026-09-12T06:49:35.8732828Z Setting up libqrencode4:amd64 (4.1.1-1build2) ...
2026-09-12T06:49:35.8733530Z Setting up libhyphen0:amd64 (2.8.8-7build3) ...
2026-09-12T06:49:35.8734393Z Setting up libgsm1:amd64 (1.0.22-1build1) ...
2026-09-12T06:49:35.8735083Z Setting up libvisual-0.4-0:amd64 (0.4.2-2build1) ...
2026-09-12T06:49:35.8735764Z Setting up libsoxr0:amd64 (0.1.3-4build3) ...
2026-09-12T06:49:35.8736609Z Setting up libzix-0-0:amd64 (0.4.2-2build1) ...
2026-09-12T06:49:35.8737317Z Setting up libcodec2-1.2:amd64 (1.2.0-2build1) ...
2026-09-12T06:49:35.8738036Z Setting up libmanette-0.2-0:amd64 (0.2.7-1build2) ...
2026-09-12T06:49:35.8738736Z Setting up libsrtp2-1:amd64 (2.5.0-3build1) ...
2026-09-12T06:49:35.8739437Z Setting up libmysofa1:amd64 (1.3.2+dfsg-2ubuntu2) ...
2026-09-12T06:49:35.8740166Z Setting up libraptor2-0:amd64 (2.0.16-3ubuntu0.1) ...
2026-09-12T06:49:35.8741067Z Setting up libldacbt-enc2:amd64 (2.0.2.3+git20200429+ed310a0-4ubuntu2) ...
2026-09-12T06:49:35.8741876Z Setting up fonts-wqy-zenhei (0.9.45-8) ...
2026-09-12T06:49:35.8742674Z Setting up libwebrtc-audio-processing1:amd64 (0.3.1-0ubuntu6) ...
2026-09-12T06:49:35.8743730Z Setting up fonts-freefont-ttf (20211204+svn4273-2) ...
2026-09-12T06:49:35.8744577Z Setting up libevent-2.1-7t64:amd64 (2.1.12-stable-9ubuntu2.1) ...
2026-09-12T06:49:35.8745429Z Setting up libsvtav1enc1d1:amd64 (1.7.0+dfsg-2build1) ...
2026-09-12T06:49:35.8746373Z Setting up libsoup-3.0-common (3.4.4-5ubuntu0.7) ...
2026-09-12T06:49:35.8747114Z Setting up libmpg123-0t64:amd64 (1.32.5-1ubuntu1.1) ...
2026-09-12T06:49:35.8747779Z Setting up libcjson1:amd64 (1.7.17-1) ...
2026-09-12T06:49:35.8748447Z Setting up libxvidcore4:amd64 (2:1.3.7-1build1) ...
2026-09-12T06:49:35.8749168Z Setting up libmpcdec6:amd64 (2:0.1~r495-2build1) ...
2026-09-12T06:49:35.8750036Z Setting up libmjpegutils-2.1-0t64:amd64 (1:2.1.0+debian-8.1build1) ...
2026-09-12T06:49:35.8750803Z Setting up librav1e0:amd64 (0.7.1-2) ...
2026-09-12T06:49:35.8751520Z Setting up liborc-0.4-0t64:amd64 (1:0.4.38-1ubuntu0.1) ...
2026-09-12T06:49:35.8752254Z Setting up libxcb-xkb1:amd64 (1.15-1ubuntu2) ...
2026-09-12T06:49:35.8752946Z Setting up libvo-aacenc0:amd64 (0.1.3-2build1) ...
2026-09-12T06:49:35.8753625Z Setting up librist4:amd64 (0.2.10+dfsg-2) ...
2026-09-12T06:49:35.8754320Z Setting up librsvg2-2:amd64 (2.58.0+dfsg-1build1) ...
2026-09-12T06:49:35.8755018Z Setting up libblas3:amd64 (3.12.0-3build1.1) ...
2026-09-12T06:49:35.8756815Z update-alternatives: using /usr/lib/x86_64-linux-gnu/blas/libblas.so.3 to provide /usr/lib/x86_64-linux-gnu/libblas.so.3 (libblas.so.3-x86_64-linux-gnu) in auto mode
2026-09-12T06:49:35.8757233Z Setting up libegl-mesa0:amd64 (25.2.8-0ubuntu0.24.04.2) ...
2026-09-12T06:49:35.8757613Z Setting up libsoundtouch1:amd64 (2.3.2+ds1-1build1) ...
2026-09-12T06:49:35.8757957Z Setting up libplacebo338:amd64 (6.338.2-2build1) ...
2026-09-12T06:49:35.8758264Z Setting up libgles2:amd64 (1.7.0-1build1) ...
2026-09-12T06:49:35.8758597Z Setting up fonts-tlwg-loma-otf (1:0.7.3-1) ...
2026-09-12T06:49:35.8758916Z Setting up libva2:amd64 (2.20.0-2ubuntu0.2) ...
2026-09-12T06:49:35.8759328Z Setting up libspa-0.2-modules:amd64 (1.0.5-1ubuntu3.3) ...
2026-09-12T06:49:35.8759608Z Setting up libzxing3:amd64 (2.2.1-3) ...
2026-09-12T06:49:35.8759954Z Setting up xfonts-encodings (1:1.0.5-0ubuntu2) ...
2026-09-12T06:49:35.8760250Z Setting up libopus0:amd64 (1.4-1build1) ...
2026-09-12T06:49:35.8760560Z Setting up libfaad2:amd64 (2.11.1-1build1) ...
2026-09-12T06:49:35.8760933Z Setting up libxkbcommon-x11-0:amd64 (1.6.0-1build1) ...
2026-09-12T06:49:35.8761262Z Setting up libdc1394-25:amd64 (2.2.6-4build1) ...
2026-09-12T06:49:35.8761661Z Setting up libimath-3-1-29t64:amd64 (3.1.9-3.1ubuntu2) ...
2026-09-12T06:49:35.8761986Z Setting up libunibreak5:amd64 (5.1-2build1) ...
2026-09-12T06:49:35.8762327Z Setting up libdv4t64:amd64 (1.0.0-17.1build1) ...
2026-09-12T06:49:35.8762678Z Setting up libjxl0.7:amd64 (0.7.0-10.2ubuntu6.1) ...
2026-09-12T06:49:35.8763010Z Setting up libopenh264-7:amd64 (2.4.1+dfsg-1) ...
2026-09-12T06:49:35.8763319Z Setting up libltc11:amd64 (1.3.2-1build1) ...
2026-09-12T06:49:35.8763633Z Setting up libx265-199:amd64 (3.5-2build1) ...
2026-09-12T06:49:35.8764125Z Setting up libv4l-0t64:amd64 (1.26.1-4build3) ...
2026-09-12T06:49:35.8764434Z Setting up libavtp0:amd64 (0.2.0-1build1) ...
2026-09-12T06:49:35.8764771Z Setting up libsndio7.0:amd64 (1.9.0-0.3build3) ...
2026-09-12T06:49:35.8765196Z Setting up libdirectfb-1.7-7t64:amd64 (1.7.7-11.1ubuntu2) ...
2026-09-12T06:49:35.8765603Z Setting up libspandsp2t64:amd64 (0.0.6+dfsg-2.1build1) ...
2026-09-12T06:49:35.8765935Z Setting up libvidstab1.1:amd64 (1.1.0-2build1) ...
2026-09-12T06:49:35.8766444Z Setting up libvpx9:amd64 (1.14.0-1ubuntu2.3) ...
2026-09-12T06:49:35.8766812Z Setting up libsrt1.5-gnutls:amd64 (1.5.3-1build2) ...
2026-09-12T06:49:35.8767130Z Setting up libtag1v5:amd64 (1.13.1-1build1) ...
2026-09-12T06:49:35.8767429Z Setting up libflite1:amd64 (2.2-6build3) ...
2026-09-12T06:49:35.8767809Z Setting up libdav1d7:amd64 (1.4.1-1build1) ...
2026-09-12T06:49:35.8768154Z Setting up libva-drm2:amd64 (2.20.0-2ubuntu0.2) ...
2026-09-12T06:49:35.8768670Z Setting up fonts-ipafont-gothic (00303-21ubuntu1) ...
2026-09-12T06:49:35.8770181Z update-alternatives: using /usr/share/fonts/opentype/ipafont-gothic/ipag.ttf to provide /usr/share/fonts/truetype/fonts-japanese-gothic.ttf (fonts-japanese-gothic.ttf) in auto mode
2026-09-12T06:49:35.8770561Z Setting up ocl-icd-libopencl1:amd64 (2.3.2-1build1) ...
2026-09-12T06:49:35.8770879Z Setting up libasyncns0:amd64 (0.8-6build4) ...
2026-09-12T06:49:35.8771215Z Setting up libwildmidi2:amd64 (0.4.3-1build3) ...
2026-09-12T06:49:35.8771519Z Setting up libvdpau1:amd64 (1.5-2build1) ...
2026-09-12T06:49:35.8771846Z Setting up libwavpack1:amd64 (5.6.0-1build1) ...
2026-09-12T06:49:35.8772175Z Setting up libbs2b0:amd64 (3.1.0+dfsg-7build1) ...
2026-09-12T06:49:35.8772568Z Setting up libtheora0:amd64 (1.1.1+dfsg.1-16.1build3) ...
2026-09-12T06:49:35.8772865Z Setting up libegl1:amd64 (1.7.0-1build1) ...
2026-09-12T06:49:35.8773194Z Setting up libdecor-0-0:amd64 (0.2.2-1build2) ...
2026-09-12T06:49:35.8773486Z Setting up libdca0:amd64 (0.0.7-2build1) ...
2026-09-12T06:49:35.8773828Z Setting up libzimg2:amd64 (3.0.5+ds1-1build1) ...
2026-09-12T06:49:35.8774157Z Setting up libopenal-data (1:1.23.1-4build1) ...
2026-09-12T06:49:35.8774608Z Setting up libabsl20220623t64:amd64 (20220623.1-3.1ubuntu3.2) ...
2026-09-12T06:49:35.8774984Z Setting up libflac12t64:amd64 (1.4.3+ds-2.1ubuntu2) ...
2026-09-12T06:49:35.8775346Z Setting up libgtk-4-common (4.14.5+ds-0ubuntu0.10) ...
2026-09-12T06:49:35.8775855Z Setting up libmpeg2encpp-2.1-0t64:amd64 (1:2.1.0+debian-8.1build1) ...
2026-09-12T06:49:35.8776403Z Setting up glib-networking-common (2.80.0-1build1) ...
2026-09-12T06:49:35.8776680Z Setting up libmfx1:amd64 (22.5.4-1) ...
2026-09-12T06:49:35.8777012Z Setting up libbluray2:amd64 (1:1.3.4-1build1) ...
2026-09-12T06:49:35.8777344Z Setting up libde265-0:amd64 (1.0.15-1ubuntu0.1) ...
2026-09-12T06:49:35.8777684Z Setting up libsamplerate0:amd64 (0.2.2-4build1) ...
2026-09-12T06:49:35.8777975Z Setting up timgm6mb-soundfont (1.3-5) ...
2026-09-12T06:49:35.8779104Z update-alternatives: using /usr/share/sounds/sf2/TimGM6mb.sf2 to provide /usr/share/sounds/sf2/default-GM.sf2 (default-GM.sf2) in auto mode
2026-09-12T06:49:35.8780184Z update-alternatives: using /usr/share/sounds/sf2/TimGM6mb.sf2 to provide /usr/share/sounds/sf3/default-GM.sf3 (default-GM.sf3) in auto mode
2026-09-12T06:49:35.8780539Z Setting up libva-x11-2:amd64 (2.20.0-2ubuntu0.2) ...
2026-09-12T06:49:35.8780927Z Setting up libyuv0:amd64 (0.0~git202401110.af6ac82-1) ...
2026-09-12T06:49:35.8781398Z Setting up libmplex2-2.1-0t64:amd64 (1:2.1.0+debian-8.1build1) ...
2026-09-12T06:49:35.8781824Z Setting up libpipewire-0.3-0t64:amd64 (1.0.5-1ubuntu3.3) ...
2026-09-12T06:49:35.8782181Z Setting up libopenmpt0t64:amd64 (0.7.3-1.1build3) ...
2026-09-12T06:49:35.8782463Z Setting up libzvbi-common (0.2.42-2) ...
2026-09-12T06:49:35.8782793Z Setting up libsecret-common (0.21.4-1build3) ...
2026-09-12T06:49:35.8783118Z Setting up libmp3lame0:amd64 (3.100-6build1) ...
2026-09-12T06:49:35.8783495Z Setting up libgraphene-1.0-0:amd64 (1.10.8-3build2) ...
2026-09-12T06:49:35.8783980Z Setting up libvorbisenc2:amd64 (1.3.7-1build3) ...
2026-09-12T06:49:35.8784301Z Setting up libdvdnav4:amd64 (6.1.1-3build1) ...
2026-09-12T06:49:35.8784625Z Setting up fonts-unifont (1:15.1.01-1build1) ...
2026-09-12T06:49:35.8784902Z Setting up libaa1:amd64 (1.4p5-51.1) ...
2026-09-12T06:49:35.8785225Z Setting up libiec61883-0:amd64 (1.2.0-6build1) ...
2026-09-12T06:49:35.8785516Z Setting up libserd-0-0:amd64 (0.32.2-1) ...
2026-09-12T06:49:35.8785842Z Setting up libavc1394-0:amd64 (0.5.4-5build3) ...
2026-09-12T06:49:35.8786435Z Setting up gsettings-desktop-schemas (46.1-0ubuntu1) ...
2026-09-12T06:49:35.8786849Z Setting up glib-networking-services (2.80.0-1build1) ...
2026-09-12T06:49:35.8787183Z Setting up liblapack3:amd64 (3.12.0-3build1.1) ...
2026-09-12T06:49:35.8788543Z update-alternatives: using /usr/lib/x86_64-linux-gnu/lapack/liblapack.so.3 to provide /usr/lib/x86_64-linux-gnu/liblapack.so.3 (liblapack.so.3-x86_64-linux-gnu) in auto mode
2026-09-12T06:49:35.8788998Z Setting up libzvbi0t64:amd64 (0.2.42-2) ...
2026-09-12T06:49:35.8789314Z Setting up liblrdf0:amd64 (0.6.1-4build1) ...
2026-09-12T06:49:35.8789649Z Setting up libzbar0t64:amd64 (0.23.93-4build3) ...
2026-09-12T06:49:35.8790168Z Setting up libgstreamer-plugins-base1.0-0:amd64 (1.24.2-1ubuntu0.4) ...
2026-09-12T06:49:35.8790515Z Setting up libavutil58:amd64 (7:6.1.1-3ubuntu5) ...
2026-09-12T06:49:35.8790851Z Setting up libopenal1:amd64 (1:1.23.1-4build1) ...
2026-09-12T06:49:35.8791147Z Setting up xfonts-utils (1:7.7+6build3) ...
2026-09-12T06:49:35.8791482Z Setting up libsecret-1-0:amd64 (0.21.4-1build3) ...
2026-09-12T06:49:35.8792000Z Setting up libgstreamer-plugins-good1.0-0:amd64 (1.24.2-1ubuntu1.5) ...
2026-09-12T06:49:35.8792427Z Setting up libgstreamer-gl1.0-0:amd64 (1.24.2-1ubuntu0.4) ...
2026-09-12T06:49:35.8792898Z Setting up gstreamer1.0-plugins-base:amd64 (1.24.2-1ubuntu0.4) ...
2026-09-12T06:49:35.8793221Z Setting up libass9:amd64 (1:0.17.1-2build1) ...
2026-09-12T06:49:35.8793599Z Setting up libswresample4:amd64 (7:6.1.1-3ubuntu5) ...
2026-09-12T06:49:35.8793984Z Setting up libopenexr-3-1-30:amd64 (3.1.5-5.1build3) ...
2026-09-12T06:49:35.8794302Z Setting up libshout3:amd64 (2.4.6-1build2) ...
2026-09-12T06:49:35.8794619Z Setting up libgav1-1:amd64 (0.18.0-1build3) ...
2026-09-12T06:49:35.8794975Z Setting up libavcodec60:amd64 (7:6.1.1-3ubuntu5) ...
2026-09-12T06:49:35.8795359Z Setting up librubberband2:amd64 (3.3.0+dfsg-2build1) ...
2026-09-12T06:49:35.8795777Z Setting up libjack-jackd2-0:amd64 (1.9.21~dfsg-3ubuntu3) ...
2026-09-12T06:49:35.8796287Z Setting up libsord-0-0:amd64 (0.16.16-2build1) ...
2026-09-12T06:49:35.8796607Z Setting up xfonts-cyrillic (1:1.0.5+nmu1) ...
2026-09-12T06:49:35.8796962Z Setting up libpostproc57:amd64 (7:6.1.1-3ubuntu5) ...
2026-09-12T06:49:35.8797303Z Setting up libsratom-0-0:amd64 (0.6.16-1build1) ...
2026-09-12T06:49:35.8797694Z Setting up libsndfile1:amd64 (1.2.2-1ubuntu5.24.04.1) ...
2026-09-12T06:49:35.8798032Z Setting up liblilv-0-0:amd64 (0.24.22-1build1) ...
2026-09-12T06:49:35.8798422Z Setting up libinstpatch-1.0-2:amd64 (1.1.6-1build2) ...
2026-09-12T06:49:35.8798722Z Setting up xfonts-scalable (1:1.0.3-1.3) ...
2026-09-12T06:49:35.8799065Z Setting up libswscale7:amd64 (7:6.1.1-3ubuntu5) ...
2026-09-12T06:49:35.8799383Z Setting up libavif16:amd64 (1.0.4-1ubuntu3) ...
2026-09-12T06:49:35.8799781Z Setting up libpulse0:amd64 (1:16.1+dfsg1-2ubuntu10.1) ...
2026-09-12T06:49:35.8800134Z Setting up libavformat60:amd64 (7:6.1.1-3ubuntu5) ...
2026-09-12T06:49:35.8800600Z Setting up libsphinxbase3t64:amd64 (0.8+5prealpha+1-17build2) ...
2026-09-12T06:49:35.8801012Z Setting up libsdl2-2.0-0:amd64 (2.30.0+dfsg-1ubuntu3.1) ...
2026-09-12T06:49:35.8801355Z Setting up libfluidsynth3:amd64 (2.3.4-1build3) ...
2026-09-12T06:49:35.8801870Z Setting up libpocketsphinx3:amd64 (0.8.0+real5prealpha+1-15ubuntu5) ...
2026-09-12T06:49:35.8802218Z Setting up libavfilter9:amd64 (7:6.1.1-3ubuntu5) ...
2026-09-12T06:49:35.8802610Z Setting up gstreamer1.0-libav:amd64 (1.24.1-1build1) ...
2026-09-12T06:49:35.8803173Z Processing triggers for fontconfig (2.15.0-1.1ubuntu2) ...
2026-09-12T06:49:35.8803549Z Processing triggers for libc-bin (2.39-0ubuntu8.8) ...
2026-09-12T06:49:35.8803894Z Processing triggers for man-db (2.12.0-4build2) ...
2026-09-12T06:49:35.8804279Z Not building database; man-db/auto-update is not 'true'.
2026-09-12T06:49:35.8804775Z Processing triggers for libglib2.0-0t64:amd64 (2.80.0-6ubuntu3.8) ...
2026-09-12T06:49:35.8805148Z Setting up libgtk-4-1:amd64 (4.14.5+ds-0ubuntu0.10) ...
2026-09-12T06:49:35.8805510Z Setting up glib-networking:amd64 (2.80.0-1build1) ...
2026-09-12T06:49:35.8805855Z Setting up libsoup-3.0-0:amd64 (3.4.4-5ubuntu0.7) ...
2026-09-12T06:49:35.8806367Z Setting up libgssdp-1.6-0:amd64 (1.6.3-1build3) ...
2026-09-12T06:49:35.8806844Z Setting up gstreamer1.0-plugins-good:amd64 (1.24.2-1ubuntu1.5) ...
2026-09-12T06:49:35.8807184Z Setting up libgupnp-1.6-0:amd64 (1.6.6-1build3) ...
2026-09-12T06:49:35.8807708Z Setting up libgupnp-igd-1.6-0:amd64 (1.6.0-3build3) ...
2026-09-12T06:49:35.8808031Z Setting up libnice10:amd64 (0.1.21-2build3) ...
2026-09-12T06:49:35.8808529Z Setting up libgstreamer-plugins-bad1.0-0:amd64 (1.24.2-1ubuntu4) ...
2026-09-12T06:49:35.8808977Z Setting up gstreamer1.0-plugins-bad:amd64 (1.24.2-1ubuntu4) ...
2026-09-12T06:49:35.8809348Z Processing triggers for libc-bin (2.39-0ubuntu8.8) ...
2026-09-12T06:49:35.8809363Z 
2026-09-12T06:49:35.8809640Z Running kernel seems to be up-to-date.
2026-09-12T06:49:35.8809653Z 
2026-09-12T06:49:35.8809903Z No services need to be restarted.
2026-09-12T06:49:35.8809915Z 
2026-09-12T06:49:35.8810175Z No containers need to be restarted.
2026-09-12T06:49:35.8810186Z 
2026-09-12T06:49:35.8810512Z No user sessions are running outdated binaries.
2026-09-12T06:49:35.8810523Z 
2026-09-12T06:49:35.8811045Z No VM guests are running outdated hypervisor (qemu) binaries on this host.
2026-09-12T06:49:35.8812269Z Downloading Chrome for Testing 151.0.7922.34 (playwright chromium v1234) from https://cdn.playwright.dev/builds/cft/151.0.7922.34/linux64/chrome-linux64.zip
2026-09-12T06:49:35.8812786Z |                                                                                |   0% of 184.3 MiB
2026-09-12T06:49:35.8813484Z |■■■■■■■■                                                                        |  10% of 184.3 MiB
2026-09-12T06:49:35.8814138Z |■■■■■■■■■■■■■■■■                                                                |  20% of 184.3 MiB
2026-09-12T06:49:35.8814792Z |■■■■■■■■■■■■■■■■■■■■■■■■                                                        |  30% of 184.3 MiB
2026-09-12T06:49:35.8815448Z |■■■■■■■■■■■■■■■■■■■■■■■■■■■■■■■■                                                |  40% of 184.3 MiB
2026-09-12T06:49:35.8816334Z |■■■■■■■■■■■■■■■■■■■■■■■■■■■■■■■■■■■■■■■■                                        |  50% of 184.3 MiB
2026-09-12T06:49:35.8817029Z |■■■■■■■■■■■■■■■■■■■■■■■■■■■■■■■■■■■■■■■■■■■■■■■■                                |  60% of 184.3 MiB
2026-09-12T06:49:35.8817738Z |■■■■■■■■■■■■■■■■■■■■■■■■■■■■■■■■■■■■■■■■■■■■■■■■■■■■■■■■                        |  70% of 184.3 MiB
2026-09-12T06:49:35.8818451Z |■■■■■■■■■■■■■■■■■■■■■■■■■■■■■■■■■■■■■■■■■■■■■■■■■■■■■■■■■■■■■■■■                |  80% of 184.3 MiB
2026-09-12T06:49:35.8819145Z |■■■■■■■■■■■■■■■■■■■■■■■■■■■■■■■■■■■■■■■■■■■■■■■■■■■■■■■■■■■■■■■■■■■■■■■■        |  90% of 184.3 MiB
2026-09-12T06:49:35.8819840Z |■■■■■■■■■■■■■■■■■■■■■■■■■■■■■■■■■■■■■■■■■■■■■■■■■■■■■■■■■■■■■■■■■■■■■■■■■■■■■■■■| 100% of 184.3 MiB
2026-09-12T06:49:35.8820761Z Chrome for Testing 151.0.7922.34 (playwright chromium v1234) downloaded to /home/runner/.cache/ms-playwright/chromium-1234
2026-09-12T06:49:35.8821892Z Downloading FFmpeg (playwright ffmpeg v1011) from https://cdn.playwright.dev/dbazure/download/playwright/builds/ffmpeg/1011/ffmpeg-linux.zip
2026-09-12T06:49:35.8822379Z |                                                                                |   0% of 2.3 MiB
2026-09-12T06:49:35.8823034Z |■■■■■■■■                                                                        |  10% of 2.3 MiB
2026-09-12T06:49:35.8823846Z |■■■■■■■■■■■■■■■■                                                                |  20% of 2.3 MiB
2026-09-12T06:49:35.8824481Z |■■■■■■■■■■■■■■■■■■■■■■■■                                                        |  30% of 2.3 MiB
2026-09-12T06:49:35.8825131Z |■■■■■■■■■■■■■■■■■■■■■■■■■■■■■■■■                                                |  40% of 2.3 MiB
2026-09-12T06:49:35.8825786Z |■■■■■■■■■■■■■■■■■■■■■■■■■■■■■■■■■■■■■■■■                                        |  50% of 2.3 MiB
2026-09-12T06:49:35.8826641Z |■■■■■■■■■■■■■■■■■■■■■■■■■■■■■■■■■■■■■■■■■■■■■■■■                                |  60% of 2.3 MiB
2026-09-12T06:49:35.8827321Z |■■■■■■■■■■■■■■■■■■■■■■■■■■■■■■■■■■■■■■■■■■■■■■■■■■■■■■■■                        |  70% of 2.3 MiB
2026-09-12T06:49:35.8827989Z |■■■■■■■■■■■■■■■■■■■■■■■■■■■■■■■■■■■■■■■■■■■■■■■■■■■■■■■■■■■■■■■■                |  80% of 2.3 MiB
2026-09-12T06:49:35.8828847Z |■■■■■■■■■■■■■■■■■■■■■■■■■■■■■■■■■■■■■■■■■■■■■■■■■■■■■■■■■■■■■■■■■■■■■■■■        |  90% of 2.3 MiB
2026-09-12T06:49:35.8829563Z |■■■■■■■■■■■■■■■■■■■■■■■■■■■■■■■■■■■■■■■■■■■■■■■■■■■■■■■■■■■■■■■■■■■■■■■■■■■■■■■■| 100% of 2.3 MiB
2026-09-12T06:49:35.8830254Z FFmpeg (playwright ffmpeg v1011) downloaded to /home/runner/.cache/ms-playwright/ffmpeg-1011
2026-09-12T06:49:35.8831777Z Downloading Chrome Headless Shell 151.0.7922.34 (playwright chromium-headless-shell v1234) from https://cdn.playwright.dev/builds/cft/151.0.7922.34/linux64/chrome-headless-shell-linux64.zip
2026-09-12T06:49:35.8832279Z |                                                                                |   0% of 114.7 MiB
2026-09-12T06:49:35.8832918Z |■■■■■■■■                                                                        |  10% of 114.7 MiB
2026-09-12T06:49:35.8833567Z |■■■■■■■■■■■■■■■■                                                                |  20% of 114.7 MiB
2026-09-12T06:49:35.8834238Z |■■■■■■■■■■■■■■■■■■■■■■■■                                                        |  30% of 114.7 MiB
2026-09-12T06:49:35.8834958Z |■■■■■■■■■■■■■■■■■■■■■■■■■■■■■■■■                                                |  40% of 114.7 MiB
2026-09-12T06:49:35.8835635Z |■■■■■■■■■■■■■■■■■■■■■■■■■■■■■■■■■■■■■■■■                                        |  50% of 114.7 MiB
2026-09-12T06:49:35.8836482Z |■■■■■■■■■■■■■■■■■■■■■■■■■■■■■■■■■■■■■■■■■■■■■■■■                                |  60% of 114.7 MiB
2026-09-12T06:49:35.8837175Z |■■■■■■■■■■■■■■■■■■■■■■■■■■■■■■■■■■■■■■■■■■■■■■■■■■■■■■■■                        |  70% of 114.7 MiB
2026-09-12T06:49:35.8837865Z |■■■■■■■■■■■■■■■■■■■■■■■■■■■■■■■■■■■■■■■■■■■■■■■■■■■■■■■■■■■■■■■■                |  80% of 114.7 MiB
2026-09-12T06:49:35.8838557Z |■■■■■■■■■■■■■■■■■■■■■■■■■■■■■■■■■■■■■■■■■■■■■■■■■■■■■■■■■■■■■■■■■■■■■■■■        |  90% of 114.7 MiB
2026-09-12T06:49:35.8839252Z |■■■■■■■■■■■■■■■■■■■■■■■■■■■■■■■■■■■■■■■■■■■■■■■■■■■■■■■■■■■■■■■■■■■■■■■■■■■■■■■■| 100% of 114.7 MiB
2026-09-12T06:49:35.8840658Z Chrome Headless Shell 151.0.7922.34 (playwright chromium-headless-shell v1234) downloaded to /home/runner/.cache/ms-playwright/chromium_headless_shell-1234
2026-09-12T06:49:35.8842096Z Downloading Firefox 153.0 (playwright firefox v1538) from https://cdn.playwright.dev/dbazure/download/playwright/builds/firefox/1538/firefox-ubuntu-24.04.zip
2026-09-12T06:49:35.8842596Z |                                                                                |   0% of 108.2 MiB
2026-09-12T06:49:35.8843243Z |■■■■■■■■                                                                        |  10% of 108.2 MiB
2026-09-12T06:49:35.8843888Z |■■■■■■■■■■■■■■■■                                                                |  20% of 108.2 MiB
2026-09-12T06:49:35.8844537Z |■■■■■■■■■■■■■■■■■■■■■■■■                                                        |  30% of 108.2 MiB
2026-09-12T06:49:35.8845198Z |■■■■■■■■■■■■■■■■■■■■■■■■■■■■■■■■                                                |  40% of 108.2 MiB
2026-09-12T06:49:35.8845885Z |■■■■■■■■■■■■■■■■■■■■■■■■■■■■■■■■■■■■■■■■                                        |  50% of 108.2 MiB
2026-09-12T06:49:35.8846767Z |■■■■■■■■■■■■■■■■■■■■■■■■■■■■■■■■■■■■■■■■■■■■■■■■                                |  60% of 108.2 MiB
2026-09-12T06:49:35.8847457Z |■■■■■■■■■■■■■■■■■■■■■■■■■■■■■■■■■■■■■■■■■■■■■■■■■■■■■■■■                        |  70% of 108.2 MiB
2026-09-12T06:49:35.8848141Z |■■■■■■■■■■■■■■■■■■■■■■■■■■■■■■■■■■■■■■■■■■■■■■■■■■■■■■■■■■■■■■■■                |  80% of 108.2 MiB
2026-09-12T06:49:35.8848835Z |■■■■■■■■■■■■■■■■■■■■■■■■■■■■■■■■■■■■■■■■■■■■■■■■■■■■■■■■■■■■■■■■■■■■■■■■        |  90% of 108.2 MiB
2026-09-12T06:49:35.8849530Z |■■■■■■■■■■■■■■■■■■■■■■■■■■■■■■■■■■■■■■■■■■■■■■■■■■■■■■■■■■■■■■■■■■■■■■■■■■■■■■■■| 100% of 108.2 MiB
2026-09-12T06:49:35.8850280Z Firefox 153.0 (playwright firefox v1538) downloaded to /home/runner/.cache/ms-playwright/firefox-1538
2026-09-12T06:49:35.8851497Z Downloading WebKit 26.5 (playwright webkit v2336) from https://cdn.playwright.dev/dbazure/download/playwright/builds/webkit/2336/webkit-ubuntu-24.04.zip
2026-09-12T06:49:35.8852015Z |                                                                                |   0% of 102 MiB
2026-09-12T06:49:35.8852809Z |■■■■■■■■                                                                        |  10% of 102 MiB
2026-09-12T06:49:35.8853441Z |■■■■■■■■■■■■■■■■                                                                |  20% of 102 MiB
2026-09-12T06:49:35.8854083Z |■■■■■■■■■■■■■■■■■■■■■■■■                                                        |  30% of 102 MiB
2026-09-12T06:49:35.8854732Z |■■■■■■■■■■■■■■■■■■■■■■■■■■■■■■■■                                                |  40% of 102 MiB
2026-09-12T06:49:35.8855387Z |■■■■■■■■■■■■■■■■■■■■■■■■■■■■■■■■■■■■■■■■                                        |  50% of 102 MiB
2026-09-12T06:49:35.8856222Z |■■■■■■■■■■■■■■■■■■■■■■■■■■■■■■■■■■■■■■■■■■■■■■■■                                |  60% of 102 MiB
2026-09-12T06:49:35.8856906Z |■■■■■■■■■■■■■■■■■■■■■■■■■■■■■■■■■■■■■■■■■■■■■■■■■■■■■■■■                        |  70% of 102 MiB
2026-09-12T06:49:35.8857750Z |■■■■■■■■■■■■■■■■■■■■■■■■■■■■■■■■■■■■■■■■■■■■■■■■■■■■■■■■■■■■■■■■                |  80% of 102 MiB
2026-09-12T06:49:35.8858458Z |■■■■■■■■■■■■■■■■■■■■■■■■■■■■■■■■■■■■■■■■■■■■■■■■■■■■■■■■■■■■■■■■■■■■■■■■        |  90% of 102 MiB
2026-09-12T06:49:35.8859140Z |■■■■■■■■■■■■■■■■■■■■■■■■■■■■■■■■■■■■■■■■■■■■■■■■■■■■■■■■■■■■■■■■■■■■■■■■■■■■■■■■| 100% of 102 MiB
2026-09-12T06:49:35.8859846Z WebKit 26.5 (playwright webkit v2336) downloaded to /home/runner/.cache/ms-playwright/webkit-2336
2026-09-12T06:49:35.8860122Z Building the Web preview artifact...
2026-09-12T06:49:39.3423845Z 
2026-09-12T06:49:39.3425097Z > @relational-config-center/web@0.0.0 build /home/runner/work/relational-config-center/relational-config-center/web
2026-09-12T06:49:39.3426313Z > tsc --noEmit && vite build
2026-09-12T06:49:39.3426612Z 
2026-09-12T06:49:39.3427216Z [36mvite v8.2.2 [32mbuilding client environment for production...[36m[39m
2026-09-12T06:49:39.3427736Z transforming...
2026-09-12T06:49:39.3428157Z ✓ 2158 modules transformed.
2026-09-12T06:49:39.3428588Z rendering chunks...
2026-09-12T06:49:39.3428922Z computing gzip size...
2026-09-12T06:49:39.3429539Z dist/index.html                             0.74 kB │ gzip:   0.40 kB
2026-09-12T06:49:39.3430174Z dist/assets/index-uJ84wE7V.css             86.93 kB │ gzip:  16.77 kB
2026-09-12T06:49:39.3430833Z dist/assets/rolldown-runtime-CbXtAM7H.js    0.58 kB │ gzip:   0.36 kB
2026-09-12T06:49:39.3431484Z dist/assets/react-DXf84zf0.js             189.60 kB │ gzip:  59.62 kB
2026-09-12T06:49:39.3432115Z dist/assets/vendor-B5DI7EYn.js            359.58 kB │ gzip: 112.44 kB
2026-09-12T06:49:39.3432753Z dist/assets/index-BoUbTwuw.js             364.92 kB │ gzip:  99.95 kB
2026-09-12T06:49:39.3433049Z 
2026-09-12T06:49:39.3433254Z [32m✓ built in 588ms[39m
2026-09-12T06:49:39.3433710Z Verifying timeout cleanup against a TERM-resistant descendant...
2026-09-12T06:49:40.6978882Z ✔ kills the process group when its leader exits on TERM (1235.611342ms)
2026-09-12T06:49:40.6979480Z ℹ tests 1
2026-09-12T06:49:40.6979871Z ℹ suites 0
2026-09-12T06:49:40.6980923Z ℹ pass 1
2026-09-12T06:49:40.6981410Z ℹ fail 0
2026-09-12T06:49:40.6981918Z ℹ cancelled 0
2026-09-12T06:49:40.6982441Z ℹ skipped 0
2026-09-12T06:49:40.6982895Z ℹ todo 0
2026-09-12T06:49:40.6983312Z ℹ duration_ms 1291.504214
2026-09-12T06:49:40.6983833Z Starting disposable MySQL 8.4 container rcc-browser-1789195726-2502-mysql...
2026-09-12T06:50:03.4139154Z Building and applying the current Goose control schema...
2026-09-12T06:50:06.3409266Z {"state":"current","current":11,"required":11,"pending":[],"attempt_id":11,"attempt_version":11,"attempt_digest":"2e51f69bd9fc53e0de693a6e28fa26e547fb640740c9210b830b6f820c182963","attempt_operation":"up"}
2026-09-12T06:50:06.3411202Z Loading deploy/mysql/local-fixture/002-notification-templates.sql...
2026-09-12T06:50:06.4446912Z Granting the disposable Admin account publication metadata access...
2026-09-12T06:50:06.6008974Z Building and starting Admin on a dynamic loopback port...
2026-09-12T06:50:09.5887214Z Starting Web preview on a different dynamic loopback port...
2026-09-12T06:50:11.7979024Z {"files":["docs/verification/fixtures/stage1_acceptance.sql","web/e2e/fixtures/stage1-policies.sql","admin/cmd/admin/testdata/014-batch-browser.sql","admin/cmd/admin/testdata/015-draft-targets-browser.sql","admin/cmd/admin/testdata/016-multitable-browser.sql","web/e2e/fixtures/release-rollbacks.sql","web/e2e/fixtures/field-display.sql"],"added":["field_display_browser_items","stage1_acceptance_items","stage1_rollback_chromium_items","stage1_rollback_firefox_items","stage1_rollback_webkit_items"],"associations":[{"created_at":"2026-09-12T06:50:11.64Z","creator":"1d78f26f-be75-496c-8c1c-676aee8829a2","enabled":true,"modifier":"1d78f26f-be75-496c-8c1c-676aee8829a2","table_name":"field_display_browser_items","template_code":"default_standard_v1","template_enabled":true,"template_name":"默认常规发布","type":"STANDARD","updated_at":"2026-09-12T06:50:11.64Z","version":"1"},{"created_at":"2026-09-12T06:50:11.652Z","creator":"1d78f26f-be75-496c-8c1c-676aee8829a2","enabled":true,"modifier":"1d78f26f-be75-496c-8c1c-676aee8829a2","table_name":"field_display_browser_items","template_code":"default_emergency_v1","template_enabled":true,"template_name":"默认应急发布","type":"EMERGENCY","updated_at":"2026-09-12T06:50:11.652Z","version":"1"},{"created_at":"2026-09-12T06:50:11.669Z","creator":"1d78f26f-be75-496c-8c1c-676aee8829a2","enabled":true,"modifier":"1d78f26f-be75-496c-8c1c-676aee8829a2","table_name":"stage1_acceptance_items","template_code":"default_standard_v1","template_enabled":true,"template_name":"默认常规发布","type":"STANDARD","updated_at":"2026-09-12T06:50:11.669Z","version":"1"},{"created_at":"2026-09-12T06:50:11.691Z","creator":"1d78f26f-be75-496c-8c1c-676aee8829a2","enabled":true,"modifier":"1d78f26f-be75-496c-8c1c-676aee8829a2","table_name":"stage1_acceptance_items","template_code":"default_emergency_v1","template_enabled":true,"template_name":"默认应急发布","type":"EMERGENCY","updated_at":"2026-09-12T06:50:11.691Z","version":"1"},{"created_at":"2026-09-12T06:50:11.712Z","creator":"1d78f26f-be75-496c-8c1c-676aee8829a2","enabled":true,"modifier":"1d78f26f-be75-496c-8c1c-676aee8829a2","table_name":"stage1_rollback_chromium_items","template_code":"default_standard_v1","template_enabled":true,"template_name":"默认常规发布","type":"STANDARD","updated_at":"2026-09-12T06:50:11.712Z","version":"1"},{"created_at":"2026-09-12T06:50:11.722Z","creator":"1d78f26f-be75-496c-8c1c-676aee8829a2","enabled":true,"modifier":"1d78f26f-be75-496c-8c1c-676aee8829a2","table_name":"stage1_rollback_chromium_items","template_code":"default_emergency_v1","template_enabled":true,"template_name":"默认应急发布","type":"EMERGENCY","updated_at":"2026-09-12T06:50:11.722Z","version":"1"},{"created_at":"2026-09-12T06:50:11.739Z","creator":"1d78f26f-be75-496c-8c1c-676aee8829a2","enabled":true,"modifier":"1d78f26f-be75-496c-8c1c-676aee8829a2","table_name":"stage1_rollback_firefox_items","template_code":"default_standard_v1","template_enabled":true,"template_name":"默认常规发布","type":"STANDARD","updated_at":"2026-09-12T06:50:11.739Z","version":"1"},{"created_at":"2026-09-12T06:50:11.75Z","creator":"1d78f26f-be75-496c-8c1c-676aee8829a2","enabled":true,"modifier":"1d78f26f-be75-496c-8c1c-676aee8829a2","table_name":"stage1_rollback_firefox_items","template_code":"default_emergency_v1","template_enabled":true,"template_name":"默认应急发布","type":"EMERGENCY","updated_at":"2026-09-12T06:50:11.75Z","version":"1"},{"created_at":"2026-09-12T06:50:11.766Z","creator":"1d78f26f-be75-496c-8c1c-676aee8829a2","enabled":true,"modifier":"1d78f26f-be75-496c-8c1c-676aee8829a2","table_name":"stage1_rollback_webkit_items","template_code":"default_standard_v1","template_enabled":true,"template_name":"默认常规发布","type":"STANDARD","updated_at":"2026-09-12T06:50:11.766Z","version":"1"},{"created_at":"2026-09-12T06:50:11.775Z","creator":"1d78f26f-be75-496c-8c1c-676aee8829a2","enabled":true,"modifier":"1d78f26f-be75-496c-8c1c-676aee8829a2","table_name":"stage1_rollback_webkit_items","template_code":"default_emergency_v1","template_enabled":true,"template_name":"默认应急发布","type":"EMERGENCY","updated_at":"2026-09-12T06:50:11.775Z","version":"1"}]}
2026-09-12T06:50:14.5678224Z Running unsaved-changes...
2026-09-12T06:50:37.1996276Z PASS untouched Query create closes without a warning
2026-09-12T06:50:37.1997252Z PASS actual browser POP back cancel retains input and route
2026-09-12T06:50:37.1998238Z PASS actual browser POP back confirm and forward restore the intended route
2026-09-12T06:50:37.1999243Z PASS native beforeunload reload cancellation preserves input
2026-09-12T06:50:37.2000319Z PASS native tab-close cancellation preserves the editing document
2026-09-12T06:50:37.2001605Z PASS discard confirmation owns keyboard focus and fits a 390px viewport
2026-09-12T06:50:37.2002127Z PASS restored original Query values clear protection
2026-09-12T06:50:37.2002735Z PASS actual browser forward navigation is canceled or confirmed at its original target
2026-09-12T06:50:37.2003372Z PASS real duplicate Policy Code rejection preserves Query form input
2026-09-12T06:50:37.2004037Z PASS real completed write with delayed response blocks POP, then shows success once
2026-09-12T06:50:37.2004615Z PASS disposable Query draft cleaned up through the Admin API
2026-09-12T06:50:37.2005155Z PASS Change Set cancel and return retain values, NULL and omitted fields
2026-09-12T06:50:37.2005777Z PASS real Admin/MySQL validation rejection retains the row draft and request error
2026-09-12T06:50:37.2007060Z PASS confirmed discard closes the editor with no browser storage draft
2026-09-12T06:50:37.2013350Z Running rule-clarity...
2026-09-12T06:50:40.1747601Z {"ok":true,"checks":6,"resultPath":"/home/runner/work/_temp/rcc-browser-acceptance/rule-clarity/result.json","screenshotPath":"/home/runner/work/_temp/rcc-browser-acceptance/rule-clarity/rule-clarity-390.png"}
2026-09-12T06:50:40.1764181Z Running write-recovery...
2026-09-12T06:51:49.8504271Z PASS ADD abort: one publication, immutable intent, original-key recovery {"attempts":[{"path":"/api/v1/release-orders/cf2cfb0c65b6c9fa9a35b5041f8910c6/execute","method":"POST","body":"{\"expected_version\":\"3\"}","key":"29999dde-ec05-43ad-a370-47e1e733a744"},{"path":"/api/v1/release-orders/cf2cfb0c65b6c9fa9a35b5041f8910c6/execute","method":"POST","body":"{\"expected_version\":\"3\"}","key":"29999dde-ec05-43ad-a370-47e1e733a744"}],"commands":1,"faults":[{"path":"/api/v1/release-orders/cf2cfb0c65b6c9fa9a35b5041f8910c6/execute","method":"POST","actualStatus":200,"requestId":"rcc-10a5d23a6661f6f22ef7c34fc58ad1c5"}]}
2026-09-12T06:51:49.8511240Z PASS ADD json: one publication, immutable intent, original-key recovery {"attempts":[{"path":"/api/v1/release-orders/c917312161664fabad5a221a8e0730ae/execute","method":"POST","body":"{\"expected_version\":\"3\"}","key":"93650100-f8b2-43e5-9fd2-7878fabba419"},{"path":"/api/v1/release-orders/c917312161664fabad5a221a8e0730ae/execute","method":"POST","body":"{\"expected_version\":\"3\"}","key":"93650100-f8b2-43e5-9fd2-7878fabba419"}],"commands":1,"faults":[{"path":"/api/v1/release-orders/c917312161664fabad5a221a8e0730ae/execute","method":"POST","actualStatus":200,"requestId":"rcc-0ceb46bebbaab1ede3d2f2819dd91a73"}]}
2026-09-12T06:51:49.8517057Z PASS ADD contract: one publication, immutable intent, original-key recovery {"attempts":[{"path":"/api/v1/release-orders/8d53dc4497ec8f7a092c0081243d4e55/execute","method":"POST","body":"{\"expected_version\":\"3\"}","key":"fc5d73cf-0734-4680-a927-5323aa38252b"},{"path":"/api/v1/release-orders/8d53dc4497ec8f7a092c0081243d4e55/execute","method":"POST","body":"{\"expected_version\":\"3\"}","key":"fc5d73cf-0734-4680-a927-5323aa38252b"}],"commands":1,"faults":[{"path":"/api/v1/release-orders/8d53dc4497ec8f7a092c0081243d4e55/execute","method":"POST","actualStatus":200,"requestId":"rcc-79206c7202c8f21b13cabdd856a381a6"}]}
2026-09-12T06:51:49.8523011Z PASS ADD 503: one publication, immutable intent, original-key recovery {"attempts":[{"path":"/api/v1/release-orders/c21822e6bd57a522f39e002989ae4d42/execute","method":"POST","body":"{\"expected_version\":\"3\"}","key":"6ba3061b-04aa-460c-9f10-a026d89fa2a8"},{"path":"/api/v1/release-orders/c21822e6bd57a522f39e002989ae4d42/execute","method":"POST","body":"{\"expected_version\":\"3\"}","key":"6ba3061b-04aa-460c-9f10-a026d89fa2a8"}],"commands":1,"faults":[{"path":"/api/v1/release-orders/c21822e6bd57a522f39e002989ae4d42/execute","method":"POST","actualStatus":200,"requestId":"rcc-a1d47dc7add04894b12ed3a055711e6c"}]}
2026-09-12T06:51:49.8528852Z PASS MODIFY lost response: exact identity and original-key replay {"attempts":[{"path":"/api/v1/release-orders/d7eec5980407c10bd033458571239f4a/execute","method":"POST","body":"{\"expected_version\":\"3\"}","key":"49123a8a-09b9-43ab-8047-c0c94e5af86d"},{"path":"/api/v1/release-orders/d7eec5980407c10bd033458571239f4a/execute","method":"POST","body":"{\"expected_version\":\"3\"}","key":"49123a8a-09b9-43ab-8047-c0c94e5af86d"}],"id":"10","commands":1,"faults":[{"path":"/api/v1/release-orders/d7eec5980407c10bd033458571239f4a/execute","method":"POST","actualStatus":200,"requestId":"rcc-54627c1963c48679e66de27d14eaf6ed"}]}
2026-09-12T06:51:49.8533549Z PASS DELETE lost response: exact identity and original-key replay {"attempts":[{"path":"/api/v1/release-orders/77d7a558ba9db05cb3b538694b154d2f/execute","method":"POST","body":"{\"expected_version\":\"3\"}","key":"46c67d92-16ae-4ee0-a1f3-8bd6777f0e7f"},{"path":"/api/v1/release-orders/77d7a558ba9db05cb3b538694b154d2f/execute","method":"POST","body":"{\"expected_version\":\"3\"}","key":"46c67d92-16ae-4ee0-a1f3-8bd6777f0e7f"}],"id":"11","commands":1,"faults":[{"path":"/api/v1/release-orders/77d7a558ba9db05cb3b538694b154d2f/execute","method":"POST","actualStatus":200,"requestId":"rcc-d5e9df921e780780b68b33e09c15a267"}]}
2026-09-12T06:51:49.8536536Z PASS separate unknown publications retain separate original request keys {"recoveredKeys":["81bd0699-a6b0-4495-a0f9-70bfccb01edc","1ede33cb-c345-4428-be1f-4cf8d7cf8b74"]}
2026-09-12T06:51:49.8538410Z PASS known publication followed by detail read failure recovers with GET only {"attempts":[{"path":"/api/v1/release-orders/c68160db277440448a02e12039fe2304/execute","method":"POST","body":"{\"expected_version\":\"3\"}","key":"d1baa812-98b7-462d-b44e-fe81bd0f8f91"}],"commands":1}
2026-09-12T06:51:49.8540428Z PASS double-click, Enter and pending back/close execute once {"attempts":[{"path":"/api/v1/release-orders/fc44e222f4f23f47dbaac8411639aac1/execute","method":"POST","body":"{\"expected_version\":\"3\"}","key":"08935514-abc1-48a2-87d4-6a16a4f06174"}],"commands":1}
2026-09-12T06:51:49.8542277Z PASS real ENUM failure preserves frozen intent; copied correction needs new approval and publishes once {"rejectedOrderID":"33cf1933cffa77a5d96aadd4e6c40522","correctedOrderID":"896e524e234737567af06f49aa0ec506","commands":1}
2026-09-12T06:51:49.8545526Z PASS real database stop/start retains endpoint and original request, publishes once after recovery {"attempts":[{"path":"/api/v1/release-orders/09b4395e197aa4a61e609ef378babeff/execute","method":"POST","body":"{\"expected_version\":\"3\"}","key":"14002be6-04e3-4c27-b0eb-dd08b5294ee1"},{"path":"/api/v1/release-orders/09b4395e197aa4a61e609ef378babeff/execute","method":"POST","body":"{\"expected_version\":\"3\"}","key":"14002be6-04e3-4c27-b0eb-dd08b5294ee1"}],"commands":1,"accountRecoveryStatuses":[200],"replayStatuses":[200]}
2026-09-12T06:51:49.8552801Z PASS query create: saved state retained after response failure {"requests":[{"path":"/api/v1/query-policies","method":"POST"}],"actualWrites":1,"faults":[{"path":"/api/v1/query-policies","method":"POST","actualStatus":201,"requestId":"rcc-7716268dac5d466ea35ac6653eaa9ec1"}],"readonlyRequests":[{"path":"/api/v1/query-policies/stage2_query_create_v1","method":"GET"}]}
2026-09-12T06:51:49.8558215Z PASS query replace: saved state retained after response failure {"requests":[{"path":"/api/v1/query-policies/stage2_query_replace_v1","method":"PUT"}],"actualWrites":1,"faults":[{"path":"/api/v1/query-policies/stage2_query_replace_v1","method":"PUT","actualStatus":200,"requestId":"rcc-ce9fd3dfbb7a359344d5d77dc77ac05a"}],"readonlyRequests":[{"path":"/api/v1/query-policies/stage2_query_replace_v1","method":"GET"}]}
2026-09-12T06:51:49.8561586Z PASS query metadata: saved state retained after response failure {"requests":[{"path":"/api/v1/query-policies/stage2_query_metadata_v1/metadata","method":"PATCH"}],"actualWrites":1,"faults":[{"path":"/api/v1/query-policies/stage2_query_metadata_v1/metadata","method":"PATCH","actualStatus":200,"requestId":"rcc-b71846d2bc7b19acecde854e708de4ba"}],"readonlyRequests":[{"path":"/api/v1/query-policies/stage2_query_metadata_v1","method":"GET"}]}
2026-09-12T06:51:49.8564949Z PASS query activate: lifecycle response loss is recoverable by reads {"requests":[{"path":"/api/v1/query-policies/stage2_query_activate_v1/activate","method":"POST"}],"actualWrites":1,"faults":[{"path":"/api/v1/query-policies/stage2_query_activate_v1/activate","method":"POST","actualStatus":200,"requestId":"rcc-a2015751115b8c9fbb63fd0be837034a"}],"readonlyRequests":[{"path":"/api/v1/query-policies/stage2_query_activate_v1","method":"GET"}]}
2026-09-12T06:51:49.8568688Z PASS query deprecate: lifecycle response loss is recoverable by reads {"requests":[{"path":"/api/v1/query-policies/stage2_query_deprecate_v1/deprecate","method":"POST"}],"actualWrites":1,"faults":[{"path":"/api/v1/query-policies/stage2_query_deprecate_v1/deprecate","method":"POST","actualStatus":200,"requestId":"rcc-ba75dc7caad0c37c842ee309b0f5f46b"}],"readonlyRequests":[{"path":"/api/v1/query-policies/stage2_query_deprecate_v1","method":"GET"}]}
2026-09-12T06:51:49.8571620Z PASS query delete: lost response, missing-resource check never repeats deletion {"writes":[{"path":"/api/v1/query-policies/stage2_query_delete_v1","method":"DELETE"}],"actualWrites":1,"faults":[{"path":"/api/v1/query-policies/stage2_query_delete_v1","method":"DELETE","actualStatus":204,"requestId":"rcc-ad25b03d9c0c79026cda8ea7da7f7025"}]}
2026-09-12T06:51:49.8574541Z PASS mutation create: saved state retained after response failure {"requests":[{"path":"/api/v1/mutation-policies","method":"POST"}],"actualWrites":1,"faults":[{"path":"/api/v1/mutation-policies","method":"POST","actualStatus":201,"requestId":"rcc-d1f45016faf45d4e3c859eda9354e96f"}],"readonlyRequests":[{"path":"/api/v1/mutation-policies/stage2_mutation_create_v1","method":"GET"}]}
2026-09-12T06:51:49.8578305Z PASS mutation replace: saved state retained after response failure {"requests":[{"path":"/api/v1/mutation-policies/stage2_mutation_replace_v1","method":"PUT"}],"actualWrites":1,"faults":[{"path":"/api/v1/mutation-policies/stage2_mutation_replace_v1","method":"PUT","actualStatus":200,"requestId":"rcc-0eb7a82fc1f69d1ebc58ed4e7a43ed8f"}],"readonlyRequests":[{"path":"/api/v1/mutation-policies/stage2_mutation_replace_v1","method":"GET"}]}
2026-09-12T06:51:49.8582314Z PASS mutation metadata: saved state retained after response failure {"requests":[{"path":"/api/v1/mutation-policies/stage2_mutation_metadata_v1/metadata","method":"PATCH"}],"actualWrites":1,"faults":[{"path":"/api/v1/mutation-policies/stage2_mutation_metadata_v1/metadata","method":"PATCH","actualStatus":200,"requestId":"rcc-c5b662343d8b2af89a7e3890b9cc6bcb"}],"readonlyRequests":[{"path":"/api/v1/mutation-policies/stage2_mutation_metadata_v1","method":"GET"}]}
2026-09-12T06:51:49.8586315Z PASS mutation activate: lifecycle response loss is recoverable by reads {"requests":[{"path":"/api/v1/mutation-policies/stage2_mutation_activate_v1/activate","method":"POST"}],"actualWrites":1,"faults":[{"path":"/api/v1/mutation-policies/stage2_mutation_activate_v1/activate","method":"POST","actualStatus":200,"requestId":"rcc-ecaee3e9053bdc9140c627ef9be2bf91"}],"readonlyRequests":[{"path":"/api/v1/mutation-policies/stage2_mutation_activate_v1","method":"GET"}]}
2026-09-12T06:51:49.8590070Z PASS mutation deprecate: lifecycle response loss is recoverable by reads {"requests":[{"path":"/api/v1/mutation-policies/stage2_mutation_deprecate_v1/deprecate","method":"POST"}],"actualWrites":1,"faults":[{"path":"/api/v1/mutation-policies/stage2_mutation_deprecate_v1/deprecate","method":"POST","actualStatus":200,"requestId":"rcc-2fd622ca83d1329c616ef6c1a4c7b2db"}],"readonlyRequests":[{"path":"/api/v1/mutation-policies/stage2_mutation_deprecate_v1","method":"GET"}]}
2026-09-12T06:51:49.8593202Z PASS mutation delete: lost response, missing-resource check never repeats deletion {"writes":[{"path":"/api/v1/mutation-policies/stage2_mutation_delete_v1","method":"DELETE"}],"actualWrites":1,"faults":[{"path":"/api/v1/mutation-policies/stage2_mutation_delete_v1","method":"DELETE","actualStatus":204,"requestId":"rcc-b8965f58b5390fae0e5960bdc0effd47"}]}
2026-09-12T06:51:49.8595196Z PASS rapid lifecycle confirmation and pending back navigation update once {"writes":[{"path":"/api/v1/query-policies/stage2_rapid_lifecycle_v1/activate","method":"POST"}],"actualWrites":1}
2026-09-12T06:51:49.8600292Z PASS table assignment create: original request manually replayed without duplicate database change {"writes":[{"path":"/api/v1/table-policies","method":"POST","body":"{\"table_name\":\"stage2_assignment_items\",\"query_policy_code\":\"stage1_query_v1\",\"mutation_policy_code\":\"stage2_assignment_mutation_v1\",\"concurrency_key\":[]}","key":"table-policy-982bad75-41de-4398-8dab-d3fc0cf5987c"},{"path":"/api/v1/table-policies","method":"POST","body":"{\"table_name\":\"stage2_assignment_items\",\"query_policy_code\":\"stage1_query_v1\",\"mutation_policy_code\":\"stage2_assignment_mutation_v1\",\"concurrency_key\":[]}","key":"table-policy-982bad75-41de-4398-8dab-d3fc0cf5987c"}],"originalWrite":{"path":"/api/v1/table-policies","method":"POST","body":"{\"table_name\":\"stage2_assignment_items\",\"query_policy_code\":\"stage1_query_v1\",\"mutation_policy_code\":\"stage2_assignment_mutation_v1\",\"concurrency_key\":[]}","key":"table-policy-982bad75-41de-4398-8dab-d3fc0cf5987c"}}
2026-09-12T06:51:49.8608452Z PASS table assignment replace: original request manually replayed without duplicate database change {"writes":[{"path":"/api/v1/table-policies/stage2_assignment_items","method":"PUT","body":"{\"table_name\":\"stage2_assignment_items\",\"query_policy_code\":\"stage1_query_v1\",\"mutation_policy_code\":\"stage2_assignment_mutation_v1\",\"concurrency_key\":[],\"expected_version\":\"1\"}","key":"table-policy-561fd141-ffbb-4fec-a849-27e427e7e7c4"},{"path":"/api/v1/table-policies/stage2_assignment_items","method":"PUT","body":"{\"table_name\":\"stage2_assignment_items\",\"query_policy_code\":\"stage1_query_v1\",\"mutation_policy_code\":\"stage2_assignment_mutation_v1\",\"concurrency_key\":[],\"expected_version\":\"1\"}","key":"table-policy-561fd141-ffbb-4fec-a849-27e427e7e7c4"}],"originalWrite":{"path":"/api/v1/table-policies/stage2_assignment_items","method":"PUT","body":"{\"table_name\":\"stage2_assignment_items\",\"query_policy_code\":\"stage1_query_v1\",\"mutation_policy_code\":\"stage2_assignment_mutation_v1\",\"concurrency_key\":[],\"expected_version\":\"1\"}","key":"table-policy-561fd141-ffbb-4fec-a849-27e427e7e7c4"}}
2026-09-12T06:51:49.8615086Z PASS table assignment enable: original request manually replayed without duplicate database change {"writes":[{"path":"/api/v1/table-policies/stage2_assignment_items/enable","method":"POST","body":"{\"expected_version\":\"2\"}","key":"table-policy-58b8eae3-b5cd-4383-a3c3-091ae0e8551e"},{"path":"/api/v1/table-policies/stage2_assignment_items/enable","method":"POST","body":"{\"expected_version\":\"2\"}","key":"table-policy-58b8eae3-b5cd-4383-a3c3-091ae0e8551e"}],"originalWrite":{"path":"/api/v1/table-policies/stage2_assignment_items/enable","method":"POST","body":"{\"expected_version\":\"2\"}","key":"table-policy-58b8eae3-b5cd-4383-a3c3-091ae0e8551e"}}
2026-09-12T06:51:49.8620561Z PASS table assignment disable: original request manually replayed without duplicate database change {"writes":[{"path":"/api/v1/table-policies/stage2_assignment_items/disable","method":"POST","body":"{\"expected_version\":\"3\"}","key":"table-policy-3e4f61c4-5c61-4ad5-a4e6-96d63401afa9"},{"path":"/api/v1/table-policies/stage2_assignment_items/disable","method":"POST","body":"{\"expected_version\":\"3\"}","key":"table-policy-3e4f61c4-5c61-4ad5-a4e6-96d63401afa9"}],"originalWrite":{"path":"/api/v1/table-policies/stage2_assignment_items/disable","method":"POST","body":"{\"expected_version\":\"3\"}","key":"table-policy-3e4f61c4-5c61-4ad5-a4e6-96d63401afa9"}}
2026-09-12T06:51:49.8623601Z Running operation-coverage...
2026-09-12T06:52:13.2799273Z PASS browser creates a complete Mutation Draft through Admin {"http":{"page":"page-1","method":"POST","path":"/api/v1/mutation-policies","status":201,"requestId":"rcc-e91d59807365310823f4901837700113","body":{"code":"stage3_ui_mutation_v1","name":"Stage 3 UI mutation draft","description":"Created by the real browser with initially denied operations","type_code":"single_table_mutation","allow_add":false,"allow_modify":false,"allow_delete":false,"create_operator_field":null,"create_time_field":null,"modify_operator_field":null,"modify_time_field":null}},"sql":"0|0|0|NULL|NULL|NULL|NULL"}
2026-09-12T06:52:13.2802021Z PASS permission conflict is retained and blocks the HTTP write {}
2026-09-12T06:52:13.2802709Z PASS unsafe Auto Fill column is retained and blocks the HTTP write {}
2026-09-12T06:52:13.2803400Z PASS case-insensitive id Auto Fill target is retained and blocks the HTTP write {}
2026-09-12T06:52:13.2804030Z PASS exact duplicate Auto Fill columns block the HTTP write {}
2026-09-12T06:52:13.2804636Z PASS case-insensitive duplicate Auto Fill columns block the HTTP write {}
2026-09-12T06:52:13.2808953Z PASS Mutation Draft PUT survives close and reopen with all execution fields {"http":{"page":"page-1","method":"PUT","path":"/api/v1/mutation-policies/stage3_ui_mutation_v1","status":200,"requestId":"rcc-119cc1acbd34ab379b92eb0917f29f71","body":{"code":"stage3_ui_mutation_v1","name":"Stage 3 UI mutation updated","description":"All three grants and all four Auto Fill slots saved by PUT","type_code":"single_table_mutation","allow_add":true,"allow_modify":true,"allow_delete":true,"create_operator_field":"created_by","create_time_field":"created_at","modify_operator_field":"updated_by","modify_time_field":"updated_at"}},"sql":"Stage 3 UI mutation updated|All three grants and all four Auto Fill slots saved by PUT|1|1|1|created_by|created_at|updated_by|updated_at|DRAFT"}
2026-09-12T06:52:13.2813321Z PASS Mutation Draft is deleted by the visible UI command {"http":{"page":"page-1","method":"DELETE","path":"/api/v1/mutation-policies/stage3_ui_mutation_v1","status":204,"requestId":"rcc-0092e83859de0eada0be3c53722ae342","body":null},"sqlCount":0}
2026-09-12T06:52:13.2817800Z PASS query Active metadata saves without changing execution fields {"http":{"page":"page-2","method":"PATCH","path":"/api/v1/query-policies/stage3_query_existing_v1/metadata","status":200,"requestId":"rcc-e7c6e85a6f20c08aed8252b42747dac4","body":{"name":"Stage 3 query renamed","description":"Stage 3 query metadata only"}},"executionBeforeAfter":"page_query|id|DESC|20|200|ACTIVE"}
2026-09-12T06:52:13.2821063Z PASS mutation Active metadata saves without changing execution fields {"http":{"page":"page-3","method":"PATCH","path":"/api/v1/mutation-policies/stage3_mutation_existing_v1/metadata","status":200,"requestId":"rcc-2cff63896f4b756748353503acee92d5","body":{"name":"Stage 3 mutation renamed","description":"Stage 3 mutation metadata only"}},"executionBeforeAfter":"single_table_mutation|1|1|1|created_by|created_at|updated_by|updated_at|ACTIVE"}
2026-09-12T06:52:13.2823961Z PASS query is deprecated through the real lifecycle UI {"http":{"page":"page-4","method":"POST","path":"/api/v1/query-policies/stage3_query_existing_v1/deprecate","status":200,"requestId":"rcc-b13be81c390d2e63d362eb0b8300f04a","body":null},"status":"DEPRECATED"}
2026-09-12T06:52:13.2826271Z PASS mutation is deprecated through the real lifecycle UI {"http":{"page":"page-5","method":"POST","path":"/api/v1/mutation-policies/stage3_mutation_existing_v1/deprecate","status":200,"requestId":"rcc-58ff25df389fefdc8e4b4ca89f645804","body":null},"status":"DEPRECATED"}
2026-09-12T06:52:13.2829452Z PASS query Deprecated metadata saves without changing execution fields {"http":{"page":"page-6","method":"PATCH","path":"/api/v1/query-policies/stage3_query_existing_v1/metadata","status":200,"requestId":"rcc-55daec4a014b7035ae64dad5adbcc2f8","body":{"name":"Stage 3 query Deprecated renamed","description":"Stage 3 query Deprecated metadata only"}},"executionBeforeAfter":"page_query|id|DESC|20|200|DEPRECATED"}
2026-09-12T06:52:13.2832905Z PASS mutation Deprecated metadata saves without changing execution fields {"http":{"page":"page-7","method":"PATCH","path":"/api/v1/mutation-policies/stage3_mutation_existing_v1/metadata","status":200,"requestId":"rcc-2262a74f2c933d34fd060406cf4804a6","body":{"name":"Stage 3 mutation Deprecated renamed","description":"Stage 3 mutation Deprecated metadata only"}},"executionBeforeAfter":"single_table_mutation|1|1|1|created_by|created_at|updated_by|updated_at|DEPRECATED"}
2026-09-12T06:52:13.2836739Z PASS existing assignment keeps querying and publishes through a release order with Deprecated definitions {"query":{"page":"page-8","method":"POST","path":"/api/v1/tables/stage3_active_items/query","status":200,"requestId":"rcc-2b512798d4be20c3881c55730d2ee378","body":{"conditions":[],"page_number":1}},"releaseOrder":"5879cda005e51642eac409f9dc8a16a8","sql":"DeprecatedStillRuns|9d8bfc65-f3c4-4968-947f-69b43cc4fac3|9d8bfc65-f3c4-4968-947f-69b43cc4fac3"}
2026-09-12T06:52:13.2839030Z PASS new assignment choices include only Active definitions {"queryOptions":["stage3_query_full_v1"],"mutationOptions":["stage3_mutation_denied_v1","stage3_mutation_full_v1"]}
2026-09-12T06:52:13.2840360Z PASS Table Policy Catalog filters full loaded data without writes {"cases":["table/trim/case","query code","mutation code","modifier","no match","clear"],"writeCount":0}
2026-09-12T06:52:13.2842527Z PASS direct field filter submits only entered AND conditions and preserves input after collapse/query {"http":{"page":"page-11","method":"POST","path":"/api/v1/tables/stage3_active_items/query","status":200,"requestId":"rcc-04cd4f83f2b195f322db12c28501a1c1","body":{"conditions":[{"field":"name","operator":"exact","value":"Stage3Alpha"}],"page_number":1}},"sqlCount":1}
2026-09-12T06:52:13.2844107Z PASS all three unauthorized operation controls stay visible, disabled, and explained {}
2026-09-12T06:52:13.2846793Z PASS real Table Policy replacement governs the next UI capability and release publication {"replacement":{"page":"page-13","method":"PUT","path":"/api/v1/table-policies/stage3_denied_items","status":200,"requestId":"rcc-ff8cf094753819f0f165a210e17612df","body":{"table_name":"stage3_denied_items","query_policy_code":"stage3_query_full_v1","mutation_policy_code":"stage3_mutation_full_v1","concurrency_key":[],"expected_version":"1"}},"releaseOrder":"2267ba3deea065f1d5724c2aef9d3fae","sqlCount":1}
2026-09-12T06:52:13.2848575Z Running complex-fields...
2026-09-12T06:55:23.6369235Z PASS TEXT and JSON browser ADD, MODIFY, SQL byte comparison, readback and reopened editor
2026-09-12T06:55:23.6370472Z PASS multiline TEXT query uses the exact browser input without removing LF
2026-09-12T06:55:23.6371288Z PASS SQL NULL, JSON null literal and string, empty and omitted values stay distinct
2026-09-12T06:55:23.6374587Z PASS uint64 auto ID 9007199254740993 survives browser create, query, release MODIFY and reopen
2026-09-12T06:55:23.6375904Z PASS uint64 auto ID 9223372036854775808 survives browser create, query, release MODIFY and reopen
2026-09-12T06:55:23.6377512Z PASS uint64 auto ID 18446744073709551614 survives browser create, query, release MODIFY and reopen
2026-09-12T06:55:23.6378781Z PASS ambiguous auto ID zero is rejected while omitted ID publishes the actual generated identity
2026-09-12T06:55:23.6379733Z PASS non-auto default ID stage4_default_id_constant requires explicit identity before publication
2026-09-12T06:55:23.6380545Z PASS non-auto default ID stage4_default_id_expression requires explicit identity before publication
2026-09-12T06:55:23.6381260Z PASS identity review: explicit numeric ID returns the stored canonical identity
2026-09-12T06:55:23.6381865Z PASS identity matrix: signed integer publishes a canonical stored key
2026-09-12T06:55:23.6382669Z PASS identity matrix: decimal equal value publishes a canonical stored key
2026-09-12T06:55:23.6383286Z PASS identity matrix: decimal rounding publishes a canonical stored key
2026-09-12T06:55:23.6383893Z PASS identity matrix: CHAR trailing spaces publishes a canonical stored key
2026-09-12T06:55:23.6384528Z PASS identity matrix: VARCHAR trailing spaces publishes a canonical stored key
2026-09-12T06:55:23.6385215Z PASS identity matrix: VARCHAR Unicode and URI delimiters publishes a canonical stored key
2026-09-12T06:55:23.6385961Z PASS identity matrix: ENUM case normalization is rejected before draft creation
2026-09-12T06:55:23.6387212Z PASS identity matrix: TIME equal value publishes a canonical stored key
2026-09-12T06:55:23.6388365Z PASS identity matrix: TIME rounding publishes a canonical stored key
2026-09-12T06:55:23.6389438Z PASS identity matrix: DATETIME equal value publishes a canonical stored key
2026-09-12T06:55:23.6390765Z PASS identity matrix: DATETIME rounding publishes a canonical stored key
2026-09-12T06:55:23.6392076Z PASS identity matrix: TIMESTAMP equal value publishes a canonical stored key
2026-09-12T06:55:23.6392694Z PASS identity matrix: TIMESTAMP rounding publishes a canonical stored key
2026-09-12T06:55:23.6393263Z PASS identity matrix: FLOAT exact publishes a canonical stored key
2026-09-12T06:55:23.6393845Z PASS identity matrix: FLOAT precision boundary publishes a canonical stored key
2026-09-12T06:55:23.6394402Z PASS identity matrix: DOUBLE publishes a canonical stored key
2026-09-12T06:55:23.6394886Z PASS identity matrix: DATE publishes a canonical stored key
2026-09-12T06:55:23.6395443Z PASS identity preflight read denial prevents INSERT and preserves the draft
2026-09-12T06:55:23.6396368Z PASS publication capability gate rejects a nontransactional table before business DML
2026-09-12T06:55:23.6397122Z PASS JSON identity "" publishes without path reinterpretation
2026-09-12T06:55:23.6397621Z PASS JSON identity "." publishes without path reinterpretation
2026-09-12T06:55:23.6398140Z PASS JSON identity ".." publishes without path reinterpretation
2026-09-12T06:55:23.6398991Z PASS JSON identity "键/值 %2F?#" publishes without path reinterpretation
2026-09-12T06:55:23.6399682Z PASS CRLF and standalone CR stay protected through unrelated writes and explicit normalization
2026-09-12T06:55:23.6400429Z PASS raw CR clipboard selection is preserved in record and query inputs before conversion
2026-09-12T06:55:23.6401088Z PASS ordinary expression defaults allow explicit values and omission defaults
2026-09-12T06:55:23.6401686Z PASS Auto Fill records the publisher identity and one UTC database time
2026-09-12T06:55:23.6402212Z PASS stored_value remains rejected as a real generated column
2026-09-12T06:55:23.6402729Z PASS virtual_value remains rejected as a real generated column
2026-09-12T06:55:23.6403319Z PASS generated fields calculate on omitted ADD and stay unwritable on release MODIFY
2026-09-12T06:55:23.6403979Z PASS VARCHAR length is editable rejection with rollback and corrected browser retry
2026-09-12T06:55:23.6404895Z PASS TINYINT range is editable rejection with rollback and corrected browser retry
2026-09-12T06:55:23.6405417Z Running browser-accessibility (chromium)...
2026-09-12T06:55:36.8059505Z PASS drawer background is inert and actual Shift+Tab/Tab loops inside the drawer {"inert":true,"focusStayedInTopModal":true,"bodyClasses":["modal-open"],"rootLocked":true,"focusProbe":"programmatic HTMLElement.focus used only for native inert","keyboardPath":["Shift+Tab skips appended hidden/disabled fixtures -> 取消","Tab -> 关闭","focus-loss fixture then real Tab -> 关闭"]}
2026-09-12T06:55:36.8063049Z PASS native back cancel/confirm and forward preserve the intended history entry {"unloadProbe":{"defaultPrevented":true,"dispatchReturned":false,"fixture":"cancelable browser event; no user-agent prompt"},"lowerDrawerInertWhilePromptOpen":true,"focusRestoredToDrawer":true}
2026-09-12T06:55:36.8074273Z PASS 320px long drawer scroll keeps the action footer reachable {"viewport":"320x568 CSS pixels","documentOverflow":0,"optionalIdIncluded":false,"actualMouseWheel":{"before":668,"after":1028},"surfaces":[{"selector":".drawer","metrics":{"left":0,"right":320,"width":320,"clientWidth":320,"scrollWidth":320,"innerWidth":320}},{"selector":".drawer-header","metrics":{"left":0,"right":320,"width":320,"clientWidth":320,"scrollWidth":320,"innerWidth":320}},{"selector":".drawer-body","metrics":{"left":0,"right":320,"width":320,"clientWidth":320,"scrollWidth":320,"innerWidth":320}},{"selector":".drawer-footer","metrics":{"left":0,"right":320,"width":320,"clientWidth":320,"scrollWidth":320,"innerWidth":320}}],"noteRect":{"left":20,"right":300,"top":12.375,"bottom":102.375,"width":280,"height":90,"innerWidth":320,"innerHeight":568},"footerActions":[{"action":"取消","rect":{"left":20,"right":156,"top":512.5,"bottom":548.5,"width":136,"height":36,"innerWidth":320,"innerHeight":568}},{"action":"查看 Change Set","rect":{"left":164,"right":300,"top":512.5,"bottom":548.5,"width":136,"height":36,"innerWidth":320,"innerHeight":568}}]}
2026-09-12T06:55:36.8083078Z PASS 320px Change Set owns horizontal/vertical overflow and keeps actions reachable {"keyboardPath":["Shift+Tab -> 确认并保存草稿","Tab -> 变更字段对比，可横向滚动","Tab -> 发布单标题","Tab -> 选择已有草稿"],"documentOverflow":0,"scrolling":{"horizontal":{"client":288,"total":600,"offset":312},"vertical":{"client":87,"total":700,"offset":613}},"footerActions":[{"action":"放弃本次编辑","rect":{"left":32,"right":155.5,"top":455,"bottom":491,"width":123.5,"height":36,"innerWidth":320,"innerHeight":568}},{"action":"返回修改","rect":{"left":164.5,"right":288,"top":455,"bottom":491,"width":123.5,"height":36,"innerWidth":320,"innerHeight":568}},{"action":"确认并保存草稿","rect":{"left":32,"right":288,"top":500,"bottom":536,"width":256,"height":36,"innerWidth":320,"innerHeight":568}}]}
2026-09-12T06:55:36.8085863Z PASS only the top nested leave dialog handles Tab/Escape and focus returns to Change Set {"lowerChangeSetInert":true,"bodyRemainedLocked":true}
2026-09-12T06:55:36.8088843Z PASS real MySQL rejection freezes raw CR; a copied draft requires explicit LF conversion before editing {"status":422,"rejectedOrder":"7e47b87358bd31d3c5015fb88a77de51","rawHex":"7072656669782d6368726f6d69756d0d0a7365636f6e640d7461696c","submittedHex":"7072656669782d6368726f6d69756d0d0a7365636f6e640d7461696c","clipboardBoundary":"synthetic paste Event with injected DataTransfer; no OS clipboard access"}
2026-09-12T06:55:36.8092258Z PASS 390px unknown release-draft recovery replays one intent and then publishes it {"faultEvidence":{"actualStatus":201,"requestId":"rcc-d0c03104cb8e1ec263cdb9b7d67ef50a","injectedStatus":503},"releaseDraftRequests":2,"replayedOriginalBodyAndKey":true,"releaseOrder":"0949d45a4b183801e9d1cd7d18366548","sqlRows":1,"faultBoundary":"Playwright API response fault injection after route.fetch durably created the release draft","documentOverflow":0}
2026-09-12T06:55:36.8093982Z Running browser-accessibility (firefox)...
2026-09-12T06:55:53.8965045Z PASS drawer background is inert and actual Shift+Tab/Tab loops inside the drawer {"inert":true,"focusStayedInTopModal":true,"bodyClasses":["modal-open"],"rootLocked":true,"focusProbe":"programmatic HTMLElement.focus used only for native inert","keyboardPath":["Shift+Tab skips appended hidden/disabled fixtures -> 取消","Tab -> 关闭","focus-loss fixture then real Tab -> 关闭"]}
2026-09-12T06:55:53.8968433Z PASS native back cancel/confirm and forward preserve the intended history entry {"unloadProbe":{"defaultPrevented":true,"dispatchReturned":false,"fixture":"cancelable browser event; no user-agent prompt"},"lowerDrawerInertWhilePromptOpen":true,"focusRestoredToDrawer":true}
2026-09-12T06:55:53.8975149Z PASS 320px long drawer scroll keeps the action footer reachable {"viewport":"320x568 CSS pixels","documentOverflow":0,"optionalIdIncluded":false,"actualMouseWheel":{"before":668,"after":991},"surfaces":[{"selector":".drawer","metrics":{"left":0,"right":320,"width":320,"clientWidth":320,"scrollWidth":320,"innerWidth":320}},{"selector":".drawer-header","metrics":{"left":0,"right":320,"width":320,"clientWidth":320,"scrollWidth":320,"innerWidth":320}},{"selector":".drawer-body","metrics":{"left":0,"right":320,"width":320,"clientWidth":320,"scrollWidth":320,"innerWidth":320}},{"selector":".drawer-footer","metrics":{"left":0,"right":320,"width":320,"clientWidth":320,"scrollWidth":320,"innerWidth":320}}],"noteRect":{"left":20,"right":300,"top":49.399993896484375,"bottom":139.39999389648438,"width":280,"height":90,"innerWidth":320,"innerHeight":568},"footerActions":[{"action":"取消","rect":{"left":20,"right":156,"top":512.5,"bottom":548.5,"width":136,"height":36,"innerWidth":320,"innerHeight":568}},{"action":"查看 Change Set","rect":{"left":164,"right":300,"top":512.5,"bottom":548.5,"width":136,"height":36,"innerWidth":320,"innerHeight":568}}]}
2026-09-12T06:55:53.8983990Z PASS 320px Change Set owns horizontal/vertical overflow and keeps actions reachable {"keyboardPath":["Shift+Tab -> 确认并保存草稿","Tab -> 变更字段对比，可横向滚动","Tab -> 发布单标题","Tab -> 选择已有草稿"],"documentOverflow":0,"scrolling":{"horizontal":{"client":288,"total":600,"offset":312},"vertical":{"client":87,"total":700,"offset":613}},"footerActions":[{"action":"放弃本次编辑","rect":{"left":32,"right":155.5,"top":455,"bottom":491,"width":123.5,"height":36,"innerWidth":320,"innerHeight":568}},{"action":"返回修改","rect":{"left":164.5,"right":288,"top":455,"bottom":491,"width":123.5,"height":36,"innerWidth":320,"innerHeight":568}},{"action":"确认并保存草稿","rect":{"left":32,"right":288,"top":500,"bottom":536,"width":256,"height":36,"innerWidth":320,"innerHeight":568}}]}
2026-09-12T06:55:53.8987446Z PASS only the top nested leave dialog handles Tab/Escape and focus returns to Change Set {"lowerChangeSetInert":true,"bodyRemainedLocked":true}
2026-09-12T06:55:53.8989740Z PASS real MySQL rejection freezes raw CR; a copied draft requires explicit LF conversion before editing {"status":422,"rejectedOrder":"108a37b84008b737d324888f466fe334","rawHex":"7072656669782d66697265666f780d0a7365636f6e640d7461696c","submittedHex":"7072656669782d66697265666f780d0a7365636f6e640d7461696c","clipboardBoundary":"synthetic paste Event with injected DataTransfer; no OS clipboard access"}
2026-09-12T06:55:53.8993111Z PASS 390px unknown release-draft recovery replays one intent and then publishes it {"faultEvidence":{"actualStatus":201,"requestId":"rcc-261c297f067e8db3d7bfe7de6f0c1e6d","injectedStatus":503},"releaseDraftRequests":2,"replayedOriginalBodyAndKey":true,"releaseOrder":"ba83be32c2f13f7534f962160b2e9dd4","sqlRows":1,"faultBoundary":"Playwright API response fault injection after route.fetch durably created the release draft","documentOverflow":0}
2026-09-12T06:55:53.8994830Z Running browser-accessibility (webkit)...
2026-09-12T06:56:15.7777915Z PASS drawer background is inert and actual Shift+Tab/Tab loops inside the drawer {"inert":true,"focusStayedInTopModal":true,"bodyClasses":["modal-open"],"rootLocked":true,"focusProbe":"programmatic HTMLElement.focus used only for native inert","keyboardPath":["Shift+Tab skips appended hidden/disabled fixtures -> 取消","Tab -> 关闭","focus-loss fixture then real Tab -> 关闭"]}
2026-09-12T06:56:15.7782394Z PASS native back cancel/confirm and forward preserve the intended history entry {"unloadProbe":{"defaultPrevented":true,"dispatchReturned":false,"fixture":"cancelable browser event; no user-agent prompt"},"lowerDrawerInertWhilePromptOpen":true,"focusRestoredToDrawer":true}
2026-09-12T06:56:15.7789548Z PASS 320px long drawer scroll keeps the action footer reachable {"viewport":"320x568 CSS pixels","documentOverflow":0,"optionalIdIncluded":false,"actualMouseWheel":{"before":668,"after":690},"surfaces":[{"selector":".drawer","metrics":{"left":0,"right":320,"width":320,"clientWidth":320,"scrollWidth":320,"innerWidth":320}},{"selector":".drawer-header","metrics":{"left":0,"right":320,"width":320,"clientWidth":320,"scrollWidth":320,"innerWidth":320}},{"selector":".drawer-body","metrics":{"left":0,"right":320,"width":320,"clientWidth":320,"scrollWidth":320,"innerWidth":320}},{"selector":".drawer-footer","metrics":{"left":0,"right":320,"width":320,"clientWidth":320,"scrollWidth":320,"innerWidth":320}}],"noteRect":{"left":20,"right":300,"top":235.3125,"bottom":325.3125,"width":280,"height":90,"innerWidth":320,"innerHeight":568},"footerActions":[{"action":"取消","rect":{"left":20,"right":156,"top":512.5,"bottom":548.5,"width":136,"height":36,"innerWidth":320,"innerHeight":568}},{"action":"查看 Change Set","rect":{"left":164,"right":300,"top":512.5,"bottom":548.5,"width":136,"height":36,"innerWidth":320,"innerHeight":568}}]}
2026-09-12T06:56:15.7800276Z PASS 320px Change Set owns horizontal/vertical overflow and keeps actions reachable {"keyboardPath":["Shift+Tab -> 确认并保存草稿","Tab -> 变更字段对比，可横向滚动","Tab -> 发布单标题","Tab -> 选择已有草稿"],"documentOverflow":0,"scrolling":{"horizontal":{"client":288,"total":600,"offset":312},"vertical":{"client":87,"total":700,"offset":613}},"footerActions":[{"action":"放弃本次编辑","rect":{"left":32,"right":155.5,"top":455,"bottom":491,"width":123.5,"height":36,"innerWidth":320,"innerHeight":568}},{"action":"返回修改","rect":{"left":164.5,"right":288,"top":455,"bottom":491,"width":123.5,"height":36,"innerWidth":320,"innerHeight":568}},{"action":"确认并保存草稿","rect":{"left":32,"right":288,"top":500,"bottom":536,"width":256,"height":36,"innerWidth":320,"innerHeight":568}}]}
2026-09-12T06:56:15.7803083Z PASS only the top nested leave dialog handles Tab/Escape and focus returns to Change Set {"lowerChangeSetInert":true,"bodyRemainedLocked":true}
2026-09-12T06:56:15.7805355Z PASS real MySQL rejection freezes raw CR; a copied draft requires explicit LF conversion before editing {"status":422,"rejectedOrder":"dbd584dab88e951c844a4009cf868853","rawHex":"7072656669782d7765626b69740d0a7365636f6e640d7461696c","submittedHex":"7072656669782d7765626b69740d0a7365636f6e640d7461696c","clipboardBoundary":"synthetic paste Event with injected DataTransfer; no OS clipboard access"}
2026-09-12T06:56:15.7809372Z PASS 390px unknown release-draft recovery replays one intent and then publishes it {"faultEvidence":{"actualStatus":201,"requestId":"rcc-d161378f986a02daec0399b00ba4b7f8","injectedStatus":503},"releaseDraftRequests":2,"replayedOriginalBodyAndKey":true,"releaseOrder":"1a092b1f165e1aa47a74a8731bc9b8c2","sqlRows":1,"faultBoundary":"Playwright API response fault injection after route.fetch durably created the release draft","documentOverflow":0}
2026-09-12T06:56:15.7811074Z Running release drafts...
2026-09-12T06:56:28.5587063Z PASS EDITOR saves from data page; lost response survives refresh and original-key retry
2026-09-12T06:56:28.5588436Z PASS durable detail reload retains server diff; business row and version remain unchanged
2026-09-12T06:56:28.5589797Z PASS two real windows retain input on CAS conflict and require explicit reconstruction
2026-09-12T06:56:28.5591851Z PASS unknown edit rejected after concurrent change survives two refreshes and explicitly rebuilds original intent
2026-09-12T06:56:28.5592970Z PASS cancelled drafts remain searchable with permanent applicant and history on narrow screens
2026-09-12T06:56:28.5593742Z PASS current VIEWER can read release history without edit/cancel actions
2026-09-12T06:56:28.5597532Z {"checks":["EDITOR saves from data page; lost response survives refresh and original-key retry","durable detail reload retains server diff; business row and version remain unchanged","two real windows retain input on CAS conflict and require explicit reconstruction","unknown edit rejected after concurrent change survives two refreshes and explicitly rebuilds original intent","cancelled drafts remain searchable with permanent applicant and history on narrow screens","current VIEWER can read release history without edit/cancel actions"]}
2026-09-12T06:56:28.5604675Z Running release approvals...
2026-09-12T06:56:52.9052822Z PASS people lookup failure falls back to permanent IDs with diagnostics and an independent retry
2026-09-12T06:56:52.9053636Z PASS EDITOR submits and sees frozen read-only differences with no self-approval action
2026-09-12T06:56:52.9054578Z PASS Approval-role member rejects with a required reason; applicant explicitly reads and confirms a new draft without inherited approval
2026-09-12T06:56:52.9056449Z PASS Approval-role member recovers a committed lost approval response after refresh using original key and state version
2026-09-12T06:56:52.9058208Z PASS partial MODIFY hides omitted fields by default, restores their distinct state in full view and retains requested changes and generated fields
2026-09-12T06:56:52.9059349Z PASS detail presents saved table flows and whole-order phase, long title/value/IDs, copy feedback and keyboard folding on desktop and 390px
2026-09-12T06:56:52.9060539Z PASS pre-dispatch unknown reprepare keeps APPROVED and preserves original request while current-state actions follow present roles across close and reload
2026-09-12T06:56:52.9061761Z PASS applicant reviews current configuration and recovers one atomic replacement across pre-dispatch and post-commit loss with the same body and key
2026-09-12T06:56:52.9062857Z PASS applicant cancels an approved order; history survives refresh and actual business data remains unchanged on narrow viewport
2026-09-12T06:56:52.9068773Z {"checks":["people lookup failure falls back to permanent IDs with diagnostics and an independent retry","EDITOR submits and sees frozen read-only differences with no self-approval action","Approval-role member rejects with a required reason; applicant explicitly reads and confirms a new draft without inherited approval","Approval-role member recovers a committed lost approval response after refresh using original key and state version","partial MODIFY hides omitted fields by default, restores their distinct state in full view and retains requested changes and generated fields","detail presents saved table flows and whole-order phase, long title/value/IDs, copy feedback and keyboard folding on desktop and 390px","pre-dispatch unknown reprepare keeps APPROVED and preserves original request while current-state actions follow present roles across close and reload","applicant reviews current configuration and recovers one atomic replacement across pre-dispatch and post-commit loss with the same body and key","applicant cancels an approved order; history survives refresh and actual business data remains unchanged on narrow viewport"]}
2026-09-12T06:56:52.9073620Z Running release batches...
2026-09-12T06:57:13.7542997Z PASS data-page MODIFY creates a draft; detail link preselects its table and destination; two explicit row selections append DELETEs without touching data
2026-09-12T06:57:13.7545097Z PASS detail editor removes a selected later item and edits a retained item; a new ADD appends to the same mixed draft
2026-09-12T06:57:13.7548028Z PASS independent VIEWER table-role member approves all mixed items; EDITOR/PUBLISHER recovers a genuinely committed lost execute response after refresh with the original key and no duplicate rows/history
2026-09-12T06:57:13.7549459Z PASS 1000-item detail shows the complete count and paging reaches the actual final item on desktop and 390px mobile
2026-09-12T06:57:13.7550850Z PASS UI submission, independent approval and execution publish all 1000 items; all actual IDs match real queried rows and result paging reaches item 1000 on desktop/mobile
2026-09-12T06:57:13.7555271Z {"checks":["data-page MODIFY creates a draft; detail link preselects its table and destination; two explicit row selections append DELETEs without touching data","detail editor removes a selected later item and edits a retained item; a new ADD appends to the same mixed draft","independent VIEWER table-role member approves all mixed items; EDITOR/PUBLISHER recovers a genuinely committed lost execute response after refresh with the original key and no duplicate rows/history","1000-item detail shows the complete count and paging reaches the actual final item on desktop and 390px mobile","UI submission, independent approval and execution publish all 1000 items; all actual IDs match real queried rows and result paging reaches item 1000 on desktop/mobile"]}
2026-09-12T06:57:13.7561103Z Running publication and rollback (chromium)...
2026-09-12T06:57:29.1430868Z PASS separate EDITOR, VIEWER table-role member and PUBLISHER accounts complete the forward publication
2026-09-12T06:57:29.1432223Z PASS completion confirms release and closing quick rollback, cancellation does not write, repeated clicks and lost response restore the original request without changing configuration
2026-09-12T06:57:29.1433344Z PASS completion permanently closes both rollback entry points
2026-09-12T06:57:29.1434519Z PASS quick rollback is publisher-only, reviews actual current and restoration values, has no mandatory reason and cancels without writes on desktop and 390px
2026-09-12T06:57:29.1435534Z PASS the original detail switches preserved application, actual publication and actual rollback
2026-09-12T06:57:29.1437035Z PASS quick rollback commits once without approval; lost response and reload recover the same preview digest, reason and key, record the actual publisher and finish the original order
2026-09-12T06:57:29.1438388Z PASS a real competing completion rejects an already reviewed quick rollback, preserves its reason and prevents rebuilding after the original order ends
2026-09-12T06:57:29.1443223Z {"checks":["separate EDITOR, VIEWER table-role member and PUBLISHER accounts complete the forward publication","completion confirms release and closing quick rollback, cancellation does not write, repeated clicks and lost response restore the original request without changing configuration","completion permanently closes both rollback entry points","quick rollback is publisher-only, reviews actual current and restoration values, has no mandatory reason and cancels without writes on desktop and 390px","the original detail switches preserved application, actual publication and actual rollback","quick rollback commits once without approval; lost response and reload recover the same preview digest, reason and key, record the actual publisher and finish the original order","a real competing completion rejects an already reviewed quick rollback, preserves its reason and prevents rebuilding after the original order ends"]}
2026-09-12T06:57:29.1447830Z Running session, conflict and unknown recovery (chromium)...
2026-09-12T06:57:50.1315182Z {"run_suffix":"9f01e3e47c2c","account_id":"33f0d6ab-cbd3-45a8-9ee1-8bd1f915c8f6","username":"browser.user.9f01e3e47c2c","member_username":"roles.member.9f01e3e47c2c","template_key":"browser_system_9f01e3e47c2c","checks":["record version conflict preserves input","explicit latest read and baseline rebuild","registration defaults VIEWER","maintenance ADMIN bootstrap","UI combination grant","390px role catalog and drawer","role history with permanent actor","original member session refresh","refresh","reopen","dirty navigation protection","same-account Change Set recovery after session loss","hidden drawer keyboard isolation","draft submit independent approval and publisher execution","unknown execute result reload and original-key recovery","final row defaults and permanent actor fields","refresh notification remains NOT_CONNECTED","no direct record write request","HTTP Cookie","storage/URL secrecy","logout rejection"]}Running publication and rollback (firefox)...
2026-09-12T06:58:10.4936504Z PASS separate EDITOR, VIEWER table-role member and PUBLISHER accounts complete the forward publication
2026-09-12T06:58:10.4938797Z PASS completion confirms release and closing quick rollback, cancellation does not write, repeated clicks and lost response restore the original request without changing configuration
2026-09-12T06:58:10.4940874Z PASS completion permanently closes both rollback entry points
2026-09-12T06:58:10.4942308Z PASS quick rollback is publisher-only, reviews actual current and restoration values, has no mandatory reason and cancels without writes on desktop and 390px
2026-09-12T06:58:10.4943390Z PASS the original detail switches preserved application, actual publication and actual rollback
2026-09-12T06:58:10.4944674Z PASS quick rollback commits once without approval; lost response and reload recover the same preview digest, reason and key, record the actual publisher and finish the original order
2026-09-12T06:58:10.4946807Z PASS a real competing completion rejects an already reviewed quick rollback, preserves its reason and prevents rebuilding after the original order ends
2026-09-12T06:58:10.4952096Z {"checks":["separate EDITOR, VIEWER table-role member and PUBLISHER accounts complete the forward publication","completion confirms release and closing quick rollback, cancellation does not write, repeated clicks and lost response restore the original request without changing configuration","completion permanently closes both rollback entry points","quick rollback is publisher-only, reviews actual current and restoration values, has no mandatory reason and cancels without writes on desktop and 390px","the original detail switches preserved application, actual publication and actual rollback","quick rollback commits once without approval; lost response and reload recover the same preview digest, reason and key, record the actual publisher and finish the original order","a real competing completion rejects an already reviewed quick rollback, preserves its reason and prevents rebuilding after the original order ends"]}
2026-09-12T06:58:10.4957899Z Running session, conflict and unknown recovery (firefox)...
2026-09-12T06:58:39.5741292Z {"run_suffix":"1838b27564e9","account_id":"e52a7a5e-84ce-4f8e-bb11-581de0999a79","username":"browser.user.1838b27564e9","member_username":"roles.member.1838b27564e9","template_key":"browser_system_1838b27564e9","checks":["record version conflict preserves input","explicit latest read and baseline rebuild","registration defaults VIEWER","maintenance ADMIN bootstrap","UI combination grant","390px role catalog and drawer","role history with permanent actor","original member session refresh","refresh","reopen","dirty navigation protection","same-account Change Set recovery after session loss","hidden drawer keyboard isolation","draft submit independent approval and publisher execution","unknown execute result reload and original-key recovery","final row defaults and permanent actor fields","refresh notification remains NOT_CONNECTED","no direct record write request","HTTP Cookie","storage/URL secrecy","logout rejection"]}Running publication and rollback (webkit)...
2026-09-12T06:58:59.9868595Z PASS separate EDITOR, VIEWER table-role member and PUBLISHER accounts complete the forward publication
2026-09-12T06:58:59.9871157Z PASS completion confirms release and closing quick rollback, cancellation does not write, repeated clicks and lost response restore the original request without changing configuration
2026-09-12T06:58:59.9872568Z PASS completion permanently closes both rollback entry points
2026-09-12T06:58:59.9873743Z PASS quick rollback is publisher-only, reviews actual current and restoration values, has no mandatory reason and cancels without writes on desktop and 390px
2026-09-12T06:58:59.9874976Z PASS the original detail switches preserved application, actual publication and actual rollback
2026-09-12T06:58:59.9876696Z PASS quick rollback commits once without approval; lost response and reload recover the same preview digest, reason and key, record the actual publisher and finish the original order
2026-09-12T06:58:59.9878799Z PASS a real competing completion rejects an already reviewed quick rollback, preserves its reason and prevents rebuilding after the original order ends
2026-09-12T06:58:59.9885082Z {"checks":["separate EDITOR, VIEWER table-role member and PUBLISHER accounts complete the forward publication","completion confirms release and closing quick rollback, cancellation does not write, repeated clicks and lost response restore the original request without changing configuration","completion permanently closes both rollback entry points","quick rollback is publisher-only, reviews actual current and restoration values, has no mandatory reason and cancels without writes on desktop and 390px","the original detail switches preserved application, actual publication and actual rollback","quick rollback commits once without approval; lost response and reload recover the same preview digest, reason and key, record the actual publisher and finish the original order","a real competing completion rejects an already reviewed quick rollback, preserves its reason and prevents rebuilding after the original order ends"]}
2026-09-12T06:58:59.9889561Z Running session, conflict and unknown recovery (webkit)...
2026-09-12T06:59:41.3499238Z node:internal/modules/run_main:107
2026-09-12T06:59:41.3499932Z     triggerUncaughtException(
2026-09-12T06:59:41.3500377Z     ^
2026-09-12T06:59:41.3500565Z 
2026-09-12T06:59:41.3500902Z locator.click: Target page, context or browser has been closed
2026-09-12T06:59:41.3501265Z Call log:
2026-09-12T06:59:41.3505139Z   - waiting for getByRole('button', { name: '确认批准', exact: true })
2026-09-12T06:59:41.3512427Z     - locator resolved to <button data-slot="button" data-size="default" data-variant="default" class="inline-flex shrink-0 items-center justify-center gap-2 rounded-md text-sm font-medium whitespace-nowrap transition-all outline-none focus-visible:border-ring focus-visible:ring-[3px] focus-visible:ring-ring/50 disabled:pointer-events-none disabled:opacity-50 aria-invalid:border-destructive aria-invalid:ring-destructive/20 dark:aria-invalid:ring-destructive/40 [&_svg]:pointer-events-none [&_svg]:shrink-0 [&_svg:not([class*='si…>确认批准</button>
2026-09-12T06:59:41.3514591Z   - attempting click action
2026-09-12T06:59:41.3515104Z     2 × waiting for element to be visible, enabled and stable
2026-09-12T06:59:41.3515513Z       - element is not stable
2026-09-12T06:59:41.3515808Z     - retrying click action
2026-09-12T06:59:41.3516357Z     - waiting 20ms
2026-09-12T06:59:41.3516909Z     2 × waiting for element to be visible, enabled and stable
2026-09-12T06:59:41.3517303Z       - element is not stable
2026-09-12T06:59:41.3517587Z     - retrying click action
2026-09-12T06:59:41.3517858Z       - waiting 100ms
2026-09-12T06:59:41.3518240Z     - waiting for element to be visible, enabled and stable
2026-09-12T06:59:41.3518606Z     - element is not stable
2026-09-12T06:59:41.3518885Z   - retrying click action
2026-09-12T06:59:41.3519153Z     - waiting 500ms
2026-09-12T06:59:41.3519288Z 
2026-09-12T06:59:41.3519799Z     at /home/runner/work/relational-config-center/relational-config-center/web/e2e/accounts.mjs:435:73 {
2026-09-12T06:59:41.3520317Z   log: [
2026-09-12T06:59:41.3520819Z     "  - waiting for getByRole('button', { name: '确认批准', exact: true })",
2026-09-12T06:59:41.3525944Z     `    - locator resolved to <button data-slot="button" data-size="default" data-variant="default" class="inline-flex shrink-0 items-center justify-center gap-2 rounded-md text-sm font-medium whitespace-nowrap transition-all outline-none focus-visible:border-ring focus-visible:ring-[3px] focus-visible:ring-ring/50 disabled:pointer-events-none disabled:opacity-50 aria-invalid:border-destructive aria-invalid:ring-destructive/20 dark:aria-invalid:ring-destructive/40 [&_svg]:pointer-events-none [&_svg]:shrink-0 [&_svg:not([class*='si…>确认批准</button>`,
2026-09-12T06:59:41.3529178Z     '  - attempting click action',
2026-09-12T06:59:41.3530387Z     '    2 × waiting for element to be visible, enabled and stable',
2026-09-12T06:59:41.3530874Z     '      - element is not stable',
2026-09-12T06:59:41.3531214Z     '    - retrying click action',
2026-09-12T06:59:41.3531512Z     '    - waiting 20ms',
2026-09-12T06:59:41.3531988Z     '    2 × waiting for element to be visible, enabled and stable',
2026-09-12T06:59:41.3532404Z     '      - element is not stable',
2026-09-12T06:59:41.3532982Z     '    - retrying click action',
2026-09-12T06:59:41.3533378Z     '      - waiting 100ms',
2026-09-12T06:59:41.3533790Z     '    - waiting for element to be visible, enabled and stable',
2026-09-12T06:59:41.3534187Z     '    - element is not stable',
2026-09-12T06:59:41.3534496Z     '  - retrying click action',
2026-09-12T06:59:41.3534921Z     '    - waiting 500ms'
2026-09-12T06:59:41.3535344Z   ]
2026-09-12T06:59:41.3535603Z }
2026-09-12T06:59:41.3535714Z 
2026-09-12T06:59:41.3535813Z Node.js v24.19.0
2026-09-12T06:59:44.0651165Z artifact directory: /home/runner/work/_temp/rcc-browser-acceptance
2026-09-12T06:59:44.0654547Z make: *** [Makefile:30: test-browser-acceptance] Error 1
2026-09-12T06:59:44.0735659Z ##[error]Process completed with exit code 2.
2026-09-12T06:59:44.0872172Z ##[group]Run actions/upload-artifact@v6
2026-09-12T06:59:44.0872491Z with:
2026-09-12T06:59:44.0872715Z   name: browser-acceptance-34679068825-1
2026-09-12T06:59:44.0873060Z   path: /home/runner/work/_temp/rcc-browser-acceptance
2026-09-12T06:59:44.0873400Z   if-no-files-found: error
2026-09-12T06:59:44.0873638Z   retention-days: 14
2026-09-12T06:59:44.0873873Z   compression-level: 6
2026-09-12T06:59:44.0874090Z   overwrite: false
2026-09-12T06:59:44.0874307Z   include-hidden-files: false
2026-09-12T06:59:44.0874549Z env:
2026-09-12T06:59:44.0874786Z   PNPM_HOME: /home/runner/setup-pnpm/node_modules/.bin
2026-09-12T06:59:44.0875093Z   GOTOOLCHAIN: local
2026-09-12T06:59:44.0875305Z ##[endgroup]
2026-09-12T06:59:44.4306795Z With the provided path, there will be 163 files uploaded
2026-09-12T06:59:44.4312493Z Artifact name is valid!
2026-09-12T06:59:44.4313315Z Root directory input is valid!
2026-09-12T06:59:44.6733657Z Beginning upload of artifact content to blob storage
2026-09-12T06:59:45.2885993Z Uploaded bytes 8388608
2026-09-12T06:59:45.4829424Z Uploaded bytes 13211538
2026-09-12T06:59:45.4947653Z Finished uploading artifact content to blob storage!
2026-09-12T06:59:45.4951686Z SHA256 digest of uploaded artifact zip is 2c630f2932151036a3eb1993242daa883a2a7abbb1ec52cdf976b07b2fefeab8
2026-09-12T06:59:45.4954182Z Finalizing artifact upload
2026-09-12T06:59:45.6925890Z Artifact browser-acceptance-34679068825-1.zip successfully finalized. Artifact ID 10293412468
2026-09-12T06:59:45.6927682Z Artifact browser-acceptance-34679068825-1 has been successfully uploaded! Final size is 13211538 bytes. Artifact ID is 10293412468
2026-09-12T06:59:45.6932276Z Artifact download URL: https://github.com/asherzj/relational-config-center/actions/runs/34679068825/artifacts/10293412468
2026-09-12T06:59:45.7115800Z Post job cleanup.
2026-09-12T06:59:45.8595973Z Pruning is unnecessary.
2026-09-12T06:59:45.8769243Z Post job cleanup.
2026-09-12T06:59:45.9782820Z [command]/usr/bin/git version
2026-09-12T06:59:45.9832302Z git version 2.55.0
2026-09-12T06:59:45.9877818Z Temporarily overriding HOME='/home/runner/work/_temp/77adaa9b-595c-4464-9f93-86ec9c223a65' before making global git config changes
2026-09-12T06:59:45.9879656Z Adding repository directory to the temporary git global config as a safe directory
2026-09-12T06:59:45.9881420Z [command]/usr/bin/git config --global --add safe.directory /home/runner/work/relational-config-center/relational-config-center
2026-09-12T06:59:45.9905961Z Removing SSH command configuration
2026-09-12T06:59:45.9914200Z [command]/usr/bin/git config --local --name-only --get-regexp core\.sshCommand
2026-09-12T06:59:45.9957523Z [command]/usr/bin/git submodule foreach --recursive sh -c "git config --local --name-only --get-regexp 'core\.sshCommand' && git config --local --unset-all 'core.sshCommand' || :"
2026-09-12T06:59:46.0263137Z Removing HTTP extra header
2026-09-12T06:59:46.0270819Z [command]/usr/bin/git config --local --name-only --get-regexp http\.https\:\/\/github\.com\/\.extraheader
2026-09-12T06:59:46.0315194Z [command]/usr/bin/git submodule foreach --recursive sh -c "git config --local --name-only --get-regexp 'http\.https\:\/\/github\.com\/\.extraheader' && git config --local --unset-all 'http.https://github.com/.extraheader' || :"
2026-09-12T06:59:46.0582320Z Removing includeIf entries pointing to credentials config files
2026-09-12T06:59:46.0592027Z [command]/usr/bin/git config --local --name-only --get-regexp ^includeIf\.gitdir:
2026-09-12T06:59:46.0626633Z includeif.gitdir:/home/runner/work/relational-config-center/relational-config-center/.git.path
2026-09-12T06:59:46.0628659Z includeif.gitdir:/home/runner/work/relational-config-center/relational-config-center/.git/worktrees/*.path
2026-09-12T06:59:46.0630201Z includeif.gitdir:/github/workspace/.git.path
2026-09-12T06:59:46.0631381Z includeif.gitdir:/github/workspace/.git/worktrees/*.path
2026-09-12T06:59:46.0637611Z [command]/usr/bin/git config --local --get-all includeif.gitdir:/home/runner/work/relational-config-center/relational-config-center/.git.path
2026-09-12T06:59:46.0663350Z /home/runner/work/_temp/git-credentials-497719ec-7b5e-4bd0-89d3-f8f1ee99aaf3.config
2026-09-12T06:59:46.0674879Z [command]/usr/bin/git config --local --unset includeif.gitdir:/home/runner/work/relational-config-center/relational-config-center/.git.path \/home\/runner\/work\/_temp\/git\-credentials\-497719ec\-7b5e\-4bd0\-89d3\-f8f1ee99aaf3\.config
2026-09-12T06:59:46.0716341Z [command]/usr/bin/git config --local --get-all includeif.gitdir:/home/runner/work/relational-config-center/relational-config-center/.git/worktrees/*.path
2026-09-12T06:59:46.0753691Z /home/runner/work/_temp/git-credentials-497719ec-7b5e-4bd0-89d3-f8f1ee99aaf3.config
2026-09-12T06:59:46.0763784Z [command]/usr/bin/git config --local --unset includeif.gitdir:/home/runner/work/relational-config-center/relational-config-center/.git/worktrees/*.path \/home\/runner\/work\/_temp\/git\-credentials\-497719ec\-7b5e\-4bd0\-89d3\-f8f1ee99aaf3\.config
2026-09-12T06:59:46.0801746Z [command]/usr/bin/git config --local --get-all includeif.gitdir:/github/workspace/.git.path
2026-09-12T06:59:46.0831292Z /github/runner_temp/git-credentials-497719ec-7b5e-4bd0-89d3-f8f1ee99aaf3.config
2026-09-12T06:59:46.0839747Z [command]/usr/bin/git config --local --unset includeif.gitdir:/github/workspace/.git.path \/github\/runner_temp\/git\-credentials\-497719ec\-7b5e\-4bd0\-89d3\-f8f1ee99aaf3\.config
2026-09-12T06:59:46.0876601Z [command]/usr/bin/git config --local --get-all includeif.gitdir:/github/workspace/.git/worktrees/*.path
2026-09-12T06:59:46.0902419Z /github/runner_temp/git-credentials-497719ec-7b5e-4bd0-89d3-f8f1ee99aaf3.config
2026-09-12T06:59:46.0913695Z [command]/usr/bin/git config --local --unset includeif.gitdir:/github/workspace/.git/worktrees/*.path \/github\/runner_temp\/git\-credentials\-497719ec\-7b5e\-4bd0\-89d3\-f8f1ee99aaf3\.config
2026-09-12T06:59:46.0959596Z [command]/usr/bin/git submodule foreach --recursive git config --local --show-origin --name-only --get-regexp remote.origin.url
2026-09-12T06:59:46.1204174Z Removing credentials config '/home/runner/work/_temp/git-credentials-497719ec-7b5e-4bd0-89d3-f8f1ee99aaf3.config'
2026-09-12T06:59:46.1352720Z Cleaning up orphan processes
