package,test,result,log,elapsed_seconds,completed_runs
github.com/asherzj/relational-config-center/admin/cmd/admin,TestAccountControlTablesCannotBeDiscoveredOrManaged,pass,rcc-goose-t3-integration.jsonl,16.92,1
github.com/asherzj/relational-config-center/admin/cmd/admin,TestAccountMaintenanceCorrectEmailPreservesOwnershipAndSessions,pass,rcc-goose-t3-integration.jsonl,10.97,1
github.com/asherzj/relational-config-center/admin/cmd/admin,TestAccountMaintenanceDisableAndEnableDoNotReviveSessions,pass,rcc-goose-t3-integration.jsonl,12.39,1
github.com/asherzj/relational-config-center/admin/cmd/admin,TestAccountMaintenanceIndependentConnectionAndAtomicFailures,pass,rcc-goose-t3-integration.jsonl,14.76,1
github.com/asherzj/relational-config-center/admin/cmd/admin,TestAccountMaintenanceResetDisabledAccountPreservesDraftDestruction,pass,rcc-goose-t3-integration.jsonl,10.06,1
github.com/asherzj/relational-config-center/admin/cmd/admin,TestAccountMaintenanceResetPasswordRevokesEverySession,pass,rcc-goose-t3-integration.jsonl,12.29,1
github.com/asherzj/relational-config-center/admin/cmd/admin,TestAccountProcessCapacityNeverEvictsValidState,pass,rcc-goose-t3-integration.jsonl,11.92,1
github.com/asherzj/relational-config-center/admin/cmd/admin,TestAccountProcessDatabaseFailuresRemain503And504,pass,rcc-goose-t3-integration.jsonl,14.04,1
github.com/asherzj/relational-config-center/admin/cmd/admin,TestAccountProcessHTTPSCookiesAndSensitiveMaterials,pass,rcc-goose-t3-integration.jsonl,14.92,1
github.com/asherzj/relational-config-center/admin/cmd/admin,TestAccountProcessRequiresCompleteAuthenticationSchema,pass,rcc-goose-t3-integration.jsonl,16.24,1
github.com/asherzj/relational-config-center/admin/cmd/admin,TestAccountProcessRequiresCompleteAuthenticationSchema/missing_column,pass,rcc-goose-t3-integration.jsonl,0.08,1
github.com/asherzj/relational-config-center/admin/cmd/admin,TestAccountProcessRequiresCompleteAuthenticationSchema/missing_expiry_index,pass,rcc-goose-t3-integration.jsonl,0.07,1
github.com/asherzj/relational-config-center/admin/cmd/admin,TestAccountProcessRequiresCompleteAuthenticationSchema/missing_foreign_key,pass,rcc-goose-t3-integration.jsonl,0.11,1
github.com/asherzj/relational-config-center/admin/cmd/admin,TestAccountProcessRequiresCompleteAuthenticationSchema/missing_lock_row,pass,rcc-goose-t3-integration.jsonl,0.08,1
github.com/asherzj/relational-config-center/admin/cmd/admin,TestAccountProcessRequiresCompleteAuthenticationSchema/missing_table,pass,rcc-goose-t3-integration.jsonl,0.09,1
github.com/asherzj/relational-config-center/admin/cmd/admin,TestAccountProcessRequiresCompleteAuthenticationSchema/missing_uniqueness,pass,rcc-goose-t3-integration.jsonl,0.1,1
github.com/asherzj/relational-config-center/admin/cmd/admin,TestAccountProcessRequiresCompleteAuthenticationSchema/unexpected_expiry_uniqueness,pass,rcc-goose-t3-integration.jsonl,0.07,1
github.com/asherzj/relational-config-center/admin/cmd/admin,TestAccountProcessRequiresCompleteAuthenticationSchema/unexpected_invisible_uniqueness,pass,rcc-goose-t3-integration.jsonl,0.08,1
github.com/asherzj/relational-config-center/admin/cmd/admin,TestAccountProcessRequiresCompleteAuthenticationSchema/unexpected_session_uniqueness,pass,rcc-goose-t3-integration.jsonl,0.07,1
github.com/asherzj/relational-config-center/admin/cmd/admin,TestAccountProcessRequiresCompleteAuthenticationSchema/wrong_collation,pass,rcc-goose-t3-integration.jsonl,0.18,1
github.com/asherzj/relational-config-center/admin/cmd/admin,TestAccountProcessRestartPreservesSessionsAndRateWindows,pass,rcc-goose-t3-integration.jsonl,17.71,1
github.com/asherzj/relational-config-center/admin/cmd/admin,TestAccountProcessStopAllowsPendingRequestHeader,pass,rcc-goose-t3-integration.jsonl,5.38,1
github.com/asherzj/relational-config-center/admin/cmd/admin,TestAccountProcessStopAllowsPendingRequestHeader/idle,pass,rcc-goose-t3-integration.jsonl,0.07,1
github.com/asherzj/relational-config-center/admin/cmd/admin,TestAccountProcessStopAllowsPendingRequestHeader/pending_header,pass,rcc-goose-t3-integration.jsonl,5.31,1
github.com/asherzj/relational-config-center/admin/cmd/admin,TestAccountRoleUpgradePreservesAccountsAndGrants,pass,rcc-goose-t3-integration.jsonl,28.33,1
github.com/asherzj/relational-config-center/admin/cmd/admin,TestAccountUpgradeFromLegacyMatchesFreshSchema,pass,rcc-goose-t3-integration.jsonl,19.31,1
github.com/asherzj/relational-config-center/admin/cmd/admin,TestAdminExternalProcessForcesShutdownAtConfiguredBoundAndStillClosesApplication,pass,rcc-goose-t3-integration.jsonl,0.15,1
github.com/asherzj/relational-config-center/admin/cmd/admin,TestAdminExternalProcessHandlesSIGINTAndSIGTERMGracefully,pass,rcc-goose-t3-integration.jsonl,10.65,1
github.com/asherzj/relational-config-center/admin/cmd/admin,TestAdminExternalProcessHandlesSIGINTAndSIGTERMGracefully/interrupt,pass,rcc-goose-t3-integration.jsonl,5.36,1
github.com/asherzj/relational-config-center/admin/cmd/admin,TestAdminExternalProcessHandlesSIGINTAndSIGTERMGracefully/terminated,pass,rcc-goose-t3-integration.jsonl,5.29,1
github.com/asherzj/relational-config-center/admin/cmd/admin,TestAdminExternalProcessServesHealthAndEnforcesAuthDefault,pass,rcc-goose-t3-integration.jsonl,0.15,1
github.com/asherzj/relational-config-center/admin/cmd/admin,TestAdminExternalProcessWaitsForIncompleteRequestHeadersOnShutdown,pass,rcc-goose-t3-integration.jsonl,5.4,1
github.com/asherzj/relational-config-center/admin/cmd/admin,TestAdminHTTPCompositionCannotRunSchemaMaintenance,pass,rcc-goose-t3-integration.jsonl,0,1
github.com/asherzj/relational-config-center/admin/cmd/admin,TestAdminProcessHelper,pass,rcc-goose-t3-integration.jsonl,0,1
github.com/asherzj/relational-config-center/admin/cmd/admin,TestAdminProcessRejectsInvalidConfiguration,pass,rcc-goose-t3-integration.jsonl,2.63,1
github.com/asherzj/relational-config-center/admin/cmd/admin,TestAdminProcessRejectsRemovedAuthenticationConfiguration,pass,rcc-goose-t3-integration.jsonl,1.61,1
github.com/asherzj/relational-config-center/admin/cmd/admin,TestAdminProcessRejectsRemovedAuthenticationConfiguration/ADMIN_API_TOKENADMIN_API_TOKEN=secret,pass,rcc-goose-t3-integration.jsonl,0.74,1
github.com/asherzj/relational-config-center/admin/cmd/admin,TestAdminProcessRejectsRemovedAuthenticationConfiguration/ADMIN_AUTH_DISABLEDADMIN_AUTH_DISABLED=false,pass,rcc-goose-t3-integration.jsonl,0.02,1
github.com/asherzj/relational-config-center/admin/cmd/admin,TestAdminProcessRejectsRemovedAuthenticationConfiguration/ADMIN_AUTH_DISABLEDADMIN_AUTH_DISABLED=true,pass,rcc-goose-t3-integration.jsonl,0.02,1
github.com/asherzj/relational-config-center/admin/cmd/admin,TestAdminProcessRejectsRemovedAuthenticationConfiguration/ADMIN_CORS_ORIGINSADMIN_CORS_ORIGINS=https://old.example,pass,rcc-goose-t3-integration.jsonl,0.02,1
github.com/asherzj/relational-config-center/admin/cmd/admin,TestAdminProcessRejectsRemovedAuthenticationConfiguration/ADMIN_OPERATORADMIN_OPERATOR=old-operator,pass,rcc-goose-t3-integration.jsonl,0.01,1
github.com/asherzj/relational-config-center/admin/cmd/admin,TestAdminProcessRejectsUnavailableRequiredDatabase,pass,rcc-goose-t3-integration.jsonl,1.64,1
github.com/asherzj/relational-config-center/admin/cmd/admin,TestAdminProcessServesUnauthenticatedLiveness,pass,rcc-goose-t3-integration.jsonl,13.44,1
github.com/asherzj/relational-config-center/admin/cmd/admin,TestApprovedPublicationRechecksPolicyAndNextDraftUsesReplacement,pass,rcc-goose-t3-integration.jsonl,8.23,1
github.com/asherzj/relational-config-center/admin/cmd/admin,TestAssignedDeprecatedPolicyDefinitionsRemainQueryable,pass,rcc-goose-t3-integration.jsonl,9.65,1
github.com/asherzj/relational-config-center/admin/cmd/admin,TestBusinessAPIsRequireSessionAndCSRF,pass,rcc-goose-t3-integration.jsonl,22.28,1
github.com/asherzj/relational-config-center/admin/cmd/admin,TestCommittedWritesRemainSingleWhenHTTPResponsesAreLost,pass,rcc-goose-t3-integration.jsonl,23.46,1
github.com/asherzj/relational-config-center/admin/cmd/admin,TestConcurrentAccountsOwnTheirBusinessChanges,pass,rcc-goose-t3-integration.jsonl,23.56,1
github.com/asherzj/relational-config-center/admin/cmd/admin,TestConcurrentAccountsOwnTheirBusinessChanges/actor_alpha,pass,rcc-goose-t3-integration.jsonl,0.61,1
github.com/asherzj/relational-config-center/admin/cmd/admin,TestConcurrentAccountsOwnTheirBusinessChanges/actor_beta,pass,rcc-goose-t3-integration.jsonl,0.6,1
github.com/asherzj/relational-config-center/admin/cmd/admin,TestCurrentGooseInstallationMatchesFrozenAdoptionStructure,pass,rcc-goose-t3-integration.jsonl,8.89,1
github.com/asherzj/relational-config-center/admin/cmd/admin,TestCurrentSchemaEntryPointsDoNotRestoreRetiredInitialization,pass,rcc-goose-t3-integration.jsonl,0,1
github.com/asherzj/relational-config-center/admin/cmd/admin,TestCurrentSessionUsesRolePermissionMatrix,pass,rcc-goose-t3-integration.jsonl,25.62,1
github.com/asherzj/relational-config-center/admin/cmd/admin,TestDatabaseTableDetailReturnsLiveMetadataAndStableNotFoundError,pass,rcc-goose-t3-integration.jsonl,20.69,1
github.com/asherzj/relational-config-center/admin/cmd/admin,TestDatabaseTableListDiscoversOnlyOrdinaryBaseTables,pass,rcc-goose-t3-integration.jsonl,22.47,1
github.com/asherzj/relational-config-center/admin/cmd/admin,TestEnabledTablePolicyQueriesExactRowsWithPolicyDefaults,pass,rcc-goose-t3-integration.jsonl,13.42,1
github.com/asherzj/relational-config-center/admin/cmd/admin,TestExactQueryUsesANDValidatedSortAndPreservesAnEmptyRequestedPage,pass,rcc-goose-t3-integration.jsonl,12.36,1
github.com/asherzj/relational-config-center/admin/cmd/admin,TestExternalDDLRaceFailsSafelyWithoutStorageDetails,pass,rcc-goose-t3-integration.jsonl,13.7,1
github.com/asherzj/relational-config-center/admin/cmd/admin,TestHealthDistinguishesRunningProcessFromRequiredInfrastructure,pass,rcc-goose-t3-integration.jsonl,10.31,1
github.com/asherzj/relational-config-center/admin/cmd/admin,TestInFlightQueryKeepsOnePolicySnapshotWhileReplacementAffectsNextRequest,pass,rcc-goose-t3-integration.jsonl,10.99,1
github.com/asherzj/relational-config-center/admin/cmd/admin,TestLastEnabledAdministratorCannotBeRemovedOrDisabled,pass,rcc-goose-t3-integration.jsonl,24.14,1
github.com/asherzj/relational-config-center/admin/cmd/admin,TestLegacyPolicyPreflightRejectsUnsupportedAutoFillWithoutPartialRewrite,pass,rcc-goose-t3-integration.jsonl,10.59,1
github.com/asherzj/relational-config-center/admin/cmd/admin,TestLocalAccountCSRFAndServiceFailure,pass,rcc-goose-t3-integration.jsonl,9.88,1
github.com/asherzj/relational-config-center/admin/cmd/admin,TestLocalAccountCancelledLoginReleasesReservation,pass,rcc-goose-t3-integration.jsonl,10.45,1
github.com/asherzj/relational-config-center/admin/cmd/admin,TestLocalAccountConcurrentSessionsActivityAndExpiry,pass,rcc-goose-t3-integration.jsonl,11.1,1
github.com/asherzj/relational-config-center/admin/cmd/admin,TestLocalAccountCurrentAndAllSessionRevocation,pass,rcc-goose-t3-integration.jsonl,9.71,1
github.com/asherzj/relational-config-center/admin/cmd/admin,TestLocalAccountDatabaseLockTimeoutIs504,pass,rcc-goose-t3-integration.jsonl,10.33,1
github.com/asherzj/relational-config-center/admin/cmd/admin,TestLocalAccountFailuresAndCredentialBoundaries,pass,rcc-goose-t3-integration.jsonl,10.48,1
github.com/asherzj/relational-config-center/admin/cmd/admin,TestLocalAccountHTTPFieldContract,pass,rcc-goose-t3-integration.jsonl,10.53,1
github.com/asherzj/relational-config-center/admin/cmd/admin,TestLocalAccountHTTPSCookiesAndPreauthExpiry,pass,rcc-goose-t3-integration.jsonl,9.4,1
github.com/asherzj/relational-config-center/admin/cmd/admin,TestLocalAccountLoginAfterLogout,pass,rcc-goose-t3-integration.jsonl,9.86,1
github.com/asherzj/relational-config-center/admin/cmd/admin,TestLocalAccountLoginSettlementFailurePreservesPreviousSession,pass,rcc-goose-t3-integration.jsonl,9.75,1
github.com/asherzj/relational-config-center/admin/cmd/admin,TestLocalAccountMaintenanceAuthorizesBeforeInputs,pass,rcc-goose-t3-integration.jsonl,11.9,1
github.com/asherzj/relational-config-center/admin/cmd/admin,TestLocalAccountMaintenanceAuthorizesBeforeInputs/email_requires_csrf_before_invalid_fields,pass,rcc-goose-t3-integration.jsonl,0,1
github.com/asherzj/relational-config-center/admin/cmd/admin,TestLocalAccountMaintenanceAuthorizesBeforeInputs/email_requires_csrf_before_malformed_json,pass,rcc-goose-t3-integration.jsonl,0,1
github.com/asherzj/relational-config-center/admin/cmd/admin,TestLocalAccountMaintenanceAuthorizesBeforeInputs/email_requires_session_before_invalid_fields,pass,rcc-goose-t3-integration.jsonl,0,1
github.com/asherzj/relational-config-center/admin/cmd/admin,TestLocalAccountMaintenanceAuthorizesBeforeInputs/email_requires_session_before_malformed_json,pass,rcc-goose-t3-integration.jsonl,0,1
github.com/asherzj/relational-config-center/admin/cmd/admin,TestLocalAccountMaintenanceAuthorizesBeforeInputs/password_requires_csrf_before_invalid_fields,pass,rcc-goose-t3-integration.jsonl,0,1
github.com/asherzj/relational-config-center/admin/cmd/admin,TestLocalAccountMaintenanceAuthorizesBeforeInputs/password_requires_csrf_before_malformed_json,pass,rcc-goose-t3-integration.jsonl,0,1
github.com/asherzj/relational-config-center/admin/cmd/admin,TestLocalAccountMaintenanceAuthorizesBeforeInputs/password_requires_session_before_invalid_fields,pass,rcc-goose-t3-integration.jsonl,0,1
github.com/asherzj/relational-config-center/admin/cmd/admin,TestLocalAccountMaintenanceAuthorizesBeforeInputs/password_requires_session_before_malformed_json,pass,rcc-goose-t3-integration.jsonl,0,1
github.com/asherzj/relational-config-center/admin/cmd/admin,TestLocalAccountMaintenanceAuthorizesBeforeInputs/profile_requires_csrf_before_invalid_fields,pass,rcc-goose-t3-integration.jsonl,0,1
github.com/asherzj/relational-config-center/admin/cmd/admin,TestLocalAccountMaintenanceAuthorizesBeforeInputs/profile_requires_csrf_before_malformed_json,pass,rcc-goose-t3-integration.jsonl,0.01,1
github.com/asherzj/relational-config-center/admin/cmd/admin,TestLocalAccountMaintenanceAuthorizesBeforeInputs/profile_requires_session_before_invalid_fields,pass,rcc-goose-t3-integration.jsonl,0,1
github.com/asherzj/relational-config-center/admin/cmd/admin,TestLocalAccountMaintenanceAuthorizesBeforeInputs/profile_requires_session_before_malformed_json,pass,rcc-goose-t3-integration.jsonl,0,1
github.com/asherzj/relational-config-center/admin/cmd/admin,TestLocalAccountNormalizedUniquenessAndAtomicRegistration,pass,rcc-goose-t3-integration.jsonl,10.83,1
github.com/asherzj/relational-config-center/admin/cmd/admin,TestLocalAccountPasswordChangeRevokesAllSessions,pass,rcc-goose-t3-integration.jsonl,12.14,1
github.com/asherzj/relational-config-center/admin/cmd/admin,TestLocalAccountPersistedSessionDeadlines,pass,rcc-goose-t3-integration.jsonl,11.84,1
github.com/asherzj/relational-config-center/admin/cmd/admin,TestLocalAccountPersistedSessionDeadlines/nanoseconds_123456789,pass,rcc-goose-t3-integration.jsonl,0.39,1
github.com/asherzj/relational-config-center/admin/cmd/admin,TestLocalAccountPersistedSessionDeadlines/nanoseconds_999999999,pass,rcc-goose-t3-integration.jsonl,0.41,1
github.com/asherzj/relational-config-center/admin/cmd/admin,TestLocalAccountProfileChangesAffectOnlyCurrentAccount,pass,rcc-goose-t3-integration.jsonl,11.49,1
github.com/asherzj/relational-config-center/admin/cmd/admin,TestLocalAccountRateLimitsAcrossIPsAndWindows,pass,rcc-goose-t3-integration.jsonl,11.07,1
github.com/asherzj/relational-config-center/admin/cmd/admin,TestLocalAccountRegistrationCreatesCurrentIdentity,pass,rcc-goose-t3-integration.jsonl,10.88,1
github.com/asherzj/relational-config-center/admin/cmd/admin,TestLocalAccountRegistrationRateLimit,pass,rcc-goose-t3-integration.jsonl,9.23,1
github.com/asherzj/relational-config-center/admin/cmd/admin,TestLocalAccountSecurityChangesWinAgainstVerifiedLogin,pass,rcc-goose-t3-integration.jsonl,32.24,1
github.com/asherzj/relational-config-center/admin/cmd/admin,TestLocalAccountSecurityChangesWinAgainstVerifiedLogin/disable,pass,rcc-goose-t3-integration.jsonl,1.98,1
github.com/asherzj/relational-config-center/admin/cmd/admin,TestLocalAccountSecurityChangesWinAgainstVerifiedLogin/disable-enable,pass,rcc-goose-t3-integration.jsonl,0.78,1
github.com/asherzj/relational-config-center/admin/cmd/admin,TestLocalAccountSecurityChangesWinAgainstVerifiedLogin/logout-all,pass,rcc-goose-t3-integration.jsonl,1.06,1
github.com/asherzj/relational-config-center/admin/cmd/admin,TestLocalAccountSecurityChangesWinAgainstVerifiedLogin/no-security-change,pass,rcc-goose-t3-integration.jsonl,0.64,1
github.com/asherzj/relational-config-center/admin/cmd/admin,TestLocalAccountSecurityChangesWinAgainstVerifiedLogin/password-change,pass,rcc-goose-t3-integration.jsonl,0.73,1
github.com/asherzj/relational-config-center/admin/cmd/admin,TestLocalAccountSecurityChangesWinAgainstVerifiedLogin/reset-password,pass,rcc-goose-t3-integration.jsonl,2.56,1
github.com/asherzj/relational-config-center/admin/cmd/admin,TestLocalAccountSecurityChangesWinAgainstVerifiedLogin/same-password-change,pass,rcc-goose-t3-integration.jsonl,0.76,1
github.com/asherzj/relational-config-center/admin/cmd/admin,TestLocalAccountStoredSecretsAndAbsoluteExpiry,pass,rcc-goose-t3-integration.jsonl,11.74,1
github.com/asherzj/relational-config-center/admin/cmd/admin,TestLocalAccountSuccessClearsFailureCountAndIPLimit,pass,rcc-goose-t3-integration.jsonl,13.51,1
github.com/asherzj/relational-config-center/admin/cmd/admin,TestLocalAccountSuccessfulLoginPreservesOutstandingReservations,pass,rcc-goose-t3-integration.jsonl,11.84,1
github.com/asherzj/relational-config-center/admin/cmd/admin,TestLocalManagedTableFixtureIsIdempotentAndImmediatelyUsable,pass,rcc-goose-t3-integration.jsonl,10.56,1
github.com/asherzj/relational-config-center/admin/cmd/admin,TestLocalManagedTableFixtureRejectsIncompatibleExistingTableWithoutAssignment,pass,rcc-goose-t3-integration.jsonl,12.24,1
github.com/asherzj/relational-config-center/admin/cmd/admin,TestLocalManagedTableFixtureRejectsLifecycleConflictsWithoutReactivation,pass,rcc-goose-t3-integration.jsonl,13.16,1
github.com/asherzj/relational-config-center/admin/cmd/admin,TestMaintainerBootstrapsAdministratorAndAssignsRoles,pass,rcc-goose-t3-integration.jsonl,14.62,1
github.com/asherzj/relational-config-center/admin/cmd/admin,TestMutationAddFailsClosedAndUsesTheLatestPolicySnapshot,pass,rcc-goose-t3-integration.jsonl,11.21,1
github.com/asherzj/relational-config-center/admin/cmd/admin,TestMutationAddFailsClosedForInvalidLivePolicyAndSchema,pass,rcc-goose-t3-integration.jsonl,14.87,1
github.com/asherzj/relational-config-center/admin/cmd/admin,TestMutationAddFailsClosedWhenPolicyCatalogIsUnavailable,pass,rcc-goose-t3-integration.jsonl,12.91,1
github.com/asherzj/relational-config-center/admin/cmd/admin,TestMutationPolicyAddsRowAndReturnsJSONStringID,pass,rcc-goose-t3-integration.jsonl,14.08,1
github.com/asherzj/relational-config-center/admin/cmd/admin,TestMutationPolicyAutoFillUsesAccountOperatorAndDatabaseTimeAndRejectsManagedInput,pass,rcc-goose-t3-integration.jsonl,10.7,1
github.com/asherzj/relational-config-center/admin/cmd/admin,TestMutationPolicyDeleteDefaultsToDeniedThenUsesTheCurrentReplacement,pass,rcc-goose-t3-integration.jsonl,14.05,1
github.com/asherzj/relational-config-center/admin/cmd/admin,TestMutationPolicyDeleteFailsClosedBeforeExecution,pass,rcc-goose-t3-integration.jsonl,8.73,1
github.com/asherzj/relational-config-center/admin/cmd/admin,TestMutationPolicyDeleteFailsClosedForInvalidCurrentPolicyAndLiveTable,pass,rcc-goose-t3-integration.jsonl,11.17,1
github.com/asherzj/relational-config-center/admin/cmd/admin,TestMutationPolicyDeleteFailsClosedForStaleAutoFillSchemaRules,pass,rcc-goose-t3-integration.jsonl,15.2,1
github.com/asherzj/relational-config-center/admin/cmd/admin,TestMutationPolicyDeleteFailsClosedForUnsupportedLiveColumns,pass,rcc-goose-t3-integration.jsonl,13.66,1
github.com/asherzj/relational-config-center/admin/cmd/admin,TestMutationPolicyDeleteMapsMissingRowsToNotFound,pass,rcc-goose-t3-integration.jsonl,7.94,1
github.com/asherzj/relational-config-center/admin/cmd/admin,TestMutationPolicyDeleteRollsBackDatabaseFailures,pass,rcc-goose-t3-integration.jsonl,11.53,1
github.com/asherzj/relational-config-center/admin/cmd/admin,TestMutationPolicyHTTPLifecyclePersistsRelationalRulesAndFailsClosed,pass,rcc-goose-t3-integration.jsonl,15.62,1
github.com/asherzj/relational-config-center/admin/cmd/admin,TestMutationPolicyMapsMySQLUniqueKeyViolationsToConflict,pass,rcc-goose-t3-integration.jsonl,10.91,1
github.com/asherzj/relational-config-center/admin/cmd/admin,TestMutationPolicyPatchAutoFillUsesModifySlotsAndRejectsManagedInput,pass,rcc-goose-t3-integration.jsonl,13.35,1
github.com/asherzj/relational-config-center/admin/cmd/admin,TestMutationPolicyPatchFailsClosedForCurrentPolicyAndSchema,pass,rcc-goose-t3-integration.jsonl,14.39,1
github.com/asherzj/relational-config-center/admin/cmd/admin,TestMutationPolicyPatchMapsUniqueKeyConflictsAndRollsBack,pass,rcc-goose-t3-integration.jsonl,14.92,1
github.com/asherzj/relational-config-center/admin/cmd/admin,TestMutationPolicyPatchRejectsInvalidAndNonWritableFields,pass,rcc-goose-t3-integration.jsonl,11.16,1
github.com/asherzj/relational-config-center/admin/cmd/admin,TestMutationPolicyPatchRejectsInvalidAndNonWritableFields/empty_patch,pass,rcc-goose-t3-integration.jsonl,0.03,1
github.com/asherzj/relational-config-center/admin/cmd/admin,TestMutationPolicyPatchRejectsInvalidAndNonWritableFields/generated_field,pass,rcc-goose-t3-integration.jsonl,0.04,1
github.com/asherzj/relational-config-center/admin/cmd/admin,TestMutationPolicyPatchRejectsInvalidAndNonWritableFields/invalid_integer,pass,rcc-goose-t3-integration.jsonl,0.04,1
github.com/asherzj/relational-config-center/admin/cmd/admin,TestMutationPolicyPatchRejectsInvalidAndNonWritableFields/non-string_dynamic_value,pass,rcc-goose-t3-integration.jsonl,0.03,1
github.com/asherzj/relational-config-center/admin/cmd/admin,TestMutationPolicyPatchRejectsInvalidAndNonWritableFields/null_in_non-null_column,pass,rcc-goose-t3-integration.jsonl,0.03,1
github.com/asherzj/relational-config-center/admin/cmd/admin,TestMutationPolicyPatchRejectsInvalidAndNonWritableFields/primary_key,pass,rcc-goose-t3-integration.jsonl,0.04,1
github.com/asherzj/relational-config-center/admin/cmd/admin,TestMutationPolicyPatchRejectsInvalidAndNonWritableFields/unknown_field,pass,rcc-goose-t3-integration.jsonl,0.03,1
github.com/asherzj/relational-config-center/admin/cmd/admin,TestMutationPolicyPatchRollsBackDatabaseFailures,pass,rcc-goose-t3-integration.jsonl,9.93,1
github.com/asherzj/relational-config-center/admin/cmd/admin,TestMutationPolicyPatchUsesLatestPolicyAndLiveSchema,pass,rcc-goose-t3-integration.jsonl,11.12,1
github.com/asherzj/relational-config-center/admin/cmd/admin,TestMutationPolicyPatchesOnlySubmittedFieldsWithJSONStringSemantics,pass,rcc-goose-t3-integration.jsonl,13.12,1
github.com/asherzj/relational-config-center/admin/cmd/admin,TestMutationPolicyRejectsMissingRequiredFieldsAndRollsBackDatabaseFailures,pass,rcc-goose-t3-integration.jsonl,13.13,1
github.com/asherzj/relational-config-center/admin/cmd/admin,TestMutationPolicyReturnsARequiredNonAutoIncrementID,pass,rcc-goose-t3-integration.jsonl,12.91,1
github.com/asherzj/relational-config-center/admin/cmd/admin,TestMutationPolicyReturnsExplicitAutoIncrementID,pass,rcc-goose-t3-integration.jsonl,16.56,1
github.com/asherzj/relational-config-center/admin/cmd/admin,TestMutationPolicyUsesDefaultsAndNullabilityAndRejectsInvalidInputFields,pass,rcc-goose-t3-integration.jsonl,8.52,1
github.com/asherzj/relational-config-center/admin/cmd/admin,TestMutationPolicyUsesDefaultsAndNullabilityAndRejectsInvalidInputFields/generated_field,pass,rcc-goose-t3-integration.jsonl,0.01,1
github.com/asherzj/relational-config-center/admin/cmd/admin,TestMutationPolicyUsesDefaultsAndNullabilityAndRejectsInvalidInputFields/invalid_JSON,pass,rcc-goose-t3-integration.jsonl,0.01,1
github.com/asherzj/relational-config-center/admin/cmd/admin,TestMutationPolicyUsesDefaultsAndNullabilityAndRejectsInvalidInputFields/invalid_enum_member,pass,rcc-goose-t3-integration.jsonl,0.1,1
github.com/asherzj/relational-config-center/admin/cmd/admin,TestMutationPolicyUsesDefaultsAndNullabilityAndRejectsInvalidInputFields/invalid_integer,pass,rcc-goose-t3-integration.jsonl,0.02,1
github.com/asherzj/relational-config-center/admin/cmd/admin,TestMutationPolicyUsesDefaultsAndNullabilityAndRejectsInvalidInputFields/non-string_dynamic_value,pass,rcc-goose-t3-integration.jsonl,0,1
github.com/asherzj/relational-config-center/admin/cmd/admin,TestMutationPolicyUsesDefaultsAndNullabilityAndRejectsInvalidInputFields/null_in_non-null_column,pass,rcc-goose-t3-integration.jsonl,0.01,1
github.com/asherzj/relational-config-center/admin/cmd/admin,TestMutationPolicyUsesDefaultsAndNullabilityAndRejectsInvalidInputFields/unknown_field,pass,rcc-goose-t3-integration.jsonl,0.02,1
github.com/asherzj/relational-config-center/admin/cmd/admin,TestOldRecordWriteRoutesAreRemoved,pass,rcc-goose-t3-integration.jsonl,8.49,1
github.com/asherzj/relational-config-center/admin/cmd/admin,TestOperatorColumnsRejectIncompatibleWritesAndPreserveHistory,pass,rcc-goose-t3-integration.jsonl,17.99,1
github.com/asherzj/relational-config-center/admin/cmd/admin,TestPolicyAuditMigrationPreservesDataAndIsRestartable,pass,rcc-goose-t3-integration.jsonl,12.36,1
github.com/asherzj/relational-config-center/admin/cmd/admin,TestPolicyAuditMigrationPreservesDataAndIsRestartable/legacy,pass,rcc-goose-t3-integration.jsonl,0.17,1
github.com/asherzj/relational-config-center/admin/cmd/admin,TestPolicyAuditMigrationPreservesDataAndIsRestartable/partial,pass,rcc-goose-t3-integration.jsonl,0.17,1
github.com/asherzj/relational-config-center/admin/cmd/admin,TestPolicyAuditMigrationRejectsAmbiguousOrMissingColumnsBeforeDDL,pass,rcc-goose-t3-integration.jsonl,8.73,1
github.com/asherzj/relational-config-center/admin/cmd/admin,TestPolicyAuditMigrationRejectsAmbiguousOrMissingColumnsBeforeDDL/duplicate,pass,rcc-goose-t3-integration.jsonl,0.05,1
github.com/asherzj/relational-config-center/admin/cmd/admin,TestPolicyAuditMigrationRejectsAmbiguousOrMissingColumnsBeforeDDL/missing,pass,rcc-goose-t3-integration.jsonl,0.03,1
github.com/asherzj/relational-config-center/admin/cmd/admin,TestPolicyCatalogMigrationsPromoteLegacySchemaWithoutDualWrite,pass,rcc-goose-t3-integration.jsonl,23.37,1
github.com/asherzj/relational-config-center/admin/cmd/admin,TestPolicyMigrationRunsWithoutAccountSchemaOrHTTPConfiguration,pass,rcc-goose-t3-integration.jsonl,14.97,1
github.com/asherzj/relational-config-center/admin/cmd/admin,TestPolicyReplacementAndDisableAffectTheNextQuery,pass,rcc-goose-t3-integration.jsonl,13.11,1
github.com/asherzj/relational-config-center/admin/cmd/admin,TestPublicationActionCompetitionAndTableOrder,pass,rcc-goose-t3-integration.jsonl,11.21,1
github.com/asherzj/relational-config-center/admin/cmd/admin,TestPublicationAtomicPersistenceFailures,pass,rcc-goose-t3-integration.jsonl,9.3,1
github.com/asherzj/relational-config-center/admin/cmd/admin,TestPublicationAtomicPersistenceFailures/rcc_publication_commands,pass,rcc-goose-t3-integration.jsonl,0.09,1
github.com/asherzj/relational-config-center/admin/cmd/admin,TestPublicationAtomicPersistenceFailures/rcc_record_versions,pass,rcc-goose-t3-integration.jsonl,0.09,1
github.com/asherzj/relational-config-center/admin/cmd/admin,TestPublicationAtomicPersistenceFailures/rcc_refresh_notifications,pass,rcc-goose-t3-integration.jsonl,0.09,1
github.com/asherzj/relational-config-center/admin/cmd/admin,TestPublicationAtomicPersistenceFailures/rcc_release_orders,pass,rcc-goose-t3-integration.jsonl,0.09,1
github.com/asherzj/relational-config-center/admin/cmd/admin,TestPublicationAtomicPersistenceFailures/rcc_release_requests,pass,rcc-goose-t3-integration.jsonl,0.09,1
github.com/asherzj/relational-config-center/admin/cmd/admin,TestPublicationAtomicPersistenceFailures/rcc_release_targets,pass,rcc-goose-t3-integration.jsonl,0.08,1
github.com/asherzj/relational-config-center/admin/cmd/admin,TestPublicationAtomicPersistenceFailures/rcc_table_publications,pass,rcc-goose-t3-integration.jsonl,0.08,1
github.com/asherzj/relational-config-center/admin/cmd/admin,TestPublicationCommitUnknownSurvivesExecutableRestart,pass,rcc-goose-t3-integration.jsonl,21.14,1
github.com/asherzj/relational-config-center/admin/cmd/admin,TestPublicationFloatIdentityMaintenanceKeepsOldVersions,pass,rcc-goose-t3-integration.jsonl,10.22,1
github.com/asherzj/relational-config-center/admin/cmd/admin,TestPublicationFloatValuesAndIdentityRoundTrip,pass,rcc-goose-t3-integration.jsonl,15.92,1
github.com/asherzj/relational-config-center/admin/cmd/admin,TestPublicationFloatValuesAndIdentityRoundTrip/adjacent_FLOAT_ids_remain_distinct_and_returned_id_is_reusable,pass,rcc-goose-t3-integration.jsonl,1.37,1
github.com/asherzj/relational-config-center/admin/cmd/admin,TestPublicationFloatValuesAndIdentityRoundTrip/decimal_input_is_converted_to_stored_FLOAT_before_lookup,pass,rcc-goose-t3-integration.jsonl,0.21,1
github.com/asherzj/relational-config-center/admin/cmd/admin,TestPublicationFloatValuesAndIdentityRoundTrip/double_publication_ids_signed_zero_shares_the_tombstone,pass,rcc-goose-t3-integration.jsonl,0.53,1
github.com/asherzj/relational-config-center/admin/cmd/admin,TestPublicationFloatValuesAndIdentityRoundTrip/float_publication_ids_signed_zero_shares_the_tombstone,pass,rcc-goose-t3-integration.jsonl,0.48,1
github.com/asherzj/relational-config-center/admin/cmd/admin,TestPublicationFloatValuesAndIdentityRoundTrip/ordinary_FLOAT_final_value_is_lossless,pass,rcc-goose-t3-integration.jsonl,0.91,1
github.com/asherzj/relational-config-center/admin/cmd/admin,TestPublicationFrozenChangesAndDescriptions,pass,rcc-goose-t3-integration.jsonl,10.04,1
github.com/asherzj/relational-config-center/admin/cmd/admin,TestPublicationIdentityCanonicalAndDelete,pass,rcc-goose-t3-integration.jsonl,9.85,1
github.com/asherzj/relational-config-center/admin/cmd/admin,TestPublicationPublisherHistoryAndApprovalSurvivesRevocation,pass,rcc-goose-t3-integration.jsonl,9.36,1
github.com/asherzj/relational-config-center/admin/cmd/admin,TestPublicationRejectsImplicitWritesAndAuditSpoofing,pass,rcc-goose-t3-integration.jsonl,11.01,1
github.com/asherzj/relational-config-center/admin/cmd/admin,TestPublicationRejectsImplicitWritesAndAuditSpoofing/0,pass,rcc-goose-t3-integration.jsonl,0.18,1
github.com/asherzj/relational-config-center/admin/cmd/admin,TestPublicationRejectsImplicitWritesAndAuditSpoofing/1,pass,rcc-goose-t3-integration.jsonl,0.16,1
github.com/asherzj/relational-config-center/admin/cmd/admin,TestPublicationRejectsImplicitWritesAndAuditSpoofing/2,pass,rcc-goose-t3-integration.jsonl,0.15,1
github.com/asherzj/relational-config-center/admin/cmd/admin,TestPublicationRejectsImplicitWritesAndAuditSpoofing/3,pass,rcc-goose-t3-integration.jsonl,0.15,1
github.com/asherzj/relational-config-center/admin/cmd/admin,TestPublicationRejectsImplicitWritesAndAuditSpoofing/4,pass,rcc-goose-t3-integration.jsonl,0.15,1
github.com/asherzj/relational-config-center/admin/cmd/admin,TestPublicationRejectsImplicitWritesAndAuditSpoofing/5,pass,rcc-goose-t3-integration.jsonl,0.15,1
github.com/asherzj/relational-config-center/admin/cmd/admin,TestPublicationRejectsUnknownNonAutoIncrementIdentity,pass,rcc-goose-t3-integration.jsonl,10.36,1
github.com/asherzj/relational-config-center/admin/cmd/admin,TestPublicationRejectsUntrackedCascade,pass,rcc-goose-t3-integration.jsonl,8.67,1
github.com/asherzj/relational-config-center/admin/cmd/admin,TestPublicationSessionCannotBeReusedAfterTransaction,pass,rcc-goose-t3-integration.jsonl,8.9,1
github.com/asherzj/relational-config-center/admin/cmd/admin,TestPublicationSessionLocksHiddenForeignKeyDDL,pass,rcc-goose-t3-integration.jsonl,14.24,1
github.com/asherzj/relational-config-center/admin/cmd/admin,TestPublicationStoredRowsAreVerifiedBeforeReadOrReplay,pass,rcc-goose-t3-integration.jsonl,10.99,1
github.com/asherzj/relational-config-center/admin/cmd/admin,TestPublicationSupportsTargetRowTrigger,pass,rcc-goose-t3-integration.jsonl,9.17,1
github.com/asherzj/relational-config-center/admin/cmd/admin,TestQueryFailsClosedWhenLiveSchemaBecomesInvalid,pass,rcc-goose-t3-integration.jsonl,11.93,1
github.com/asherzj/relational-config-center/admin/cmd/admin,TestQueryFailsClosedWhenPolicyCatalogIsUnavailable,pass,rcc-goose-t3-integration.jsonl,11.64,1
github.com/asherzj/relational-config-center/admin/cmd/admin,TestQueryPolicyAppliesMembershipNullAndEmptyStringSemantics,pass,rcc-goose-t3-integration.jsonl,13.28,1
github.com/asherzj/relational-config-center/admin/cmd/admin,TestQueryPolicyAppliesMembershipNullAndEmptyStringSemantics/empty_string_is_data,pass,rcc-goose-t3-integration.jsonl,0.02,1
github.com/asherzj/relational-config-center/admin/cmd/admin,TestQueryPolicyAppliesMembershipNullAndEmptyStringSemantics/in,pass,rcc-goose-t3-integration.jsonl,0.24,1
github.com/asherzj/relational-config-center/admin/cmd/admin,TestQueryPolicyAppliesMembershipNullAndEmptyStringSemantics/is_not_null,pass,rcc-goose-t3-integration.jsonl,0.03,1
github.com/asherzj/relational-config-center/admin/cmd/admin,TestQueryPolicyAppliesMembershipNullAndEmptyStringSemantics/is_null,pass,rcc-goose-t3-integration.jsonl,0.02,1
github.com/asherzj/relational-config-center/admin/cmd/admin,TestQueryPolicyAppliesMembershipNullAndEmptyStringSemantics/not_in,pass,rcc-goose-t3-integration.jsonl,0.02,1
github.com/asherzj/relational-config-center/admin/cmd/admin,TestQueryPolicyAppliesOpenAndClosedRanges,pass,rcc-goose-t3-integration.jsonl,14.57,1
github.com/asherzj/relational-config-center/admin/cmd/admin,TestQueryPolicyAppliesOpenAndClosedRanges/closed_range_includes_both_boundaries,pass,rcc-goose-t3-integration.jsonl,0.12,1
github.com/asherzj/relational-config-center/admin/cmd/admin,TestQueryPolicyAppliesOpenAndClosedRanges/one_open_boundary_is_enough,pass,rcc-goose-t3-integration.jsonl,0.05,1
github.com/asherzj/relational-config-center/admin/cmd/admin,TestQueryPolicyAppliesOpenAndClosedRanges/open_range_excludes_both_boundaries,pass,rcc-goose-t3-integration.jsonl,0.44,1
github.com/asherzj/relational-config-center/admin/cmd/admin,TestQueryPolicyContainsTreatsWildcardsAndEscapeCharacterLiterally,pass,rcc-goose-t3-integration.jsonl,14.19,1
github.com/asherzj/relational-config-center/admin/cmd/admin,TestQueryPolicyEnforcesLimitsAndRequestSortWithoutCorrection,pass,rcc-goose-t3-integration.jsonl,14.16,1
github.com/asherzj/relational-config-center/admin/cmd/admin,TestQueryPolicyHTTPLifecyclePersistsAndFailsClosed,pass,rcc-goose-t3-integration.jsonl,13.66,1
github.com/asherzj/relational-config-center/admin/cmd/admin,TestQueryPolicyMapsDatabaseTimeoutToSafeGatewayTimeout,pass,rcc-goose-t3-integration.jsonl,15.56,1
github.com/asherzj/relational-config-center/admin/cmd/admin,TestQueryPolicyParsesConditionValuesByLiveType,pass,rcc-goose-t3-integration.jsonl,14.49,1
github.com/asherzj/relational-config-center/admin/cmd/admin,TestQueryPolicyParsesConditionValuesByLiveType/boolean_value,pass,rcc-goose-t3-integration.jsonl,0.04,1
github.com/asherzj/relational-config-center/admin/cmd/admin,TestQueryPolicyParsesConditionValuesByLiveType/date_value,pass,rcc-goose-t3-integration.jsonl,0.04,1
github.com/asherzj/relational-config-center/admin/cmd/admin,TestQueryPolicyParsesConditionValuesByLiveType/datetime_value,pass,rcc-goose-t3-integration.jsonl,0.04,1
github.com/asherzj/relational-config-center/admin/cmd/admin,TestQueryPolicyParsesConditionValuesByLiveType/decimal_value,pass,rcc-goose-t3-integration.jsonl,0.04,1
github.com/asherzj/relational-config-center/admin/cmd/admin,TestQueryPolicyParsesConditionValuesByLiveType/enum_value,pass,rcc-goose-t3-integration.jsonl,0.04,1
github.com/asherzj/relational-config-center/admin/cmd/admin,TestQueryPolicyParsesConditionValuesByLiveType/float_value,pass,rcc-goose-t3-integration.jsonl,0.04,1
github.com/asherzj/relational-config-center/admin/cmd/admin,TestQueryPolicyParsesConditionValuesByLiveType/invalid_boolean_value_exact,pass,rcc-goose-t3-integration.jsonl,0.02,1
github.com/asherzj/relational-config-center/admin/cmd/admin,TestQueryPolicyParsesConditionValuesByLiveType/invalid_date_value_exact,pass,rcc-goose-t3-integration.jsonl,0.02,1
github.com/asherzj/relational-config-center/admin/cmd/admin,TestQueryPolicyParsesConditionValuesByLiveType/invalid_datetime_value_exact,pass,rcc-goose-t3-integration.jsonl,0.02,1
github.com/asherzj/relational-config-center/admin/cmd/admin,TestQueryPolicyParsesConditionValuesByLiveType/invalid_decimal_value_exact,pass,rcc-goose-t3-integration.jsonl,0.02,1
github.com/asherzj/relational-config-center/admin/cmd/admin,TestQueryPolicyParsesConditionValuesByLiveType/invalid_float_value_exact,pass,rcc-goose-t3-integration.jsonl,0.02,1
github.com/asherzj/relational-config-center/admin/cmd/admin,TestQueryPolicyParsesConditionValuesByLiveType/invalid_json_value_exact,pass,rcc-goose-t3-integration.jsonl,0.02,1
github.com/asherzj/relational-config-center/admin/cmd/admin,TestQueryPolicyParsesConditionValuesByLiveType/invalid_json_value_open_range,pass,rcc-goose-t3-integration.jsonl,0.02,1
github.com/asherzj/relational-config-center/admin/cmd/admin,TestQueryPolicyParsesConditionValuesByLiveType/invalid_signed_big_contains,pass,rcc-goose-t3-integration.jsonl,0.02,1
github.com/asherzj/relational-config-center/admin/cmd/admin,TestQueryPolicyParsesConditionValuesByLiveType/invalid_signed_big_exact,pass,rcc-goose-t3-integration.jsonl,0.02,1
github.com/asherzj/relational-config-center/admin/cmd/admin,TestQueryPolicyParsesConditionValuesByLiveType/invalid_time_value_exact,pass,rcc-goose-t3-integration.jsonl,0.02,1
github.com/asherzj/relational-config-center/admin/cmd/admin,TestQueryPolicyParsesConditionValuesByLiveType/invalid_timestamp_value_exact,pass,rcc-goose-t3-integration.jsonl,0.02,1
github.com/asherzj/relational-config-center/admin/cmd/admin,TestQueryPolicyParsesConditionValuesByLiveType/invalid_unsigned_big_exact,pass,rcc-goose-t3-integration.jsonl,0.02,1
github.com/asherzj/relational-config-center/admin/cmd/admin,TestQueryPolicyParsesConditionValuesByLiveType/json_value,pass,rcc-goose-t3-integration.jsonl,0.04,1
github.com/asherzj/relational-config-center/admin/cmd/admin,TestQueryPolicyParsesConditionValuesByLiveType/signed_big,pass,rcc-goose-t3-integration.jsonl,0.42,1
github.com/asherzj/relational-config-center/admin/cmd/admin,TestQueryPolicyParsesConditionValuesByLiveType/time_value,pass,rcc-goose-t3-integration.jsonl,0.04,1
github.com/asherzj/relational-config-center/admin/cmd/admin,TestQueryPolicyParsesConditionValuesByLiveType/timestamp_value,pass,rcc-goose-t3-integration.jsonl,0.04,1
github.com/asherzj/relational-config-center/admin/cmd/admin,TestQueryPolicyParsesConditionValuesByLiveType/unsigned_big,pass,rcc-goose-t3-integration.jsonl,0.04,1
github.com/asherzj/relational-config-center/admin/cmd/admin,TestQueryPolicyParsesConditionValuesByLiveType/varchar_value,pass,rcc-goose-t3-integration.jsonl,0.04,1
github.com/asherzj/relational-config-center/admin/cmd/admin,TestQueryPolicyQuotesManagedTableNameAsIdentifier,pass,rcc-goose-t3-integration.jsonl,11.52,1
github.com/asherzj/relational-config-center/admin/cmd/admin,TestQueryPolicyRejectsEveryUnsupportedFullRowType,pass,rcc-goose-t3-integration.jsonl,13.9,1
github.com/asherzj/relational-config-center/admin/cmd/admin,TestQueryPolicyRejectsEveryUnsupportedFullRowType/binary_value,pass,rcc-goose-t3-integration.jsonl,0.32,1
github.com/asherzj/relational-config-center/admin/cmd/admin,TestQueryPolicyRejectsEveryUnsupportedFullRowType/bit_value,pass,rcc-goose-t3-integration.jsonl,0.07,1
github.com/asherzj/relational-config-center/admin/cmd/admin,TestQueryPolicyRejectsEveryUnsupportedFullRowType/blob_value,pass,rcc-goose-t3-integration.jsonl,0.05,1
github.com/asherzj/relational-config-center/admin/cmd/admin,TestQueryPolicyRejectsEveryUnsupportedFullRowType/set_value,pass,rcc-goose-t3-integration.jsonl,0.09,1
github.com/asherzj/relational-config-center/admin/cmd/admin,TestQueryPolicyRejectsEveryUnsupportedFullRowType/spatial_value,pass,rcc-goose-t3-integration.jsonl,0.07,1
github.com/asherzj/relational-config-center/admin/cmd/admin,TestQueryPolicyRejectsEveryUnsupportedFullRowType/varbinary_value,pass,rcc-goose-t3-integration.jsonl,0.04,1
github.com/asherzj/relational-config-center/admin/cmd/admin,TestQueryPolicyReturnsEverySupportedLiveTypeAsLosslessJSONString,pass,rcc-goose-t3-integration.jsonl,12.17,1
github.com/asherzj/relational-config-center/admin/cmd/admin,TestQueryPolicySnapshotCorruptionFailsClosed,pass,rcc-goose-t3-integration.jsonl,103.77,1
github.com/asherzj/relational-config-center/admin/cmd/admin,TestQueryPolicySnapshotCorruptionFailsClosed/Draft_Mutation_Policy,pass,rcc-goose-t3-integration.jsonl,17.57,1
github.com/asherzj/relational-config-center/admin/cmd/admin,TestQueryPolicySnapshotCorruptionFailsClosed/Draft_Query_Policy,pass,rcc-goose-t3-integration.jsonl,14.18,1
github.com/asherzj/relational-config-center/admin/cmd/admin,TestQueryPolicySnapshotCorruptionFailsClosed/Policy_cannot_relax_platform_page_limit,pass,rcc-goose-t3-integration.jsonl,10.79,1
github.com/asherzj/relational-config-center/admin/cmd/admin,TestQueryPolicySnapshotCorruptionFailsClosed/missing_Mutation_Policy,pass,rcc-goose-t3-integration.jsonl,11.53,1
github.com/asherzj/relational-config-center/admin/cmd/admin,TestQueryPolicySnapshotCorruptionFailsClosed/missing_Query_Policy,pass,rcc-goose-t3-integration.jsonl,13.66,1
github.com/asherzj/relational-config-center/admin/cmd/admin,TestQueryPolicySnapshotCorruptionFailsClosed/missing_default_order_column,pass,rcc-goose-t3-integration.jsonl,13.3,1
github.com/asherzj/relational-config-center/admin/cmd/admin,TestQueryPolicySnapshotCorruptionFailsClosed/unknown_Mutation_Type,pass,rcc-goose-t3-integration.jsonl,10.82,1
github.com/asherzj/relational-config-center/admin/cmd/admin,TestQueryPolicySnapshotCorruptionFailsClosed/unknown_Query_Type,pass,rcc-goose-t3-integration.jsonl,11.92,1
github.com/asherzj/relational-config-center/admin/cmd/admin,TestQuerySnapshotSessionCannotBeReusedAfterTransaction,pass,rcc-goose-t3-integration.jsonl,13.45,1
github.com/asherzj/relational-config-center/admin/cmd/admin,TestQuickRollbackCanTerminateAtAcceptedPublicationCapacity,pass,rcc-goose-t3-integration.jsonl,11.58,1
github.com/asherzj/relational-config-center/admin/cmd/admin,TestQuickRollbackCompetesWithCompletionAndOtherRollbacks,pass,rcc-goose-t3-integration.jsonl,10.23,1
github.com/asherzj/relational-config-center/admin/cmd/admin,TestQuickRollbackCompetesWithCompletionAndOtherRollbacks/complete,pass,rcc-goose-t3-integration.jsonl,0.26,1
github.com/asherzj/relational-config-center/admin/cmd/admin,TestQuickRollbackCompetesWithCompletionAndOtherRollbacks/quick-distinct-key,pass,rcc-goose-t3-integration.jsonl,0.35,1
github.com/asherzj/relational-config-center/admin/cmd/admin,TestQuickRollbackCompetesWithCompletionAndOtherRollbacks/quick-same-key,pass,rcc-goose-t3-integration.jsonl,0.33,1
github.com/asherzj/relational-config-center/admin/cmd/admin,TestQuickRollbackConstraintFailureRollsBackEarlierItems,pass,rcc-goose-t3-integration.jsonl,9.94,1
github.com/asherzj/relational-config-center/admin/cmd/admin,TestQuickRollbackPersistenceFailuresPreserveValuesVersionsHistoryAndTargets,pass,rcc-goose-t3-integration.jsonl,10.74,1
github.com/asherzj/relational-config-center/admin/cmd/admin,TestQuickRollbackPersistenceFailuresPreserveValuesVersionsHistoryAndTargets/rcc_publication_commands_INSERT,pass,rcc-goose-t3-integration.jsonl,0.18,1
github.com/asherzj/relational-config-center/admin/cmd/admin,TestQuickRollbackPersistenceFailuresPreserveValuesVersionsHistoryAndTargets/rcc_record_versions_UPDATE,pass,rcc-goose-t3-integration.jsonl,0.19,1
github.com/asherzj/relational-config-center/admin/cmd/admin,TestQuickRollbackPersistenceFailuresPreserveValuesVersionsHistoryAndTargets/rcc_refresh_notifications_INSERT,pass,rcc-goose-t3-integration.jsonl,0.17,1
github.com/asherzj/relational-config-center/admin/cmd/admin,TestQuickRollbackPersistenceFailuresPreserveValuesVersionsHistoryAndTargets/rcc_release_orders_INSERT,pass,rcc-goose-t3-integration.jsonl,0.17,1
github.com/asherzj/relational-config-center/admin/cmd/admin,TestQuickRollbackPersistenceFailuresPreserveValuesVersionsHistoryAndTargets/rcc_release_orders_UPDATE,pass,rcc-goose-t3-integration.jsonl,0.17,1
github.com/asherzj/relational-config-center/admin/cmd/admin,TestQuickRollbackPersistenceFailuresPreserveValuesVersionsHistoryAndTargets/rcc_release_requests_UPDATE,pass,rcc-goose-t3-integration.jsonl,0.17,1
github.com/asherzj/relational-config-center/admin/cmd/admin,TestQuickRollbackPersistenceFailuresPreserveValuesVersionsHistoryAndTargets/rcc_release_targets_DELETE,pass,rcc-goose-t3-integration.jsonl,0.17,1
github.com/asherzj/relational-config-center/admin/cmd/admin,TestQuickRollbackPersistenceFailuresPreserveValuesVersionsHistoryAndTargets/rcc_table_publications_UPDATE,pass,rcc-goose-t3-integration.jsonl,0.2,1
github.com/asherzj/relational-config-center/admin/cmd/admin,TestQuickRollbackPreviewShowsWholeRestorationWithoutWriting,pass,rcc-goose-t3-integration.jsonl,10.85,1
github.com/asherzj/relational-config-center/admin/cmd/admin,TestQuickRollbackRejectsChangedSchemaRulesAndRecordVersions,pass,rcc-goose-t3-integration.jsonl,10.46,1
github.com/asherzj/relational-config-center/admin/cmd/admin,TestQuickRollbackRejectsDatabaseEffectsThatCannotRestoreOriginalValues,pass,rcc-goose-t3-integration.jsonl,10.49,1
github.com/asherzj/relational-config-center/admin/cmd/admin,TestQuickRollbackRejectsUnversionedExternalChangesBeforePreviewAndExecution,pass,rcc-goose-t3-integration.jsonl,10.17,1
github.com/asherzj/relational-config-center/admin/cmd/admin,TestQuickRollbackRequiresItsOriginalRetainedTargets,pass,rcc-goose-t3-integration.jsonl,10.13,1
github.com/asherzj/relational-config-center/admin/cmd/admin,TestQuickRollbackRestoresMixedPublicationAndReplaysActualResult,pass,rcc-goose-t3-integration.jsonl,11.82,1
github.com/asherzj/relational-config-center/admin/cmd/admin,TestQuickRollbackUsesCurrentRolesAndRequiresReviewedVersionDigestAndReason,pass,rcc-goose-t3-integration.jsonl,10.21,1
github.com/asherzj/relational-config-center/admin/cmd/admin,TestRecordVersionAddDeleteRecreateAndRollback,pass,rcc-goose-t3-integration.jsonl,17.25,1
github.com/asherzj/relational-config-center/admin/cmd/admin,TestRecordVersionCompareAndSwap,pass,rcc-goose-t3-integration.jsonl,9.2,1
github.com/asherzj/relational-config-center/admin/cmd/admin,TestRecordVersionControlStorageFailureRollsBackBusinessWrites,pass,rcc-goose-t3-integration.jsonl,11.33,1
github.com/asherzj/relational-config-center/admin/cmd/admin,TestRecordVersionLegacyBaseline,pass,rcc-goose-t3-integration.jsonl,11.98,1
github.com/asherzj/relational-config-center/admin/cmd/admin,TestRecordVersionLosslessMaintenanceFloor,pass,rcc-goose-t3-integration.jsonl,10.33,1
github.com/asherzj/relational-config-center/admin/cmd/admin,TestRecordVersionMySQLPrimaryKeyEquivalence,pass,rcc-goose-t3-integration.jsonl,16.66,1
github.com/asherzj/relational-config-center/admin/cmd/admin,TestRecordVersionMySQLPrimaryKeyEquivalence/record_identity_ci,pass,rcc-goose-t3-integration.jsonl,0.8,1
github.com/asherzj/relational-config-center/admin/cmd/admin,TestRecordVersionMySQLPrimaryKeyEquivalence/record_identity_decimal,pass,rcc-goose-t3-integration.jsonl,0.54,1
github.com/asherzj/relational-config-center/admin/cmd/admin,TestRecordVersionMySQLPrimaryKeyEquivalence/record_identity_pad,pass,rcc-goose-t3-integration.jsonl,0.52,1
github.com/asherzj/relational-config-center/admin/cmd/admin,TestRecordVersionMySQLPrimaryKeyEquivalence/record_identity_timestamp,pass,rcc-goose-t3-integration.jsonl,0.59,1
github.com/asherzj/relational-config-center/admin/cmd/admin,TestRecordVersionRealConcurrentWriters,pass,rcc-goose-t3-integration.jsonl,12.97,1
github.com/asherzj/relational-config-center/admin/cmd/admin,TestRecordVersionRejectsNonTransactionalBusinessWrite,pass,rcc-goose-t3-integration.jsonl,9.66,1
github.com/asherzj/relational-config-center/admin/cmd/admin,TestRecordVersionSchemaReadinessAndRestartableMigration,pass,rcc-goose-t3-integration.jsonl,10.25,1
github.com/asherzj/relational-config-center/admin/cmd/admin,TestRecordVersionSnapshotAndIndependentResources,pass,rcc-goose-t3-integration.jsonl,12.19,1
github.com/asherzj/relational-config-center/admin/cmd/admin,TestRegisteredAccountIsViewer,pass,rcc-goose-t3-integration.jsonl,9.32,1
github.com/asherzj/relational-config-center/admin/cmd/admin,TestRelationalMutationPolicyExecutesAuthorizationAutoFillAndOperationsInOneSnapshot,pass,rcc-goose-t3-integration.jsonl,14.39,1
github.com/asherzj/relational-config-center/admin/cmd/admin,TestRelationalMutationPolicyFailsClosedAndRollsBackAtomically,pass,rcc-goose-t3-integration.jsonl,13.14,1
github.com/asherzj/relational-config-center/admin/cmd/admin,TestRelationalMutationPolicyFailsClosedAndRollsBackAtomically/Draft_reference,pass,rcc-goose-t3-integration.jsonl,0.01,1
github.com/asherzj/relational-config-center/admin/cmd/admin,TestRelationalMutationPolicyFailsClosedAndRollsBackAtomically/missing_definition,pass,rcc-goose-t3-integration.jsonl,0.01,1
github.com/asherzj/relational-config-center/admin/cmd/admin,TestRelationalMutationPolicyFailsClosedAndRollsBackAtomically/unknown_Type,pass,rcc-goose-t3-integration.jsonl,0.01,1
github.com/asherzj/relational-config-center/admin/cmd/admin,TestRelationalMutationPolicyIsSoleAuthorizationSourceAndDeprecatedExecutes,pass,rcc-goose-t3-integration.jsonl,12.57,1
github.com/asherzj/relational-config-center/admin/cmd/admin,TestReleaseApprovalCurrentRolesAndHistory,pass,rcc-goose-t3-integration.jsonl,9.94,1
github.com/asherzj/relational-config-center/admin/cmd/admin,TestReleaseAutoIncrementZeroIdentity,pass,rcc-goose-t3-integration.jsonl,10.21,1
github.com/asherzj/relational-config-center/admin/cmd/admin,TestReleaseBatchBudgetRetainsCancellationHeadroom,pass,rcc-goose-t3-integration.jsonl,11.67,1
github.com/asherzj/relational-config-center/admin/cmd/admin,TestReleaseBatchCopyInvalidItemIsLocated,pass,rcc-goose-t3-integration.jsonl,8.29,1
github.com/asherzj/relational-config-center/admin/cmd/admin,TestReleaseBatchDuplicateIdentityDoesNotReplaceDraft,pass,rcc-goose-t3-integration.jsonl,8.39,1
github.com/asherzj/relational-config-center/admin/cmd/admin,TestReleaseBatchEdgeAutoIncrementAndIndependentRequests,pass,rcc-goose-t3-integration.jsonl,9.84,1
github.com/asherzj/relational-config-center/admin/cmd/admin,TestReleaseBatchEdgeDraftValidation,pass,rcc-goose-t3-integration.jsonl,10.27,1
github.com/asherzj/relational-config-center/admin/cmd/admin,TestReleaseBatchEdgeDraftValidation/collation-existing,pass,rcc-goose-t3-integration.jsonl,0.03,1
github.com/asherzj/relational-config-center/admin/cmd/admin,TestReleaseBatchEdgeDraftValidation/collation-missing-add,pass,rcc-goose-t3-integration.jsonl,0.03,1
github.com/asherzj/relational-config-center/admin/cmd/admin,TestReleaseBatchEdgeDraftValidation/cross-table,pass,rcc-goose-t3-integration.jsonl,0.04,1
github.com/asherzj/relational-config-center/admin/cmd/admin,TestReleaseBatchEdgeDraftValidation/invalid-later-field,pass,rcc-goose-t3-integration.jsonl,0.16,1
github.com/asherzj/relational-config-center/admin/cmd/admin,TestReleaseBatchEdgeDraftValidation/numeric-existing,pass,rcc-goose-t3-integration.jsonl,0.04,1
github.com/asherzj/relational-config-center/admin/cmd/admin,TestReleaseBatchEdgeDraftValidation/numeric-missing-add,pass,rcc-goose-t3-integration.jsonl,0.04,1
github.com/asherzj/relational-config-center/admin/cmd/admin,TestReleaseBatchEdgeDraftValidation/pad-space-existing,pass,rcc-goose-t3-integration.jsonl,0.03,1
github.com/asherzj/relational-config-center/admin/cmd/admin,TestReleaseBatchEdgeDraftValidation/pad-space-missing-add,pass,rcc-goose-t3-integration.jsonl,0.04,1
github.com/asherzj/relational-config-center/admin/cmd/admin,TestReleaseBatchEdgeIndependentUniqueConflict,pass,rcc-goose-t3-integration.jsonl,9.41,1
github.com/asherzj/relational-config-center/admin/cmd/admin,TestReleaseBatchEdgeMidwayConstraintRollback,pass,rcc-goose-t3-integration.jsonl,10.21,1
github.com/asherzj/relational-config-center/admin/cmd/admin,TestReleaseBatchEdgeMidwayConstraintRollback/check,pass,rcc-goose-t3-integration.jsonl,0.2,1
github.com/asherzj/relational-config-center/admin/cmd/admin,TestReleaseBatchEdgeMidwayConstraintRollback/unique,pass,rcc-goose-t3-integration.jsonl,0.17,1
github.com/asherzj/relational-config-center/admin/cmd/admin,TestReleaseBatchEdgeOverlappingSubmissions,pass,rcc-goose-t3-integration.jsonl,10.11,1
github.com/asherzj/relational-config-center/admin/cmd/admin,TestReleaseBatchEdgeRequestLimitsPreserveDraft,pass,rcc-goose-t3-integration.jsonl,8.25,1
github.com/asherzj/relational-config-center/admin/cmd/admin,TestReleaseBatchEdgeRequestLimitsPreserveDraft/1001,pass,rcc-goose-t3-integration.jsonl,0.01,1
github.com/asherzj/relational-config-center/admin/cmd/admin,TestReleaseBatchEdgeRequestLimitsPreserveDraft/body,pass,rcc-goose-t3-integration.jsonl,0,1
github.com/asherzj/relational-config-center/admin/cmd/admin,TestReleaseBatchEdgeRequestLimitsPreserveDraft/empty,pass,rcc-goose-t3-integration.jsonl,0.01,1
github.com/asherzj/relational-config-center/admin/cmd/admin,TestReleaseBatchEdgeStaleMemberRollsBack,pass,rcc-goose-t3-integration.jsonl,11.64,1
github.com/asherzj/relational-config-center/admin/cmd/admin,TestReleaseBatchExistingEnumPrimaryKeys,pass,rcc-goose-t3-integration.jsonl,9.87,1
github.com/asherzj/relational-config-center/admin/cmd/admin,TestReleaseBatchExpandedResultBudgetRollsBack,pass,rcc-goose-t3-integration.jsonl,10.13,1
github.com/asherzj/relational-config-center/admin/cmd/admin,TestReleaseBatchFieldBudget,pass,rcc-goose-t3-integration.jsonl,8.85,1
github.com/asherzj/relational-config-center/admin/cmd/admin,TestReleaseCompletionAtPublicationCapacityPreservesRollback,pass,rcc-goose-t3-integration.jsonl,20.51,1
github.com/asherzj/relational-config-center/admin/cmd/admin,TestReleaseCompletionOrdinaryRollbackClosesBothOrders,pass,rcc-goose-t3-integration.jsonl,9.02,1
github.com/asherzj/relational-config-center/admin/cmd/admin,TestReleaseCompletionPersistenceFailureIsAtomic,pass,rcc-goose-t3-integration.jsonl,11.35,1
github.com/asherzj/relational-config-center/admin/cmd/admin,TestReleaseCompletionPersistenceFailureIsAtomic/rcc_release_orders,pass,rcc-goose-t3-integration.jsonl,0.19,1
github.com/asherzj/relational-config-center/admin/cmd/admin,TestReleaseCompletionPersistenceFailureIsAtomic/rcc_release_requests,pass,rcc-goose-t3-integration.jsonl,0.11,1
github.com/asherzj/relational-config-center/admin/cmd/admin,TestReleaseCompletionPersistenceFailureIsAtomic/rcc_release_targets,pass,rcc-goose-t3-integration.jsonl,0.15,1
github.com/asherzj/relational-config-center/admin/cmd/admin,TestReleaseCompletionProtectsActualAndDeletedIDs,pass,rcc-goose-t3-integration.jsonl,10.2,1
github.com/asherzj/relational-config-center/admin/cmd/admin,TestReleaseCompletionReleasesWithoutRepublishing,pass,rcc-goose-t3-integration.jsonl,9.9,1
github.com/asherzj/relational-config-center/admin/cmd/admin,TestReleaseCompletionRequiresTrustedPublicationOnReadAndReplay,pass,rcc-goose-t3-integration.jsonl,11.21,1
github.com/asherzj/relational-config-center/admin/cmd/admin,TestReleaseCompletionRetainsKnownTargets,pass,rcc-goose-t3-integration.jsonl,9.88,1
github.com/asherzj/relational-config-center/admin/cmd/admin,TestReleaseCompletionRolesConcurrencyAndReplay,pass,rcc-goose-t3-integration.jsonl,9.99,1
github.com/asherzj/relational-config-center/admin/cmd/admin,TestReleaseDraftCASCancelAndIdempotency,pass,rcc-goose-t3-integration.jsonl,9.98,1
github.com/asherzj/relational-config-center/admin/cmd/admin,TestReleaseDraftConcurrentAndAtomicStorage,pass,rcc-goose-t3-integration.jsonl,9.88,1
github.com/asherzj/relational-config-center/admin/cmd/admin,TestReleaseDraftCurrentAuthorizationAndListing,pass,rcc-goose-t3-integration.jsonl,9.64,1
github.com/asherzj/relational-config-center/admin/cmd/admin,TestReleaseDraftDiffAndServerBaseline,pass,rcc-goose-t3-integration.jsonl,9.36,1
github.com/asherzj/relational-config-center/admin/cmd/admin,TestReleaseDraftKnownAddUpdateRequiresOriginalBaseline,pass,rcc-goose-t3-integration.jsonl,9.79,1
github.com/asherzj/relational-config-center/admin/cmd/admin,TestReleaseDraftMissingIdentityAndTombstone,pass,rcc-goose-t3-integration.jsonl,11.06,1
github.com/asherzj/relational-config-center/admin/cmd/admin,TestReleaseDraftMissingIdentityAndTombstone/record_identity_ci,pass,rcc-goose-t3-integration.jsonl,0.64,1
github.com/asherzj/relational-config-center/admin/cmd/admin,TestReleaseDraftMissingIdentityAndTombstone/record_identity_decimal,pass,rcc-goose-t3-integration.jsonl,0.45,1
github.com/asherzj/relational-config-center/admin/cmd/admin,TestReleaseDraftMissingIdentityAndTombstone/record_identity_pad,pass,rcc-goose-t3-integration.jsonl,0.41,1
github.com/asherzj/relational-config-center/admin/cmd/admin,TestReleaseDraftMissingIdentityAndTombstone/record_identity_timestamp,pass,rcc-goose-t3-integration.jsonl,0.51,1
github.com/asherzj/relational-config-center/admin/cmd/admin,TestReleaseDraftPreviewRebuildsMissingAddBaseline,pass,rcc-goose-t3-integration.jsonl,9.09,1
github.com/asherzj/relational-config-center/admin/cmd/admin,TestReleaseDraftRejectsLossySnapshotAndRetainsSavedSchema,pass,rcc-goose-t3-integration.jsonl,12.16,1
github.com/asherzj/relational-config-center/admin/cmd/admin,TestReleaseDraftReplayUsesCurrentActionsAndRejectsChangedDigest,pass,rcc-goose-t3-integration.jsonl,8.03,1
github.com/asherzj/relational-config-center/admin/cmd/admin,TestReleaseDraftSaveAndReload,pass,rcc-goose-t3-integration.jsonl,9.35,1
github.com/asherzj/relational-config-center/admin/cmd/admin,TestReleaseDraftSchemaReadiness,pass,rcc-goose-t3-integration.jsonl,10.79,1
github.com/asherzj/relational-config-center/admin/cmd/admin,TestReleaseDraftTitleEditCASAndFreeze,pass,rcc-goose-t3-integration.jsonl,9.14,1
github.com/asherzj/relational-config-center/admin/cmd/admin,TestReleaseDraftTitlePersistsAndReloads,pass,rcc-goose-t3-integration.jsonl,8.73,1
github.com/asherzj/relational-config-center/admin/cmd/admin,TestReleaseDraftTitleUnicodeValidation,pass,rcc-goose-t3-integration.jsonl,8.68,1
github.com/asherzj/relational-config-center/admin/cmd/admin,TestReleaseExecutionSchemaHoldsMetadataLock,pass,rcc-goose-t3-integration.jsonl,8.95,1
github.com/asherzj/relational-config-center/admin/cmd/admin,TestReleaseFreezeMetadataCaseInsensitiveNames,pass,rcc-goose-t3-integration.jsonl,11.09,1
github.com/asherzj/relational-config-center/admin/cmd/admin,TestReleaseFreezeMetadataGrantNameIdentity,pass,rcc-goose-t3-integration.jsonl,9.23,1
github.com/asherzj/relational-config-center/admin/cmd/admin,TestReleaseFreezeMetadataGrantNameIdentity/account,pass,rcc-goose-t3-integration.jsonl,0.09,1
github.com/asherzj/relational-config-center/admin/cmd/admin,TestReleaseFreezeMetadataGrantNameIdentity/quoted-username-containing-at,pass,rcc-goose-t3-integration.jsonl,0.27,1
github.com/asherzj/relational-config-center/admin/cmd/admin,TestReleaseFreezeMetadataGrantNameIdentity/schema,pass,rcc-goose-t3-integration.jsonl,0.37,1
github.com/asherzj/relational-config-center/admin/cmd/admin,TestReleaseFreezeMetadataGrantNameIdentity/schema-pattern,pass,rcc-goose-t3-integration.jsonl,0.08,1
github.com/asherzj/relational-config-center/admin/cmd/admin,TestReleaseFreezeMetadataGrantNameIdentity/table,pass,rcc-goose-t3-integration.jsonl,0.09,1
github.com/asherzj/relational-config-center/admin/cmd/admin,TestReleaseFreezeMetadataVisibility,pass,rcc-goose-t3-integration.jsonl,9.06,1
github.com/asherzj/relational-config-center/admin/cmd/admin,TestReleaseFreezeTracksExecutionSemantics,pass,rcc-goose-t3-integration.jsonl,8.79,1
github.com/asherzj/relational-config-center/admin/cmd/admin,TestReleaseHistorySurvivesExecutableRestartAndExternalChanges,pass,rcc-goose-t3-integration.jsonl,16.03,1
github.com/asherzj/relational-config-center/admin/cmd/admin,TestReleaseMixedBatchPublication,pass,rcc-goose-t3-integration.jsonl,9.14,1
github.com/asherzj/relational-config-center/admin/cmd/admin,TestReleasePeopleResolveCurrentNamesWithoutAccountAdmin,pass,rcc-goose-t3-integration.jsonl,10.4,1
github.com/asherzj/relational-config-center/admin/cmd/admin,TestReleasePublicationAddsFinalRow,pass,rcc-goose-t3-integration.jsonl,9.71,1
github.com/asherzj/relational-config-center/admin/cmd/admin,TestReleaseRejectedCopyRechecksBaseline,pass,rcc-goose-t3-integration.jsonl,19.08,1
github.com/asherzj/relational-config-center/admin/cmd/admin,TestReleaseReprepareFailureKeepsApprovedOrderAndTarget,pass,rcc-goose-t3-integration.jsonl,10.11,1
github.com/asherzj/relational-config-center/admin/cmd/admin,TestReleaseReprepareReplacesApprovedOrderWithEditableDraft,pass,rcc-goose-t3-integration.jsonl,9.92,1
github.com/asherzj/relational-config-center/admin/cmd/admin,TestReleaseReprepareRequiresCurrentApplicantEditorOrAdmin,pass,rcc-goose-t3-integration.jsonl,10.28,1
github.com/asherzj/relational-config-center/admin/cmd/admin,TestReleaseRollbackAssociationFailuresAreAtomic,pass,rcc-goose-t3-integration.jsonl,9.36,1
github.com/asherzj/relational-config-center/admin/cmd/admin,TestReleaseRollbackConcurrencyAndReapplication,pass,rcc-goose-t3-integration.jsonl,10.37,1
github.com/asherzj/relational-config-center/admin/cmd/admin,TestReleaseRollbackMixedPublication,pass,rcc-goose-t3-integration.jsonl,10.33,1
github.com/asherzj/relational-config-center/admin/cmd/admin,TestReleaseRollbackPendingHistoryCanTerminate,pass,rcc-goose-t3-integration.jsonl,26.97,1
github.com/asherzj/relational-config-center/admin/cmd/admin,TestReleaseRollbackPendingHistoryCanTerminate/cancel,pass,rcc-goose-t3-integration.jsonl,9.34,1
github.com/asherzj/relational-config-center/admin/cmd/admin,TestReleaseRollbackPendingHistoryCanTerminate/reject,pass,rcc-goose-t3-integration.jsonl,9.15,1
github.com/asherzj/relational-config-center/admin/cmd/admin,TestReleaseRollbackRejectsChangedRestoreValue,pass,rcc-goose-t3-integration.jsonl,9.99,1
github.com/asherzj/relational-config-center/admin/cmd/admin,TestReleaseRollbackRejectsLaterChanges,pass,rcc-goose-t3-integration.jsonl,11.3,1
github.com/asherzj/relational-config-center/admin/cmd/admin,TestReleaseRollbackRejectsLaterChanges/create,pass,rcc-goose-t3-integration.jsonl,0.44,1
github.com/asherzj/relational-config-center/admin/cmd/admin,TestReleaseRollbackRejectsLaterChanges/delete-recreate,pass,rcc-goose-t3-integration.jsonl,0.6,1
github.com/asherzj/relational-config-center/admin/cmd/admin,TestReleaseRollbackRejectsLaterChanges/execute,pass,rcc-goose-t3-integration.jsonl,0.41,1
github.com/asherzj/relational-config-center/admin/cmd/admin,TestReleaseRollbackRejectsLaterChanges/maintenance,pass,rcc-goose-t3-integration.jsonl,0.26,1
github.com/asherzj/relational-config-center/admin/cmd/admin,TestReleaseRollbackRejectsLaterChanges/submit,pass,rcc-goose-t3-integration.jsonl,0.55,1
github.com/asherzj/relational-config-center/admin/cmd/admin,TestReleaseRollbackRejectsNewUniqueConstraintAtomically,pass,rcc-goose-t3-integration.jsonl,16.7,1
github.com/asherzj/relational-config-center/admin/cmd/admin,TestReleaseRollbackRestoresBusinessFieldsWithNewAudit,pass,rcc-goose-t3-integration.jsonl,11.86,1
github.com/asherzj/relational-config-center/admin/cmd/admin,TestReleaseRollbackRestoresDeletedEnumIdentity,pass,rcc-goose-t3-integration.jsonl,10.1,1
github.com/asherzj/relational-config-center/admin/cmd/admin,TestReleaseRollbackRestoresStoredTimeDuration,pass,rcc-goose-t3-integration.jsonl,10.06,1
github.com/asherzj/relational-config-center/admin/cmd/admin,TestReleaseRollbackUnwindsUniqueValueDependencies,pass,rcc-goose-t3-integration.jsonl,20.35,1
github.com/asherzj/relational-config-center/admin/cmd/admin,TestReleaseRollbackUnwindsUniqueValueDependencies/DELETE,pass,rcc-goose-t3-integration.jsonl,10.2,1
github.com/asherzj/relational-config-center/admin/cmd/admin,TestReleaseRollbackUnwindsUniqueValueDependencies/MODIFY,pass,rcc-goose-t3-integration.jsonl,10.15,1
github.com/asherzj/relational-config-center/admin/cmd/admin,TestReleaseRollbackUsesCurrentIndependentRoles,pass,rcc-goose-t3-integration.jsonl,18.04,1
github.com/asherzj/relational-config-center/admin/cmd/admin,TestReleaseSubmitFreezesIntent,pass,rcc-goose-t3-integration.jsonl,10.03,1
github.com/asherzj/relational-config-center/admin/cmd/admin,TestReleaseSubmitRevalidatesBaselineAndRules,pass,rcc-goose-t3-integration.jsonl,9.59,1
github.com/asherzj/relational-config-center/admin/cmd/admin,TestReleaseTargetsCompeteAndCancelReleases,pass,rcc-goose-t3-integration.jsonl,10.21,1
github.com/asherzj/relational-config-center/admin/cmd/admin,TestReleaseThousandItemsThroughExecutable,pass,rcc-goose-t3-integration.jsonl,23.24,1
github.com/asherzj/relational-config-center/admin/cmd/admin,TestReleaseWorkflowAtomicityAndCompetition,pass,rcc-goose-t3-integration.jsonl,12.66,1
github.com/asherzj/relational-config-center/admin/cmd/admin,TestRevocationRejectsNewRequestsButAllowsAuthenticatedWriteToFinish,pass,rcc-goose-t3-integration.jsonl,21.38,1
github.com/asherzj/relational-config-center/admin/cmd/admin,TestRoleChangeIsAuditedAndIdempotent,pass,rcc-goose-t3-integration.jsonl,26.62,1
github.com/asherzj/relational-config-center/admin/cmd/admin,TestRoleChangeRaceAndAuditFailureDoNotLeavePartialGrants,pass,rcc-goose-t3-integration.jsonl,32.38,1
github.com/asherzj/relational-config-center/admin/cmd/admin,TestRoleChangesAndAccountMaintenanceAreConcurrentSafe,pass,rcc-goose-t3-integration.jsonl,25.31,1
github.com/asherzj/relational-config-center/admin/cmd/admin,TestSchemaBaselineAdoptsCurrentDatabaseWithoutReplayingHistory,pass,rcc-goose-t3-corrections-verified.jsonl,9.57,2
github.com/asherzj/relational-config-center/admin/cmd/admin,TestSchemaBaselineConcurrentAdoptionUsesOneVersionPrefix,pass,rcc-goose-t3-integration.jsonl,10.92,1
github.com/asherzj/relational-config-center/admin/cmd/admin,TestSchemaBaselineProcessInterruptionRetainsUnconfirmedState,pass,rcc-goose-t3-integration.jsonl,14.22,1
github.com/asherzj/relational-config-center/admin/cmd/admin,TestSchemaBaselineRecoversBeforeAttemptWasRecorded,pass,rcc-goose-t3-integration.jsonl,10.88,1
github.com/asherzj/relational-config-center/admin/cmd/admin,TestSchemaBaselineRecoversUnconfirmedRegistration,pass,rcc-goose-t3-integration.jsonl,15,1
github.com/asherzj/relational-config-center/admin/cmd/admin,TestSchemaBaselineRefusesToRecreateLostConfirmedHistory,pass,rcc-goose-t3-integration.jsonl,11.11,1
github.com/asherzj/relational-config-center/admin/cmd/admin,TestSchemaBaselineRejectsIncompatibleControlStructureWithoutWrites,pass,rcc-goose-t3-integration.jsonl,11.52,1
github.com/asherzj/relational-config-center/admin/cmd/admin,TestSchemaBaselineRejectsIncompatibleControlStructureWithoutWrites/check,pass,rcc-goose-t3-integration.jsonl,0.12,1
github.com/asherzj/relational-config-center/admin/cmd/admin,TestSchemaBaselineRejectsIncompatibleControlStructureWithoutWrites/default,pass,rcc-goose-t3-integration.jsonl,0.08,1
github.com/asherzj/relational-config-center/admin/cmd/admin,TestSchemaBaselineRejectsIncompatibleControlStructureWithoutWrites/default_containing_table_option_text,pass,rcc-goose-t3-integration.jsonl,0.09,1
github.com/asherzj/relational-config-center/admin/cmd/admin,TestSchemaBaselineRejectsIncompatibleControlStructureWithoutWrites/empty_roles,pass,rcc-goose-t3-integration.jsonl,0.1,1
github.com/asherzj/relational-config-center/admin/cmd/admin,TestSchemaBaselineRejectsIncompatibleControlStructureWithoutWrites/engine,pass,rcc-goose-t3-integration.jsonl,0.1,1
github.com/asherzj/relational-config-center/admin/cmd/admin,TestSchemaBaselineRejectsIncompatibleControlStructureWithoutWrites/extra_column,pass,rcc-goose-t3-integration.jsonl,0.09,1
github.com/asherzj/relational-config-center/admin/cmd/admin,TestSchemaBaselineRejectsIncompatibleControlStructureWithoutWrites/foreign_key,pass,rcc-goose-t3-integration.jsonl,0.1,1
github.com/asherzj/relational-config-center/admin/cmd/admin,TestSchemaBaselineRejectsIncompatibleControlStructureWithoutWrites/index,pass,rcc-goose-t3-integration.jsonl,0.1,1
github.com/asherzj/relational-config-center/admin/cmd/admin,TestSchemaBaselineRejectsIncompatibleControlStructureWithoutWrites/missing_column,pass,rcc-goose-t3-integration.jsonl,0.1,1
github.com/asherzj/relational-config-center/admin/cmd/admin,TestSchemaBaselineRejectsIncompatibleControlStructureWithoutWrites/missing_table,pass,rcc-goose-t3-integration.jsonl,0.72,1
github.com/asherzj/relational-config-center/admin/cmd/admin,TestSchemaBaselineRejectsIncompatibleControlStructureWithoutWrites/required_metadata,pass,rcc-goose-t3-integration.jsonl,0.1,1
github.com/asherzj/relational-config-center/admin/cmd/admin,TestSchemaBaselineRejectsIncompatibleControlStructureWithoutWrites/type,pass,rcc-goose-t3-integration.jsonl,0.1,1
github.com/asherzj/relational-config-center/admin/cmd/admin,TestSchemaBaselineRejectsIncompatibleControlStructureWithoutWrites/unknown_role,pass,rcc-goose-t3-integration.jsonl,0.1,1
github.com/asherzj/relational-config-center/admin/cmd/admin,TestSchemaBaselineRejectsIncompatibleControlStructureWithoutWrites/zero_role_version,pass,rcc-goose-t3-integration.jsonl,0.1,1
github.com/asherzj/relational-config-center/admin/cmd/admin,TestSchemaBaselineReleaseUpgradesT1AndRecoversPartialAuditRename,pass,rcc-goose-t3-integration.jsonl,21.39,1
github.com/asherzj/relational-config-center/admin/cmd/admin,TestSchemaBaselineUsesTransactionalVersionLedger,pass,rcc-goose-t3-integration.jsonl,11.18,1
github.com/asherzj/relational-config-center/admin/cmd/admin,TestSchemaMigrationCommittedVersionNeedsConfirmedRecovery,pass,rcc-goose-t3-integration.jsonl,13.27,1
github.com/asherzj/relational-config-center/admin/cmd/admin,TestSchemaMigrationConcurrentInitialization,pass,rcc-goose-t3-integration.jsonl,11.02,1
github.com/asherzj/relational-config-center/admin/cmd/admin,TestSchemaMigrationConnectionDeadlineAndSafeDiagnostics,pass,rcc-goose-t3-integration.jsonl,1.39,1
github.com/asherzj/relational-config-center/admin/cmd/admin,TestSchemaMigrationInitializesEmptyDatabase,pass,rcc-goose-t3-integration.jsonl,11.91,1
github.com/asherzj/relational-config-center/admin/cmd/admin,TestSchemaMigrationLeavesUnmanagedDatabaseUntouched,pass,rcc-goose-t3-integration.jsonl,17.34,1
github.com/asherzj/relational-config-center/admin/cmd/admin,TestSchemaMigrationPartialDDLRequiresExplicitRecovery,pass,rcc-goose-t3-integration.jsonl,11.44,1
github.com/asherzj/relational-config-center/admin/cmd/admin,TestSchemaMigrationProcessInterruptionRequiresSameReleaseRecovery,pass,rcc-goose-t3-integration.jsonl,21.61,1
github.com/asherzj/relational-config-center/admin/cmd/admin,TestSchemaMigrationRecoversInterruptedBootstrap,pass,rcc-goose-t3-integration.jsonl,10.42,1
github.com/asherzj/relational-config-center/admin/cmd/admin,TestSchemaMigrationRecoversMissingZeroVersion,pass,rcc-goose-t3-integration.jsonl,10.55,1
github.com/asherzj/relational-config-center/admin/cmd/admin,TestSchemaMigrationRejectsIncompleteVersionHistory,pass,rcc-goose-t3-integration.jsonl,11.3,1
github.com/asherzj/relational-config-center/admin/cmd/admin,TestSchemaMigrationUpgradesToNextRelease,pass,rcc-goose-t3-integration.jsonl,20.13,1
github.com/asherzj/relational-config-center/admin/cmd/admin,TestSchemaMigrationWaitsForMaintenanceLockWithDeadline,pass,rcc-goose-t3-integration.jsonl,9.63,1
github.com/asherzj/relational-config-center/admin/cmd/admin,TestSchemaReadinessContinuouslyChecksStateAndCompleteStructureReadOnly,pass,rcc-goose-t3-integration.jsonl,15.77,1
github.com/asherzj/relational-config-center/admin/cmd/admin,TestSchemaReadinessContinuouslyChecksStateAndCompleteStructureReadOnly/ahead,pass,rcc-goose-t3-integration.jsonl,0.15,1
github.com/asherzj/relational-config-center/admin/cmd/admin,TestSchemaReadinessContinuouslyChecksStateAndCompleteStructureReadOnly/empty_roles,pass,rcc-goose-t3-integration.jsonl,0.23,1
github.com/asherzj/relational-config-center/admin/cmd/admin,TestSchemaReadinessContinuouslyChecksStateAndCompleteStructureReadOnly/journal_column,pass,rcc-goose-t3-integration.jsonl,0.16,1
github.com/asherzj/relational-config-center/admin/cmd/admin,TestSchemaReadinessContinuouslyChecksStateAndCompleteStructureReadOnly/journal_engine,pass,rcc-goose-t3-integration.jsonl,0.23,1
github.com/asherzj/relational-config-center/admin/cmd/admin,TestSchemaReadinessContinuouslyChecksStateAndCompleteStructureReadOnly/missing_column,pass,rcc-goose-t3-integration.jsonl,0.22,1
github.com/asherzj/relational-config-center/admin/cmd/admin,TestSchemaReadinessContinuouslyChecksStateAndCompleteStructureReadOnly/missing_index,pass,rcc-goose-t3-integration.jsonl,0.22,1
github.com/asherzj/relational-config-center/admin/cmd/admin,TestSchemaReadinessContinuouslyChecksStateAndCompleteStructureReadOnly/missing_required_metadata,pass,rcc-goose-t3-integration.jsonl,0.21,1
github.com/asherzj/relational-config-center/admin/cmd/admin,TestSchemaReadinessContinuouslyChecksStateAndCompleteStructureReadOnly/older_unconfirmed_attempt,pass,rcc-goose-t3-integration.jsonl,0.17,1
github.com/asherzj/relational-config-center/admin/cmd/admin,TestSchemaReadinessContinuouslyChecksStateAndCompleteStructureReadOnly/release_digest,pass,rcc-goose-t3-integration.jsonl,0.2,1
github.com/asherzj/relational-config-center/admin/cmd/admin,TestSchemaReadinessContinuouslyChecksStateAndCompleteStructureReadOnly/unenforced_check,pass,rcc-goose-t3-integration.jsonl,0.22,1
github.com/asherzj/relational-config-center/admin/cmd/admin,TestSchemaReadinessContinuouslyChecksStateAndCompleteStructureReadOnly/unknown,pass,rcc-goose-t3-integration.jsonl,0.35,1
github.com/asherzj/relational-config-center/admin/cmd/admin,TestSchemaReadinessContinuouslyChecksStateAndCompleteStructureReadOnly/unknown_role,pass,rcc-goose-t3-integration.jsonl,0.23,1
github.com/asherzj/relational-config-center/admin/cmd/admin,TestSchemaReadinessContinuouslyChecksStateAndCompleteStructureReadOnly/unmanaged,pass,rcc-goose-t3-integration.jsonl,0.13,1
github.com/asherzj/relational-config-center/admin/cmd/admin,TestSchemaReadinessContinuouslyChecksStateAndCompleteStructureReadOnly/wrong_default,pass,rcc-goose-t3-integration.jsonl,0.17,1
github.com/asherzj/relational-config-center/admin/cmd/admin,TestSchemaReadinessContinuouslyChecksStateAndCompleteStructureReadOnly/wrong_engine,pass,rcc-goose-t3-integration.jsonl,0.19,1
github.com/asherzj/relational-config-center/admin/cmd/admin,TestSchemaReadinessContinuouslyChecksStateAndCompleteStructureReadOnly/zero_role_version,pass,rcc-goose-t3-integration.jsonl,0.58,1
github.com/asherzj/relational-config-center/admin/cmd/admin,TestSchemaReadinessRejectsKnownOldRelease,pass,rcc-goose-t3-integration.jsonl,16.06,1
github.com/asherzj/relational-config-center/admin/cmd/admin,TestSchemaReadinessRejectsUnmanagedStartup,pass,rcc-goose-t3-integration.jsonl,20.53,1
github.com/asherzj/relational-config-center/admin/cmd/admin,TestStartupRequiresTheProtectedPolicyCatalog,pass,rcc-goose-t3-corrections-verified.jsonl,8.52,2
github.com/asherzj/relational-config-center/admin/cmd/admin,TestTablePolicyCodeAssignmentsValidateActiveDefinitionsAndReplaceAtomically,pass,rcc-goose-t3-integration.jsonl,12.31,1
github.com/asherzj/relational-config-center/admin/cmd/admin,TestTablePolicyCreationPersistsDisabledCodeReferencesForHTTPInspection,pass,rcc-goose-t3-integration.jsonl,9.53,1
github.com/asherzj/relational-config-center/admin/cmd/admin,TestTablePolicyCreationRejectsPrincipalFailuresWithoutPartialPersistence,pass,rcc-goose-t3-integration.jsonl,13.5,1
github.com/asherzj/relational-config-center/admin/cmd/admin,TestTablePolicyCreationRejectsPrincipalFailuresWithoutPartialPersistence/incompatible,pass,rcc-goose-t3-integration.jsonl,0.01,1
github.com/asherzj/relational-config-center/admin/cmd/admin,TestTablePolicyCreationRejectsPrincipalFailuresWithoutPartialPersistence/legacy_JSON_field,pass,rcc-goose-t3-integration.jsonl,0.01,1
github.com/asherzj/relational-config-center/admin/cmd/admin,TestTablePolicyCreationRejectsPrincipalFailuresWithoutPartialPersistence/missing,pass,rcc-goose-t3-integration.jsonl,0.01,1
github.com/asherzj/relational-config-center/admin/cmd/admin,TestTablePolicyCreationRejectsPrincipalFailuresWithoutPartialPersistence/protected,pass,rcc-goose-t3-integration.jsonl,0,1
github.com/asherzj/relational-config-center/admin/cmd/admin,TestTablePolicyCreationRejectsPrincipalFailuresWithoutPartialPersistence/unknown_mutation_definition,pass,rcc-goose-t3-integration.jsonl,0.02,1
github.com/asherzj/relational-config-center/admin/cmd/admin,TestTablePolicyCreationRejectsPrincipalFailuresWithoutPartialPersistence/unknown_query_definition,pass,rcc-goose-t3-integration.jsonl,0.01,1
github.com/asherzj/relational-config-center/admin/cmd/admin,TestTablePolicyCreationRejectsPrincipalFailuresWithoutPartialPersistence/view,pass,rcc-goose-t3-integration.jsonl,0.01,1
github.com/asherzj/relational-config-center/admin/internal/application,TestMutationPolicyActivationValidatesTypeAutoFillAndAuthorization,pass,rcc-goose-t3-integration.jsonl,0,1
github.com/asherzj/relational-config-center/admin/internal/application,TestMutationPolicyActivationValidatesTypeAutoFillAndAuthorization/Create_target_without_ADD,pass,rcc-goose-t3-integration.jsonl,0,1
github.com/asherzj/relational-config-center/admin/internal/application,TestMutationPolicyActivationValidatesTypeAutoFillAndAuthorization/Modify_target_without_ADD_or_MODIFY,pass,rcc-goose-t3-integration.jsonl,0,1
github.com/asherzj/relational-config-center/admin/internal/application,TestMutationPolicyActivationValidatesTypeAutoFillAndAuthorization/duplicated_target,pass,rcc-goose-t3-integration.jsonl,0,1
github.com/asherzj/relational-config-center/admin/internal/application,TestMutationPolicyActivationValidatesTypeAutoFillAndAuthorization/primary-key_target,pass,rcc-goose-t3-integration.jsonl,0,1
github.com/asherzj/relational-config-center/admin/internal/application,TestMutationPolicyActivationValidatesTypeAutoFillAndAuthorization/unknown_Type,pass,rcc-goose-t3-integration.jsonl,0,1
github.com/asherzj/relational-config-center/admin/internal/application,TestMutationPolicyActivationValidatesTypeAutoFillAndAuthorization/unsafe_target,pass,rcc-goose-t3-integration.jsonl,0,1
github.com/asherzj/relational-config-center/admin/internal/application,TestMutationPolicyDraftRejectsValuesBlockedByCatalogConstraints,pass,rcc-goose-t3-integration.jsonl,0,1
github.com/asherzj/relational-config-center/admin/internal/application,TestMutationPolicyDraftRejectsValuesBlockedByCatalogConstraints/Create_target_without_ADD,pass,rcc-goose-t3-integration.jsonl,0,1
github.com/asherzj/relational-config-center/admin/internal/application,TestMutationPolicyDraftRejectsValuesBlockedByCatalogConstraints/Modify_target_without_ADD_or_MODIFY,pass,rcc-goose-t3-integration.jsonl,0,1
github.com/asherzj/relational-config-center/admin/internal/application,TestMutationPolicyDraftRejectsValuesBlockedByCatalogConstraints/case-insensitive_duplicated_target,pass,rcc-goose-t3-integration.jsonl,0,1
github.com/asherzj/relational-config-center/admin/internal/application,TestMutationPolicyDraftRejectsValuesBlockedByCatalogConstraints/case-insensitive_primary-key_target,pass,rcc-goose-t3-integration.jsonl,0,1
github.com/asherzj/relational-config-center/admin/internal/application,TestMutationPolicyDraftRejectsValuesBlockedByCatalogConstraints/duplicated_target,pass,rcc-goose-t3-integration.jsonl,0,1
github.com/asherzj/relational-config-center/admin/internal/application,TestMutationPolicyDraftRejectsValuesBlockedByCatalogConstraints/unsafe_target,pass,rcc-goose-t3-integration.jsonl,0,1
github.com/asherzj/relational-config-center/admin/internal/application,TestMutationPolicyDraftWithUnknownTypeCanBeCompletedBeforeActivation,pass,rcc-goose-t3-integration.jsonl,0,1
github.com/asherzj/relational-config-center/admin/internal/application,TestMutationPolicyLifecycleAndAssignmentRules,pass,rcc-goose-t3-integration.jsonl,0,1
github.com/asherzj/relational-config-center/admin/internal/application,TestMutationPolicyTableValidationRejectsMissingGeneratedAndTypeIncompatibleTargets,pass,rcc-goose-t3-integration.jsonl,0,1
github.com/asherzj/relational-config-center/admin/internal/application,TestMutationPolicyTableValidationRejectsMissingGeneratedAndTypeIncompatibleTargets/generated,pass,rcc-goose-t3-integration.jsonl,0,1
github.com/asherzj/relational-config-center/admin/internal/application,TestMutationPolicyTableValidationRejectsMissingGeneratedAndTypeIncompatibleTargets/missing,pass,rcc-goose-t3-integration.jsonl,0,1
github.com/asherzj/relational-config-center/admin/internal/application,TestMutationPolicyTableValidationRejectsMissingGeneratedAndTypeIncompatibleTargets/operator_requires_text,pass,rcc-goose-t3-integration.jsonl,0,1
github.com/asherzj/relational-config-center/admin/internal/application,TestMutationPolicyTableValidationRejectsMissingGeneratedAndTypeIncompatibleTargets/time_requires_temporal,pass,rcc-goose-t3-integration.jsonl,0,1
github.com/asherzj/relational-config-center/admin/internal/application,TestPolicySnapshotResolverAllowsAssignedDeprecatedDefinitions,pass,rcc-goose-t3-integration.jsonl,0,1
github.com/asherzj/relational-config-center/admin/internal/application,TestPolicySnapshotResolverFailsClosedBeforeExecution,pass,rcc-goose-t3-integration.jsonl,0,1
github.com/asherzj/relational-config-center/admin/internal/application,TestPolicySnapshotResolverFailsClosedBeforeExecution/Draft_Mutation_Policy,pass,rcc-goose-t3-integration.jsonl,0,1
github.com/asherzj/relational-config-center/admin/internal/application,TestPolicySnapshotResolverFailsClosedBeforeExecution/Draft_Query_Policy,pass,rcc-goose-t3-integration.jsonl,0,1
github.com/asherzj/relational-config-center/admin/internal/application,TestPolicySnapshotResolverFailsClosedBeforeExecution/Policy_cannot_relax_code-owned_page_maximum,pass,rcc-goose-t3-integration.jsonl,0,1
github.com/asherzj/relational-config-center/admin/internal/application,TestPolicySnapshotResolverFailsClosedBeforeExecution/disabled_assignment_still_reads_complete_definitions,pass,rcc-goose-t3-integration.jsonl,0,1
github.com/asherzj/relational-config-center/admin/internal/application,TestPolicySnapshotResolverFailsClosedBeforeExecution/incompatible_live_default_order,pass,rcc-goose-t3-integration.jsonl,0,1
github.com/asherzj/relational-config-center/admin/internal/application,TestPolicySnapshotResolverFailsClosedBeforeExecution/unknown_Mutation_Type,pass,rcc-goose-t3-integration.jsonl,0,1
github.com/asherzj/relational-config-center/admin/internal/application,TestPolicySnapshotResolverFailsClosedBeforeExecution/unknown_Query_Type,pass,rcc-goose-t3-integration.jsonl,0,1
github.com/asherzj/relational-config-center/admin/internal/application,TestQueryPolicyActivationValidatesRegisteredTypeAndSafetyLimits,pass,rcc-goose-t3-integration.jsonl,0,1
github.com/asherzj/relational-config-center/admin/internal/application,TestQueryPolicyActivationValidatesRegisteredTypeAndSafetyLimits/invalid_direction,pass,rcc-goose-t3-integration.jsonl,0,1
github.com/asherzj/relational-config-center/admin/internal/application,TestQueryPolicyActivationValidatesRegisteredTypeAndSafetyLimits/inverted_sizes,pass,rcc-goose-t3-integration.jsonl,0,1
github.com/asherzj/relational-config-center/admin/internal/application,TestQueryPolicyActivationValidatesRegisteredTypeAndSafetyLimits/platform_limit,pass,rcc-goose-t3-integration.jsonl,0,1
github.com/asherzj/relational-config-center/admin/internal/application,TestQueryPolicyActivationValidatesRegisteredTypeAndSafetyLimits/unknown_Type,pass,rcc-goose-t3-integration.jsonl,0,1
github.com/asherzj/relational-config-center/admin/internal/application,TestQueryPolicyActivationValidatesRegisteredTypeAndSafetyLimits/unsafe_field,pass,rcc-goose-t3-integration.jsonl,0,1
github.com/asherzj/relational-config-center/admin/internal/application,TestQueryPolicyActivationValidatesRegisteredTypeAndSafetyLimits/zero_page_size,pass,rcc-goose-t3-integration.jsonl,0,1
github.com/asherzj/relational-config-center/admin/internal/application,TestQueryPolicyCodeIsVersionedLowerCaseAndTechnologyNeutral,pass,rcc-goose-t3-integration.jsonl,0,1
github.com/asherzj/relational-config-center/admin/internal/application,TestQueryPolicyDraftRejectsValuesBlockedByCatalogScalarConstraints,pass,rcc-goose-t3-integration.jsonl,0,1
github.com/asherzj/relational-config-center/admin/internal/application,TestQueryPolicyDraftRejectsValuesBlockedByCatalogScalarConstraints/invalid_direction,pass,rcc-goose-t3-integration.jsonl,0,1
github.com/asherzj/relational-config-center/admin/internal/application,TestQueryPolicyDraftRejectsValuesBlockedByCatalogScalarConstraints/inverted_sizes,pass,rcc-goose-t3-integration.jsonl,0,1
github.com/asherzj/relational-config-center/admin/internal/application,TestQueryPolicyDraftRejectsValuesBlockedByCatalogScalarConstraints/maximum_above_limit,pass,rcc-goose-t3-integration.jsonl,0,1
github.com/asherzj/relational-config-center/admin/internal/application,TestQueryPolicyDraftRejectsValuesBlockedByCatalogScalarConstraints/unsafe_order_field,pass,rcc-goose-t3-integration.jsonl,0,1
github.com/asherzj/relational-config-center/admin/internal/application,TestQueryPolicyDraftRejectsValuesBlockedByCatalogScalarConstraints/zero_default_size,pass,rcc-goose-t3-integration.jsonl,0,1
github.com/asherzj/relational-config-center/admin/internal/application,TestQueryPolicyDraftRejectsValuesBlockedByCatalogScalarConstraints/zero_max_size,pass,rcc-goose-t3-integration.jsonl,0,1
github.com/asherzj/relational-config-center/admin/internal/application,TestQueryPolicyLifecycleAndAssignmentRules,pass,rcc-goose-t3-integration.jsonl,0,1
github.com/asherzj/relational-config-center/admin/internal/application,TestTransactionalManagedTableQueryLoadsAndExecutesCompleteRelationalSnapshotPerRequest,pass,rcc-goose-t3-integration.jsonl,0,1
github.com/asherzj/relational-config-center/admin/internal/domain,TestCanonicalRowDeletionAndInvalidRepresentations,pass,rcc-goose-t3-integration.jsonl,0,1
github.com/asherzj/relational-config-center/admin/internal/domain,TestCanonicalRowFixedLosslessValues,pass,rcc-goose-t3-integration.jsonl,0,1
github.com/asherzj/relational-config-center/admin/internal/domain,TestRegistrationFieldBoundaries,pass,rcc-goose-t3-integration.jsonl,0,1
github.com/asherzj/relational-config-center/admin/internal/domain,TestRegistrationFieldBoundaries/ASCII_email_only,pass,rcc-goose-t3-integration.jsonl,0,1
github.com/asherzj/relational-config-center/admin/internal/domain,TestRegistrationFieldBoundaries/ASCII_username_only,pass,rcc-goose-t3-integration.jsonl,0,1
github.com/asherzj/relational-config-center/admin/internal/domain,TestRegistrationFieldBoundaries/display_name_control,pass,rcc-goose-t3-integration.jsonl,0,1
github.com/asherzj/relational-config-center/admin/internal/domain,TestRegistrationFieldBoundaries/display_name_long,pass,rcc-goose-t3-integration.jsonl,0,1
github.com/asherzj/relational-config-center/admin/internal/domain,TestRegistrationFieldBoundaries/email_display_address,pass,rcc-goose-t3-integration.jsonl,0,1
github.com/asherzj/relational-config-center/admin/internal/domain,TestRegistrationFieldBoundaries/email_invalid,pass,rcc-goose-t3-integration.jsonl,0,1
github.com/asherzj/relational-config-center/admin/internal/domain,TestRegistrationFieldBoundaries/empty_display_name,pass,rcc-goose-t3-integration.jsonl,0,1
github.com/asherzj/relational-config-center/admin/internal/domain,TestRegistrationFieldBoundaries/empty_email,pass,rcc-goose-t3-integration.jsonl,0,1
github.com/asherzj/relational-config-center/admin/internal/domain,TestRegistrationFieldBoundaries/long_password,pass,rcc-goose-t3-integration.jsonl,0,1
github.com/asherzj/relational-config-center/admin/internal/domain,TestRegistrationFieldBoundaries/short_password,pass,rcc-goose-t3-integration.jsonl,0,1
github.com/asherzj/relational-config-center/admin/internal/domain,TestRegistrationFieldBoundaries/username_first_letter,pass,rcc-goose-t3-integration.jsonl,0,1
github.com/asherzj/relational-config-center/admin/internal/domain,TestRegistrationFieldBoundaries/username_long,pass,rcc-goose-t3-integration.jsonl,0,1
github.com/asherzj/relational-config-center/admin/internal/domain,TestRegistrationFieldBoundaries/username_short,pass,rcc-goose-t3-integration.jsonl,0,1
github.com/asherzj/relational-config-center/admin/internal/infrastructure/mysql,TestExplicitIdentityAutoResultBelongsToThisInsert,pass,rcc-goose-t3-integration.jsonl,8.92,1
github.com/asherzj/relational-config-center/admin/internal/infrastructure/mysql,TestExplicitIdentityAutoResultBelongsToThisInsert/explicit77_false,pass,rcc-goose-t3-integration.jsonl,0.11,1
github.com/asherzj/relational-config-center/admin/internal/infrastructure/mysql,TestExplicitIdentityAutoResultBelongsToThisInsert/explicit77_true,pass,rcc-goose-t3-integration.jsonl,0.01,1
github.com/asherzj/relational-config-center/admin/internal/infrastructure/mysql,TestExplicitIdentityAutoResultBelongsToThisInsert/no_auto_zero,pass,rcc-goose-t3-integration.jsonl,0.13,1
github.com/asherzj/relational-config-center/admin/internal/infrastructure/mysql,TestExplicitIdentityAutoResultBelongsToThisInsert/omitted_false,pass,rcc-goose-t3-integration.jsonl,0.11,1
github.com/asherzj/relational-config-center/admin/internal/infrastructure/mysql,TestExplicitIdentityAutoResultBelongsToThisInsert/omitted_true,pass,rcc-goose-t3-integration.jsonl,0.1,1
github.com/asherzj/relational-config-center/admin/internal/infrastructure/mysql,TestExplicitIdentityAutoResultBelongsToThisInsert/unsigned_generated,pass,rcc-goose-t3-integration.jsonl,0.12,1
github.com/asherzj/relational-config-center/admin/internal/infrastructure/mysql,TestExplicitIdentityAutoResultBelongsToThisInsert/unsigned_trigger,pass,rcc-goose-t3-integration.jsonl,0.09,1
github.com/asherzj/relational-config-center/admin/internal/infrastructure/mysql,TestExplicitIdentityAutoResultBelongsToThisInsert/zero_false,pass,rcc-goose-t3-integration.jsonl,0.02,1
github.com/asherzj/relational-config-center/admin/internal/infrastructure/mysql,TestExplicitIdentityAutoResultBelongsToThisInsert/zero_true,pass,rcc-goose-t3-integration.jsonl,0.01,1
github.com/asherzj/relational-config-center/admin/internal/infrastructure/mysql,TestExplicitIdentityKeepsEngineStableUntilInsertTransactionEnds,pass,rcc-goose-t3-integration.jsonl,8.03,1
github.com/asherzj/relational-config-center/admin/internal/infrastructure/mysql,TestExplicitIdentityNeverReturnsExistingRowAfterTriggerChangesKey,pass,rcc-goose-t3-integration.jsonl,8.08,1
github.com/asherzj/relational-config-center/admin/internal/infrastructure/mysql,TestExplicitIdentityReadPermissionFailureAfterInsertRollsBack,pass,rcc-goose-t3-integration.jsonl,8.05,1
github.com/asherzj/relational-config-center/admin/internal/infrastructure/mysql,TestExplicitIdentityRejectsNontransactionalTableBeforeWriting,pass,rcc-goose-t3-integration.jsonl,7.96,1
github.com/asherzj/relational-config-center/admin/internal/infrastructure/mysql,TestExplicitIdentityRejectsNontransactionalTableBeforeWriting/generated_identity_also_requires_rollback_support,pass,rcc-goose-t3-integration.jsonl,0.01,1
github.com/asherzj/relational-config-center/admin/internal/infrastructure/mysql,TestExplicitIdentityReturnedAutoIDMustRemainSchemaAddressable,pass,rcc-goose-t3-integration.jsonl,8.3,1
github.com/asherzj/relational-config-center/admin/internal/infrastructure/mysql,TestLegacyBackfillMapsOnlyStandardAuditAutoFill,pass,rcc-goose-t3-integration.jsonl,0,1
github.com/asherzj/relational-config-center/admin/internal/infrastructure/mysql,TestLegacyBackfillNormalizesDefaultsAndProducesStableTechnologyNeutralCodes,pass,rcc-goose-t3-integration.jsonl,0,1
github.com/asherzj/relational-config-center/admin/internal/infrastructure/mysql,TestLegacyBackfillReportsLiteralArbitraryAndNonMirroredRules,pass,rcc-goose-t3-integration.jsonl,0,1
github.com/asherzj/relational-config-center/admin/internal/infrastructure/mysql,TestLegacyBackfillReportsLiteralArbitraryAndNonMirroredRules/literal,pass,rcc-goose-t3-integration.jsonl,0,1
github.com/asherzj/relational-config-center/admin/internal/infrastructure/mysql,TestLegacyBackfillReportsLiteralArbitraryAndNonMirroredRules/modify_not_mirrored,pass,rcc-goose-t3-integration.jsonl,0,1
github.com/asherzj/relational-config-center/admin/internal/infrastructure/mysql,TestLegacyBackfillReportsLiteralArbitraryAndNonMirroredRules/multiple_operator_targets,pass,rcc-goose-t3-integration.jsonl,0,1
github.com/asherzj/relational-config-center/admin/internal/infrastructure/mysql,TestMutationStorageValueErrorsAreEditableButOtherDatabaseFailuresRemainUnavailable,pass,rcc-goose-t3-integration.jsonl,0,1
github.com/asherzj/relational-config-center/admin/internal/infrastructure/mysql,TestPublicationJSONIdentityDoesNotUseURLPathSegments,pass,rcc-goose-t3-integration.jsonl,9.06,1
github.com/asherzj/relational-config-center/admin/internal/infrastructure/mysql,TestPublicationJSONIdentityDoesNotUseURLPathSegments/%2F,pass,rcc-goose-t3-integration.jsonl,0.13,1
github.com/asherzj/relational-config-center/admin/internal/infrastructure/mysql,TestPublicationJSONIdentityDoesNotUseURLPathSegments/.,pass,rcc-goose-t3-integration.jsonl,0.15,1
github.com/asherzj/relational-config-center/admin/internal/infrastructure/mysql,TestPublicationJSONIdentityDoesNotUseURLPathSegments/..,pass,rcc-goose-t3-integration.jsonl,0.17,1
github.com/asherzj/relational-config-center/admin/internal/infrastructure/mysql,TestPublicationJSONIdentityDoesNotUseURLPathSegments/键/值_?#%,pass,rcc-goose-t3-integration.jsonl,0.16,1
github.com/asherzj/relational-config-center/admin/internal/infrastructure/mysql,TestPublicationRejectsIdentityCreatedAfterApproval,pass,rcc-goose-t3-integration.jsonl,7.93,1
github.com/asherzj/relational-config-center/admin/internal/infrastructure/mysql,TestValidContractionPolicyCodeRejectsTechnologyPrefixes,pass,rcc-goose-t3-integration.jsonl,0,1
github.com/asherzj/relational-config-center/admin/internal/interfaces/http,TestAPIAccessLogIsStructuredAndRedactsRequestDetails,pass,rcc-goose-t3-integration.jsonl,9.06,1
github.com/asherzj/relational-config-center/admin/internal/interfaces/http,TestAPIAccessLogUsesRouteTemplatesWithoutDynamicTableOrRowValues,pass,rcc-goose-t3-integration.jsonl,7.98,1
github.com/asherzj/relational-config-center/admin/internal/interfaces/http,TestAPIBodyLimitRejectsOversizedJSONWithStableError,pass,rcc-goose-t3-integration.jsonl,7.98,1
github.com/asherzj/relational-config-center/admin/internal/interfaces/http,TestAPIDoesNotOfferCrossOriginCredentialAccess,pass,rcc-goose-t3-integration.jsonl,7.95,1
github.com/asherzj/relational-config-center/admin/internal/interfaces/http,TestAPIMapsTimeoutUnavailableAndUnclassifiedErrorsSafely,pass,rcc-goose-t3-integration.jsonl,23.84,1
github.com/asherzj/relational-config-center/admin/internal/interfaces/http,TestAPIMapsTimeoutUnavailableAndUnclassifiedErrorsSafely/deadline,pass,rcc-goose-t3-integration.jsonl,7.95,1
github.com/asherzj/relational-config-center/admin/internal/interfaces/http,TestAPIMapsTimeoutUnavailableAndUnclassifiedErrorsSafely/known_unavailable,pass,rcc-goose-t3-integration.jsonl,7.97,1
github.com/asherzj/relational-config-center/admin/internal/interfaces/http,TestAPIMapsTimeoutUnavailableAndUnclassifiedErrorsSafely/unclassified_internal,pass,rcc-goose-t3-integration.jsonl,7.93,1
github.com/asherzj/relational-config-center/admin/internal/interfaces/http,TestAPIRejectsOldBearerCredentialsWhileHealthRemainsPublic,pass,rcc-goose-t3-integration.jsonl,7.8,1
github.com/asherzj/relational-config-center/admin/internal/interfaces/http,TestAPIRequestIDAcceptsOnlyTightlyValidatedValues,pass,rcc-goose-t3-integration.jsonl,8.01,1
github.com/asherzj/relational-config-center/admin/internal/interfaces/http,TestAPIUnknownRoutesUseTheSafeErrorEnvelope,pass,rcc-goose-t3-integration.jsonl,7.87,1
github.com/asherzj/relational-config-center/admin/internal/interfaces/http,TestHTTPDependsOnApplicationRatherThanDomainOrInfrastructure,pass,rcc-goose-t3-integration.jsonl,0,1
github.com/asherzj/relational-config-center/admin/internal/interfaces/http,TestMutationPolicyResponseUsesTypedRelationalFieldsAndCatalogAuditNames,pass,rcc-goose-t3-integration.jsonl,0,1
github.com/asherzj/relational-config-center/admin/internal/interfaces/http,TestQueryPolicyResponseUsesCatalogAuditFieldNames,pass,rcc-goose-t3-integration.jsonl,0,1
github.com/asherzj/relational-config-center/admin/internal/interfaces/http,TestRawPathMutationRoutingPreservesAPIGuards,pass,rcc-goose-t3-integration.jsonl,7.88,1
github.com/asherzj/relational-config-center/admin/internal/interfaces/http,TestRecoveryRedactsPanics,pass,rcc-goose-t3-integration.jsonl,0,1
github.com/asherzj/relational-config-center/admin/internal/interfaces/http,TestReleaseDraftSessionCannotWriteBusinessRows,pass,rcc-goose-t3-integration.jsonl,0,1
github.com/asherzj/relational-config-center/admin/internal/interfaces/http,TestReleaseWorkflowPublicRoutes,pass,rcc-goose-t3-integration.jsonl,0,1
github.com/asherzj/relational-config-center/admin/internal/interfaces/http,TestRemovedMutationRoutesCannotBeRevivedByEncodedIdentity,pass,rcc-goose-t3-integration.jsonl,8.04,1
github.com/asherzj/relational-config-center/admin/internal/interfaces/http,TestSharedBusinessServicesDoNotStoreRequestIdentity,pass,rcc-goose-t3-integration.jsonl,0.01,1
github.com/asherzj/relational-config-center/admin/internal/platform/config,TestLoadRejectsInvalidHTTPBindAddresses,pass,rcc-goose-t3-integration.jsonl,0,1
github.com/asherzj/relational-config-center/admin/internal/platform/config,TestLoadRejectsInvalidHTTPBindAddresses/127.0.0.1,pass,rcc-goose-t3-integration.jsonl,0,1
github.com/asherzj/relational-config-center/admin/internal/platform/config,TestLoadRejectsInvalidHTTPBindAddresses/127.0.0.1:70000,pass,rcc-goose-t3-integration.jsonl,0,1
github.com/asherzj/relational-config-center/admin/internal/platform/config,TestLoadRejectsInvalidHTTPBindAddresses/127.0.0.1:not-a-port,pass,rcc-goose-t3-integration.jsonl,0,1
github.com/asherzj/relational-config-center/admin/internal/platform/config,TestLoadRejectsInvalidHTTPBindAddresses/:8080,pass,rcc-goose-t3-integration.jsonl,0,1
github.com/asherzj/relational-config-center/admin/internal/platform/config,TestLoadRequiresNoDeploymentIdentity,pass,rcc-goose-t3-integration.jsonl,0,1
github.com/asherzj/relational-config-center/admin/internal/platform/config,TestLocalAccountOriginAndLimitsConfiguration,pass,rcc-goose-t3-integration.jsonl,0,1
github.com/asherzj/relational-config-center/admin/internal/platform/config,TestLocalAccountOriginAndLimitsConfiguration/HTTP_without_exception,pass,rcc-goose-t3-integration.jsonl,0,1
github.com/asherzj/relational-config-center/admin/internal/platform/config,TestLocalAccountOriginAndLimitsConfiguration/IPv6_local_HTTP,pass,rcc-goose-t3-integration.jsonl,0,1
github.com/asherzj/relational-config-center/admin/internal/platform/config,TestLocalAccountOriginAndLimitsConfiguration/credentials_in_origin,pass,rcc-goose-t3-integration.jsonl,0,1
github.com/asherzj/relational-config-center/admin/internal/platform/config,TestLocalAccountOriginAndLimitsConfiguration/explicit_HTTPS,pass,rcc-goose-t3-integration.jsonl,0,1
github.com/asherzj/relational-config-center/admin/internal/platform/config,TestLocalAccountOriginAndLimitsConfiguration/explicit_local_HTTP,pass,rcc-goose-t3-integration.jsonl,0,1
github.com/asherzj/relational-config-center/admin/internal/platform/config,TestLocalAccountOriginAndLimitsConfiguration/invalid_proxy,pass,rcc-goose-t3-integration.jsonl,0,1
github.com/asherzj/relational-config-center/admin/internal/platform/config,TestLocalAccountOriginAndLimitsConfiguration/missing_origin,pass,rcc-goose-t3-integration.jsonl,0,1
github.com/asherzj/relational-config-center/admin/internal/platform/config,TestLocalAccountOriginAndLimitsConfiguration/origin_with_path,pass,rcc-goose-t3-integration.jsonl,0,1
github.com/asherzj/relational-config-center/admin/internal/platform/config,TestLocalAccountOriginAndLimitsConfiguration/proxy_CIDR,pass,rcc-goose-t3-integration.jsonl,0,1
github.com/asherzj/relational-config-center/admin/internal/platform/config,TestLocalAccountOriginAndLimitsConfiguration/remote_HTTP,pass,rcc-goose-t3-integration.jsonl,0,1
github.com/asherzj/relational-config-center/admin/internal/platform/config,TestMaintenanceConfigNeedsOnlyMySQL,pass,rcc-goose-t3-integration.jsonl,0,1
